<VTKFile type="UnstructuredGrid" version="0.1">
<UnstructuredGrid>
<Piece  NumberOfPoints="    2561" NumberOfCells="    2000">
<Points>
<DataArray type="Float64" NumberOfComponents="3" format="ascii">
-0.118693 -4.16831 0 
-0.114784 -4.16718 0 
-0.110893 -4.16579 0 
-0.107059 -4.16407 0 
-0.103306 -4.16202 0 
-0.0996304 -4.15967 0 
-0.0960034 -4.15706 0 
-0.0923826 -4.15425 0 
-0.0887208 -4.15128 0 
-0.0849725 -4.1482 0 
-0.0810976 -4.14505 0 
-0.0770622 -4.14186 0 
-0.0728394 -4.13869 0 
-0.0684095 -4.13555 0 
-0.0637593 -4.1325 0 
-0.0588823 -4.12956 0 
-0.053778 -4.12677 0 
-0.0484519 -4.12417 0 
-0.0429143 -4.12179 0 
-0.0371809 -4.11965 0 
-0.0312713 -4.1178 0 
-0.0252089 -4.11625 0 
-0.0190204 -4.11502 0 
-0.0127351 -4.11413 0 
-0.00638413 -4.11359 0 
1.19387e-14 -4.11341 0 
0.00638413 -4.11359 0 
0.0127351 -4.11413 0 
0.0190204 -4.11502 0 
0.0252089 -4.11625 0 
0.0312713 -4.1178 0 
0.0371809 -4.11965 0 
0.0429143 -4.12179 0 
0.0484519 -4.12417 0 
0.053778 -4.12677 0 
0.0588823 -4.12956 0 
0.0637593 -4.1325 0 
0.0684095 -4.13555 0 
0.0728394 -4.13869 0 
0.0770622 -4.14186 0 
0.0810976 -4.14505 0 
0.0849725 -4.1482 0 
0.0887208 -4.15128 0 
0.0923826 -4.15425 0 
0.0960034 -4.15706 0 
0.0996304 -4.15967 0 
0.103306 -4.16202 0 
0.107059 -4.16407 0 
0.110893 -4.16579 0 
0.114784 -4.16718 0 
0.118693 -4.16831 0 
-1.07588 -4.13967 0 
-1.07229 -4.06887 0 
-1.06541 -3.99318 0 
-1.05481 -3.91494 0 
-1.04029 -3.83578 0 
-1.02179 -3.75681 0 
-0.999325 -3.67881 0 
-0.972973 -3.60234 0 
-0.942826 -3.52785 0 
-0.908991 -3.45568 0 
-0.871588 -3.38617 0 
-0.830744 -3.3196 0 
-0.7866 -3.25624 0 
-0.739309 -3.19637 0 
-0.689035 -3.14023 0 
-0.635957 -3.08806 0 
-0.580267 -3.04008 0 
-0.522172 -2.99652 0 
-0.461892 -2.95756 0 
-0.399661 -2.92339 0 
-0.335726 -2.89418 0 
-0.270349 -2.87008 0 
-0.203801 -2.8512 0 
-0.136365 -2.83764 0 
-0.0683328 -2.82947 0 
1.15018e-14 -2.82675 0 
0.0683328 -2.82947 0 
0.136365 -2.83764 0 
0.203801 -2.8512 0 
0.270349 -2.87008 0 
0.335726 -2.89418 0 
0.399661 -2.92339 0 
0.461892 -2.95756 0 
0.522172 -2.99652 0 
0.580267 -3.04008 0 
0.635957 -3.08806 0 
0.689035 -3.14023 0 
0.739309 -3.19637 0 
0.7866 -3.25624 0 
0.830744 -3.3196 0 
0.871588 -3.38617 0 
0.908991 -3.45568 0 
0.942826 -3.52785 0 
0.972973 -3.60234 0 
0.999325 -3.67881 0 
1.02179 -3.75681 0 
1.04029 -3.83578 0 
1.05481 -3.91494 0 
1.06541 -3.99318 0 
1.07229 -4.06887 0 
1.07588 -4.13967 0 
-2.14934 -4.13141 0 
-2.14333 -3.98479 0 
-2.13022 -3.82773 0 
-2.10919 -3.66663 0 
-2.07997 -3.50505 0 
-2.04258 -3.34499 0 
-1.99713 -3.18771 0 
-1.94382 -3.03407 0 
-1.88285 -2.88479 0 
-1.81447 -2.7405 0 
-1.73894 -2.60177 0 
-1.65654 -2.46916 0 
-1.5676 -2.3432 0 
-1.47246 -2.22437 0 
-1.37147 -2.11315 0 
-1.26502 -2.00999 0 
-1.15352 -1.91531 0 
-1.03741 -1.82949 0 
-0.917123 -1.75288 0 
-0.793141 -1.68581 0 
-0.665949 -1.62855 0 
-0.536051 -1.58135 0 
-0.403969 -1.54443 0 
-0.270236 -1.51794 0 
-0.135395 -1.50199 0 
1.17533e-14 -1.49667 0 
0.135395 -1.50199 0 
0.270236 -1.51794 0 
0.403969 -1.54443 0 
0.536051 -1.58135 0 
0.665949 -1.62855 0 
0.793141 -1.68581 0 
0.917123 -1.75288 0 
1.03741 -1.82949 0 
1.15352 -1.91531 0 
1.26502 -2.00999 0 
1.37147 -2.11315 0 
1.47246 -2.22437 0 
1.5676 -2.3432 0 
1.65654 -2.46916 0 
1.73894 -2.60177 0 
1.81447 -2.7405 0 
1.88285 -2.88479 0 
1.94382 -3.03407 0 
1.99713 -3.18771 0 
2.04258 -3.34499 0 
2.07997 -3.50505 0 
2.10919 -3.66663 0 
2.13022 -3.82773 0 
2.14333 -3.98479 0 
2.14934 -4.13141 0 
-3.22424 -4.1265 0 
-3.216 -3.90183 0 
-3.19666 -3.66188 0 
-3.16514 -3.41738 0 
-3.12121 -3.17338 0 
-3.06496 -2.93242 0 
-2.99662 -2.696 0 
-2.91647 -2.46526 0 
-2.82484 -2.24117 0 
-2.72207 -2.02463 0 
-2.60856 -1.81649 0 
-2.48477 -1.61758 0 
-2.35115 -1.42868 0 
-2.20824 -1.25053 0 
-2.05658 -1.08384 0 
-1.89676 -0.929273 0 
-1.72941 -0.787449 0 
-1.55516 -0.658937 0 
-1.37471 -0.54426 0 
-1.18876 -0.443885 0 
-0.99804 -0.358227 0 
-0.803307 -0.287644 0 
-0.605337 -0.232431 0 
-0.404923 -0.192824 0 
-0.202872 -0.168992 0 
1.16632e-14 -0.161036 0 
0.202872 -0.168992 0 
0.404923 -0.192824 0 
0.605337 -0.232431 0 
0.803307 -0.287644 0 
0.99804 -0.358227 0 
1.18876 -0.443885 0 
1.37471 -0.54426 0 
1.55516 -0.658937 0 
1.72941 -0.787449 0 
1.89676 -0.929273 0 
2.05658 -1.08384 0 
2.20824 -1.25053 0 
2.35115 -1.42868 0 
2.48477 -1.61758 0 
2.60856 -1.81649 0 
2.72207 -2.02463 0 
2.82484 -2.24117 0 
2.91647 -2.46526 0 
2.99662 -2.696 0 
3.06496 -2.93242 0 
3.12121 -3.17338 0 
3.16514 -3.41738 0 
3.19666 -3.66188 0 
3.216 -3.90183 0 
3.22424 -4.1265 0 
-4.29934 -4.12308 0 
-4.28893 -3.81901 0 
-4.26334 -3.49556 0 
-4.22128 -3.16762 0 
-4.1626 -2.84134 0 
-4.0875 -2.51959 0 
-3.99628 -2.20412 0 
-3.8893 -1.89631 0 
-3.767 -1.59742 0 
-3.62985 -1.30861 0 
-3.47838 -1.03104 0 
-3.31318 -0.765801 0 
-3.1349 -0.513928 0 
-2.94423 -0.276419 0 
-2.74191 -0.054216 0 
-2.52872 0.1518 0 
-2.3055 0.340808 0 
-2.07312 0.51205 0 
-1.83249 0.664837 0 
-1.58455 0.798551 0 
-1.33028 0.912643 0 
-1.07069 1.00665 0 
-0.8068 1.08017 0 
-0.539675 1.13291 0 
-0.270381 1.16464 0 
1.15564e-14 1.17523 0 
0.270381 1.16464 0 
0.539675 1.13291 0 
0.8068 1.08017 0 
1.07069 1.00665 0 
1.33028 0.912643 0 
1.58455 0.798551 0 
1.83249 0.664837 0 
2.07312 0.51205 0 
2.3055 0.340808 0 
2.52872 0.1518 0 
2.74191 -0.054216 0 
2.94423 -0.276419 0 
3.1349 -0.513928 0 
3.31318 -0.765801 0 
3.47838 -1.03104 0 
3.62985 -1.30861 0 
3.767 -1.59742 0 
3.8893 -1.89631 0 
3.99628 -2.20412 0 
4.0875 -2.51959 0 
4.1626 -2.84134 0 
4.22128 -3.16762 0 
4.26334 -3.49556 0 
4.28893 -3.81901 0 
4.29934 -4.12308 0 
-5.37448 -4.12054 0 
-5.36192 -3.73615 0 
-5.33005 -3.32892 0 
-5.27744 -2.9176 0 
-5.20401 -2.50915 0 
-5.11005 -2.10668 0 
-4.99595 -1.7122 0 
-4.86215 -1.32734 0 
-4.70918 -0.953638 0 
-4.53765 -0.592576 0 
-4.34821 -0.245574 0 
-4.14162 0.086004 0 
-3.91867 0.40085 0 
-3.68024 0.69772 0 
-3.42725 0.975441 0 
-3.1607 1.23291 0 
-2.88162 1.46911 0 
-2.5911 1.68308 0 
-2.29028 1.87398 0 
-1.98035 2.04104 0 
-1.66253 2.18357 0 
-1.33808 2.301 0 
-1.00827 2.39283 0 
-0.674433 2.45871 0 
-0.337893 2.49834 0 
1.14462e-14 2.51157 0 
0.337893 2.49834 0 
0.674433 2.45871 0 
1.00827 2.39283 0 
1.33808 2.301 0 
1.66253 2.18357 0 
1.98035 2.04104 0 
2.29028 1.87398 0 
2.5911 1.68308 0 
2.88162 1.46911 0 
3.1607 1.23291 0 
3.42725 0.975441 0 
3.68024 0.69772 0 
3.91867 0.40085 0 
4.14162 0.086004 0 
4.34821 -0.245574 0 
4.53765 -0.592576 0 
4.70918 -0.953638 0 
4.86215 -1.32734 0 
4.99595 -1.7122 0 
5.11005 -2.10668 0 
5.20401 -2.50915 0 
5.27744 -2.9176 0 
5.33005 -3.32892 0 
5.36192 -3.73615 0 
5.37448 -4.12054 0 
-6.44962 -4.11856 0 
-6.43494 -3.6532 0 
-6.39676 -3.16207 0 
-6.33358 -2.66745 0 
-6.24541 -2.17689 0 
-6.1326 -1.69376 0 
-5.99561 -1.22027 0 
-5.83499 -0.758357 0 
-5.65136 -0.309858 0 
-5.44544 0.123463 0 
-5.21805 0.539899 0 
-4.97005 0.93781 0 
-4.70244 1.31563 0 
-4.41625 1.67186 0 
-4.1126 2.0051 0 
-3.79267 2.31402 0 
-3.45772 2.59741 0 
-3.10907 2.85412 0 
-2.74807 3.08313 0 
-2.37615 3.28353 0 
-1.99478 3.4545 0 
-1.60546 3.59534 0 
-1.20974 3.7055 0 
-0.809189 3.7845 0 
-0.405405 3.83204 0 
1.13977e-14 3.8479 0 
0.405405 3.83204 0 
0.809189 3.7845 0 
1.20974 3.7055 0 
1.60546 3.59534 0 
1.99478 3.4545 0 
2.37615 3.28353 0 
2.74807 3.08313 0 
3.10907 2.85412 0 
3.45772 2.59741 0 
3.79267 2.31402 0 
4.1126 2.0051 0 
4.41625 1.67186 0 
4.70244 1.31563 0 
4.97005 0.93781 0 
5.21805 0.539899 0 
5.44544 0.123463 0 
5.65136 -0.309858 0 
5.83499 -0.758357 0 
5.99561 -1.22027 0 
6.1326 -1.69376 0 
6.24541 -2.17689 0 
6.33358 -2.66745 0 
6.39676 -3.16207 0 
6.43494 -3.6532 0 
6.44962 -4.11856 0 
-7.52475 -4.11697 0 
-7.50795 -3.57015 0 
-7.46345 -2.99507 0 
-7.3897 -2.41721 0 
-7.28679 -1.84461 0 
-7.15513 -1.28083 0 
-6.99526 -0.728345 0 
-6.80781 -0.189391 0 
-6.59351 0.333905 0 
-6.35321 0.839482 0 
-6.08785 1.32535 0 
-5.79846 1.78959 0 
-5.48618 2.23037 0 
-5.15223 2.64596 0 
-4.79791 3.03472 0 
-4.42462 3.39509 0 
-4.03381 3.72566 0 
-3.62702 4.0251 0 
-3.20584 4.29222 0 
-2.77194 4.52596 0 
-2.32701 4.72536 0 
-1.87284 4.88963 0 
-1.4112 5.01809 0 
-0.943938 5.11023 0 
-0.472913 5.16566 0 
1.14486e-14 5.18417 0 
0.472913 5.16566 0 
0.943938 5.11023 0 
1.4112 5.01809 0 
1.87284 4.88963 0 
2.32701 4.72536 0 
2.77194 4.52596 0 
3.20584 4.29222 0 
3.62702 4.0251 0 
4.03381 3.72566 0 
4.42462 3.39509 0 
4.79791 3.03472 0 
5.15223 2.64596 0 
5.48618 2.23037 0 
5.79846 1.78959 0 
6.08785 1.32535 0 
6.35321 0.839482 0 
6.59351 0.333905 0 
6.80781 -0.189391 0 
6.99526 -0.728345 0 
7.15513 -1.28083 0 
7.28679 -1.84461 0 
7.3897 -2.41721 0 
7.46345 -2.99507 0 
7.50795 -3.57015 0 
7.52475 -4.11697 0 
-8.59972 -4.11566 0 
-8.5808 -3.48701 0 
-8.52997 -2.82799 0 
-8.44564 -2.16697 0 
-8.32798 -1.51238 0 
-8.17746 -0.867975 0 
-7.99469 -0.236529 0 
-7.7804 0.379441 0 
-7.53543 0.977503 0 
-7.26073 1.5553 0 
-6.95739 2.11056 0 
-6.6266 2.64109 0 
-6.26965 3.14481 0 
-5.88794 3.61971 0 
-5.48296 4.06394 0 
-5.05631 4.47572 0 
-4.60965 4.85343 0 
-4.14474 5.19557 0 
-3.6634 5.50077 0 
-3.16753 5.76781 0 
-2.65909 5.99562 0 
-2.14008 6.18329 0 
-1.61256 6.33005 0 
-1.07862 6.4353 0 
-0.540387 6.49863 0 
1.20904e-14 6.51977 0 
0.540387 6.49863 0 
1.07862 6.4353 0 
1.61256 6.33005 0 
2.14008 6.18329 0 
2.65909 5.99562 0 
3.16753 5.76781 0 
3.6634 5.50077 0 
4.14474 5.19557 0 
4.60965 4.85343 0 
5.05631 4.47572 0 
5.48296 4.06394 0 
5.88794 3.61971 0 
6.26965 3.14481 0 
6.6266 2.64109 0 
6.95739 2.11056 0 
7.26073 1.5553 0 
7.53543 0.977503 0 
7.7804 0.379441 0 
7.99469 -0.236529 0 
8.17746 -0.867975 0 
8.32798 -1.51238 0 
8.44564 -2.16697 0 
8.52997 -2.82799 0 
8.5808 -3.48701 0 
8.59972 -4.11566 0 
-9.67334 -4.11458 0 
-9.65229 -3.40391 0 
-9.59507 -2.66106 0 
-9.5001 -1.91705 0 
-9.36759 -1.18063 0 
-9.19811 -0.455803 0 
-8.99233 0.254401 0 
-8.75108 0.94715 0 
-8.47532 1.61971 0 
-8.16613 2.26944 0 
-7.82473 2.89378 0 
-7.45248 3.49026 0 
-7.05082 4.05655 0 
-6.62135 4.59042 0 
-6.16575 5.08976 0 
-5.6858 5.5526 0 
-5.1834 5.97711 0 
-4.6605 6.36162 0 
-4.11917 6.7046 0 
-3.56154 7.00467 0 
-2.9898 7.26066 0 
-2.4062 7.47152 0 
-1.81306 7.63641 0 
-1.21272 7.75467 0 
-0.607569 7.82582 0 
1.20793e-14 7.84957 0 
0.607569 7.82582 0 
1.21272 7.75467 0 
1.81306 7.63641 0 
2.4062 7.47152 0 
2.9898 7.26066 0 
3.56154 7.00467 0 
4.11917 6.7046 0 
4.6605 6.36162 0 
5.1834 5.97711 0 
5.6858 5.5526 0 
6.16575 5.08976 0 
6.62135 4.59042 0 
7.05082 4.05655 0 
7.45248 3.49026 0 
7.82473 2.89378 0 
8.16613 2.26944 0 
8.47532 1.61971 0 
8.75108 0.94715 0 
8.99233 0.254401 0 
9.19811 -0.455803 0 
9.36759 -1.18063 0 
9.5001 -1.91705 0 
9.59507 -2.66106 0 
9.65229 -3.40391 0 
9.67334 -4.11458 0 
-10.7371 -4.11384 0 
-10.7138 -3.32155 0 
-10.6498 -2.49571 0 
-10.5437 -1.66972 0 
-10.3956 -0.852623 0 
-10.2063 -0.0486952 0 
-9.9766 0.73871 0 
-9.70746 1.50645 0 
-9.4 2.25148 0 
-9.0555 2.97089 0 
-8.67537 3.66186 0 
-8.26116 4.3217 0 
-7.81452 4.94784 0 
-7.33725 5.53788 0 
-6.83123 6.08952 0 
-6.29848 6.60064 0 
-5.74107 7.06926 0 
-5.16121 7.49358 0 
-4.56115 7.87195 0 
-3.94325 8.20291 0 
-3.30992 8.48517 0 
-2.66363 8.71763 0 
-2.00691 8.89939 0 
-1.34232 9.02973 0 
-0.67248 9.10814 0 
1.19469e-14 9.13431 0 
0.67248 9.10814 0 
1.34232 9.02973 0 
2.00691 8.89939 0 
2.66363 8.71763 0 
3.30992 8.48517 0 
3.94325 8.20291 0 
4.56115 7.87195 0 
5.16121 7.49358 0 
5.74107 7.06926 0 
6.29848 6.60064 0 
6.83123 6.08952 0 
7.33725 5.53788 0 
7.81452 4.94784 0 
8.26116 4.3217 0 
8.67537 3.66186 0 
9.0555 2.97089 0 
9.4 2.25148 0 
9.70746 1.50645 0 
9.9766 0.73871 0 
10.2063 -0.0486952 0 
10.3956 -0.852623 0 
10.5437 -1.66972 0 
10.6498 -2.49571 0 
10.7138 -3.32155 0 
10.7371 -4.11384 0 
-0.181707 -4.16406 0.0
-0.178189 -4.16304 0.0
-1.03994 -4.07456 0.0
-1.04318 -4.13829 0.0
-0.174032 -4.15693 0.0
-1.0331 -4.00159 0.0
-1.03929 -4.06971 0.0
-0.177535 -4.15819 0.0
-0.169681 -4.15031 0.0
-1.02266 -3.92609 0.0
-1.03219 -3.99651 0.0
-0.173132 -4.15186 0.0
-0.165162 -4.1433 0.0
-1.00845 -3.84968 0.0
-1.02152 -3.92092 0.0
-0.168539 -4.14514 0.0
-0.160479 -4.13599 0.0
-0.99042 -3.77342 0.0
-1.00707 -3.84449 0.0
-0.163787 -4.13811 0.0
-0.15561 -4.1285 0.0
-0.968599 -3.69808 0.0
-0.988816 -3.76828 0.0
-0.158874 -4.13085 0.0
-0.150517 -4.12092 0.0
-0.943048 -3.62421 0.0
-0.966765 -3.69303 0.0
-0.153776 -4.12345 0.0
-0.145157 -4.11331 0.0
-0.913851 -3.55222 0.0
-0.940984 -3.61927 0.0
-0.148452 -4.11598 0.0
-0.139489 -4.10575 0.0
-0.881106 -3.48248 0.0
-0.911557 -3.54743 0.0
-0.142863 -4.10852 0.0
-0.133482 -4.09829 0.0
-0.844923 -3.41529 0.0
-0.878586 -3.47786 0.0
-0.136969 -4.10112 0.0
-0.127109 -4.09098 0.0
-0.805422 -3.35094 0.0
-0.842182 -3.41086 0.0
-0.130741 -4.09385 0.0
-0.120354 -4.08389 0.0
-0.762739 -3.28969 0.0
-0.802468 -3.34671 0.0
-0.124154 -4.08675 0.0
-0.113207 -4.07706 0.0
-0.717017 -3.2318 0.0
-0.759579 -3.28569 0.0
-0.117194 -4.07989 0.0
-0.105668 -4.07055 0.0
-0.668416 -3.17751 0.0
-0.713662 -3.22803 0.0
-0.109853 -4.0733 0.0
-0.0977398 -4.06439 0.0
-0.617107 -3.12704 0.0
-0.664877 -3.17399 0.0
-0.102129 -4.06703 0.0
-0.0894354 -4.05863 0.0
-0.563275 -3.08062 0.0
-0.613396 -3.1238 0.0
-0.0940292 -4.06114 0.0
-0.080772 -4.05333 0.0
-0.50712 -3.03845 0.0
-0.559406 -3.07766 0.0
-0.0855656 -4.05567 0.0
-0.0717732 -4.04852 0.0
-0.448853 -3.00072 0.0
-0.503105 -3.03578 0.0
-0.0767569 -4.05067 0.0
-0.0624672 -4.04424 0.0
-0.388699 -2.96761 0.0
-0.444707 -2.99836 0.0
-0.0676273 -4.04616 0.0
-0.0528873 -4.04053 0.0
-0.326897 -2.93928 0.0
-0.384438 -2.96557 0.0
-0.058206 -4.0422 0.0
-0.0430708 -4.03742 0.0
-0.263697 -2.91587 0.0
-0.322536 -2.93756 0.0
-0.0485269 -4.03881 0.0
-0.0330585 -4.03493 0.0
-0.199361 -2.89749 0.0
-0.259254 -2.91448 0.0
-0.0386281 -4.03603 0.0
-0.0228942 -4.03308 0.0
-0.134162 -2.88424 0.0
-0.194854 -2.89644 0.0
-0.028551 -4.03388 0.0
-0.0126241 -4.0319 0.0
-0.0683779 -2.87619 0.0
-0.129607 -2.88354 0.0
-0.01834 -4.03238 0.0
-0.00229593 -4.03139 0.0
-0.00229593 -2.87339 0.0
-0.0637955 -2.87584 0.0
-0.00804165 -4.03155 0.0
0.00804165 -4.03155 0.0
0.0637955 -2.87584 0.0
0.00229593 -2.87339 0.0
0.00229593 -4.03139 0.0
0.01834 -4.03238 0.0
0.129607 -2.88354 0.0
0.0683779 -2.87619 0.0
0.0126241 -4.0319 0.0
0.028551 -4.03388 0.0
0.194854 -2.89644 0.0
0.134162 -2.88424 0.0
0.0228942 -4.03308 0.0
0.0386281 -4.03603 0.0
0.259254 -2.91448 0.0
0.199361 -2.89749 0.0
0.0330585 -4.03493 0.0
0.0485269 -4.03881 0.0
0.322536 -2.93756 0.0
0.263697 -2.91587 0.0
0.0430708 -4.03742 0.0
0.058206 -4.0422 0.0
0.384438 -2.96557 0.0
0.326897 -2.93928 0.0
0.0528873 -4.04053 0.0
0.0676273 -4.04616 0.0
0.444707 -2.99836 0.0
0.388699 -2.96761 0.0
0.0624672 -4.04424 0.0
0.0767569 -4.05067 0.0
0.503105 -3.03578 0.0
0.448853 -3.00072 0.0
0.0717732 -4.04852 0.0
0.0855656 -4.05567 0.0
0.559406 -3.07766 0.0
0.50712 -3.03845 0.0
0.080772 -4.05333 0.0
0.0940292 -4.06114 0.0
0.613396 -3.1238 0.0
0.563275 -3.08062 0.0
0.0894354 -4.05863 0.0
0.102129 -4.06703 0.0
0.664877 -3.17399 0.0
0.617107 -3.12704 0.0
0.0977398 -4.06439 0.0
0.109853 -4.0733 0.0
0.713662 -3.22803 0.0
0.668416 -3.17751 0.0
0.105668 -4.07055 0.0
0.117194 -4.07989 0.0
0.759579 -3.28569 0.0
0.717017 -3.2318 0.0
0.113207 -4.07706 0.0
0.124154 -4.08675 0.0
0.802468 -3.34671 0.0
0.762739 -3.28969 0.0
0.120354 -4.08389 0.0
0.130741 -4.09385 0.0
0.842182 -3.41086 0.0
0.805422 -3.35094 0.0
0.127109 -4.09098 0.0
0.136969 -4.10112 0.0
0.878586 -3.47786 0.0
0.844923 -3.41529 0.0
0.133482 -4.09829 0.0
0.142863 -4.10852 0.0
0.911557 -3.54743 0.0
0.881106 -3.48248 0.0
0.139489 -4.10575 0.0
0.148452 -4.11598 0.0
0.940984 -3.61927 0.0
0.913851 -3.55222 0.0
0.145157 -4.11331 0.0
0.153776 -4.12345 0.0
0.966765 -3.69303 0.0
0.943048 -3.62421 0.0
0.150517 -4.12092 0.0
0.158874 -4.13085 0.0
0.988816 -3.76828 0.0
0.968599 -3.69808 0.0
0.15561 -4.1285 0.0
0.163787 -4.13811 0.0
1.00707 -3.84449 0.0
0.99042 -3.77342 0.0
0.160479 -4.13599 0.0
0.168539 -4.14514 0.0
1.02152 -3.92092 0.0
1.00845 -3.84968 0.0
0.165162 -4.1433 0.0
0.173132 -4.15186 0.0
1.03219 -3.99651 0.0
1.02266 -3.92609 0.0
0.169681 -4.15031 0.0
0.177535 -4.15819 0.0
1.03929 -4.06971 0.0
1.0331 -4.00159 0.0
0.174032 -4.15693 0.0
0.181707 -4.16406 0.0
1.04318 -4.13829 0.0
1.03994 -4.07456 0.0
0.178189 -4.16304 0.0
-1.13554 -4.13356 0.0
-1.13231 -4.06983 0.0
-2.09624 -3.99416 0.0
-2.10166 -4.12612 0.0
-1.13156 -4.05812 0.0
-1.12536 -3.99 0.0
-2.08369 -3.84109 0.0
-2.09549 -3.98245 0.0
-1.12396 -3.97773 0.0
-1.11443 -3.90731 0.0
-2.06337 -3.68384 0.0
-2.08229 -3.82883 0.0
-1.11241 -3.89485 0.0
-1.09934 -3.82361 0.0
-2.03505 -3.52595 0.0
-2.06135 -3.67138 0.0
-1.0967 -3.81117 0.0
-1.08005 -3.7401 0.0
-1.99876 -3.36946 0.0
-2.03242 -3.51351 0.0
-1.0768 -3.7278 0.0
-1.05658 -3.6576 0.0
-1.95461 -3.21561 0.0
-1.99551 -3.35717 0.0
-1.05273 -3.64554 0.0
-1.02902 -3.57672 0.0
-1.90278 -3.06527 0.0
-1.95076 -3.20355 0.0
-1.02457 -3.56495 0.0
-0.99744 -3.49791 0.0
-1.84346 -2.91916 0.0
-1.89833 -3.05351 0.0
-0.992415 -3.4865 0.0
-0.961964 -3.42155 0.0
-1.7769 -2.77789 0.0
-1.83844 -2.90775 0.0
-0.956377 -3.41054 0.0
-0.922713 -3.34798 0.0
-1.70333 -2.64202 0.0
-1.77131 -2.76688 0.0
-0.916582 -3.33742 0.0
-0.879823 -3.27751 0.0
-1.62304 -2.51212 0.0
-1.6972 -2.63147 0.0
-0.87317 -3.26744 0.0
-0.833441 -3.21043 0.0
-1.53634 -2.38868 0.0
-1.61639 -2.50205 0.0
-0.826291 -3.20089 0.0
-0.783729 -3.14701 0.0
-1.44356 -2.27221 0.0
-1.52919 -2.37915 0.0
-0.776108 -3.13805 0.0
-0.730861 -3.08752 0.0
-1.34505 -2.16315 0.0
-1.43594 -2.26324 0.0
-0.722799 -3.07917 0.0
-0.675029 -3.03221 0.0
-1.24118 -2.06195 0.0
-1.33699 -2.1548 0.0
-0.666555 -3.0245 0.0
-0.616434 -2.98132 0.0
-1.13236 -1.96903 0.0
-1.23271 -2.05424 0.0
-0.607581 -2.97428 0.0
-0.555295 -2.93507 0.0
-1.01901 -1.88475 0.0
-1.12351 -1.96199 0.0
-0.546096 -2.92873 0.0
-0.491844 -2.89367 0.0
-0.901553 -1.80946 0.0
-1.00981 -1.87841 0.0
-0.482336 -2.88807 0.0
-0.426328 -2.85732 0.0
-0.780461 -1.74349 0.0
-0.892045 -1.80386 0.0
-0.416548 -2.85246 0.0
-0.359007 -2.82618 0.0
-0.656208 -1.6871 0.0
-0.770681 -1.73863 0.0
-0.348994 -2.8221 0.0
-0.290155 -2.8004 0.0
-0.529287 -1.64055 0.0
-0.646194 -1.68303 0.0
-0.279948 -2.79712 0.0
-0.220055 -2.78012 0.0
-0.400206 -1.60403 0.0
-0.51908 -1.63727 0.0
-0.209697 -2.77765 0.0
-0.149005 -2.76544 0.0
-0.269488 -1.57771 0.0
-0.389849 -1.60156 0.0
-0.138539 -2.76379 0.0
-0.0773092 -2.75644 0.0
-0.137666 -1.56171 0.0
-0.259022 -1.57606 0.0
-0.0667767 -2.75561 0.0
-0.0052772 -2.75315 0.0
-0.0052772 -1.55609 0.0
-0.127133 -1.56088 0.0
0.0052772 -2.75315 0.0
0.0667767 -2.75561 0.0
0.127133 -1.56088 0.0
0.0052772 -1.55609 0.0
0.0773092 -2.75644 0.0
0.138539 -2.76379 0.0
0.259022 -1.57606 0.0
0.137666 -1.56171 0.0
0.149005 -2.76544 0.0
0.209697 -2.77765 0.0
0.389849 -1.60156 0.0
0.269488 -1.57771 0.0
0.220055 -2.78012 0.0
0.279948 -2.79712 0.0
0.51908 -1.63727 0.0
0.400206 -1.60403 0.0
0.290155 -2.8004 0.0
0.348994 -2.8221 0.0
0.646194 -1.68303 0.0
0.529287 -1.64055 0.0
0.359007 -2.82618 0.0
0.416548 -2.85246 0.0
0.770681 -1.73863 0.0
0.656208 -1.6871 0.0
0.426328 -2.85732 0.0
0.482336 -2.88807 0.0
0.892045 -1.80386 0.0
0.780461 -1.74349 0.0
0.491844 -2.89367 0.0
0.546096 -2.92873 0.0
1.00981 -1.87841 0.0
0.901553 -1.80946 0.0
0.555295 -2.93507 0.0
0.607581 -2.97428 0.0
1.12351 -1.96199 0.0
1.01901 -1.88475 0.0
0.616434 -2.98132 0.0
0.666555 -3.0245 0.0
1.23271 -2.05424 0.0
1.13236 -1.96903 0.0
0.675029 -3.03221 0.0
0.722799 -3.07917 0.0
1.33699 -2.1548 0.0
1.24118 -2.06195 0.0
0.730861 -3.08752 0.0
0.776108 -3.13805 0.0
1.43594 -2.26324 0.0
1.34505 -2.16315 0.0
0.783729 -3.14701 0.0
0.826291 -3.20089 0.0
1.52919 -2.37915 0.0
1.44356 -2.27221 0.0
0.833441 -3.21043 0.0
0.87317 -3.26744 0.0
1.61639 -2.50205 0.0
1.53634 -2.38868 0.0
0.879823 -3.27751 0.0
0.916582 -3.33742 0.0
1.6972 -2.63147 0.0
1.62304 -2.51212 0.0
0.922713 -3.34798 0.0
0.956377 -3.41054 0.0
1.77131 -2.76688 0.0
1.70333 -2.64202 0.0
0.961964 -3.42155 0.0
0.992415 -3.4865 0.0
1.83844 -2.90775 0.0
1.7769 -2.77789 0.0
0.99744 -3.49791 0.0
1.02457 -3.56495 0.0
1.89833 -3.05351 0.0
1.84346 -2.91916 0.0
1.02902 -3.57672 0.0
1.05273 -3.64554 0.0
1.95076 -3.20355 0.0
1.90278 -3.06527 0.0
1.05658 -3.6576 0.0
1.0768 -3.7278 0.0
1.99551 -3.35717 0.0
1.95461 -3.21561 0.0
1.08005 -3.7401 0.0
1.0967 -3.81117 0.0
2.03242 -3.51351 0.0
1.99876 -3.36946 0.0
1.09934 -3.82361 0.0
1.11241 -3.89485 0.0
2.06135 -3.67138 0.0
2.03505 -3.52595 0.0
1.11443 -3.90731 0.0
1.12396 -3.97773 0.0
2.08229 -3.82883 0.0
2.06337 -3.68384 0.0
1.12536 -3.99 0.0
1.13156 -4.05812 0.0
2.09549 -3.98245 0.0
2.08369 -3.84109 0.0
1.13231 -4.06983 0.0
1.13554 -4.13356 0.0
2.10166 -4.12612 0.0
2.09624 -3.99416 0.0
-2.20108 -3.98977 0.0
-3.16648 -3.91511 0.0
-3.1739 -4.11731 0.0
-2.20649 -4.12173 0.0
-2.18807 -3.82893 0.0
-3.14787 -3.67967 0.0
-3.16527 -3.89562 0.0
-2.19987 -3.97028 0.0
-2.16693 -3.6636 0.0
-3.11729 -3.43928 0.0
-3.14566 -3.65932 0.0
-2.18586 -3.80859 0.0
-2.13741 -3.49762 0.0
-3.07452 -3.19912 0.0
-3.11407 -3.41872 0.0
-2.16371 -3.64304 0.0
-2.09951 -3.33314 0.0
-3.01965 -2.96182 0.0
-3.07027 -3.17869 0.0
-2.13316 -3.47719 0.0
-2.05334 -3.17145 0.0
-2.95288 -2.72891 0.0
-3.01438 -2.94169 0.0
-2.09424 -3.31301 0.0
-1.99909 -3.01347 0.0
-2.87448 -2.50154 0.0
-2.94661 -2.7092 0.0
-2.04707 -3.15174 0.0
-1.93697 -2.85992 0.0
-2.78475 -2.28066 0.0
-2.86723 -2.48234 0.0
-1.99184 -2.99427 0.0
-1.86722 -2.71146 0.0
-2.68406 -2.06718 0.0
-2.77655 -2.26206 0.0
-1.92876 -2.84132 0.0
-1.79011 -2.56867 0.0
-2.57278 -1.86192 0.0
-2.67493 -2.04925 0.0
-1.85809 -2.69353 0.0
-1.70594 -2.43214 0.0
-2.45134 -1.66572 0.0
-2.56276 -1.84474 0.0
-1.7801 -2.55149 0.0
-1.61504 -2.30239 0.0
-2.32023 -1.47933 0.0
-2.44048 -1.64934 0.0
-1.69508 -2.41577 0.0
-1.51773 -2.17995 0.0
-2.17994 -1.30349 0.0
-2.30856 -1.46383 0.0
-1.60336 -2.28689 0.0
-1.41441 -2.06529 0.0
-2.03101 -1.13891 0.0
-2.1675 -1.28893 0.0
-1.5053 -2.16539 0.0
-1.30546 -1.95888 0.0
-1.87403 -0.986234 0.0
-2.01786 -1.12534 0.0
-1.40126 -2.05173 0.0
-1.1913 -1.86115 0.0
-1.7096 -0.846074 0.0
-1.86022 -0.973715 0.0
-1.29165 -1.94636 0.0
-1.07238 -1.77249 0.0
-1.53836 -0.718994 0.0
-1.69518 -0.834654 0.0
-1.17688 -1.84973 0.0
-0.949146 -1.69327 0.0
-1.36098 -0.605511 0.0
-1.52338 -0.708721 0.0
-1.0574 -1.76222 0.0
-0.822091 -1.62382 0.0
-1.17815 -0.506088 0.0
-1.34551 -0.596425 0.0
-0.933675 -1.68418 0.0
-0.691712 -1.56442 0.0
-0.990595 -0.421135 0.0
-1.16224 -0.498228 0.0
-0.806186 -1.61596 0.0
-0.558527 -1.51535 0.0
-0.799057 -0.351009 0.0
-0.974317 -0.414533 0.0
-0.675435 -1.55782 0.0
-0.423068 -1.4768 0.0
-0.604299 -0.296001 0.0
-0.782472 -0.345693 0.0
-0.541942 -1.51003 0.0
-0.285882 -1.44895 0.0
-0.407101 -0.256348 0.0
-0.587473 -0.291994 0.0
-0.406243 -1.47279 0.0
-0.147528 -1.43192 0.0
-0.208256 -0.232218 0.0
-0.390102 -0.253667 0.0
-0.268884 -1.44627 0.0
-0.00856887 -1.42579 0.0
-0.00856887 -0.223714 0.0
-0.191154 -0.230874 0.0
-0.130425 -1.43058 0.0
0.130425 -1.43058 0.0
0.191154 -0.230874 0.0
0.00856887 -0.223714 0.0
0.00856887 -1.42579 0.0
0.268884 -1.44627 0.0
0.390102 -0.253667 0.0
0.208256 -0.232218 0.0
0.147528 -1.43192 0.0
0.406243 -1.47279 0.0
0.587473 -0.291994 0.0
0.407101 -0.256348 0.0
0.285882 -1.44895 0.0
0.541942 -1.51003 0.0
0.782472 -0.345693 0.0
0.604299 -0.296001 0.0
0.423068 -1.4768 0.0
0.675435 -1.55782 0.0
0.974317 -0.414533 0.0
0.799057 -0.351009 0.0
0.558527 -1.51535 0.0
0.806186 -1.61596 0.0
1.16224 -0.498228 0.0
0.990595 -0.421135 0.0
0.691712 -1.56442 0.0
0.933675 -1.68418 0.0
1.34551 -0.596425 0.0
1.17815 -0.506088 0.0
0.822091 -1.62382 0.0
1.0574 -1.76222 0.0
1.52338 -0.708721 0.0
1.36098 -0.605511 0.0
0.949146 -1.69327 0.0
1.17688 -1.84973 0.0
1.69518 -0.834654 0.0
1.53836 -0.718994 0.0
1.07238 -1.77249 0.0
1.29165 -1.94636 0.0
1.86022 -0.973715 0.0
1.7096 -0.846074 0.0
1.1913 -1.86115 0.0
1.40126 -2.05173 0.0
2.01786 -1.12534 0.0
1.87403 -0.986234 0.0
1.30546 -1.95888 0.0
1.5053 -2.16539 0.0
2.1675 -1.28893 0.0
2.03101 -1.13891 0.0
1.41441 -2.06529 0.0
1.60336 -2.28689 0.0
2.30856 -1.46383 0.0
2.17994 -1.30349 0.0
1.51773 -2.17995 0.0
1.69508 -2.41577 0.0
2.44048 -1.64934 0.0
2.32023 -1.47933 0.0
1.61504 -2.30239 0.0
1.7801 -2.55149 0.0
2.56276 -1.84474 0.0
2.45134 -1.66572 0.0
1.70594 -2.43214 0.0
1.85809 -2.69353 0.0
2.67493 -2.04925 0.0
2.57278 -1.86192 0.0
1.79011 -2.56867 0.0
1.92876 -2.84132 0.0
2.77655 -2.26206 0.0
2.68406 -2.06718 0.0
1.86722 -2.71146 0.0
1.99184 -2.99427 0.0
2.86723 -2.48234 0.0
2.78475 -2.28066 0.0
1.93697 -2.85992 0.0
2.04707 -3.15174 0.0
2.94661 -2.7092 0.0
2.87448 -2.50154 0.0
1.99909 -3.01347 0.0
2.09424 -3.31301 0.0
3.01438 -2.94169 0.0
2.95288 -2.72891 0.0
2.05334 -3.17145 0.0
2.13316 -3.47719 0.0
3.07027 -3.17869 0.0
3.01965 -2.96182 0.0
2.09951 -3.33314 0.0
2.16371 -3.64304 0.0
3.11407 -3.41872 0.0
3.07452 -3.19912 0.0
2.13741 -3.49762 0.0
2.18586 -3.80859 0.0
3.14566 -3.65932 0.0
3.11729 -3.43928 0.0
2.16693 -3.6636 0.0
2.19987 -3.97028 0.0
3.16527 -3.89562 0.0
3.14787 -3.67967 0.0
2.18807 -3.82893 0.0
2.20108 -3.98977 0.0
2.20649 -4.12173 0.0
3.1739 -4.11731 0.0
3.16648 -3.91511 0.0
-3.2728 -3.9108 0.0
-4.23844 -3.83626 0.0
-4.24781 -4.10993 0.0
-3.28022 -4.113 0.0
-3.25376 -3.66734 0.0
-4.21377 -3.51765 0.0
-4.2368 -3.80876 0.0
-3.27116 -3.8833 0.0
-3.22237 -3.4187 0.0
-4.17289 -3.19391 0.0
-4.21074 -3.48906 0.0
-3.25073 -3.63875 0.0
-3.17836 -3.17034 0.0
-4.11562 -2.8715 0.0
-4.16843 -3.16515 0.0
-3.21791 -3.38994 0.0
-3.12184 -2.92495 0.0
-4.04212 -2.5534 0.0
-4.10972 -2.84298 0.0
-3.17246 -3.14182 0.0
-3.05301 -2.68412 0.0
-3.9527 -2.24143 0.0
-4.0348 -2.52535 0.0
-3.11451 -2.8969 0.0
-2.97215 -2.44901 0.0
-3.84769 -1.93696 0.0
-3.94397 -2.21398 0.0
-3.04428 -2.65668 0.0
-2.87958 -2.22061 0.0
-3.72752 -1.64123 0.0
-3.8376 -1.91024 0.0
-2.96205 -2.4223 0.0
-2.77566 -1.99984 0.0
-3.59266 -1.35543 0.0
-3.7161 -1.61535 0.0
-2.86815 -2.19473 0.0
-2.6608 -1.78758 0.0
-3.44363 -1.08067 0.0
-3.57995 -1.33048 0.0
-2.76295 -1.9749 0.0
-2.53544 -1.58465 0.0
-3.28101 -0.818043 0.0
-3.42969 -1.05676 0.0
-2.64685 -1.76367 0.0
-2.40006 -1.39185 0.0
-3.10544 -0.568579 0.0
-3.26589 -0.795265 0.0
-2.52031 -1.56187 0.0
-2.25519 -1.20996 0.0
-2.91758 -0.333265 0.0
-3.08919 -0.547023 0.0
-2.38381 -1.3703 0.0
-2.10139 -1.03969 0.0
-2.71819 -0.113032 0.0
-2.90028 -0.313015 0.0
-2.23788 -1.18971 0.0
-1.93926 -0.88172 0.0
-2.50802 0.0912459 0.0
-2.69989 -0.0941686 0.0
-2.08309 -1.02083 0.0
-1.76942 -0.736676 0.0
-2.2879 0.278755 0.0
-2.4888 0.108648 0.0
-1.92004 -0.864317 0.0
-1.59253 -0.605145 0.0
-2.05869 0.448744 0.0
-2.26784 0.294626 0.0
-1.74935 -0.720805 0.0
-1.40929 -0.487659 0.0
-1.82129 0.600529 0.0
-2.03786 0.46302 0.0
-1.5717 -0.590869 0.0
-1.22041 -0.384699 0.0
-1.57662 0.733494 0.0
-1.79977 0.613152 0.0
-1.38777 -0.475036 0.0
-1.02664 -0.296688 0.0
-1.32566 0.847096 0.0
-1.5545 0.744412 0.0
-1.19829 -0.37378 0.0
-0.828747 -0.223993 0.0
-1.06939 0.940869 0.0
-1.30302 0.856265 0.0
-1.00401 -0.287518 0.0
-0.627514 -0.16692 0.0
-0.808831 1.01442 0.0
-1.04633 0.948251 0.0
-0.805687 -0.216611 0.0
-0.423749 -0.12571 0.0
-0.545026 1.06745 0.0
-0.785439 1.01999 0.0
-0.604121 -0.161356 0.0
-0.218271 -0.100538 0.0
-0.27903 1.09973 0.0
-0.521395 1.07117 0.0
-0.400117 -0.121987 0.0
-0.0119116 -0.0915125 0.0
-0.0119116 1.11113 0.0
-0.255255 1.1016 0.0
-0.194496 -0.0986727 0.0
0.194496 -0.0986727 0.0
0.255255 1.1016 0.0
0.0119116 1.11113 0.0
0.0119116 -0.0915125 0.0
0.400117 -0.121987 0.0
0.521395 1.07117 0.0
0.27903 1.09973 0.0
0.218271 -0.100538 0.0
0.604121 -0.161356 0.0
0.785439 1.01999 0.0
0.545026 1.06745 0.0
0.423749 -0.12571 0.0
0.805687 -0.216611 0.0
1.04633 0.948251 0.0
0.808831 1.01442 0.0
0.627514 -0.16692 0.0
1.00401 -0.287518 0.0
1.30302 0.856265 0.0
1.06939 0.940869 0.0
0.828747 -0.223993 0.0
1.19829 -0.37378 0.0
1.5545 0.744412 0.0
1.32566 0.847096 0.0
1.02664 -0.296688 0.0
1.38777 -0.475036 0.0
1.79977 0.613152 0.0
1.57662 0.733494 0.0
1.22041 -0.384699 0.0
1.5717 -0.590869 0.0
2.03786 0.46302 0.0
1.82129 0.600529 0.0
1.40929 -0.487659 0.0
1.74935 -0.720805 0.0
2.26784 0.294626 0.0
2.05869 0.448744 0.0
1.59253 -0.605145 0.0
1.92004 -0.864317 0.0
2.4888 0.108648 0.0
2.2879 0.278755 0.0
1.76942 -0.736676 0.0
2.08309 -1.02083 0.0
2.69989 -0.0941686 0.0
2.50802 0.0912459 0.0
1.93926 -0.88172 0.0
2.23788 -1.18971 0.0
2.90028 -0.313015 0.0
2.71819 -0.113032 0.0
2.10139 -1.03969 0.0
2.38381 -1.3703 0.0
3.08919 -0.547023 0.0
2.91758 -0.333265 0.0
2.25519 -1.20996 0.0
2.52031 -1.56187 0.0
3.26589 -0.795265 0.0
3.10544 -0.568579 0.0
2.40006 -1.39185 0.0
2.64685 -1.76367 0.0
3.42969 -1.05676 0.0
3.28101 -0.818043 0.0
2.53544 -1.58465 0.0
2.76295 -1.9749 0.0
3.57995 -1.33048 0.0
3.44363 -1.08067 0.0
2.6608 -1.78758 0.0
2.86815 -2.19473 0.0
3.7161 -1.61535 0.0
3.59266 -1.35543 0.0
2.77566 -1.99984 0.0
2.96205 -2.4223 0.0
3.8376 -1.91024 0.0
3.72752 -1.64123 0.0
2.87958 -2.22061 0.0
3.04428 -2.65668 0.0
3.94397 -2.21398 0.0
3.84769 -1.93696 0.0
2.97215 -2.44901 0.0
3.11451 -2.8969 0.0
4.0348 -2.52535 0.0
3.9527 -2.24143 0.0
3.05301 -2.68412 0.0
3.17246 -3.14182 0.0
4.10972 -2.84298 0.0
4.04212 -2.5534 0.0
3.12184 -2.92495 0.0
3.21791 -3.38994 0.0
4.16843 -3.16515 0.0
4.11562 -2.8715 0.0
3.17836 -3.17034 0.0
3.25073 -3.63875 0.0
4.21074 -3.48906 0.0
4.17289 -3.19391 0.0
3.22237 -3.4187 0.0
3.27116 -3.8833 0.0
4.2368 -3.80876 0.0
4.21377 -3.51765 0.0
3.25376 -3.66734 0.0
3.2728 -3.9108 0.0
3.28022 -4.113 0.0
4.24781 -4.10993 0.0
4.23844 -3.83626 0.0
-4.34524 -3.832 0.0
-5.31094 -3.75742 0.0
-5.32223 -4.10337 0.0
-4.35461 -4.10566 0.0
-4.32015 -3.50526 0.0
-5.28019 -3.35528 0.0
-5.30888 -3.72179 0.0
-4.34319 -3.79637 0.0
-4.27845 -3.17321 0.0
-5.22899 -2.94819 0.0
-5.27634 -3.31838 0.0
-4.3163 -3.46836 0.0
-4.21993 -2.84255 0.0
-5.1572 -2.54358 0.0
-5.22328 -2.91119 0.0
-4.27274 -3.13621 0.0
-4.14477 -2.51635 0.0
-5.06507 -2.14474 0.0
-5.14963 -2.50696 0.0
-4.21236 -2.80593 0.0
-4.05327 -2.19643 0.0
-4.95297 -1.7537 0.0
-5.05567 -2.10874 0.0
-4.13537 -2.48035 0.0
-3.94579 -1.8842 0.0
-4.82135 -1.37212 0.0
-4.94177 -1.71849 0.0
-4.04207 -2.16122 0.0
-3.82277 -1.58092 0.0
-4.67073 -1.00152 0.0
-4.8084 -1.33785 0.0
-3.93284 -1.84992 0.0
-3.68467 -1.2878 0.0
-4.50169 -0.643364 0.0
-4.65607 -0.96832 0.0
-3.80811 -1.54772 0.0
-3.53204 -1.00599 0.0
-4.31489 -0.29907 0.0
-4.48538 -0.611372 0.0
-3.66836 -1.25581 0.0
-3.36547 -0.736614 0.0
-4.11107 0.0300106 0.0
-4.297 -0.268409 0.0
-3.51415 -0.975333 0.0
-3.18562 -0.48072 0.0
-3.89101 0.34258 0.0
-4.09166 0.0592187 0.0
-3.34607 -0.707406 0.0
-2.99317 -0.239322 0.0
-3.65558 0.637404 0.0
-3.87017 0.37022 0.0
-3.16477 -0.453079 0.0
-2.78888 -0.0133749 0.0
-3.40569 0.913316 0.0
-3.63338 0.663367 0.0
-2.97097 -0.213358 0.0
-2.57354 0.196224 0.0
-3.14231 1.16922 0.0
-3.38221 0.9375 0.0
-2.7654 0.0108092 0.0
-2.34799 0.388639 0.0
-2.86649 1.40411 0.0
-3.11766 1.19153 0.0
-2.54888 0.218532 0.0
-2.11311 0.563101 0.0
-2.57928 1.61703 0.0
-2.84075 1.42445 0.0
-2.32225 0.408983 0.0
-1.86982 0.718906 0.0
-2.28183 1.80714 0.0
-2.55257 1.63533 0.0
-2.08639 0.581398 0.0
-1.61908 0.855425 0.0
-1.9753 1.97366 0.0
-2.25424 1.82332 0.0
-1.84222 0.735083 0.0
-1.36187 0.9721 0.0
-1.6609 2.11593 0.0
-1.94694 1.98766 0.0
-1.59071 0.869417 0.0
-1.09921 1.06845 0.0
-1.33986 2.23337 0.0
-1.63187 2.12768 0.0
-1.33285 0.983849 0.0
-0.83215 1.14408 0.0
-1.01347 2.32548 0.0
-1.3103 2.24282 0.0
-1.06965 1.07791 0.0
-0.561748 1.19868 0.0
-0.68303 2.39189 0.0
-0.983485 2.33261 0.0
-0.802161 1.15121 0.0
-0.28909 1.232 0.0
-0.349851 2.43233 0.0
-0.652736 2.39666 0.0
-0.531454 1.20344 0.0
-0.0152693 1.24393 0.0
-0.0152693 2.44663 0.0
-0.319373 2.43472 0.0
-0.258613 1.23439 0.0
0.258613 1.23439 0.0
0.319373 2.43472 0.0
0.0152693 2.44663 0.0
0.0152693 1.24393 0.0
0.531454 1.20344 0.0
0.652736 2.39666 0.0
0.349851 2.43233 0.0
0.28909 1.232 0.0
0.802161 1.15121 0.0
0.983485 2.33261 0.0
0.68303 2.39189 0.0
0.561748 1.19868 0.0
1.06965 1.07791 0.0
1.3103 2.24282 0.0
1.01347 2.32548 0.0
0.83215 1.14408 0.0
1.33285 0.983849 0.0
1.63187 2.12768 0.0
1.33986 2.23337 0.0
1.09921 1.06845 0.0
1.59071 0.869417 0.0
1.94694 1.98766 0.0
1.6609 2.11593 0.0
1.36187 0.9721 0.0
1.84222 0.735083 0.0
2.25424 1.82332 0.0
1.9753 1.97366 0.0
1.61908 0.855425 0.0
2.08639 0.581398 0.0
2.55257 1.63533 0.0
2.28183 1.80714 0.0
1.86982 0.718906 0.0
2.32225 0.408983 0.0
2.84075 1.42445 0.0
2.57928 1.61703 0.0
2.11311 0.563101 0.0
2.54888 0.218532 0.0
3.11766 1.19153 0.0
2.86649 1.40411 0.0
2.34799 0.388639 0.0
2.7654 0.0108092 0.0
3.38221 0.9375 0.0
3.14231 1.16922 0.0
2.57354 0.196224 0.0
2.97097 -0.213358 0.0
3.63338 0.663367 0.0
3.40569 0.913316 0.0
2.78888 -0.0133749 0.0
3.16477 -0.453079 0.0
3.87017 0.37022 0.0
3.65558 0.637404 0.0
2.99317 -0.239322 0.0
3.34607 -0.707406 0.0
4.09166 0.0592187 0.0
3.89101 0.34258 0.0
3.18562 -0.48072 0.0
3.51415 -0.975333 0.0
4.297 -0.268409 0.0
4.11107 0.0300106 0.0
3.36547 -0.736614 0.0
3.66836 -1.25581 0.0
4.48538 -0.611372 0.0
4.31489 -0.29907 0.0
3.53204 -1.00599 0.0
3.80811 -1.54772 0.0
4.65607 -0.96832 0.0
4.50169 -0.643364 0.0
3.68467 -1.2878 0.0
3.93284 -1.84992 0.0
4.8084 -1.33785 0.0
4.67073 -1.00152 0.0
3.82277 -1.58092 0.0
4.04207 -2.16122 0.0
4.94177 -1.71849 0.0
4.82135 -1.37212 0.0
3.94579 -1.8842 0.0
4.13537 -2.48035 0.0
5.05567 -2.10874 0.0
4.95297 -1.7537 0.0
4.05327 -2.19643 0.0
4.21236 -2.80593 0.0
5.14963 -2.50696 0.0
5.06507 -2.14474 0.0
4.14477 -2.51635 0.0
4.27274 -3.13621 0.0
5.22328 -2.91119 0.0
5.1572 -2.54358 0.0
4.21993 -2.84255 0.0
4.3163 -3.46836 0.0
5.27634 -3.31838 0.0
5.22899 -2.94819 0.0
4.27845 -3.17321 0.0
4.34319 -3.79637 0.0
5.30888 -3.72179 0.0
5.28019 -3.35528 0.0
4.32015 -3.50526 0.0
4.34524 -3.832 0.0
4.35461 -4.10566 0.0
5.32223 -4.10337 0.0
5.31094 -3.75742 0.0
-5.41796 -3.75318 0.0
-6.38367 -3.67852 0.0
-6.39689 -4.09735 0.0
-5.42926 -4.09913 0.0
-5.3868 -3.34285 0.0
-6.34684 -3.19268 0.0
-6.3812 -3.63469 0.0
-5.41549 -3.70935 0.0
-5.33476 -2.92742 0.0
-6.2853 -2.70228 0.0
-6.34215 -3.14745 0.0
-5.38211 -3.29761 0.0
-5.26172 -2.51457 0.0
-6.19898 -2.21554 0.0
-6.27833 -2.65703 0.0
-5.3278 -2.88218 0.0
-5.16792 -2.10761 0.0
-6.08821 -1.73598 0.0
-6.18974 -2.1708 0.0
-5.25248 -2.46983 0.0
-5.05374 -1.70861 0.0
-5.95344 -1.26588 0.0
-6.07673 -1.69202 0.0
-5.15644 -2.06365 0.0
-4.91964 -1.31925 0.0
-5.7952 -0.807171 0.0
-5.93977 -1.22289 0.0
-5.04006 -1.66563 0.0
-4.76616 -0.941084 0.0
-5.61412 -0.361683 0.0
-5.77938 -0.765332 0.0
-4.90383 -1.27741 0.0
-4.59388 -0.575603 0.0
-5.41089 0.0688323 0.0
-5.59622 -0.321157 0.0
-4.74826 -0.900558 0.0
-4.40347 -0.224248 0.0
-5.18632 0.482678 0.0
-5.39098 0.107885 0.0
-4.57396 -0.53655 0.0
-4.19569 0.111598 0.0
-4.94129 0.878224 0.0
-5.16448 0.520104 0.0
-4.38163 -0.186822 0.0
-3.97135 0.430611 0.0
-4.67674 1.25391 0.0
-4.91759 0.913876 0.0
-4.172 0.14725 0.0
-3.73131 0.731531 0.0
-4.39372 1.60826 0.0
-4.65129 1.28765 0.0
-3.9459 0.464348 0.0
-3.47651 1.01317 0.0
-4.09332 1.93986 0.0
-4.36661 1.63995 0.0
-3.7042 0.763219 0.0
-3.20796 1.27441 0.0
-3.77673 2.24741 0.0
-4.06467 1.96937 0.0
-3.44786 1.04268 0.0
-2.92669 1.51421 0.0
-3.44519 2.52968 0.0
-3.74664 2.27463 0.0
-3.17786 1.30163 0.0
-2.6338 1.73161 0.0
-3.09998 2.78554 0.0
-3.41377 2.5545 0.0
-2.89527 1.53903 0.0
-2.33046 1.92575 0.0
-2.74247 3.01398 0.0
-3.06736 2.80787 0.0
-2.60119 1.75394 0.0
-2.01784 2.09583 0.0
-2.37406 3.21407 0.0
-2.70878 3.03372 0.0
-2.29677 1.94548 0.0
-1.69718 2.24118 0.0
-1.9962 3.38502 0.0
-2.33944 3.23114 0.0
-1.98322 2.1129 0.0
-1.36974 2.3612 0.0
-1.61039 3.52611 0.0
-1.96078 3.39935 0.0
-1.66175 2.25552 0.0
-1.03684 2.45539 0.0
-1.21816 3.63679 0.0
-1.57431 3.53765 0.0
-1.33366 2.37274 0.0
-0.699785 2.52337 0.0
-0.821065 3.71659 0.0
-1.18156 3.64548 0.0
-1.00024 2.46409 0.0
-0.35993 2.56486 0.0
-0.42069 3.76518 0.0
-0.784096 3.7224 0.0
-0.662816 2.52919 0.0
-0.0186336 2.57968 0.0
-0.0186336 3.78238 0.0
-0.383498 3.7681 0.0
-0.322738 2.56777 0.0
0.322738 2.56777 0.0
0.383498 3.7681 0.0
0.0186336 3.78238 0.0
0.0186336 2.57968 0.0
0.662816 2.52919 0.0
0.784096 3.7224 0.0
0.42069 3.76518 0.0
0.35993 2.56486 0.0
1.00024 2.46409 0.0
1.18156 3.64548 0.0
0.821065 3.71659 0.0
0.699785 2.52337 0.0
1.33366 2.37274 0.0
1.57431 3.53765 0.0
1.21816 3.63679 0.0
1.03684 2.45539 0.0
1.66175 2.25552 0.0
1.96078 3.39935 0.0
1.61039 3.52611 0.0
1.36974 2.3612 0.0
1.98322 2.1129 0.0
2.33944 3.23114 0.0
1.9962 3.38502 0.0
1.69718 2.24118 0.0
2.29677 1.94548 0.0
2.70878 3.03372 0.0
2.37406 3.21407 0.0
2.01784 2.09583 0.0
2.60119 1.75394 0.0
3.06736 2.80787 0.0
2.74247 3.01398 0.0
2.33046 1.92575 0.0
2.89527 1.53903 0.0
3.41377 2.5545 0.0
3.09998 2.78554 0.0
2.6338 1.73161 0.0
3.17786 1.30163 0.0
3.74664 2.27463 0.0
3.44519 2.52968 0.0
2.92669 1.51421 0.0
3.44786 1.04268 0.0
4.06467 1.96937 0.0
3.77673 2.24741 0.0
3.20796 1.27441 0.0
3.7042 0.763219 0.0
4.36661 1.63995 0.0
4.09332 1.93986 0.0
3.47651 1.01317 0.0
3.9459 0.464348 0.0
4.65129 1.28765 0.0
4.39372 1.60826 0.0
3.73131 0.731531 0.0
4.172 0.14725 0.0
4.91759 0.913876 0.0
4.67674 1.25391 0.0
3.97135 0.430611 0.0
4.38163 -0.186822 0.0
5.16448 0.520104 0.0
4.94129 0.878224 0.0
4.19569 0.111598 0.0
4.57396 -0.53655 0.0
5.39098 0.107885 0.0
5.18632 0.482678 0.0
4.40347 -0.224248 0.0
4.74826 -0.900558 0.0
5.59622 -0.321157 0.0
5.41089 0.0688323 0.0
4.59388 -0.575603 0.0
4.90383 -1.27741 0.0
5.77938 -0.765332 0.0
5.61412 -0.361683 0.0
4.76616 -0.941084 0.0
5.04006 -1.66563 0.0
5.93977 -1.22289 0.0
5.7952 -0.807171 0.0
4.91964 -1.31925 0.0
5.15644 -2.06365 0.0
6.07673 -1.69202 0.0
5.95344 -1.26588 0.0
5.05374 -1.70861 0.0
5.25248 -2.46983 0.0
6.18974 -2.1708 0.0
6.08821 -1.73598 0.0
5.16792 -2.10761 0.0
5.3278 -2.88218 0.0
6.27833 -2.65703 0.0
6.19898 -2.21554 0.0
5.26172 -2.51457 0.0
5.38211 -3.29761 0.0
6.34215 -3.14745 0.0
6.2853 -2.70228 0.0
5.33476 -2.92742 0.0
5.41549 -3.70935 0.0
6.3812 -3.63469 0.0
6.34684 -3.19268 0.0
5.3868 -3.34285 0.0
5.41796 -3.75318 0.0
5.42926 -4.09913 0.0
6.39689 -4.09735 0.0
6.38367 -3.67852 0.0
-6.49082 -3.67429 0.0
-7.45653 -3.59955 0.0
-7.47165 -4.09168 0.0
-6.50403 -4.09312 0.0
-6.45356 -3.18021 0.0
-7.41359 -3.02991 0.0
-7.45364 -3.54748 0.0
-6.48793 -3.62223 0.0
-6.39118 -2.68148 0.0
-7.34169 -2.45627 0.0
-7.40807 -2.97634 0.0
-6.44804 -3.12664 0.0
-6.30361 -2.18648 0.0
-7.24085 -1.88743 0.0
-7.33347 -2.40277 0.0
-6.38296 -2.62798 0.0
-6.19117 -1.6988 0.0
-7.11144 -1.32717 0.0
-7.22994 -1.83457 0.0
-6.2927 -2.13363 0.0
-6.05432 -1.22074 0.0
-6.954 -0.77801 0.0
-7.09788 -1.27524 0.0
-6.17761 -1.64688 0.0
-5.8936 -0.75425 0.0
-6.76914 -0.24218 0.0
-6.93784 -0.727239 0.0
-6.03816 -1.16997 0.0
-5.70964 -0.301187 0.0
-6.55758 0.2782 0.0
-6.75045 -0.192767 0.0
-5.87491 -0.704836 0.0
-5.50317 0.136664 0.0
-6.32017 0.781081 0.0
-6.53644 0.326062 0.0
-5.6885 -0.253325 0.0
-5.275 0.557577 0.0
-6.05782 1.26448 0.0
-6.29665 0.827202 0.0
-5.47965 0.182784 0.0
-5.026 0.959895 0.0
-5.77157 1.7265 0.0
-6.03202 1.30868 0.0
-5.24919 0.601775 0.0
-4.75716 1.34203 0.0
-5.46252 2.1653 0.0
-5.74358 1.7686 0.0
-4.99801 1.002 0.0
-4.46953 1.70248 0.0
-5.13191 2.57917 0.0
-5.43246 2.20514 0.0
-4.7271 1.38187 0.0
-4.16422 2.03981 0.0
-4.78101 2.96647 0.0
-5.09989 2.61659 0.0
-4.43751 1.7399 0.0
-3.84244 2.3527 0.0
-4.41119 3.32566 0.0
-4.74716 3.00132 0.0
-4.13038 2.07466 0.0
-3.50545 2.63989 0.0
-4.02392 3.65531 0.0
-4.37565 3.3578 0.0
-3.8069 2.38484 0.0
-3.15455 2.90024 0.0
-3.62071 3.95412 0.0
-3.98682 3.68462 0.0
-3.46834 2.6692 0.0
-2.79114 3.13271 0.0
-3.20313 4.22089 0.0
-3.58219 3.98048 0.0
-3.11604 2.9266 0.0
-2.41664 3.33637 0.0
-2.77284 4.45455 0.0
-3.16335 4.24419 0.0
-2.75136 3.15601 0.0
-2.03252 3.51039 0.0
-2.33153 4.65417 0.0
-2.73196 4.47471 0.0
-2.37575 3.35652 0.0
-1.6403 3.65407 0.0
-1.88094 4.81893 0.0
-2.2897 4.67109 0.0
-1.99069 3.52731 0.0
-1.24155 3.76683 0.0
-1.42286 4.94817 0.0
-1.83833 4.83255 0.0
-1.5977 3.66769 0.0
-0.837837 3.8482 0.0
-0.959112 5.04135 0.0
-1.37965 4.95843 0.0
-1.19833 3.7771 0.0
-0.43078 3.89785 0.0
-0.491537 5.09811 0.0
-0.91546 5.04822 0.0
-0.794186 3.85507 0.0
-0.0220012 3.91557 0.0
-0.0220012 5.1182 0.0
-0.447623 5.10155 0.0
-0.386865 3.90129 0.0
0.386865 3.90129 0.0
0.447623 5.10155 0.0
0.0220012 5.1182 0.0
0.0220012 3.91557 0.0
0.794186 3.85507 0.0
0.91546 5.04822 0.0
0.491537 5.09811 0.0
0.43078 3.89785 0.0
1.19833 3.7771 0.0
1.37965 4.95843 0.0
0.959112 5.04135 0.0
0.837837 3.8482 0.0
1.5977 3.66769 0.0
1.83833 4.83255 0.0
1.42286 4.94817 0.0
1.24155 3.76683 0.0
1.99069 3.52731 0.0
2.2897 4.67109 0.0
1.88094 4.81893 0.0
1.6403 3.65407 0.0
2.37575 3.35652 0.0
2.73196 4.47471 0.0
2.33153 4.65417 0.0
2.03252 3.51039 0.0
2.75136 3.15601 0.0
3.16335 4.24419 0.0
2.77284 4.45455 0.0
2.41664 3.33637 0.0
3.11604 2.9266 0.0
3.58219 3.98048 0.0
3.20313 4.22089 0.0
2.79114 3.13271 0.0
3.46834 2.6692 0.0
3.98682 3.68462 0.0
3.62071 3.95412 0.0
3.15455 2.90024 0.0
3.8069 2.38484 0.0
4.37565 3.3578 0.0
4.02392 3.65531 0.0
3.50545 2.63989 0.0
4.13038 2.07466 0.0
4.74716 3.00132 0.0
4.41119 3.32566 0.0
3.84244 2.3527 0.0
4.43751 1.7399 0.0
5.09989 2.61659 0.0
4.78101 2.96647 0.0
4.16422 2.03981 0.0
4.7271 1.38187 0.0
5.43246 2.20514 0.0
5.13191 2.57917 0.0
4.46953 1.70248 0.0
4.99801 1.002 0.0
5.74358 1.7686 0.0
5.46252 2.1653 0.0
4.75716 1.34203 0.0
5.24919 0.601775 0.0
6.03202 1.30868 0.0
5.77157 1.7265 0.0
5.026 0.959895 0.0
5.47965 0.182784 0.0
6.29665 0.827202 0.0
6.05782 1.26448 0.0
5.275 0.557577 0.0
5.6885 -0.253325 0.0
6.53644 0.326062 0.0
6.32017 0.781081 0.0
5.50317 0.136664 0.0
5.87491 -0.704836 0.0
6.75045 -0.192767 0.0
6.55758 0.2782 0.0
5.70964 -0.301187 0.0
6.03816 -1.16997 0.0
6.93784 -0.727239 0.0
6.76914 -0.24218 0.0
5.8936 -0.75425 0.0
6.17761 -1.64688 0.0
7.09788 -1.27524 0.0
6.954 -0.77801 0.0
6.05432 -1.22074 0.0
6.2927 -2.13363 0.0
7.22994 -1.83457 0.0
7.11144 -1.32717 0.0
6.19117 -1.6988 0.0
6.38296 -2.62798 0.0
7.33347 -2.40277 0.0
7.24085 -1.88743 0.0
6.30361 -2.18648 0.0
6.44804 -3.12664 0.0
7.40807 -2.97634 0.0
7.34169 -2.45627 0.0
6.39118 -2.68148 0.0
6.48793 -3.62223 0.0
7.45364 -3.54748 0.0
7.41359 -3.02991 0.0
6.45356 -3.18021 0.0
6.49082 -3.67429 0.0
6.50403 -4.09312 0.0
7.47165 -4.09168 0.0
7.45653 -3.59955 0.0
-7.56373 -3.59533 0.0
-8.5293 -3.52051 0.0
-8.54632 -4.08628 0.0
-7.57885 -4.08746 0.0
-7.52037 -3.01743 0.0
-8.48024 -2.86706 0.0
-8.52599 -3.46018 0.0
-7.56042 -3.535 0.0
-7.44764 -2.43544 0.0
-8.39798 -2.21022 0.0
-8.47388 -2.80514 0.0
-7.51401 -2.95551 0.0
-7.34553 -1.85836 0.0
-8.2826 -1.55934 0.0
-8.3885 -2.14848 0.0
-7.43815 -2.3737 0.0
-7.21445 -1.28998 0.0
-8.13454 -0.918408 0.0
-8.27001 -1.49837 0.0
-7.33294 -1.79738 0.0
-7.05492 -0.73285 0.0
-7.95441 -0.290215 0.0
-8.1189 -0.858517 0.0
-7.19881 -1.23008 0.0
-6.86758 -0.189233 0.0
-7.74291 0.322716 0.0
-7.93577 -0.231657 0.0
-7.03628 -0.674292 0.0
-6.65316 0.338725 0.0
-7.50088 0.917963 0.0
-7.72135 0.379707 0.0
-6.84602 -0.132242 0.0
-6.41249 0.848944 0.0
-7.22926 1.49318 0.0
-7.47648 0.973163 0.0
-6.62876 0.393925 0.0
-6.14653 1.33941 0.0
-6.92912 2.04611 0.0
-7.20213 1.54637 0.0
-6.38536 0.902135 0.0
-5.85632 1.8082 0.0
-6.60164 2.57456 0.0
-6.89936 2.09708 0.0
-6.11677 1.39039 0.0
-5.54298 2.25346 0.0
-6.2481 3.07645 0.0
-6.56936 2.62311 0.0
-5.82403 1.85676 0.0
-5.20775 2.67344 0.0
-5.86989 3.54981 0.0
-6.21343 3.1224 0.0
-5.50831 2.29941 0.0
-4.85193 3.06647 0.0
-5.46848 3.99276 0.0
-5.83296 3.59296 0.0
-5.17082 2.71659 0.0
-4.47693 3.43099 0.0
-5.04545 4.40356 0.0
-5.42944 4.03295 0.0
-4.8129 3.10665 0.0
-4.08421 3.76556 0.0
-4.60246 4.78056 0.0
-5.00446 4.44062 0.0
-4.43593 3.46806 0.0
-3.6753 4.06886 0.0
-4.14125 5.12228 0.0
-4.55967 4.81436 0.0
-4.04141 3.79936 0.0
-3.25182 4.33966 0.0
-3.66363 5.42736 0.0
-4.09683 5.15268 0.0
-3.63088 4.09925 0.0
-2.81543 4.57689 0.0
-3.17147 5.69456 0.0
-3.61775 5.45422 0.0
-3.20595 4.36653 0.0
-2.36786 4.77959 0.0
-2.66672 5.92283 0.0
-3.12432 5.71779 0.0
-2.76828 4.60013 0.0
-1.91086 4.94694 0.0
-2.15138 6.11123 0.0
-2.61849 5.94233 0.0
-2.31962 4.7991 0.0
-1.44626 5.07826 0.0
-1.62748 6.25902 0.0
-2.10225 6.12693 0.0
-1.86173 4.96264 0.0
-0.975889 5.17301 0.0
-1.0971 6.36558 0.0
-1.57765 6.27085 0.0
-1.39642 5.09009 0.0
-0.50163 5.23082 0.0
-0.562357 6.43049 0.0
-1.04677 6.37349 0.0
-0.925553 5.18093 0.0
-0.0253699 5.25144 0.0
-0.0253699 6.45348 0.0
-0.511718 6.43445 0.0
-0.450991 5.23478 0.0
0.450991 5.23478 0.0
0.511718 6.43445 0.0
0.0253699 6.45348 0.0
0.0253699 5.25144 0.0
0.925553 5.18093 0.0
1.04677 6.37349 0.0
0.562357 6.43049 0.0
0.50163 5.23082 0.0
1.39642 5.09009 0.0
1.57765 6.27085 0.0
1.0971 6.36558 0.0
0.975889 5.17301 0.0
1.86173 4.96264 0.0
2.10225 6.12693 0.0
1.62748 6.25902 0.0
1.44626 5.07826 0.0
2.31962 4.7991 0.0
2.61849 5.94233 0.0
2.15138 6.11123 0.0
1.91086 4.94694 0.0
2.76828 4.60013 0.0
3.12432 5.71779 0.0
2.66672 5.92283 0.0
2.36786 4.77959 0.0
3.20595 4.36653 0.0
3.61775 5.45422 0.0
3.17147 5.69456 0.0
2.81543 4.57689 0.0
3.63088 4.09925 0.0
4.09683 5.15268 0.0
3.66363 5.42736 0.0
3.25182 4.33966 0.0
4.04141 3.79936 0.0
4.55967 4.81436 0.0
4.14125 5.12228 0.0
3.6753 4.06886 0.0
4.43593 3.46806 0.0
5.00446 4.44062 0.0
4.60246 4.78056 0.0
4.08421 3.76556 0.0
4.8129 3.10665 0.0
5.42944 4.03295 0.0
5.04545 4.40356 0.0
4.47693 3.43099 0.0
5.17082 2.71659 0.0
5.83296 3.59296 0.0
5.46848 3.99276 0.0
4.85193 3.06647 0.0
5.50831 2.29941 0.0
6.21343 3.1224 0.0
5.86989 3.54981 0.0
5.20775 2.67344 0.0
5.82403 1.85676 0.0
6.56936 2.62311 0.0
6.2481 3.07645 0.0
5.54298 2.25346 0.0
6.11677 1.39039 0.0
6.89936 2.09708 0.0
6.60164 2.57456 0.0
5.85632 1.8082 0.0
6.38536 0.902135 0.0
7.20213 1.54637 0.0
6.92912 2.04611 0.0
6.14653 1.33941 0.0
6.62876 0.393925 0.0
7.47648 0.973163 0.0
7.22926 1.49318 0.0
6.41249 0.848944 0.0
6.84602 -0.132242 0.0
7.72135 0.379707 0.0
7.50088 0.917963 0.0
6.65316 0.338725 0.0
7.03628 -0.674292 0.0
7.93577 -0.231657 0.0
7.74291 0.322716 0.0
6.86758 -0.189233 0.0
7.19881 -1.23008 0.0
8.1189 -0.858517 0.0
7.95441 -0.290215 0.0
7.05492 -0.73285 0.0
7.33294 -1.79738 0.0
8.27001 -1.49837 0.0
8.13454 -0.918408 0.0
7.21445 -1.28998 0.0
7.43815 -2.3737 0.0
8.3885 -2.14848 0.0
8.2826 -1.55934 0.0
7.34553 -1.85836 0.0
7.51401 -2.95551 0.0
8.47388 -2.80514 0.0
8.39798 -2.21022 0.0
7.44764 -2.43544 0.0
7.56042 -3.535 0.0
8.52599 -3.46018 0.0
8.48024 -2.86706 0.0
7.52037 -3.01743 0.0
7.56373 -3.59533 0.0
7.57885 -4.08746 0.0
8.54632 -4.08628 0.0
8.5293 -3.52051 0.0
-8.63647 -3.5163 0.0
-9.60081 -3.4415 0.0
-9.61975 -4.08111 0.0
-8.6535 -4.08207 0.0
-8.58699 -2.85457 0.0
-9.54558 -2.70433 0.0
-9.59708 -3.37289 0.0
-8.63274 -3.44769 0.0
-8.50389 -2.18939 0.0
-9.4529 -1.96447 0.0
-9.53838 -2.63408 0.0
-8.57978 -2.78432 0.0
-8.38724 -1.53028 0.0
-9.32289 -1.23171 0.0
-9.44215 -1.89449 0.0
-8.49314 -2.11941 0.0
-8.2375 -0.881234 0.0
-9.15608 -0.510279 0.0
-9.30862 -1.16263 0.0
-8.37297 -1.46119 0.0
-8.05528 -0.245083 0.0
-8.95315 0.196754 0.0
-9.13835 -0.44243 0.0
-8.21977 -0.813384 0.0
-7.84129 0.375626 0.0
-8.7149 0.886564 0.0
-8.93202 0.263089 0.0
-8.03415 -0.178747 0.0
-7.59638 0.978439 0.0
-8.44228 1.55643 0.0
-8.69046 0.951122 0.0
-7.81685 0.440183 0.0
-7.3215 1.56098 0.0
-8.13636 2.20371 0.0
-8.41463 1.61895 0.0
-7.56873 1.04096 0.0
-7.01775 2.12096 0.0
-7.79835 2.82586 0.0
-8.10561 2.26395 0.0
-7.29075 1.62123 0.0
-6.6863 2.65617 0.0
-7.42959 3.42043 0.0
-7.76462 2.88359 0.0
-6.98401 2.17869 0.0
-6.32846 3.1645 0.0
-7.03152 3.98508 0.0
-7.393 3.47541 0.0
-6.64972 2.71116 0.0
-5.94563 3.64395 0.0
-6.6057 4.51758 0.0
-6.99223 4.0371 0.0
-6.28917 3.21653 0.0
-5.53931 4.09261 0.0
-6.15382 5.01585 0.0
-6.56386 4.56645 0.0
-5.90379 3.69281 0.0
-5.11109 4.50873 0.0
-5.67764 5.47791 0.0
-6.10959 5.06136 0.0
-5.49508 4.13812 0.0
-4.66265 4.89064 0.0
-5.17902 5.90195 0.0
-5.63119 5.51988 0.0
-5.06464 4.5507 0.0
-4.19575 5.23682 0.0
-4.65994 6.28627 0.0
-5.13055 5.94021 0.0
-4.61417 4.9289 0.0
-3.71223 5.54591 0.0
-4.12243 6.62936 0.0
-4.60962 6.32068 0.0
-4.14543 5.27123 0.0
-3.21399 5.81667 0.0
-3.56859 6.92984 0.0
-4.07046 6.65977 0.0
-3.66027 5.57633 0.0
-2.70298 6.048 0.0
-3.00062 7.18653 0.0
-3.51519 6.95615 0.0
-3.16058 5.84297 0.0
-2.18124 6.23898 0.0
-2.42075 7.39839 0.0
-2.94599 7.20861 0.0
-2.64835 6.07009 0.0
-1.65083 6.38884 0.0
-1.83128 7.56457 0.0
-2.36511 7.41616 0.0
-2.1256 6.25676 0.0
-1.11385 6.49697 0.0
-1.23454 7.6844 0.0
-1.77484 7.57796 0.0
-1.59439 6.40223 0.0
-0.572429 6.56292 0.0
-0.632892 7.75739 0.0
-1.17753 7.69336 0.0
-1.05684 6.50592 0.0
-0.0287317 6.58643 0.0
-0.0287317 7.78325 0.0
-0.575543 7.76188 0.0
-0.51508 6.56741 0.0
0.51508 6.56741 0.0
0.575543 7.76188 0.0
0.0287317 7.78325 0.0
0.0287317 6.58643 0.0
1.05684 6.50592 0.0
1.17753 7.69336 0.0
0.632892 7.75739 0.0
0.572429 6.56292 0.0
1.59439 6.40223 0.0
1.77484 7.57796 0.0
1.23454 7.6844 0.0
1.11385 6.49697 0.0
2.1256 6.25676 0.0
2.36511 7.41616 0.0
1.83128 7.56457 0.0
1.65083 6.38884 0.0
2.64835 6.07009 0.0
2.94599 7.20861 0.0
2.42075 7.39839 0.0
2.18124 6.23898 0.0
3.16058 5.84297 0.0
3.51519 6.95615 0.0
3.00062 7.18653 0.0
2.70298 6.048 0.0
3.66027 5.57633 0.0
4.07046 6.65977 0.0
3.56859 6.92984 0.0
3.21399 5.81667 0.0
4.14543 5.27123 0.0
4.60962 6.32068 0.0
4.12243 6.62936 0.0
3.71223 5.54591 0.0
4.61417 4.9289 0.0
5.13055 5.94021 0.0
4.65994 6.28627 0.0
4.19575 5.23682 0.0
5.06464 4.5507 0.0
5.63119 5.51988 0.0
5.17902 5.90195 0.0
4.66265 4.89064 0.0
5.49508 4.13812 0.0
6.10959 5.06136 0.0
5.67764 5.47791 0.0
5.11109 4.50873 0.0
5.90379 3.69281 0.0
6.56386 4.56645 0.0
6.15382 5.01585 0.0
5.53931 4.09261 0.0
6.28917 3.21653 0.0
6.99223 4.0371 0.0
6.6057 4.51758 0.0
5.94563 3.64395 0.0
6.64972 2.71116 0.0
7.393 3.47541 0.0
7.03152 3.98508 0.0
6.32846 3.1645 0.0
6.98401 2.17869 0.0
7.76462 2.88359 0.0
7.42959 3.42043 0.0
6.6863 2.65617 0.0
7.29075 1.62123 0.0
8.10561 2.26395 0.0
7.79835 2.82586 0.0
7.01775 2.12096 0.0
7.56873 1.04096 0.0
8.41463 1.61895 0.0
8.13636 2.20371 0.0
7.3215 1.56098 0.0
7.81685 0.440183 0.0
8.69046 0.951122 0.0
8.44228 1.55643 0.0
7.59638 0.978439 0.0
8.03415 -0.178747 0.0
8.93202 0.263089 0.0
8.7149 0.886564 0.0
7.84129 0.375626 0.0
8.21977 -0.813384 0.0
9.13835 -0.44243 0.0
8.95315 0.196754 0.0
8.05528 -0.245083 0.0
8.37297 -1.46119 0.0
9.30862 -1.16263 0.0
9.15608 -0.510279 0.0
8.2375 -0.881234 0.0
8.49314 -2.11941 0.0
9.44215 -1.89449 0.0
9.32289 -1.23171 0.0
8.38724 -1.53028 0.0
8.57978 -2.78432 0.0
9.53838 -2.63408 0.0
9.4529 -1.96447 0.0
8.50389 -2.18939 0.0
8.63274 -3.44769 0.0
9.59708 -3.37289 0.0
9.54558 -2.70433 0.0
8.58699 -2.85457 0.0
8.63647 -3.5163 0.0
8.6535 -4.08207 0.0
9.61975 -4.08111 0.0
9.60081 -3.4415 0.0
-10.6628 -3.3632 0.0
-10.6837 -4.07626 0.0
-9.72638 -4.07693 0.0
-9.70743 -3.43733 0.0
-10.6011 -2.54309 0.0
-10.6586 -3.28634 0.0
-9.70327 -3.36047 0.0
-9.65177 -2.6919 0.0
-10.4974 -1.72116 0.0
-10.593 -2.46455 0.0
-9.6437 -2.61337 0.0
-9.55822 -1.94376 0.0
-10.3521 -0.907617 0.0
-10.4854 -1.643 0.0
-9.54616 -1.8656 0.0
-9.42691 -1.20283 0.0
-10.1657 -0.106958 0.0
-10.3361 -0.830493 0.0
-9.41091 -1.1257 0.0
-9.25837 -0.473356 0.0
-9.93914 0.677432 0.0
-10.1459 -0.0312327 0.0
-9.23849 -0.39763 0.0
-9.05329 0.241554 0.0
-9.67324 1.44241 0.0
-9.91547 0.751449 0.0
-9.02962 0.31557 0.0
-8.8125 0.939045 0.0
-9.36916 2.18496 0.0
-9.64587 1.51443 0.0
-8.78513 1.01106 0.0
-8.53695 1.61637 0.0
-9.02816 2.90215 0.0
-9.33821 2.25469 0.0
-8.50599 1.68609 0.0
-8.22772 2.27085 0.0
-8.65163 3.59119 0.0
-8.99375 2.96932 0.0
-8.19331 2.33802 0.0
-7.88606 2.89992 0.0
-8.2411 4.24939 0.0
-8.6139 3.65554 0.0
-7.84832 2.96427 0.0
-7.51329 3.5011 0.0
-7.79822 4.8742 0.0
-8.2002 4.31067 0.0
-7.47238 3.56237 0.0
-7.1109 4.07204 0.0
-7.32476 5.46319 0.0
-7.75431 4.93216 0.0
-7.06698 4.12999 0.0
-6.68046 4.61047 0.0
-6.82259 6.01408 0.0
-7.27801 5.5176 0.0
-6.6337 4.66489 0.0
-6.22366 5.11429 0.0
-6.29371 6.52475 0.0
-6.77319 6.06475 0.0
-6.17426 5.16496 0.0
-5.74231 5.58152 0.0
-5.74019 6.99323 0.0
-6.24185 6.57147 0.0
-5.69045 5.62823 0.0
-5.23828 6.0103 0.0
-5.1642 7.4177 0.0
-5.68608 7.03581 0.0
-5.18417 6.05288 0.0
-4.71356 6.39894 0.0
-4.568 7.79652 0.0
-5.10805 7.45599 0.0
-4.65741 6.43722 0.0
-4.17021 6.7459 0.0
-3.95391 8.12822 0.0
-4.51002 7.83036 0.0
-4.11224 6.77974 0.0
-3.61037 7.04981 0.0
-3.32434 8.41151 0.0
-3.89434 8.15748 0.0
-3.5508 7.07907 0.0
-3.03623 7.30945 0.0
-2.68175 8.64529 0.0
-3.26342 8.43607 0.0
-2.9753 7.33401 0.0
-2.45007 7.52379 0.0
-2.02866 8.82863 0.0
-2.61971 8.66505 0.0
-2.38802 7.54355 0.0
-1.85419 7.69196 0.0
-1.36761 8.96083 0.0
-1.96573 8.84353 0.0
-1.79127 7.70685 0.0
-1.25097 7.81328 0.0
-0.701193 9.04136 0.0
-1.30405 8.97079 0.0
-1.18741 7.82324 0.0
-0.642773 7.88728 0.0
-0.0320291 9.06991 0.0
-0.637261 9.04635 0.0
-0.578841 7.89227 0.0
-0.0320291 7.91364 0.0
0.637261 9.04635 0.0
0.0320291 9.06991 0.0
0.0320291 7.91364 0.0
0.578841 7.89227 0.0
1.30405 8.97079 0.0
0.701193 9.04136 0.0
0.642773 7.88728 0.0
1.18741 7.82324 0.0
1.96573 8.84353 0.0
1.36761 8.96083 0.0
1.25097 7.81328 0.0
1.79127 7.70685 0.0
2.61971 8.66505 0.0
2.02866 8.82863 0.0
1.85419 7.69196 0.0
2.38802 7.54355 0.0
3.26342 8.43607 0.0
2.68175 8.64529 0.0
2.45007 7.52379 0.0
2.9753 7.33401 0.0
3.89434 8.15748 0.0
3.32434 8.41151 0.0
3.03623 7.30945 0.0
3.5508 7.07907 0.0
4.51002 7.83036 0.0
3.95391 8.12822 0.0
3.61037 7.04981 0.0
4.11224 6.77974 0.0
5.10805 7.45599 0.0
4.568 7.79652 0.0
4.17021 6.7459 0.0
4.65741 6.43722 0.0
5.68608 7.03581 0.0
5.1642 7.4177 0.0
4.71356 6.39894 0.0
5.18417 6.05288 0.0
6.24185 6.57147 0.0
5.74019 6.99323 0.0
5.23828 6.0103 0.0
5.69045 5.62823 0.0
6.77319 6.06475 0.0
6.29371 6.52475 0.0
5.74231 5.58152 0.0
6.17426 5.16496 0.0
7.27801 5.5176 0.0
6.82259 6.01408 0.0
6.22366 5.11429 0.0
6.6337 4.66489 0.0
7.75431 4.93216 0.0
7.32476 5.46319 0.0
6.68046 4.61047 0.0
7.06698 4.12999 0.0
8.2002 4.31067 0.0
7.79822 4.8742 0.0
7.1109 4.07204 0.0
7.47238 3.56237 0.0
8.6139 3.65554 0.0
8.2411 4.24939 0.0
7.51329 3.5011 0.0
7.84832 2.96427 0.0
8.99375 2.96932 0.0
8.65163 3.59119 0.0
7.88606 2.89992 0.0
8.19331 2.33802 0.0
9.33821 2.25469 0.0
9.02816 2.90215 0.0
8.22772 2.27085 0.0
8.50599 1.68609 0.0
9.64587 1.51443 0.0
9.36916 2.18496 0.0
8.53695 1.61637 0.0
8.78513 1.01106 0.0
9.91547 0.751449 0.0
9.67324 1.44241 0.0
8.8125 0.939045 0.0
9.02962 0.31557 0.0
10.1459 -0.0312327 0.0
9.93914 0.677432 0.0
9.05329 0.241554 0.0
9.23849 -0.39763 0.0
10.3361 -0.830493 0.0
10.1657 -0.106958 0.0
9.25837 -0.473356 0.0
9.41091 -1.1257 0.0
10.4854 -1.643 0.0
10.3521 -0.907617 0.0
9.42691 -1.20283 0.0
9.54616 -1.8656 0.0
10.593 -2.46455 0.0
10.4974 -1.72116 0.0
9.55822 -1.94376 0.0
9.6437 -2.61337 0.0
10.6586 -3.28634 0.0
10.6011 -2.54309 0.0
9.65177 -2.6919 0.0
9.70327 -3.36047 0.0
9.70743 -3.43733 0.0
9.72638 -4.07693 0.0
10.6837 -4.07626 0.0
10.6628 -3.3632 0.0
</DataArray>
</Points>
<Cells>
<DataArray type="Int32" Name="connectivity" format="ascii">
0 1 562 561 1 52 563 562 52 51 564 563 51 0 561 564 2 53 566 565 53 52 567 566 52 1 568 567 1 2 565 568 3 54 570 569 54 53 571 570 53 2 572 571 2 3 569 572 4 55 574 573 55 54 575 574 54 3 576 575 3 4 573 576 5 56 578 577 56 55 579 578 55 4 580 579 4 5 577 580 6 57 582 581 57 56 583 582 56 5 584 583 5 6 581 584 7 58 586 585 58 57 587 586 57 6 588 587 6 7 585 588 8 59 590 589 59 58 591 590 58 7 592 591 7 8 589 592 9 60 594 593 60 59 595 594 59 8 596 595 8 9 593 596 10 61 598 597 61 60 599 598 60 9 600 599 9 10 597 600 11 62 602 601 62 61 603 602 61 10 604 603 10 11 601 604 12 63 606 605 63 62 607 606 62 11 608 607 11 12 605 608 13 64 610 609 64 63 611 610 63 12 612 611 12 13 609 612 14 65 614 613 65 64 615 614 64 13 616 615 13 14 613 616 15 66 618 617 66 65 619 618 65 14 620 619 14 15 617 620 16 67 622 621 67 66 623 622 66 15 624 623 15 16 621 624 17 68 626 625 68 67 627 626 67 16 628 627 16 17 625 628 18 69 630 629 69 68 631 630 68 17 632 631 17 18 629 632 19 70 634 633 70 69 635 634 69 18 636 635 18 19 633 636 20 71 638 637 71 70 639 638 70 19 640 639 19 20 637 640 21 72 642 641 72 71 643 642 71 20 644 643 20 21 641 644 22 73 646 645 73 72 647 646 72 21 648 647 21 22 645 648 23 74 650 649 74 73 651 650 73 22 652 651 22 23 649 652 24 75 654 653 75 74 655 654 74 23 656 655 23 24 653 656 25 76 658 657 76 75 659 658 75 24 660 659 24 25 657 660 26 77 662 661 77 76 663 662 76 25 664 663 25 26 661 664 27 78 666 665 78 77 667 666 77 26 668 667 26 27 665 668 28 79 670 669 79 78 671 670 78 27 672 671 27 28 669 672 29 80 674 673 80 79 675 674 79 28 676 675 28 29 673 676 30 81 678 677 81 80 679 678 80 29 680 679 29 30 677 680 31 82 682 681 82 81 683 682 81 30 684 683 30 31 681 684 32 83 686 685 83 82 687 686 82 31 688 687 31 32 685 688 33 84 690 689 84 83 691 690 83 32 692 691 32 33 689 692 34 85 694 693 85 84 695 694 84 33 696 695 33 34 693 696 35 86 698 697 86 85 699 698 85 34 700 699 34 35 697 700 36 87 702 701 87 86 703 702 86 35 704 703 35 36 701 704 37 88 706 705 88 87 707 706 87 36 708 707 36 37 705 708 38 89 710 709 89 88 711 710 88 37 712 711 37 38 709 712 39 90 714 713 90 89 715 714 89 38 716 715 38 39 713 716 40 91 718 717 91 90 719 718 90 39 720 719 39 40 717 720 41 92 722 721 92 91 723 722 91 40 724 723 40 41 721 724 42 93 726 725 93 92 727 726 92 41 728 727 41 42 725 728 43 94 730 729 94 93 731 730 93 42 732 731 42 43 729 732 44 95 734 733 95 94 735 734 94 43 736 735 43 44 733 736 45 96 738 737 96 95 739 738 95 44 740 739 44 45 737 740 46 97 742 741 97 96 743 742 96 45 744 743 45 46 741 744 47 98 746 745 98 97 747 746 97 46 748 747 46 47 745 748 48 99 750 749 99 98 751 750 98 47 752 751 47 48 749 752 49 100 754 753 100 99 755 754 99 48 756 755 48 49 753 756 50 101 758 757 101 100 759 758 100 49 760 759 49 50 757 760 51 52 762 761 52 103 763 762 103 102 764 763 102 51 761 764 52 53 766 765 53 104 767 766 104 103 768 767 103 52 765 768 53 54 770 769 54 105 771 770 105 104 772 771 104 53 769 772 54 55 774 773 55 106 775 774 106 105 776 775 105 54 773 776 55 56 778 777 56 107 779 778 107 106 780 779 106 55 777 780 56 57 782 781 57 108 783 782 108 107 784 783 107 56 781 784 57 58 786 785 58 109 787 786 109 108 788 787 108 57 785 788 58 59 790 789 59 110 791 790 110 109 792 791 109 58 789 792 59 60 794 793 60 111 795 794 111 110 796 795 110 59 793 796 60 61 798 797 61 112 799 798 112 111 800 799 111 60 797 800 61 62 802 801 62 113 803 802 113 112 804 803 112 61 801 804 62 63 806 805 63 114 807 806 114 113 808 807 113 62 805 808 63 64 810 809 64 115 811 810 115 114 812 811 114 63 809 812 64 65 814 813 65 116 815 814 116 115 816 815 115 64 813 816 65 66 818 817 66 117 819 818 117 116 820 819 116 65 817 820 66 67 822 821 67 118 823 822 118 117 824 823 117 66 821 824 67 68 826 825 68 119 827 826 119 118 828 827 118 67 825 828 68 69 830 829 69 120 831 830 120 119 832 831 119 68 829 832 69 70 834 833 70 121 835 834 121 120 836 835 120 69 833 836 70 71 838 837 71 122 839 838 122 121 840 839 121 70 837 840 71 72 842 841 72 123 843 842 123 122 844 843 122 71 841 844 72 73 846 845 73 124 847 846 124 123 848 847 123 72 845 848 73 74 850 849 74 125 851 850 125 124 852 851 124 73 849 852 74 75 854 853 75 126 855 854 126 125 856 855 125 74 853 856 75 76 858 857 76 127 859 858 127 126 860 859 126 75 857 860 76 77 862 861 77 128 863 862 128 127 864 863 127 76 861 864 77 78 866 865 78 129 867 866 129 128 868 867 128 77 865 868 78 79 870 869 79 130 871 870 130 129 872 871 129 78 869 872 79 80 874 873 80 131 875 874 131 130 876 875 130 79 873 876 80 81 878 877 81 132 879 878 132 131 880 879 131 80 877 880 81 82 882 881 82 133 883 882 133 132 884 883 132 81 881 884 82 83 886 885 83 134 887 886 134 133 888 887 133 82 885 888 83 84 890 889 84 135 891 890 135 134 892 891 134 83 889 892 84 85 894 893 85 136 895 894 136 135 896 895 135 84 893 896 85 86 898 897 86 137 899 898 137 136 900 899 136 85 897 900 86 87 902 901 87 138 903 902 138 137 904 903 137 86 901 904 87 88 906 905 88 139 907 906 139 138 908 907 138 87 905 908 88 89 910 909 89 140 911 910 140 139 912 911 139 88 909 912 89 90 914 913 90 141 915 914 141 140 916 915 140 89 913 916 90 91 918 917 91 142 919 918 142 141 920 919 141 90 917 920 91 92 922 921 92 143 923 922 143 142 924 923 142 91 921 924 92 93 926 925 93 144 927 926 144 143 928 927 143 92 925 928 93 94 930 929 94 145 931 930 145 144 932 931 144 93 929 932 94 95 934 933 95 146 935 934 146 145 936 935 145 94 933 936 95 96 938 937 96 147 939 938 147 146 940 939 146 95 937 940 96 97 942 941 97 148 943 942 148 147 944 943 147 96 941 944 97 98 946 945 98 149 947 946 149 148 948 947 148 97 945 948 98 99 950 949 99 150 951 950 150 149 952 951 149 98 949 952 99 100 954 953 100 151 955 954 151 150 956 955 150 99 953 956 100 101 958 957 101 152 959 958 152 151 960 959 151 100 957 960 103 154 962 961 154 153 963 962 153 102 964 963 102 103 961 964 104 155 966 965 155 154 967 966 154 103 968 967 103 104 965 968 105 156 970 969 156 155 971 970 155 104 972 971 104 105 969 972 106 157 974 973 157 156 975 974 156 105 976 975 105 106 973 976 107 158 978 977 158 157 979 978 157 106 980 979 106 107 977 980 108 159 982 981 159 158 983 982 158 107 984 983 107 108 981 984 109 160 986 985 160 159 987 986 159 108 988 987 108 109 985 988 110 161 990 989 161 160 991 990 160 109 992 991 109 110 989 992 111 162 994 993 162 161 995 994 161 110 996 995 110 111 993 996 112 163 998 997 163 162 999 998 162 111 1000 999 111 112 997 1000 113 164 1002 1001 164 163 1003 1002 163 112 1004 1003 112 113 1001 1004 114 165 1006 1005 165 164 1007 1006 164 113 1008 1007 113 114 1005 1008 115 166 1010 1009 166 165 1011 1010 165 114 1012 1011 114 115 1009 1012 116 167 1014 1013 167 166 1015 1014 166 115 1016 1015 115 116 1013 1016 117 168 1018 1017 168 167 1019 1018 167 116 1020 1019 116 117 1017 1020 118 169 1022 1021 169 168 1023 1022 168 117 1024 1023 117 118 1021 1024 119 170 1026 1025 170 169 1027 1026 169 118 1028 1027 118 119 1025 1028 120 171 1030 1029 171 170 1031 1030 170 119 1032 1031 119 120 1029 1032 121 172 1034 1033 172 171 1035 1034 171 120 1036 1035 120 121 1033 1036 122 173 1038 1037 173 172 1039 1038 172 121 1040 1039 121 122 1037 1040 123 174 1042 1041 174 173 1043 1042 173 122 1044 1043 122 123 1041 1044 124 175 1046 1045 175 174 1047 1046 174 123 1048 1047 123 124 1045 1048 125 176 1050 1049 176 175 1051 1050 175 124 1052 1051 124 125 1049 1052 126 177 1054 1053 177 176 1055 1054 176 125 1056 1055 125 126 1053 1056 127 178 1058 1057 178 177 1059 1058 177 126 1060 1059 126 127 1057 1060 128 179 1062 1061 179 178 1063 1062 178 127 1064 1063 127 128 1061 1064 129 180 1066 1065 180 179 1067 1066 179 128 1068 1067 128 129 1065 1068 130 181 1070 1069 181 180 1071 1070 180 129 1072 1071 129 130 1069 1072 131 182 1074 1073 182 181 1075 1074 181 130 1076 1075 130 131 1073 1076 132 183 1078 1077 183 182 1079 1078 182 131 1080 1079 131 132 1077 1080 133 184 1082 1081 184 183 1083 1082 183 132 1084 1083 132 133 1081 1084 134 185 1086 1085 185 184 1087 1086 184 133 1088 1087 133 134 1085 1088 135 186 1090 1089 186 185 1091 1090 185 134 1092 1091 134 135 1089 1092 136 187 1094 1093 187 186 1095 1094 186 135 1096 1095 135 136 1093 1096 137 188 1098 1097 188 187 1099 1098 187 136 1100 1099 136 137 1097 1100 138 189 1102 1101 189 188 1103 1102 188 137 1104 1103 137 138 1101 1104 139 190 1106 1105 190 189 1107 1106 189 138 1108 1107 138 139 1105 1108 140 191 1110 1109 191 190 1111 1110 190 139 1112 1111 139 140 1109 1112 141 192 1114 1113 192 191 1115 1114 191 140 1116 1115 140 141 1113 1116 142 193 1118 1117 193 192 1119 1118 192 141 1120 1119 141 142 1117 1120 143 194 1122 1121 194 193 1123 1122 193 142 1124 1123 142 143 1121 1124 144 195 1126 1125 195 194 1127 1126 194 143 1128 1127 143 144 1125 1128 145 196 1130 1129 196 195 1131 1130 195 144 1132 1131 144 145 1129 1132 146 197 1134 1133 197 196 1135 1134 196 145 1136 1135 145 146 1133 1136 147 198 1138 1137 198 197 1139 1138 197 146 1140 1139 146 147 1137 1140 148 199 1142 1141 199 198 1143 1142 198 147 1144 1143 147 148 1141 1144 149 200 1146 1145 200 199 1147 1146 199 148 1148 1147 148 149 1145 1148 150 201 1150 1149 201 200 1151 1150 200 149 1152 1151 149 150 1149 1152 151 202 1154 1153 202 201 1155 1154 201 150 1156 1155 150 151 1153 1156 151 152 1158 1157 152 203 1159 1158 203 202 1160 1159 202 151 1157 1160 154 205 1162 1161 205 204 1163 1162 204 153 1164 1163 153 154 1161 1164 155 206 1166 1165 206 205 1167 1166 205 154 1168 1167 154 155 1165 1168 156 207 1170 1169 207 206 1171 1170 206 155 1172 1171 155 156 1169 1172 157 208 1174 1173 208 207 1175 1174 207 156 1176 1175 156 157 1173 1176 158 209 1178 1177 209 208 1179 1178 208 157 1180 1179 157 158 1177 1180 159 210 1182 1181 210 209 1183 1182 209 158 1184 1183 158 159 1181 1184 160 211 1186 1185 211 210 1187 1186 210 159 1188 1187 159 160 1185 1188 161 212 1190 1189 212 211 1191 1190 211 160 1192 1191 160 161 1189 1192 162 213 1194 1193 213 212 1195 1194 212 161 1196 1195 161 162 1193 1196 163 214 1198 1197 214 213 1199 1198 213 162 1200 1199 162 163 1197 1200 164 215 1202 1201 215 214 1203 1202 214 163 1204 1203 163 164 1201 1204 165 216 1206 1205 216 215 1207 1206 215 164 1208 1207 164 165 1205 1208 166 217 1210 1209 217 216 1211 1210 216 165 1212 1211 165 166 1209 1212 167 218 1214 1213 218 217 1215 1214 217 166 1216 1215 166 167 1213 1216 168 219 1218 1217 219 218 1219 1218 218 167 1220 1219 167 168 1217 1220 169 220 1222 1221 220 219 1223 1222 219 168 1224 1223 168 169 1221 1224 170 221 1226 1225 221 220 1227 1226 220 169 1228 1227 169 170 1225 1228 171 222 1230 1229 222 221 1231 1230 221 170 1232 1231 170 171 1229 1232 172 223 1234 1233 223 222 1235 1234 222 171 1236 1235 171 172 1233 1236 173 224 1238 1237 224 223 1239 1238 223 172 1240 1239 172 173 1237 1240 174 225 1242 1241 225 224 1243 1242 224 173 1244 1243 173 174 1241 1244 175 226 1246 1245 226 225 1247 1246 225 174 1248 1247 174 175 1245 1248 176 227 1250 1249 227 226 1251 1250 226 175 1252 1251 175 176 1249 1252 177 228 1254 1253 228 227 1255 1254 227 176 1256 1255 176 177 1253 1256 178 229 1258 1257 229 228 1259 1258 228 177 1260 1259 177 178 1257 1260 179 230 1262 1261 230 229 1263 1262 229 178 1264 1263 178 179 1261 1264 180 231 1266 1265 231 230 1267 1266 230 179 1268 1267 179 180 1265 1268 181 232 1270 1269 232 231 1271 1270 231 180 1272 1271 180 181 1269 1272 182 233 1274 1273 233 232 1275 1274 232 181 1276 1275 181 182 1273 1276 183 234 1278 1277 234 233 1279 1278 233 182 1280 1279 182 183 1277 1280 184 235 1282 1281 235 234 1283 1282 234 183 1284 1283 183 184 1281 1284 185 236 1286 1285 236 235 1287 1286 235 184 1288 1287 184 185 1285 1288 186 237 1290 1289 237 236 1291 1290 236 185 1292 1291 185 186 1289 1292 187 238 1294 1293 238 237 1295 1294 237 186 1296 1295 186 187 1293 1296 188 239 1298 1297 239 238 1299 1298 238 187 1300 1299 187 188 1297 1300 189 240 1302 1301 240 239 1303 1302 239 188 1304 1303 188 189 1301 1304 190 241 1306 1305 241 240 1307 1306 240 189 1308 1307 189 190 1305 1308 191 242 1310 1309 242 241 1311 1310 241 190 1312 1311 190 191 1309 1312 192 243 1314 1313 243 242 1315 1314 242 191 1316 1315 191 192 1313 1316 193 244 1318 1317 244 243 1319 1318 243 192 1320 1319 192 193 1317 1320 194 245 1322 1321 245 244 1323 1322 244 193 1324 1323 193 194 1321 1324 195 246 1326 1325 246 245 1327 1326 245 194 1328 1327 194 195 1325 1328 196 247 1330 1329 247 246 1331 1330 246 195 1332 1331 195 196 1329 1332 197 248 1334 1333 248 247 1335 1334 247 196 1336 1335 196 197 1333 1336 198 249 1338 1337 249 248 1339 1338 248 197 1340 1339 197 198 1337 1340 199 250 1342 1341 250 249 1343 1342 249 198 1344 1343 198 199 1341 1344 200 251 1346 1345 251 250 1347 1346 250 199 1348 1347 199 200 1345 1348 201 252 1350 1349 252 251 1351 1350 251 200 1352 1351 200 201 1349 1352 202 253 1354 1353 253 252 1355 1354 252 201 1356 1355 201 202 1353 1356 202 203 1358 1357 203 254 1359 1358 254 253 1360 1359 253 202 1357 1360 205 256 1362 1361 256 255 1363 1362 255 204 1364 1363 204 205 1361 1364 206 257 1366 1365 257 256 1367 1366 256 205 1368 1367 205 206 1365 1368 207 258 1370 1369 258 257 1371 1370 257 206 1372 1371 206 207 1369 1372 208 259 1374 1373 259 258 1375 1374 258 207 1376 1375 207 208 1373 1376 209 260 1378 1377 260 259 1379 1378 259 208 1380 1379 208 209 1377 1380 210 261 1382 1381 261 260 1383 1382 260 209 1384 1383 209 210 1381 1384 211 262 1386 1385 262 261 1387 1386 261 210 1388 1387 210 211 1385 1388 212 263 1390 1389 263 262 1391 1390 262 211 1392 1391 211 212 1389 1392 213 264 1394 1393 264 263 1395 1394 263 212 1396 1395 212 213 1393 1396 214 265 1398 1397 265 264 1399 1398 264 213 1400 1399 213 214 1397 1400 215 266 1402 1401 266 265 1403 1402 265 214 1404 1403 214 215 1401 1404 216 267 1406 1405 267 266 1407 1406 266 215 1408 1407 215 216 1405 1408 217 268 1410 1409 268 267 1411 1410 267 216 1412 1411 216 217 1409 1412 218 269 1414 1413 269 268 1415 1414 268 217 1416 1415 217 218 1413 1416 219 270 1418 1417 270 269 1419 1418 269 218 1420 1419 218 219 1417 1420 220 271 1422 1421 271 270 1423 1422 270 219 1424 1423 219 220 1421 1424 221 272 1426 1425 272 271 1427 1426 271 220 1428 1427 220 221 1425 1428 222 273 1430 1429 273 272 1431 1430 272 221 1432 1431 221 222 1429 1432 223 274 1434 1433 274 273 1435 1434 273 222 1436 1435 222 223 1433 1436 224 275 1438 1437 275 274 1439 1438 274 223 1440 1439 223 224 1437 1440 225 276 1442 1441 276 275 1443 1442 275 224 1444 1443 224 225 1441 1444 226 277 1446 1445 277 276 1447 1446 276 225 1448 1447 225 226 1445 1448 227 278 1450 1449 278 277 1451 1450 277 226 1452 1451 226 227 1449 1452 228 279 1454 1453 279 278 1455 1454 278 227 1456 1455 227 228 1453 1456 229 280 1458 1457 280 279 1459 1458 279 228 1460 1459 228 229 1457 1460 230 281 1462 1461 281 280 1463 1462 280 229 1464 1463 229 230 1461 1464 231 282 1466 1465 282 281 1467 1466 281 230 1468 1467 230 231 1465 1468 232 283 1470 1469 283 282 1471 1470 282 231 1472 1471 231 232 1469 1472 233 284 1474 1473 284 283 1475 1474 283 232 1476 1475 232 233 1473 1476 234 285 1478 1477 285 284 1479 1478 284 233 1480 1479 233 234 1477 1480 235 286 1482 1481 286 285 1483 1482 285 234 1484 1483 234 235 1481 1484 236 287 1486 1485 287 286 1487 1486 286 235 1488 1487 235 236 1485 1488 237 288 1490 1489 288 287 1491 1490 287 236 1492 1491 236 237 1489 1492 238 289 1494 1493 289 288 1495 1494 288 237 1496 1495 237 238 1493 1496 239 290 1498 1497 290 289 1499 1498 289 238 1500 1499 238 239 1497 1500 240 291 1502 1501 291 290 1503 1502 290 239 1504 1503 239 240 1501 1504 241 292 1506 1505 292 291 1507 1506 291 240 1508 1507 240 241 1505 1508 242 293 1510 1509 293 292 1511 1510 292 241 1512 1511 241 242 1509 1512 243 294 1514 1513 294 293 1515 1514 293 242 1516 1515 242 243 1513 1516 244 295 1518 1517 295 294 1519 1518 294 243 1520 1519 243 244 1517 1520 245 296 1522 1521 296 295 1523 1522 295 244 1524 1523 244 245 1521 1524 246 297 1526 1525 297 296 1527 1526 296 245 1528 1527 245 246 1525 1528 247 298 1530 1529 298 297 1531 1530 297 246 1532 1531 246 247 1529 1532 248 299 1534 1533 299 298 1535 1534 298 247 1536 1535 247 248 1533 1536 249 300 1538 1537 300 299 1539 1538 299 248 1540 1539 248 249 1537 1540 250 301 1542 1541 301 300 1543 1542 300 249 1544 1543 249 250 1541 1544 251 302 1546 1545 302 301 1547 1546 301 250 1548 1547 250 251 1545 1548 252 303 1550 1549 303 302 1551 1550 302 251 1552 1551 251 252 1549 1552 253 304 1554 1553 304 303 1555 1554 303 252 1556 1555 252 253 1553 1556 253 254 1558 1557 254 305 1559 1558 305 304 1560 1559 304 253 1557 1560 256 307 1562 1561 307 306 1563 1562 306 255 1564 1563 255 256 1561 1564 257 308 1566 1565 308 307 1567 1566 307 256 1568 1567 256 257 1565 1568 258 309 1570 1569 309 308 1571 1570 308 257 1572 1571 257 258 1569 1572 259 310 1574 1573 310 309 1575 1574 309 258 1576 1575 258 259 1573 1576 260 311 1578 1577 311 310 1579 1578 310 259 1580 1579 259 260 1577 1580 261 312 1582 1581 312 311 1583 1582 311 260 1584 1583 260 261 1581 1584 262 313 1586 1585 313 312 1587 1586 312 261 1588 1587 261 262 1585 1588 263 314 1590 1589 314 313 1591 1590 313 262 1592 1591 262 263 1589 1592 264 315 1594 1593 315 314 1595 1594 314 263 1596 1595 263 264 1593 1596 265 316 1598 1597 316 315 1599 1598 315 264 1600 1599 264 265 1597 1600 266 317 1602 1601 317 316 1603 1602 316 265 1604 1603 265 266 1601 1604 267 318 1606 1605 318 317 1607 1606 317 266 1608 1607 266 267 1605 1608 268 319 1610 1609 319 318 1611 1610 318 267 1612 1611 267 268 1609 1612 269 320 1614 1613 320 319 1615 1614 319 268 1616 1615 268 269 1613 1616 270 321 1618 1617 321 320 1619 1618 320 269 1620 1619 269 270 1617 1620 271 322 1622 1621 322 321 1623 1622 321 270 1624 1623 270 271 1621 1624 272 323 1626 1625 323 322 1627 1626 322 271 1628 1627 271 272 1625 1628 273 324 1630 1629 324 323 1631 1630 323 272 1632 1631 272 273 1629 1632 274 325 1634 1633 325 324 1635 1634 324 273 1636 1635 273 274 1633 1636 275 326 1638 1637 326 325 1639 1638 325 274 1640 1639 274 275 1637 1640 276 327 1642 1641 327 326 1643 1642 326 275 1644 1643 275 276 1641 1644 277 328 1646 1645 328 327 1647 1646 327 276 1648 1647 276 277 1645 1648 278 329 1650 1649 329 328 1651 1650 328 277 1652 1651 277 278 1649 1652 279 330 1654 1653 330 329 1655 1654 329 278 1656 1655 278 279 1653 1656 280 331 1658 1657 331 330 1659 1658 330 279 1660 1659 279 280 1657 1660 281 332 1662 1661 332 331 1663 1662 331 280 1664 1663 280 281 1661 1664 282 333 1666 1665 333 332 1667 1666 332 281 1668 1667 281 282 1665 1668 283 334 1670 1669 334 333 1671 1670 333 282 1672 1671 282 283 1669 1672 284 335 1674 1673 335 334 1675 1674 334 283 1676 1675 283 284 1673 1676 285 336 1678 1677 336 335 1679 1678 335 284 1680 1679 284 285 1677 1680 286 337 1682 1681 337 336 1683 1682 336 285 1684 1683 285 286 1681 1684 287 338 1686 1685 338 337 1687 1686 337 286 1688 1687 286 287 1685 1688 288 339 1690 1689 339 338 1691 1690 338 287 1692 1691 287 288 1689 1692 289 340 1694 1693 340 339 1695 1694 339 288 1696 1695 288 289 1693 1696 290 341 1698 1697 341 340 1699 1698 340 289 1700 1699 289 290 1697 1700 291 342 1702 1701 342 341 1703 1702 341 290 1704 1703 290 291 1701 1704 292 343 1706 1705 343 342 1707 1706 342 291 1708 1707 291 292 1705 1708 293 344 1710 1709 344 343 1711 1710 343 292 1712 1711 292 293 1709 1712 294 345 1714 1713 345 344 1715 1714 344 293 1716 1715 293 294 1713 1716 295 346 1718 1717 346 345 1719 1718 345 294 1720 1719 294 295 1717 1720 296 347 1722 1721 347 346 1723 1722 346 295 1724 1723 295 296 1721 1724 297 348 1726 1725 348 347 1727 1726 347 296 1728 1727 296 297 1725 1728 298 349 1730 1729 349 348 1731 1730 348 297 1732 1731 297 298 1729 1732 299 350 1734 1733 350 349 1735 1734 349 298 1736 1735 298 299 1733 1736 300 351 1738 1737 351 350 1739 1738 350 299 1740 1739 299 300 1737 1740 301 352 1742 1741 352 351 1743 1742 351 300 1744 1743 300 301 1741 1744 302 353 1746 1745 353 352 1747 1746 352 301 1748 1747 301 302 1745 1748 303 354 1750 1749 354 353 1751 1750 353 302 1752 1751 302 303 1749 1752 304 355 1754 1753 355 354 1755 1754 354 303 1756 1755 303 304 1753 1756 304 305 1758 1757 305 356 1759 1758 356 355 1760 1759 355 304 1757 1760 307 358 1762 1761 358 357 1763 1762 357 306 1764 1763 306 307 1761 1764 308 359 1766 1765 359 358 1767 1766 358 307 1768 1767 307 308 1765 1768 309 360 1770 1769 360 359 1771 1770 359 308 1772 1771 308 309 1769 1772 310 361 1774 1773 361 360 1775 1774 360 309 1776 1775 309 310 1773 1776 311 362 1778 1777 362 361 1779 1778 361 310 1780 1779 310 311 1777 1780 312 363 1782 1781 363 362 1783 1782 362 311 1784 1783 311 312 1781 1784 313 364 1786 1785 364 363 1787 1786 363 312 1788 1787 312 313 1785 1788 314 365 1790 1789 365 364 1791 1790 364 313 1792 1791 313 314 1789 1792 315 366 1794 1793 366 365 1795 1794 365 314 1796 1795 314 315 1793 1796 316 367 1798 1797 367 366 1799 1798 366 315 1800 1799 315 316 1797 1800 317 368 1802 1801 368 367 1803 1802 367 316 1804 1803 316 317 1801 1804 318 369 1806 1805 369 368 1807 1806 368 317 1808 1807 317 318 1805 1808 319 370 1810 1809 370 369 1811 1810 369 318 1812 1811 318 319 1809 1812 320 371 1814 1813 371 370 1815 1814 370 319 1816 1815 319 320 1813 1816 321 372 1818 1817 372 371 1819 1818 371 320 1820 1819 320 321 1817 1820 322 373 1822 1821 373 372 1823 1822 372 321 1824 1823 321 322 1821 1824 323 374 1826 1825 374 373 1827 1826 373 322 1828 1827 322 323 1825 1828 324 375 1830 1829 375 374 1831 1830 374 323 1832 1831 323 324 1829 1832 325 376 1834 1833 376 375 1835 1834 375 324 1836 1835 324 325 1833 1836 326 377 1838 1837 377 376 1839 1838 376 325 1840 1839 325 326 1837 1840 327 378 1842 1841 378 377 1843 1842 377 326 1844 1843 326 327 1841 1844 328 379 1846 1845 379 378 1847 1846 378 327 1848 1847 327 328 1845 1848 329 380 1850 1849 380 379 1851 1850 379 328 1852 1851 328 329 1849 1852 330 381 1854 1853 381 380 1855 1854 380 329 1856 1855 329 330 1853 1856 331 382 1858 1857 382 381 1859 1858 381 330 1860 1859 330 331 1857 1860 332 383 1862 1861 383 382 1863 1862 382 331 1864 1863 331 332 1861 1864 333 384 1866 1865 384 383 1867 1866 383 332 1868 1867 332 333 1865 1868 334 385 1870 1869 385 384 1871 1870 384 333 1872 1871 333 334 1869 1872 335 386 1874 1873 386 385 1875 1874 385 334 1876 1875 334 335 1873 1876 336 387 1878 1877 387 386 1879 1878 386 335 1880 1879 335 336 1877 1880 337 388 1882 1881 388 387 1883 1882 387 336 1884 1883 336 337 1881 1884 338 389 1886 1885 389 388 1887 1886 388 337 1888 1887 337 338 1885 1888 339 390 1890 1889 390 389 1891 1890 389 338 1892 1891 338 339 1889 1892 340 391 1894 1893 391 390 1895 1894 390 339 1896 1895 339 340 1893 1896 341 392 1898 1897 392 391 1899 1898 391 340 1900 1899 340 341 1897 1900 342 393 1902 1901 393 392 1903 1902 392 341 1904 1903 341 342 1901 1904 343 394 1906 1905 394 393 1907 1906 393 342 1908 1907 342 343 1905 1908 344 395 1910 1909 395 394 1911 1910 394 343 1912 1911 343 344 1909 1912 345 396 1914 1913 396 395 1915 1914 395 344 1916 1915 344 345 1913 1916 346 397 1918 1917 397 396 1919 1918 396 345 1920 1919 345 346 1917 1920 347 398 1922 1921 398 397 1923 1922 397 346 1924 1923 346 347 1921 1924 348 399 1926 1925 399 398 1927 1926 398 347 1928 1927 347 348 1925 1928 349 400 1930 1929 400 399 1931 1930 399 348 1932 1931 348 349 1929 1932 350 401 1934 1933 401 400 1935 1934 400 349 1936 1935 349 350 1933 1936 351 402 1938 1937 402 401 1939 1938 401 350 1940 1939 350 351 1937 1940 352 403 1942 1941 403 402 1943 1942 402 351 1944 1943 351 352 1941 1944 353 404 1946 1945 404 403 1947 1946 403 352 1948 1947 352 353 1945 1948 354 405 1950 1949 405 404 1951 1950 404 353 1952 1951 353 354 1949 1952 355 406 1954 1953 406 405 1955 1954 405 354 1956 1955 354 355 1953 1956 355 356 1958 1957 356 407 1959 1958 407 406 1960 1959 406 355 1957 1960 358 409 1962 1961 409 408 1963 1962 408 357 1964 1963 357 358 1961 1964 359 410 1966 1965 410 409 1967 1966 409 358 1968 1967 358 359 1965 1968 360 411 1970 1969 411 410 1971 1970 410 359 1972 1971 359 360 1969 1972 361 412 1974 1973 412 411 1975 1974 411 360 1976 1975 360 361 1973 1976 362 413 1978 1977 413 412 1979 1978 412 361 1980 1979 361 362 1977 1980 363 414 1982 1981 414 413 1983 1982 413 362 1984 1983 362 363 1981 1984 364 415 1986 1985 415 414 1987 1986 414 363 1988 1987 363 364 1985 1988 365 416 1990 1989 416 415 1991 1990 415 364 1992 1991 364 365 1989 1992 366 417 1994 1993 417 416 1995 1994 416 365 1996 1995 365 366 1993 1996 367 418 1998 1997 418 417 1999 1998 417 366 2000 1999 366 367 1997 2000 368 419 2002 2001 419 418 2003 2002 418 367 2004 2003 367 368 2001 2004 369 420 2006 2005 420 419 2007 2006 419 368 2008 2007 368 369 2005 2008 370 421 2010 2009 421 420 2011 2010 420 369 2012 2011 369 370 2009 2012 371 422 2014 2013 422 421 2015 2014 421 370 2016 2015 370 371 2013 2016 372 423 2018 2017 423 422 2019 2018 422 371 2020 2019 371 372 2017 2020 373 424 2022 2021 424 423 2023 2022 423 372 2024 2023 372 373 2021 2024 374 425 2026 2025 425 424 2027 2026 424 373 2028 2027 373 374 2025 2028 375 426 2030 2029 426 425 2031 2030 425 374 2032 2031 374 375 2029 2032 376 427 2034 2033 427 426 2035 2034 426 375 2036 2035 375 376 2033 2036 377 428 2038 2037 428 427 2039 2038 427 376 2040 2039 376 377 2037 2040 378 429 2042 2041 429 428 2043 2042 428 377 2044 2043 377 378 2041 2044 379 430 2046 2045 430 429 2047 2046 429 378 2048 2047 378 379 2045 2048 380 431 2050 2049 431 430 2051 2050 430 379 2052 2051 379 380 2049 2052 381 432 2054 2053 432 431 2055 2054 431 380 2056 2055 380 381 2053 2056 382 433 2058 2057 433 432 2059 2058 432 381 2060 2059 381 382 2057 2060 383 434 2062 2061 434 433 2063 2062 433 382 2064 2063 382 383 2061 2064 384 435 2066 2065 435 434 2067 2066 434 383 2068 2067 383 384 2065 2068 385 436 2070 2069 436 435 2071 2070 435 384 2072 2071 384 385 2069 2072 386 437 2074 2073 437 436 2075 2074 436 385 2076 2075 385 386 2073 2076 387 438 2078 2077 438 437 2079 2078 437 386 2080 2079 386 387 2077 2080 388 439 2082 2081 439 438 2083 2082 438 387 2084 2083 387 388 2081 2084 389 440 2086 2085 440 439 2087 2086 439 388 2088 2087 388 389 2085 2088 390 441 2090 2089 441 440 2091 2090 440 389 2092 2091 389 390 2089 2092 391 442 2094 2093 442 441 2095 2094 441 390 2096 2095 390 391 2093 2096 392 443 2098 2097 443 442 2099 2098 442 391 2100 2099 391 392 2097 2100 393 444 2102 2101 444 443 2103 2102 443 392 2104 2103 392 393 2101 2104 394 445 2106 2105 445 444 2107 2106 444 393 2108 2107 393 394 2105 2108 395 446 2110 2109 446 445 2111 2110 445 394 2112 2111 394 395 2109 2112 396 447 2114 2113 447 446 2115 2114 446 395 2116 2115 395 396 2113 2116 397 448 2118 2117 448 447 2119 2118 447 396 2120 2119 396 397 2117 2120 398 449 2122 2121 449 448 2123 2122 448 397 2124 2123 397 398 2121 2124 399 450 2126 2125 450 449 2127 2126 449 398 2128 2127 398 399 2125 2128 400 451 2130 2129 451 450 2131 2130 450 399 2132 2131 399 400 2129 2132 401 452 2134 2133 452 451 2135 2134 451 400 2136 2135 400 401 2133 2136 402 453 2138 2137 453 452 2139 2138 452 401 2140 2139 401 402 2137 2140 403 454 2142 2141 454 453 2143 2142 453 402 2144 2143 402 403 2141 2144 404 455 2146 2145 455 454 2147 2146 454 403 2148 2147 403 404 2145 2148 405 456 2150 2149 456 455 2151 2150 455 404 2152 2151 404 405 2149 2152 406 457 2154 2153 457 456 2155 2154 456 405 2156 2155 405 406 2153 2156 406 407 2158 2157 407 458 2159 2158 458 457 2160 2159 457 406 2157 2160 409 460 2162 2161 460 459 2163 2162 459 408 2164 2163 408 409 2161 2164 410 461 2166 2165 461 460 2167 2166 460 409 2168 2167 409 410 2165 2168 411 462 2170 2169 462 461 2171 2170 461 410 2172 2171 410 411 2169 2172 412 463 2174 2173 463 462 2175 2174 462 411 2176 2175 411 412 2173 2176 413 464 2178 2177 464 463 2179 2178 463 412 2180 2179 412 413 2177 2180 414 465 2182 2181 465 464 2183 2182 464 413 2184 2183 413 414 2181 2184 415 466 2186 2185 466 465 2187 2186 465 414 2188 2187 414 415 2185 2188 416 467 2190 2189 467 466 2191 2190 466 415 2192 2191 415 416 2189 2192 417 468 2194 2193 468 467 2195 2194 467 416 2196 2195 416 417 2193 2196 418 469 2198 2197 469 468 2199 2198 468 417 2200 2199 417 418 2197 2200 419 470 2202 2201 470 469 2203 2202 469 418 2204 2203 418 419 2201 2204 420 471 2206 2205 471 470 2207 2206 470 419 2208 2207 419 420 2205 2208 421 472 2210 2209 472 471 2211 2210 471 420 2212 2211 420 421 2209 2212 422 473 2214 2213 473 472 2215 2214 472 421 2216 2215 421 422 2213 2216 423 474 2218 2217 474 473 2219 2218 473 422 2220 2219 422 423 2217 2220 424 475 2222 2221 475 474 2223 2222 474 423 2224 2223 423 424 2221 2224 425 476 2226 2225 476 475 2227 2226 475 424 2228 2227 424 425 2225 2228 426 477 2230 2229 477 476 2231 2230 476 425 2232 2231 425 426 2229 2232 427 478 2234 2233 478 477 2235 2234 477 426 2236 2235 426 427 2233 2236 428 479 2238 2237 479 478 2239 2238 478 427 2240 2239 427 428 2237 2240 429 480 2242 2241 480 479 2243 2242 479 428 2244 2243 428 429 2241 2244 430 481 2246 2245 481 480 2247 2246 480 429 2248 2247 429 430 2245 2248 431 482 2250 2249 482 481 2251 2250 481 430 2252 2251 430 431 2249 2252 432 483 2254 2253 483 482 2255 2254 482 431 2256 2255 431 432 2253 2256 433 484 2258 2257 484 483 2259 2258 483 432 2260 2259 432 433 2257 2260 434 485 2262 2261 485 484 2263 2262 484 433 2264 2263 433 434 2261 2264 435 486 2266 2265 486 485 2267 2266 485 434 2268 2267 434 435 2265 2268 436 487 2270 2269 487 486 2271 2270 486 435 2272 2271 435 436 2269 2272 437 488 2274 2273 488 487 2275 2274 487 436 2276 2275 436 437 2273 2276 438 489 2278 2277 489 488 2279 2278 488 437 2280 2279 437 438 2277 2280 439 490 2282 2281 490 489 2283 2282 489 438 2284 2283 438 439 2281 2284 440 491 2286 2285 491 490 2287 2286 490 439 2288 2287 439 440 2285 2288 441 492 2290 2289 492 491 2291 2290 491 440 2292 2291 440 441 2289 2292 442 493 2294 2293 493 492 2295 2294 492 441 2296 2295 441 442 2293 2296 443 494 2298 2297 494 493 2299 2298 493 442 2300 2299 442 443 2297 2300 444 495 2302 2301 495 494 2303 2302 494 443 2304 2303 443 444 2301 2304 445 496 2306 2305 496 495 2307 2306 495 444 2308 2307 444 445 2305 2308 446 497 2310 2309 497 496 2311 2310 496 445 2312 2311 445 446 2309 2312 447 498 2314 2313 498 497 2315 2314 497 446 2316 2315 446 447 2313 2316 448 499 2318 2317 499 498 2319 2318 498 447 2320 2319 447 448 2317 2320 449 500 2322 2321 500 499 2323 2322 499 448 2324 2323 448 449 2321 2324 450 501 2326 2325 501 500 2327 2326 500 449 2328 2327 449 450 2325 2328 451 502 2330 2329 502 501 2331 2330 501 450 2332 2331 450 451 2329 2332 452 503 2334 2333 503 502 2335 2334 502 451 2336 2335 451 452 2333 2336 453 504 2338 2337 504 503 2339 2338 503 452 2340 2339 452 453 2337 2340 454 505 2342 2341 505 504 2343 2342 504 453 2344 2343 453 454 2341 2344 455 506 2346 2345 506 505 2347 2346 505 454 2348 2347 454 455 2345 2348 456 507 2350 2349 507 506 2351 2350 506 455 2352 2351 455 456 2349 2352 457 508 2354 2353 508 507 2355 2354 507 456 2356 2355 456 457 2353 2356 457 458 2358 2357 458 509 2359 2358 509 508 2360 2359 508 457 2357 2360 511 510 2362 2361 510 459 2363 2362 459 460 2364 2363 460 511 2361 2364 512 511 2366 2365 511 460 2367 2366 460 461 2368 2367 461 512 2365 2368 513 512 2370 2369 512 461 2371 2370 461 462 2372 2371 462 513 2369 2372 514 513 2374 2373 513 462 2375 2374 462 463 2376 2375 463 514 2373 2376 515 514 2378 2377 514 463 2379 2378 463 464 2380 2379 464 515 2377 2380 516 515 2382 2381 515 464 2383 2382 464 465 2384 2383 465 516 2381 2384 517 516 2386 2385 516 465 2387 2386 465 466 2388 2387 466 517 2385 2388 518 517 2390 2389 517 466 2391 2390 466 467 2392 2391 467 518 2389 2392 519 518 2394 2393 518 467 2395 2394 467 468 2396 2395 468 519 2393 2396 520 519 2398 2397 519 468 2399 2398 468 469 2400 2399 469 520 2397 2400 521 520 2402 2401 520 469 2403 2402 469 470 2404 2403 470 521 2401 2404 522 521 2406 2405 521 470 2407 2406 470 471 2408 2407 471 522 2405 2408 523 522 2410 2409 522 471 2411 2410 471 472 2412 2411 472 523 2409 2412 524 523 2414 2413 523 472 2415 2414 472 473 2416 2415 473 524 2413 2416 525 524 2418 2417 524 473 2419 2418 473 474 2420 2419 474 525 2417 2420 526 525 2422 2421 525 474 2423 2422 474 475 2424 2423 475 526 2421 2424 527 526 2426 2425 526 475 2427 2426 475 476 2428 2427 476 527 2425 2428 528 527 2430 2429 527 476 2431 2430 476 477 2432 2431 477 528 2429 2432 529 528 2434 2433 528 477 2435 2434 477 478 2436 2435 478 529 2433 2436 530 529 2438 2437 529 478 2439 2438 478 479 2440 2439 479 530 2437 2440 531 530 2442 2441 530 479 2443 2442 479 480 2444 2443 480 531 2441 2444 532 531 2446 2445 531 480 2447 2446 480 481 2448 2447 481 532 2445 2448 533 532 2450 2449 532 481 2451 2450 481 482 2452 2451 482 533 2449 2452 534 533 2454 2453 533 482 2455 2454 482 483 2456 2455 483 534 2453 2456 535 534 2458 2457 534 483 2459 2458 483 484 2460 2459 484 535 2457 2460 536 535 2462 2461 535 484 2463 2462 484 485 2464 2463 485 536 2461 2464 537 536 2466 2465 536 485 2467 2466 485 486 2468 2467 486 537 2465 2468 538 537 2470 2469 537 486 2471 2470 486 487 2472 2471 487 538 2469 2472 539 538 2474 2473 538 487 2475 2474 487 488 2476 2475 488 539 2473 2476 540 539 2478 2477 539 488 2479 2478 488 489 2480 2479 489 540 2477 2480 541 540 2482 2481 540 489 2483 2482 489 490 2484 2483 490 541 2481 2484 542 541 2486 2485 541 490 2487 2486 490 491 2488 2487 491 542 2485 2488 543 542 2490 2489 542 491 2491 2490 491 492 2492 2491 492 543 2489 2492 544 543 2494 2493 543 492 2495 2494 492 493 2496 2495 493 544 2493 2496 545 544 2498 2497 544 493 2499 2498 493 494 2500 2499 494 545 2497 2500 546 545 2502 2501 545 494 2503 2502 494 495 2504 2503 495 546 2501 2504 547 546 2506 2505 546 495 2507 2506 495 496 2508 2507 496 547 2505 2508 548 547 2510 2509 547 496 2511 2510 496 497 2512 2511 497 548 2509 2512 549 548 2514 2513 548 497 2515 2514 497 498 2516 2515 498 549 2513 2516 550 549 2518 2517 549 498 2519 2518 498 499 2520 2519 499 550 2517 2520 551 550 2522 2521 550 499 2523 2522 499 500 2524 2523 500 551 2521 2524 552 551 2526 2525 551 500 2527 2526 500 501 2528 2527 501 552 2525 2528 553 552 2530 2529 552 501 2531 2530 501 502 2532 2531 502 553 2529 2532 554 553 2534 2533 553 502 2535 2534 502 503 2536 2535 503 554 2533 2536 555 554 2538 2537 554 503 2539 2538 503 504 2540 2539 504 555 2537 2540 556 555 2542 2541 555 504 2543 2542 504 505 2544 2543 505 556 2541 2544 557 556 2546 2545 556 505 2547 2546 505 506 2548 2547 506 557 2545 2548 558 557 2550 2549 557 506 2551 2550 506 507 2552 2551 507 558 2549 2552 559 558 2554 2553 558 507 2555 2554 507 508 2556 2555 508 559 2553 2556 508 509 2558 2557 509 560 2559 2558 560 559 2560 2559 559 508 2557 2560 
</DataArray>
<DataArray type="Int32" Name="offsets" format="ascii">
4 8 12 16 20 24 28 32 36 40 44 48 52 56 60 64 68 72 76 80 84 88 92 96 100 104 108 112 116 120 124 128 132 136 140 144 148 152 156 160 164 168 172 176 180 184 188 192 196 200 204 208 212 216 220 224 228 232 236 240 244 248 252 256 260 264 268 272 276 280 284 288 292 296 300 304 308 312 316 320 324 328 332 336 340 344 348 352 356 360 364 368 372 376 380 384 388 392 396 400 404 408 412 416 420 424 428 432 436 440 444 448 452 456 460 464 468 472 476 480 484 488 492 496 500 504 508 512 516 520 524 528 532 536 540 544 548 552 556 560 564 568 572 576 580 584 588 592 596 600 604 608 612 616 620 624 628 632 636 640 644 648 652 656 660 664 668 672 676 680 684 688 692 696 700 704 708 712 716 720 724 728 732 736 740 744 748 752 756 760 764 768 772 776 780 784 788 792 796 800 804 808 812 816 820 824 828 832 836 840 844 848 852 856 860 864 868 872 876 880 884 888 892 896 900 904 908 912 916 920 924 928 932 936 940 944 948 952 956 960 964 968 972 976 980 984 988 992 996 1000 1004 1008 1012 1016 1020 1024 1028 1032 1036 1040 1044 1048 1052 1056 1060 1064 1068 1072 1076 1080 1084 1088 1092 1096 1100 1104 1108 1112 1116 1120 1124 1128 1132 1136 1140 1144 1148 1152 1156 1160 1164 1168 1172 1176 1180 1184 1188 1192 1196 1200 1204 1208 1212 1216 1220 1224 1228 1232 1236 1240 1244 1248 1252 1256 1260 1264 1268 1272 1276 1280 1284 1288 1292 1296 1300 1304 1308 1312 1316 1320 1324 1328 1332 1336 1340 1344 1348 1352 1356 1360 1364 1368 1372 1376 1380 1384 1388 1392 1396 1400 1404 1408 1412 1416 1420 1424 1428 1432 1436 1440 1444 1448 1452 1456 1460 1464 1468 1472 1476 1480 1484 1488 1492 1496 1500 1504 1508 1512 1516 1520 1524 1528 1532 1536 1540 1544 1548 1552 1556 1560 1564 1568 1572 1576 1580 1584 1588 1592 1596 1600 1604 1608 1612 1616 1620 1624 1628 1632 1636 1640 1644 1648 1652 1656 1660 1664 1668 1672 1676 1680 1684 1688 1692 1696 1700 1704 1708 1712 1716 1720 1724 1728 1732 1736 1740 1744 1748 1752 1756 1760 1764 1768 1772 1776 1780 1784 1788 1792 1796 1800 1804 1808 1812 1816 1820 1824 1828 1832 1836 1840 1844 1848 1852 1856 1860 1864 1868 1872 1876 1880 1884 1888 1892 1896 1900 1904 1908 1912 1916 1920 1924 1928 1932 1936 1940 1944 1948 1952 1956 1960 1964 1968 1972 1976 1980 1984 1988 1992 1996 2000 2004 2008 2012 2016 2020 2024 2028 2032 2036 2040 2044 2048 2052 2056 2060 2064 2068 2072 2076 2080 2084 2088 2092 2096 2100 2104 2108 2112 2116 2120 2124 2128 2132 2136 2140 2144 2148 2152 2156 2160 2164 2168 2172 2176 2180 2184 2188 2192 2196 2200 2204 2208 2212 2216 2220 2224 2228 2232 2236 2240 2244 2248 2252 2256 2260 2264 2268 2272 2276 2280 2284 2288 2292 2296 2300 2304 2308 2312 2316 2320 2324 2328 2332 2336 2340 2344 2348 2352 2356 2360 2364 2368 2372 2376 2380 2384 2388 2392 2396 2400 2404 2408 2412 2416 2420 2424 2428 2432 2436 2440 2444 2448 2452 2456 2460 2464 2468 2472 2476 2480 2484 2488 2492 2496 2500 2504 2508 2512 2516 2520 2524 2528 2532 2536 2540 2544 2548 2552 2556 2560 2564 2568 2572 2576 2580 2584 2588 2592 2596 2600 2604 2608 2612 2616 2620 2624 2628 2632 2636 2640 2644 2648 2652 2656 2660 2664 2668 2672 2676 2680 2684 2688 2692 2696 2700 2704 2708 2712 2716 2720 2724 2728 2732 2736 2740 2744 2748 2752 2756 2760 2764 2768 2772 2776 2780 2784 2788 2792 2796 2800 2804 2808 2812 2816 2820 2824 2828 2832 2836 2840 2844 2848 2852 2856 2860 2864 2868 2872 2876 2880 2884 2888 2892 2896 2900 2904 2908 2912 2916 2920 2924 2928 2932 2936 2940 2944 2948 2952 2956 2960 2964 2968 2972 2976 2980 2984 2988 2992 2996 3000 3004 3008 3012 3016 3020 3024 3028 3032 3036 3040 3044 3048 3052 3056 3060 3064 3068 3072 3076 3080 3084 3088 3092 3096 3100 3104 3108 3112 3116 3120 3124 3128 3132 3136 3140 3144 3148 3152 3156 3160 3164 3168 3172 3176 3180 3184 3188 3192 3196 3200 3204 3208 3212 3216 3220 3224 3228 3232 3236 3240 3244 3248 3252 3256 3260 3264 3268 3272 3276 3280 3284 3288 3292 3296 3300 3304 3308 3312 3316 3320 3324 3328 3332 3336 3340 3344 3348 3352 3356 3360 3364 3368 3372 3376 3380 3384 3388 3392 3396 3400 3404 3408 3412 3416 3420 3424 3428 3432 3436 3440 3444 3448 3452 3456 3460 3464 3468 3472 3476 3480 3484 3488 3492 3496 3500 3504 3508 3512 3516 3520 3524 3528 3532 3536 3540 3544 3548 3552 3556 3560 3564 3568 3572 3576 3580 3584 3588 3592 3596 3600 3604 3608 3612 3616 3620 3624 3628 3632 3636 3640 3644 3648 3652 3656 3660 3664 3668 3672 3676 3680 3684 3688 3692 3696 3700 3704 3708 3712 3716 3720 3724 3728 3732 3736 3740 3744 3748 3752 3756 3760 3764 3768 3772 3776 3780 3784 3788 3792 3796 3800 3804 3808 3812 3816 3820 3824 3828 3832 3836 3840 3844 3848 3852 3856 3860 3864 3868 3872 3876 3880 3884 3888 3892 3896 3900 3904 3908 3912 3916 3920 3924 3928 3932 3936 3940 3944 3948 3952 3956 3960 3964 3968 3972 3976 3980 3984 3988 3992 3996 4000 4004 4008 4012 4016 4020 4024 4028 4032 4036 4040 4044 4048 4052 4056 4060 4064 4068 4072 4076 4080 4084 4088 4092 4096 4100 4104 4108 4112 4116 4120 4124 4128 4132 4136 4140 4144 4148 4152 4156 4160 4164 4168 4172 4176 4180 4184 4188 4192 4196 4200 4204 4208 4212 4216 4220 4224 4228 4232 4236 4240 4244 4248 4252 4256 4260 4264 4268 4272 4276 4280 4284 4288 4292 4296 4300 4304 4308 4312 4316 4320 4324 4328 4332 4336 4340 4344 4348 4352 4356 4360 4364 4368 4372 4376 4380 4384 4388 4392 4396 4400 4404 4408 4412 4416 4420 4424 4428 4432 4436 4440 4444 4448 4452 4456 4460 4464 4468 4472 4476 4480 4484 4488 4492 4496 4500 4504 4508 4512 4516 4520 4524 4528 4532 4536 4540 4544 4548 4552 4556 4560 4564 4568 4572 4576 4580 4584 4588 4592 4596 4600 4604 4608 4612 4616 4620 4624 4628 4632 4636 4640 4644 4648 4652 4656 4660 4664 4668 4672 4676 4680 4684 4688 4692 4696 4700 4704 4708 4712 4716 4720 4724 4728 4732 4736 4740 4744 4748 4752 4756 4760 4764 4768 4772 4776 4780 4784 4788 4792 4796 4800 4804 4808 4812 4816 4820 4824 4828 4832 4836 4840 4844 4848 4852 4856 4860 4864 4868 4872 4876 4880 4884 4888 4892 4896 4900 4904 4908 4912 4916 4920 4924 4928 4932 4936 4940 4944 4948 4952 4956 4960 4964 4968 4972 4976 4980 4984 4988 4992 4996 5000 5004 5008 5012 5016 5020 5024 5028 5032 5036 5040 5044 5048 5052 5056 5060 5064 5068 5072 5076 5080 5084 5088 5092 5096 5100 5104 5108 5112 5116 5120 5124 5128 5132 5136 5140 5144 5148 5152 5156 5160 5164 5168 5172 5176 5180 5184 5188 5192 5196 5200 5204 5208 5212 5216 5220 5224 5228 5232 5236 5240 5244 5248 5252 5256 5260 5264 5268 5272 5276 5280 5284 5288 5292 5296 5300 5304 5308 5312 5316 5320 5324 5328 5332 5336 5340 5344 5348 5352 5356 5360 5364 5368 5372 5376 5380 5384 5388 5392 5396 5400 5404 5408 5412 5416 5420 5424 5428 5432 5436 5440 5444 5448 5452 5456 5460 5464 5468 5472 5476 5480 5484 5488 5492 5496 5500 5504 5508 5512 5516 5520 5524 5528 5532 5536 5540 5544 5548 5552 5556 5560 5564 5568 5572 5576 5580 5584 5588 5592 5596 5600 5604 5608 5612 5616 5620 5624 5628 5632 5636 5640 5644 5648 5652 5656 5660 5664 5668 5672 5676 5680 5684 5688 5692 5696 5700 5704 5708 5712 5716 5720 5724 5728 5732 5736 5740 5744 5748 5752 5756 5760 5764 5768 5772 5776 5780 5784 5788 5792 5796 5800 5804 5808 5812 5816 5820 5824 5828 5832 5836 5840 5844 5848 5852 5856 5860 5864 5868 5872 5876 5880 5884 5888 5892 5896 5900 5904 5908 5912 5916 5920 5924 5928 5932 5936 5940 5944 5948 5952 5956 5960 5964 5968 5972 5976 5980 5984 5988 5992 5996 6000 6004 6008 6012 6016 6020 6024 6028 6032 6036 6040 6044 6048 6052 6056 6060 6064 6068 6072 6076 6080 6084 6088 6092 6096 6100 6104 6108 6112 6116 6120 6124 6128 6132 6136 6140 6144 6148 6152 6156 6160 6164 6168 6172 6176 6180 6184 6188 6192 6196 6200 6204 6208 6212 6216 6220 6224 6228 6232 6236 6240 6244 6248 6252 6256 6260 6264 6268 6272 6276 6280 6284 6288 6292 6296 6300 6304 6308 6312 6316 6320 6324 6328 6332 6336 6340 6344 6348 6352 6356 6360 6364 6368 6372 6376 6380 6384 6388 6392 6396 6400 6404 6408 6412 6416 6420 6424 6428 6432 6436 6440 6444 6448 6452 6456 6460 6464 6468 6472 6476 6480 6484 6488 6492 6496 6500 6504 6508 6512 6516 6520 6524 6528 6532 6536 6540 6544 6548 6552 6556 6560 6564 6568 6572 6576 6580 6584 6588 6592 6596 6600 6604 6608 6612 6616 6620 6624 6628 6632 6636 6640 6644 6648 6652 6656 6660 6664 6668 6672 6676 6680 6684 6688 6692 6696 6700 6704 6708 6712 6716 6720 6724 6728 6732 6736 6740 6744 6748 6752 6756 6760 6764 6768 6772 6776 6780 6784 6788 6792 6796 6800 6804 6808 6812 6816 6820 6824 6828 6832 6836 6840 6844 6848 6852 6856 6860 6864 6868 6872 6876 6880 6884 6888 6892 6896 6900 6904 6908 6912 6916 6920 6924 6928 6932 6936 6940 6944 6948 6952 6956 6960 6964 6968 6972 6976 6980 6984 6988 6992 6996 7000 7004 7008 7012 7016 7020 7024 7028 7032 7036 7040 7044 7048 7052 7056 7060 7064 7068 7072 7076 7080 7084 7088 7092 7096 7100 7104 7108 7112 7116 7120 7124 7128 7132 7136 7140 7144 7148 7152 7156 7160 7164 7168 7172 7176 7180 7184 7188 7192 7196 7200 7204 7208 7212 7216 7220 7224 7228 7232 7236 7240 7244 7248 7252 7256 7260 7264 7268 7272 7276 7280 7284 7288 7292 7296 7300 7304 7308 7312 7316 7320 7324 7328 7332 7336 7340 7344 7348 7352 7356 7360 7364 7368 7372 7376 7380 7384 7388 7392 7396 7400 7404 7408 7412 7416 7420 7424 7428 7432 7436 7440 7444 7448 7452 7456 7460 7464 7468 7472 7476 7480 7484 7488 7492 7496 7500 7504 7508 7512 7516 7520 7524 7528 7532 7536 7540 7544 7548 7552 7556 7560 7564 7568 7572 7576 7580 7584 7588 7592 7596 7600 7604 7608 7612 7616 7620 7624 7628 7632 7636 7640 7644 7648 7652 7656 7660 7664 7668 7672 7676 7680 7684 7688 7692 7696 7700 7704 7708 7712 7716 7720 7724 7728 7732 7736 7740 7744 7748 7752 7756 7760 7764 7768 7772 7776 7780 7784 7788 7792 7796 7800 7804 7808 7812 7816 7820 7824 7828 7832 7836 7840 7844 7848 7852 7856 7860 7864 7868 7872 7876 7880 7884 7888 7892 7896 7900 7904 7908 7912 7916 7920 7924 7928 7932 7936 7940 7944 7948 7952 7956 7960 7964 7968 7972 7976 7980 7984 7988 7992 7996 8000 
</DataArray>
<DataArray type="UInt8" Name="types" format="ascii">
7 7 7 7 7 7 7 7 7 7 7 7 7 7 7 7 7 7 7 7 7 7 7 7 7 7 7 7 7 7 7 7 7 7 7 7 7 7 7 7 7 7 7 7 7 7 7 7 7 7 7 7 7 7 7 7 7 7 7 7 7 7 7 7 7 7 7 7 7 7 7 7 7 7 7 7 7 7 7 7 7 7 7 7 7 7 7 7 7 7 7 7 7 7 7 7 7 7 7 7 7 7 7 7 7 7 7 7 7 7 7 7 7 7 7 7 7 7 7 7 7 7 7 7 7 7 7 7 7 7 7 7 7 7 7 7 7 7 7 7 7 7 7 7 7 7 7 7 7 7 7 7 7 7 7 7 7 7 7 7 7 7 7 7 7 7 7 7 7 7 7 7 7 7 7 7 7 7 7 7 7 7 7 7 7 7 7 7 7 7 7 7 7 7 7 7 7 7 7 7 7 7 7 7 7 7 7 7 7 7 7 7 7 7 7 7 7 7 7 7 7 7 7 7 7 7 7 7 7 7 7 7 7 7 7 7 7 7 7 7 7 7 7 7 7 7 7 7 7 7 7 7 7 7 7 7 7 7 7 7 7 7 7 7 7 7 7 7 7 7 7 7 7 7 7 7 7 7 7 7 7 7 7 7 7 7 7 7 7 7 7 7 7 7 7 7 7 7 7 7 7 7 7 7 7 7 7 7 7 7 7 7 7 7 7 7 7 7 7 7 7 7 7 7 7 7 7 7 7 7 7 7 7 7 7 7 7 7 7 7 7 7 7 7 7 7 7 7 7 7 7 7 7 7 7 7 7 7 7 7 7 7 7 7 7 7 7 7 7 7 7 7 7 7 7 7 7 7 7 7 7 7 7 7 7 7 7 7 7 7 7 7 7 7 7 7 7 7 7 7 7 7 7 7 7 7 7 7 7 7 7 7 7 7 7 7 7 7 7 7 7 7 7 7 7 7 7 7 7 7 7 7 7 7 7 7 7 7 7 7 7 7 7 7 7 7 7 7 7 7 7 7 7 7 7 7 7 7 7 7 7 7 7 7 7 7 7 7 7 7 7 7 7 7 7 7 7 7 7 7 7 7 7 7 7 7 7 7 7 7 7 7 7 7 7 7 7 7 7 7 7 7 7 7 7 7 7 7 7 7 7 7 7 7 7 7 7 7 7 7 7 7 7 7 7 7 7 7 7 7 7 7 7 7 7 7 7 7 7 7 7 7 7 7 7 7 7 7 7 7 7 7 7 7 7 7 7 7 7 7 7 7 7 7 7 7 7 7 7 7 7 7 7 7 7 7 7 7 7 7 7 7 7 7 7 7 7 7 7 7 7 7 7 7 7 7 7 7 7 7 7 7 7 7 7 7 7 7 7 7 7 7 7 7 7 7 7 7 7 7 7 7 7 7 7 7 7 7 7 7 7 7 7 7 7 7 7 7 7 7 7 7 7 7 7 7 7 7 7 7 7 7 7 7 7 7 7 7 7 7 7 7 7 7 7 7 7 7 7 7 7 7 7 7 7 7 7 7 7 7 7 7 7 7 7 7 7 7 7 7 7 7 7 7 7 7 7 7 7 7 7 7 7 7 7 7 7 7 7 7 7 7 7 7 7 7 7 7 7 7 7 7 7 7 7 7 7 7 7 7 7 7 7 7 7 7 7 7 7 7 7 7 7 7 7 7 7 7 7 7 7 7 7 7 7 7 7 7 7 7 7 7 7 7 7 7 7 7 7 7 7 7 7 7 7 7 7 7 7 7 7 7 7 7 7 7 7 7 7 7 7 7 7 7 7 7 7 7 7 7 7 7 7 7 7 7 7 7 7 7 7 7 7 7 7 7 7 7 7 7 7 7 7 7 7 7 7 7 7 7 7 7 7 7 7 7 7 7 7 7 7 7 7 7 7 7 7 7 7 7 7 7 7 7 7 7 7 7 7 7 7 7 7 7 7 7 7 7 7 7 7 7 7 7 7 7 7 7 7 7 7 7 7 7 7 7 7 7 7 7 7 7 7 7 7 7 7 7 7 7 7 7 7 7 7 7 7 7 7 7 7 7 7 7 7 7 7 7 7 7 7 7 7 7 7 7 7 7 7 7 7 7 7 7 7 7 7 7 7 7 7 7 7 7 7 7 7 7 7 7 7 7 7 7 7 7 7 7 7 7 7 7 7 7 7 7 7 7 7 7 7 7 7 7 7 7 7 7 7 7 7 7 7 7 7 7 7 7 7 7 7 7 7 7 7 7 7 7 7 7 7 7 7 7 7 7 7 7 7 7 7 7 7 7 7 7 7 7 7 7 7 7 7 7 7 7 7 7 7 7 7 7 7 7 7 7 7 7 7 7 7 7 7 7 7 7 7 7 7 7 7 7 7 7 7 7 7 7 7 7 7 7 7 7 7 7 7 7 7 7 7 7 7 7 7 7 7 7 7 7 7 7 7 7 7 7 7 7 7 7 7 7 7 7 7 7 7 7 7 7 7 7 7 7 7 7 7 7 7 7 7 7 7 7 7 7 7 7 7 7 7 7 7 7 7 7 7 7 7 7 7 7 7 7 7 7 7 7 7 7 7 7 7 7 7 7 7 7 7 7 7 7 7 7 7 7 7 7 7 7 7 7 7 7 7 7 7 7 7 7 7 7 7 7 7 7 7 7 7 7 7 7 7 7 7 7 7 7 7 7 7 7 7 7 7 7 7 7 7 7 7 7 7 7 7 7 7 7 7 7 7 7 7 7 7 7 7 7 7 7 7 7 7 7 7 7 7 7 7 7 7 7 7 7 7 7 7 7 7 7 7 7 7 7 7 7 7 7 7 7 7 7 7 7 7 7 7 7 7 7 7 7 7 7 7 7 7 7 7 7 7 7 7 7 7 7 7 7 7 7 7 7 7 7 7 7 7 7 7 7 7 7 7 7 7 7 7 7 7 7 7 7 7 7 7 7 7 7 7 7 7 7 7 7 7 7 7 7 7 7 7 7 7 7 7 7 7 7 7 7 7 7 7 7 7 7 7 7 7 7 7 7 7 7 7 7 7 7 7 7 7 7 7 7 7 7 7 7 7 7 7 7 7 7 7 7 7 7 7 7 7 7 7 7 7 7 7 7 7 7 7 7 7 7 7 7 7 7 7 7 7 7 7 7 7 7 7 7 7 7 7 7 7 7 7 7 7 7 7 7 7 7 7 7 7 7 7 7 7 7 7 7 7 7 7 7 7 7 7 7 7 7 7 7 7 7 7 7 7 7 7 7 7 7 7 7 7 7 7 7 7 7 7 7 7 7 7 7 7 7 7 7 7 7 7 7 7 7 7 7 7 7 7 7 7 7 7 7 7 7 7 7 7 7 7 7 7 7 7 7 7 7 7 7 7 7 7 7 7 7 7 7 7 7 7 7 7 7 7 7 7 7 7 7 7 7 7 7 7 7 7 7 7 7 7 7 7 7 7 7 7 7 7 7 7 7 7 7 7 7 7 7 7 7 7 7 7 7 7 7 7 7 7 7 7 7 7 7 7 7 7 7 7 7 7 7 7 7 7 7 7 7 7 7 7 7 7 7 7 7 7 7 7 7 7 7 7 7 7 7 7 7 7 7 7 7 7 7 7 7 7 7 7 7 7 7 7 7 7 7 7 7 7 7 7 7 7 7 7 7 7 7 7 7 7 7 7 7 7 7 7 7 7 7 7 7 7 7 7 7 7 7 7 7 7 7 7 7 7 7 7 7 7 7 7 7 7 7 7 7 7 7 7 7 7 7 7 7 7 7 7 7 7 7 7 7 7 7 7 7 7 7 7 7 7 7 7 7 7 7 7 7 7 7 7 7 7 7 7 7 7 7 7 7 7 7 7 7 7 7 7 7 7 7 7 7 7 7 7 7 7 7 7 7 7 7 7 7 7 7 7 7 7 7 7 7 7 7 7 7 7 7 7 7 7 7 7 7 7 7 7 7 7 7 7 7 7 7 7 7 7 7 7 7 7 7 7 7 7 7 7 7 7 7 7 7 7 7 7 7 7 7 7 7 7 7 7 7 7 7 7 7 7 7 7 7 7 7 7 7 7 7 7 7 7 7 7 7 7 7 7 7 7 7 7 7 7 7 7 7 7 7 7 7 7 7 7 7 7 7 7 7 7 7 7 7 7 7 7 7 7 7 7 7 7 7 7 7 7 7 7 7 7 7 7 7 7 7 7 7 7 7 7 7 7 7 7 7 7 7 7 7 7 7 7 7 7 7 7 7 7 7 7 7 7 7 7 7 7 7 7 7 7 7 7 7 7 7 7 7 7 7 7 7 7 7 7 7 7 7 7 7 7 7 7 7 7 7 7 7 7 7 7 7 7 7 7 7 7 7 7 7 7 7 7 7 7 7 7 7 7 7 7 7 7 7 7 7 7 7 7 7 7 7 7 7 7 7 7 7 7 7 7 7 7 7 7 7 7 7 7 7 7 7 7 7 7 7 7 7 7 7 7 7 7 7 7 7 7 7 7 7 7 7 7 7 7 7 7 7 
</DataArray>
</Cells>
<CellData Scalars="wall variable 0">
<DataArray type="Float64" Name="wall length" format="ascii">
0.00402186 0.937948 0.0676857 0.933369 0.944177 0.0705805 0.937948 0.00404017 0.951979 0.0721632 0.944177 0.00405962 0.961178 0.0729272 0.951979 0.00408419 0.971565 0.0731965 0.961178 0.00411657 0.98293 0.0731693 0.971565 0.00415803 0.995078 0.0729618 0.98293 0.00420867 1.00782 0.0726416 0.995078 0.00426772 1.02097 0.0722473 1.00782 0.00433392 1.03435 0.0718027 1.02097 0.00440572 1.04779 0.0713229 1.03435 0.00448146 1.06111 0.0708191 1.04779 0.00455945 1.07417 0.0703007 1.06111 0.00463807 1.0868 0.0697761 1.07417 0.00471583 1.09885 0.0692539 1.0868 0.00479133 1.11019 0.0687423 1.09885 0.00486335 1.12069 0.06825 1.11019 0.00493081 1.13024 0.0677855 1.12069 0.00499279 1.13873 0.0673569 1.13024 0.00504851 1.14607 0.0669726 1.13873 0.00509733 1.15219 0.0666395 1.14607 0.00513872 1.15702 0.0663646 1.15219 0.00517229 1.1605 0.0661531 1.15702 0.00519772 1.1626 0.0660096 1.1605 0.00521479 1.16331 0.0659372 1.1626 0.00522336 1.1626 0.0659372 1.16331 0.00522336 1.1605 0.0660096 1.1626 0.00521479 1.15702 0.0661531 1.1605 0.00519772 1.15219 0.0663646 1.15702 0.00517229 1.14607 0.0666395 1.15219 0.00513872 1.13873 0.0669726 1.14607 0.00509733 1.13024 0.0673569 1.13873 0.00504851 1.12069 0.0677855 1.13024 0.00499279 1.11019 0.06825 1.12069 0.00493081 1.09885 0.0687423 1.11019 0.00486335 1.0868 0.0692539 1.09885 0.00479133 1.07417 0.0697761 1.0868 0.00471583 1.06111 0.0703007 1.07417 0.00463807 1.04779 0.0708191 1.06111 0.00455945 1.03435 0.0713229 1.04779 0.00448146 1.02097 0.0718027 1.03435 0.00440572 1.00782 0.0722473 1.02097 0.00433392 0.995078 0.0726416 1.00782 0.00426772 0.98293 0.0729618 0.995078 0.00420867 0.971565 0.0731693 0.98293 0.00415803 0.961178 0.0731965 0.971565 0.00411657 0.951979 0.0729272 0.961178 0.00408419 0.944177 0.0721632 0.951979 0.00405962 0.937948 0.0705805 0.944177 0.00404017 0.933369 0.0676857 0.937948 0.00402186 0.0676857 1.04284 0.138211 1.04237 0.0705805 1.04464 0.144188 1.04284 0.0721632 1.04771 0.146669 1.04464 0.0729272 1.05196 0.147451 1.04771 0.0731965 1.05725 0.147423 1.05196 0.0731693 1.06346 0.146993 1.05725 0.0729618 1.07048 0.146342 1.06346 0.0726416 1.07817 0.14555 1.07048 0.0722473 1.08639 0.144657 1.07817 0.0718027 1.09501 0.143686 1.08639 0.0713229 1.10387 0.142655 1.09501 0.0708191 1.11283 0.141579 1.10387 0.0703007 1.12175 0.140475 1.11283 0.0697761 1.1305 0.13936 1.12175 0.0692539 1.13895 0.138252 1.1305 0.0687423 1.14697 0.137169 1.13895 0.06825 1.15446 0.136127 1.14697 0.0677855 1.16131 0.135146 1.15446 0.0673569 1.16743 0.134243 1.16131 0.0669726 1.17275 0.133434 1.16743 0.0666395 1.17719 0.132734 1.17275 0.0663646 1.18071 0.132157 1.17719 0.0661531 1.18325 0.131713 1.18071 0.0660096 1.18478 0.131413 1.18325 0.0659372 1.1853 0.131261 1.18478 0.0659372 1.18478 0.131261 1.1853 0.0660096 1.18325 0.131413 1.18478 0.0661531 1.18071 0.131713 1.18325 0.0663646 1.17719 0.132157 1.18071 0.0666395 1.17275 0.132734 1.17719 0.0669726 1.16743 0.133434 1.17275 0.0673569 1.16131 0.134243 1.16743 0.0677855 1.15446 0.135146 1.16131 0.06825 1.14697 0.136127 1.15446 0.0687423 1.13895 0.137169 1.14697 0.0692539 1.1305 0.138252 1.13895 0.0697761 1.12175 0.13936 1.1305 0.0703007 1.11283 0.140475 1.12175 0.0708191 1.10387 0.141579 1.11283 0.0713229 1.09501 0.142655 1.10387 0.0718027 1.08639 0.143686 1.09501 0.0722473 1.07817 0.144657 1.08639 0.0726416 1.07048 0.14555 1.07817 0.0729618 1.06346 0.146342 1.07048 0.0731693 1.05725 0.146993 1.06346 0.0731965 1.05196 0.147423 1.05725 0.0729272 1.04771 0.147451 1.05196 0.0721632 1.04464 0.146669 1.04771 0.0705805 1.04284 0.144188 1.04464 0.0676857 1.04237 0.138211 1.04284 1.04358 0.209942 1.04305 0.138211 1.04544 0.218523 1.04358 0.144188 1.04853 0.221376 1.04544 0.146669 1.05275 0.221921 1.04853 0.147451 1.05802 0.22153 1.05275 0.147423 1.06422 0.220714 1.05802 0.146993 1.07125 0.219658 1.06422 0.146342 1.07897 0.218432 1.07125 0.14555 1.08725 0.217072 1.07897 0.144657 1.09594 0.2156 1.08725 0.143686 1.1049 0.214038 1.09594 0.142655 1.11398 0.21241 1.1049 0.141579 1.12303 0.21074 1.11398 0.140475 1.13192 0.209053 1.12303 0.13936 1.14051 0.207376 1.13192 0.138252 1.14867 0.205735 1.14051 0.137169 1.1563 0.204159 1.14867 0.136127 1.16329 0.202673 1.1563 0.135146 1.16954 0.201306 1.16329 0.134243 1.17497 0.20008 1.16954 0.133434 1.17951 0.19902 1.17497 0.132734 1.18311 0.198146 1.17951 0.132157 1.1857 0.197475 1.18311 0.131713 1.18728 0.19702 1.1857 0.131413 1.1878 0.19679 1.18728 0.131261 1.18728 0.19679 1.1878 0.131261 1.1857 0.19702 1.18728 0.131413 1.18311 0.197475 1.1857 0.131713 1.17951 0.198146 1.18311 0.132157 1.17497 0.19902 1.17951 0.132734 1.16954 0.20008 1.17497 0.133434 1.16329 0.201306 1.16954 0.134243 1.1563 0.202673 1.16329 0.135146 1.14867 0.204159 1.1563 0.136127 1.14051 0.205735 1.14867 0.137169 1.13192 0.207376 1.14051 0.138252 1.12303 0.209053 1.13192 0.13936 1.11398 0.21074 1.12303 0.140475 1.1049 0.21241 1.11398 0.141579 1.09594 0.214038 1.1049 0.142655 1.08725 0.2156 1.09594 0.143686 1.07897 0.217072 1.08725 0.144657 1.07125 0.218432 1.07897 0.14555 1.06422 0.219658 1.07125 0.146342 1.05802 0.220714 1.06422 0.146993 1.05275 0.22153 1.05802 0.147423 1.04853 0.221921 1.05275 0.147451 1.04544 0.221376 1.04853 0.146669 1.04358 0.218523 1.04544 0.144188 0.138211 1.04305 0.209942 1.04358 1.04369 0.282387 1.04313 0.209942 1.04556 0.293131 1.04369 0.218523 1.04865 0.296075 1.04556 0.221376 1.05286 0.296314 1.04865 0.221921 1.05811 0.295576 1.05286 0.22153 1.06431 0.294402 1.05811 0.220714 1.07133 0.292961 1.06431 0.219658 1.07905 0.291313 1.07133 0.218432 1.08733 0.289489 1.07905 0.217072 1.09603 0.287519 1.08733 0.2156 1.105 0.285429 1.09603 0.214038 1.11409 0.28325 1.105 0.21241 1.12315 0.281014 1.11409 0.21074 1.13206 0.278756 1.12315 0.209053 1.14066 0.27651 1.13206 0.207376 1.14884 0.274313 1.14066 0.205735 1.15649 0.272202 1.14884 0.204159 1.16349 0.270213 1.15649 0.202673 1.16975 0.268381 1.16349 0.201306 1.1752 0.26674 1.16975 0.20008 1.17975 0.265321 1.1752 0.19902 1.18335 0.26415 1.17975 0.198146 1.18595 0.26325 1.18335 0.197475 1.18753 0.26264 1.18595 0.19702 1.18806 0.262332 1.18753 0.19679 1.18753 0.262332 1.18806 0.19679 1.18595 0.26264 1.18753 0.19702 1.18335 0.26325 1.18595 0.197475 1.17975 0.26415 1.18335 0.198146 1.1752 0.265321 1.17975 0.19902 1.16975 0.26674 1.1752 0.20008 1.16349 0.268381 1.16975 0.201306 1.15649 0.270213 1.16349 0.202673 1.14884 0.272202 1.15649 0.204159 1.14066 0.274313 1.14884 0.205735 1.13206 0.27651 1.14066 0.207376 1.12315 0.278756 1.13206 0.209053 1.11409 0.281014 1.12315 0.21074 1.105 0.28325 1.11409 0.21241 1.09603 0.285429 1.105 0.214038 1.08733 0.287519 1.09603 0.2156 1.07905 0.289489 1.08733 0.217072 1.07133 0.291313 1.07905 0.218432 1.06431 0.292961 1.07133 0.219658 1.05811 0.294402 1.06431 0.220714 1.05286 0.295576 1.05811 0.22153 1.04865 0.296314 1.05286 0.221921 1.04556 0.296075 1.04865 0.221376 1.04369 0.293131 1.04556 0.218523 0.209942 1.04313 0.282387 1.04369 1.04372 0.355304 1.04314 0.282387 1.0456 0.367848 1.04372 0.293131 1.04868 0.370729 1.0456 0.296075 1.05288 0.370653 1.04868 0.296314 1.05812 0.369591 1.05288 0.295576 1.06432 0.368078 1.05812 0.294402 1.07134 0.36626 1.06432 0.292961 1.07906 0.364192 1.07134 0.291313 1.08734 0.361907 1.07906 0.289489 1.09604 0.359438 1.08734 0.287519 1.10501 0.35682 1.09604 0.285429 1.1141 0.35409 1.10501 0.28325 1.12317 0.351289 1.1141 0.281014 1.13207 0.348459 1.12317 0.278756 1.14067 0.345645 1.13207 0.27651 1.14886 0.342893 1.14067 0.274313 1.1565 0.340247 1.14886 0.272202 1.16351 0.337754 1.1565 0.270213 1.16977 0.335458 1.16351 0.268381 1.17522 0.333401 1.16977 0.26674 1.17977 0.331622 1.17522 0.265321 1.18337 0.330154 1.17977 0.26415 1.18598 0.329026 1.18337 0.26325 1.18755 0.328262 1.18598 0.26264 1.18808 0.327876 1.18755 0.262332 1.18755 0.327876 1.18808 0.262332 1.18598 0.328262 1.18755 0.26264 1.18337 0.329026 1.18598 0.26325 1.17977 0.330154 1.18337 0.26415 1.17522 0.331622 1.17977 0.265321 1.16977 0.333401 1.17522 0.26674 1.16351 0.335458 1.16977 0.268381 1.1565 0.337754 1.16351 0.270213 1.14886 0.340247 1.1565 0.272202 1.14067 0.342893 1.14886 0.274313 1.13207 0.345645 1.14067 0.27651 1.12317 0.348459 1.13207 0.278756 1.1141 0.351289 1.12317 0.281014 1.10501 0.35409 1.1141 0.28325 1.09604 0.35682 1.10501 0.285429 1.08734 0.359438 1.09604 0.287519 1.07906 0.361907 1.08734 0.289489 1.07134 0.364192 1.07906 0.291313 1.06432 0.36626 1.07134 0.292961 1.05812 0.368078 1.06432 0.294402 1.05288 0.369591 1.05812 0.295576 1.04868 0.370653 1.05288 0.296314 1.0456 0.370729 1.04868 0.296075 1.04372 0.367848 1.0456 0.293131 0.282387 1.04314 0.355304 1.04372 1.04374 0.428549 1.04315 0.355304 1.04561 0.442606 1.04374 0.367848 1.04868 0.445339 1.04561 0.370729 1.05288 0.444958 1.04868 0.370653 1.05813 0.44359 1.05288 0.369591 1.06432 0.441747 1.05813 0.368078 1.07134 0.439557 1.06432 0.36626 1.07906 0.437071 1.07134 0.364192 1.08734 0.434325 1.07906 0.361907 1.09604 0.431358 1.08734 0.359438 1.10501 0.428211 1.09604 0.35682 1.1141 0.42493 1.10501 0.35409 1.12317 0.421564 1.1141 0.351289 1.13207 0.418162 1.12317 0.348459 1.14067 0.41478 1.13207 0.345645 1.14886 0.411472 1.14067 0.342893 1.1565 0.408292 1.14886 0.340247 1.16351 0.405295 1.1565 0.337754 1.16977 0.402535 1.16351 0.335458 1.17522 0.400062 1.16977 0.333401 1.17977 0.397923 1.17522 0.331622 1.18337 0.396158 1.17977 0.330154 1.18597 0.394802 1.18337 0.329026 1.18755 0.393883 1.18597 0.328262 1.18808 0.393418 1.18755 0.327876 1.18755 0.393418 1.18808 0.327876 1.18597 0.393883 1.18755 0.328262 1.18337 0.394802 1.18597 0.329026 1.17977 0.396158 1.18337 0.330154 1.17522 0.397923 1.17977 0.331622 1.16977 0.400062 1.17522 0.333401 1.16351 0.402535 1.16977 0.335458 1.1565 0.405295 1.16351 0.337754 1.14886 0.408292 1.1565 0.340247 1.14067 0.411472 1.14886 0.342893 1.13207 0.41478 1.14067 0.345645 1.12317 0.418162 1.13207 0.348459 1.1141 0.421564 1.12317 0.351289 1.10501 0.42493 1.1141 0.35409 1.09604 0.428211 1.10501 0.35682 1.08734 0.431358 1.09604 0.359438 1.07906 0.434325 1.08734 0.361907 1.07134 0.437071 1.07906 0.364192 1.06432 0.439557 1.07134 0.36626 1.05813 0.441747 1.06432 0.368078 1.05288 0.44359 1.05813 0.369591 1.04868 0.444958 1.05288 0.370653 1.04561 0.445339 1.04868 0.370729 1.04374 0.442606 1.04561 0.367848 0.355304 1.04315 0.428549 1.04374 1.04374 0.502037 1.04314 0.428549 1.04561 0.517376 1.04374 0.442606 1.04868 0.519913 1.04561 0.445339 1.05288 0.519241 1.04868 0.444958 1.05812 0.517581 1.05288 0.44359 1.06431 0.515414 1.05812 0.441747 1.07133 0.512853 1.06431 0.439557 1.07905 0.509949 1.07133 0.437071 1.08733 0.506742 1.07905 0.434325 1.09603 0.503276 1.08733 0.431358 1.105 0.499601 1.09603 0.428211 1.11408 0.49577 1.105 0.42493 1.12315 0.491837 1.11408 0.421564 1.13205 0.487865 1.12315 0.418162 1.14066 0.483914 1.13205 0.41478 1.14884 0.480049 1.14066 0.411472 1.15648 0.476335 1.14884 0.408292 1.16349 0.472835 1.15648 0.405295 1.16975 0.46961 1.16349 0.402535 1.17519 0.466722 1.16975 0.400062 1.17974 0.464222 1.17519 0.397923 1.18335 0.462161 1.17974 0.396158 1.18595 0.460577 1.18335 0.394802 1.18753 0.459503 1.18595 0.393883 1.18805 0.458961 1.18753 0.393418 1.18753 0.458961 1.18805 0.393418 1.18595 0.459503 1.18753 0.393883 1.18335 0.460577 1.18595 0.394802 1.17974 0.462161 1.18335 0.396158 1.17519 0.464222 1.17974 0.397923 1.16975 0.466722 1.17519 0.400062 1.16349 0.46961 1.16975 0.402535 1.15648 0.472835 1.16349 0.405295 1.14884 0.476335 1.15648 0.408292 1.14066 0.480049 1.14884 0.411472 1.13205 0.483914 1.14066 0.41478 1.12315 0.487865 1.13205 0.418162 1.11408 0.491837 1.12315 0.421564 1.105 0.49577 1.11408 0.42493 1.09603 0.499601 1.105 0.428211 1.08733 0.503276 1.09603 0.431358 1.07905 0.506742 1.08733 0.434325 1.07133 0.509949 1.07905 0.437071 1.06431 0.512853 1.07133 0.439557 1.05812 0.515414 1.06431 0.441747 1.05288 0.517581 1.05812 0.44359 1.04868 0.519241 1.05288 0.444958 1.04561 0.519913 1.04868 0.445339 1.04374 0.517376 1.04561 0.442606 0.428549 1.04314 0.502037 1.04374 1.04368 0.575703 1.04308 0.502037 1.04555 0.592137 1.04368 0.517376 1.04861 0.594454 1.04555 0.519913 1.0528 0.593503 1.04861 0.519241 1.05803 0.59156 1.0528 0.517581 1.06421 0.589071 1.05803 0.515414 1.07123 0.586141 1.06421 0.512853 1.07893 0.582818 1.07123 0.509949 1.08721 0.579149 1.07893 0.506742 1.09589 0.575185 1.08721 0.503276 1.10485 0.57098 1.09589 0.499601 1.11392 0.566597 1.10485 0.49577 1.12298 0.562099 1.11392 0.491837 1.13186 0.557554 1.12298 0.487865 1.14046 0.553035 1.13186 0.483914 1.14863 0.548614 1.14046 0.480049 1.15626 0.544365 1.14863 0.476335 1.16326 0.54036 1.15626 0.472835 1.16951 0.536672 1.16326 0.46961 1.17495 0.533367 1.16951 0.466722 1.17949 0.530508 1.17495 0.464222 1.18309 0.528149 1.17949 0.462161 1.18569 0.526338 1.18309 0.460577 1.18727 0.525109 1.18569 0.459503 1.18779 0.524488 1.18727 0.458961 1.18727 0.524488 1.18779 0.458961 1.18569 0.525109 1.18727 0.459503 1.18309 0.526338 1.18569 0.460577 1.17949 0.528149 1.18309 0.462161 1.17495 0.530508 1.17949 0.464222 1.16951 0.533367 1.17495 0.466722 1.16326 0.536672 1.16951 0.46961 1.15626 0.54036 1.16326 0.472835 1.14863 0.544365 1.15626 0.476335 1.14046 0.548614 1.14863 0.480049 1.13186 0.553035 1.14046 0.483914 1.12298 0.557554 1.13186 0.487865 1.11392 0.562099 1.12298 0.491837 1.10485 0.566597 1.11392 0.49577 1.09589 0.57098 1.10485 0.499601 1.08721 0.575185 1.09589 0.503276 1.07893 0.579149 1.08721 0.506742 1.07123 0.582818 1.07893 0.509949 1.06421 0.586141 1.07123 0.512853 1.05803 0.589071 1.06421 0.515414 1.0528 0.59156 1.05803 0.517581 1.04861 0.593503 1.0528 0.519241 1.04555 0.594454 1.04861 0.519913 1.04368 0.592137 1.04555 0.517376 0.502037 1.04308 0.575703 1.04368 1.04307 0.649473 1.04248 0.575703 1.04492 0.666842 1.04307 0.592137 1.04793 0.668921 1.04492 0.594454 1.05206 0.6677 1.04793 0.593503 1.05723 0.665474 1.05206 0.59156 1.06333 0.662659 1.05723 0.589071 1.07024 0.659351 1.06333 0.586141 1.07785 0.655601 1.07024 0.582818 1.08601 0.651462 1.07785 0.579149 1.09457 0.646991 1.08601 0.575185 1.10341 0.642251 1.09457 0.57098 1.11236 0.637309 1.10341 0.566597 1.12129 0.63224 1.11236 0.562099 1.13006 0.627119 1.12129 0.557554 1.13853 0.622027 1.13006 0.553035 1.14659 0.617046 1.13853 0.548614 1.15412 0.61226 1.14659 0.544365 1.16102 0.607751 1.15412 0.54036 1.16719 0.603598 1.16102 0.536672 1.17255 0.599877 1.16719 0.533367 1.17703 0.596657 1.17255 0.530508 1.18058 0.594002 1.17703 0.528149 1.18314 0.591963 1.18058 0.526338 1.18469 0.590579 1.18314 0.525109 1.18521 0.589881 1.18469 0.524488 1.18469 0.589881 1.18521 0.524488 1.18314 0.590579 1.18469 0.525109 1.18058 0.591963 1.18314 0.526338 1.17703 0.594002 1.18058 0.528149 1.17255 0.596657 1.17703 0.530508 1.16719 0.599877 1.17255 0.533367 1.16102 0.603598 1.16719 0.536672 1.15412 0.607751 1.16102 0.54036 1.14659 0.61226 1.15412 0.544365 1.13853 0.617046 1.14659 0.548614 1.13006 0.622027 1.13853 0.553035 1.12129 0.627119 1.13006 0.557554 1.11236 0.63224 1.12129 0.562099 1.10341 0.637309 1.11236 0.566597 1.09457 0.642251 1.10341 0.57098 1.08601 0.646991 1.09457 0.575185 1.07785 0.651462 1.08601 0.579149 1.07024 0.655601 1.07785 0.582818 1.06333 0.659351 1.07024 0.586141 1.05723 0.662659 1.06333 0.589071 1.05206 0.665474 1.05723 0.59156 1.04793 0.6677 1.05206 0.593503 1.04492 0.668921 1.04793 0.594454 1.04307 0.666842 1.04492 0.592137 0.575703 1.04248 0.649473 1.04307 0.723033 1.03739 0.649473 1.03792 0.741142 1.03792 0.666842 1.03955 0.742942 1.03955 0.668921 1.04221 0.741417 1.04221 0.6677 1.04586 0.738859 1.04586 0.665474 1.05041 0.735657 1.05041 0.662659 1.05579 0.731903 1.05579 0.659351 1.06188 0.727658 1.06188 0.655601 1.06858 0.722979 1.06858 0.651462 1.07575 0.717933 1.07575 0.646991 1.08329 0.712593 1.08329 0.642251 1.09105 0.707035 1.09105 0.637309 1.09891 0.701343 1.09891 0.63224 1.10675 0.695603 1.10675 0.627119 1.11443 0.689903 1.11443 0.622027 1.12186 0.684336 1.12186 0.617046 1.12892 0.678993 1.12892 0.61226 1.13551 0.673964 1.13551 0.607751 1.14155 0.669336 1.14155 0.603598 1.14694 0.665195 1.14694 0.599877 1.15163 0.661614 1.15163 0.596657 1.15555 0.658662 1.15555 0.594002 1.15864 0.656396 1.15864 0.591963 1.16089 0.65486 1.16089 0.590579 1.16224 0.654084 1.16224 0.589881 1.16269 0.654084 1.16269 0.589881 1.16224 0.65486 1.16224 0.590579 1.16089 0.656396 1.16089 0.591963 1.15864 0.658662 1.15864 0.594002 1.15555 0.661614 1.15555 0.596657 1.15163 0.665195 1.15163 0.599877 1.14694 0.669336 1.14694 0.603598 1.14155 0.673964 1.14155 0.607751 1.13551 0.678993 1.13551 0.61226 1.12892 0.684336 1.12892 0.617046 1.12186 0.689903 1.12186 0.622027 1.11443 0.695603 1.11443 0.627119 1.10675 0.701343 1.10675 0.63224 1.09891 0.707035 1.09891 0.637309 1.09105 0.712593 1.09105 0.642251 1.08329 0.717933 1.08329 0.646991 1.07575 0.722979 1.07575 0.651462 1.06858 0.727658 1.06858 0.655601 1.06188 0.731903 1.06188 0.659351 1.05579 0.735657 1.05579 0.662659 1.05041 0.738859 1.05041 0.665474 1.04586 0.741417 1.04586 0.6677 1.04221 0.742942 1.04221 0.668921 1.03955 0.741142 1.03955 0.666842 1.03792 0.649473 1.03739 0.723033 1.03792 
</DataArray>
<DataArray type="Float64" Name="wall variable 0" format="ascii">
0 5.62949e-23 2.50713e-23 0 6.17171e-22 2.79385e-22 5.32737e-24 0 6.44509e-21 3.23967e-21 5.62949e-23 0 6.35649e-20 3.59927e-20 6.17171e-22 0 5.87517e-19 3.78361e-19 6.44509e-21 0 5.10797e-18 3.66689e-18 6.35649e-20 0 3.60248e-17 3.89509e-17 5.87517e-19 0 2.41137e-16 2.75434e-16 5.10797e-18 0 1.53268e-15 1.84804e-15 3.60248e-17 0 9.22534e-15 1.17785e-14 2.41137e-16 0 5.24221e-14 7.11262e-14 1.53268e-15 0 2.80232e-13 4.05745e-13 9.22534e-15 0 1.40344e-12 2.17913e-12 5.24221e-14 0 6.55223e-12 1.09725e-11 2.80232e-13 0 2.83494e-11 5.15206e-11 1.40344e-12 0 1.1293e-10 2.24103e-10 6.55223e-12 0 4.11344e-10 8.96907e-10 2.83494e-11 0 1.35871e-09 3.28499e-09 1.1293e-10 0 4.01827e-09 1.09453e-08 4.11344e-10 0 1.04762e-08 3.27112e-08 1.35871e-09 0 2.35878e-08 8.63349e-08 4.01828e-09 0 4.4583e-08 1.97125e-07 1.04763e-08 0 6.79963e-08 3.78247e-07 2.35881e-08 0 7.94534e-08 5.85052e-07 4.45837e-08 0 6.79972e-08 6.88848e-07 6.79972e-08 0 4.45837e-08 5.85052e-07 7.94534e-08 0 2.35881e-08 3.78247e-07 6.79963e-08 0 1.04763e-08 1.97125e-07 4.4583e-08 0 4.01828e-09 8.63349e-08 2.35878e-08 0 1.3587e-09 3.27111e-08 1.04762e-08 0 4.11291e-10 1.0945e-08 4.01827e-09 0 1.12846e-10 3.28387e-09 1.3587e-09 0 2.84337e-11 8.95038e-10 4.11291e-10 0 6.60473e-12 2.25972e-10 1.12846e-10 0 1.41801e-12 5.26463e-11 2.84337e-11 0 2.82912e-13 1.12771e-11 6.60473e-12 0 5.27955e-14 2.23406e-12 1.41801e-12 0 9.26749e-15 4.13269e-13 2.82912e-13 0 1.5367e-15 7.19633e-14 5.27955e-14 0 2.41469e-16 1.18573e-14 9.26749e-15 0 3.60508e-17 1.85448e-15 1.5367e-15 0 5.12541e-18 2.75912e-16 2.41469e-16 0 6.93526e-19 3.91232e-17 3.60508e-17 0 7.68468e-20 5.2796e-18 5.12541e-18 0 8.00715e-21 4.79395e-19 6.93526e-19 0 7.83514e-22 4.74607e-20 7.68468e-20 0 7.25542e-23 4.35578e-21 8.00715e-21 0 6.41013e-24 3.79297e-22 7.83514e-22 0 5.87087e-25 3.1701e-23 7.25542e-23 0 0 2.7551e-24 6.41013e-24 0 5.32737e-24 2.79385e-22 1.18904e-22 0 5.62949e-23 3.23967e-21 1.3889e-21 2.50713e-23 6.17171e-22 3.59927e-20 1.69948e-20 2.79385e-22 6.44509e-21 3.78361e-19 2.02383e-19 3.23967e-21 6.35649e-20 3.66689e-18 2.35096e-18 3.59927e-20 5.87517e-19 3.89509e-17 1.84325e-17 3.78361e-19 5.10797e-18 2.75434e-16 1.37744e-16 3.66689e-18 3.60248e-17 1.84804e-15 9.75556e-16 3.89509e-17 2.41137e-16 1.17785e-14 6.58337e-15 2.75434e-16 1.53268e-15 7.11262e-14 4.22507e-14 1.84804e-15 9.22534e-15 4.05745e-13 2.57326e-13 1.17785e-14 5.24221e-14 2.17913e-12 1.48388e-12 7.11262e-14 2.80232e-13 1.09725e-11 8.07792e-12 4.05745e-13 1.40344e-12 5.15206e-11 4.13211e-11 2.17913e-12 6.55223e-12 2.24103e-10 1.97105e-10 1.09725e-11 2.83494e-11 8.96907e-10 8.6755e-10 5.15206e-11 1.1293e-10 3.285e-09 3.4921e-09 2.24103e-10 4.11344e-10 1.09453e-08 1.28698e-08 8.96909e-10 1.35872e-09 3.27113e-08 4.36986e-08 3.28501e-09 4.01833e-09 8.63358e-08 1.33707e-07 1.09455e-08 1.04767e-08 1.97131e-07 3.62699e-07 3.27124e-08 2.35899e-08 3.78274e-07 8.54326e-07 8.63427e-08 4.45905e-08 5.85138e-07 1.69523e-06 1.97159e-07 6.8014e-08 6.89014e-07 2.70582e-06 3.78346e-07 7.94773e-08 5.85227e-07 3.242e-06 5.85227e-07 6.8014e-08 3.78346e-07 2.70582e-06 6.89014e-07 4.45905e-08 1.97159e-07 1.69523e-06 5.85138e-07 2.35899e-08 8.63427e-08 8.54326e-07 3.78274e-07 1.04767e-08 3.27124e-08 3.62699e-07 1.97131e-07 4.01833e-09 1.09452e-08 1.33706e-07 8.63358e-08 1.3587e-09 3.28388e-09 4.36938e-08 3.27112e-08 4.11292e-10 8.95039e-10 1.28514e-08 1.0945e-08 1.12846e-10 2.25973e-10 3.45997e-09 3.28387e-09 2.84337e-11 5.26463e-11 8.99683e-10 8.95038e-10 6.60473e-12 1.12771e-11 2.15533e-10 2.25972e-10 1.41801e-12 2.23406e-12 4.61356e-11 5.26463e-11 2.82912e-13 4.13269e-13 8.92142e-12 1.12771e-11 5.27955e-14 7.19633e-14 1.59671e-12 2.23406e-12 9.26749e-15 1.18573e-14 2.69629e-13 4.13269e-13 1.5367e-15 1.85448e-15 4.33883e-14 7.19633e-14 2.41469e-16 2.75912e-16 6.67497e-15 1.18573e-14 3.60508e-17 3.91232e-17 9.82104e-16 1.85448e-15 5.12541e-18 5.2796e-18 1.38189e-16 2.75912e-16 6.93526e-19 4.79395e-19 1.86002e-17 3.91232e-17 7.68468e-20 4.74607e-20 2.38033e-18 5.2796e-18 8.00715e-21 4.35578e-21 2.91031e-19 4.79395e-19 7.83514e-22 3.79297e-22 2.4256e-20 4.74607e-20 7.25542e-23 3.1701e-23 1.97403e-21 4.35578e-21 6.41013e-24 2.7551e-24 1.56543e-22 3.79297e-22 5.87087e-25 0 1.29942e-23 3.1701e-23 1.3889e-21 4.81334e-22 0 2.50713e-23 1.69948e-20 5.81591e-21 1.18904e-22 2.79385e-22 2.02383e-19 7.33508e-20 1.3889e-21 3.23967e-21 2.35096e-18 8.91887e-19 1.69948e-20 3.59927e-20 1.84325e-17 7.32614e-18 2.02383e-19 3.78361e-19 1.37744e-16 5.70756e-17 2.35096e-18 3.66689e-18 9.75556e-16 4.25563e-16 1.84325e-17 3.89509e-17 6.58337e-15 3.03239e-15 1.37744e-16 2.75434e-16 4.22507e-14 2.06256e-14 9.75556e-16 1.84804e-15 2.57326e-13 1.33789e-13 6.58337e-15 1.17785e-14 1.48388e-12 8.27338e-13 4.22507e-14 7.11262e-14 8.07792e-12 4.87709e-12 2.57326e-13 4.05745e-13 4.13211e-11 2.73634e-11 1.48388e-12 2.17913e-12 1.97105e-10 1.45113e-10 8.07792e-12 1.09725e-11 8.6755e-10 7.15235e-10 4.13211e-11 5.15206e-11 3.4921e-09 3.19065e-09 1.97105e-10 2.24103e-10 1.28698e-08 1.26167e-08 8.67552e-10 8.96909e-10 4.36987e-08 4.52127e-08 3.49212e-09 3.28501e-09 1.33708e-07 1.56502e-07 1.28701e-08 1.09455e-08 3.62706e-07 4.93057e-07 4.37012e-08 3.27132e-08 8.5439e-07 1.38504e-06 1.33728e-07 8.63496e-08 1.6956e-06 3.39749e-06 3.62833e-07 1.97204e-07 2.70719e-06 7.05108e-06 8.54945e-07 3.78551e-07 3.24504e-06 1.17559e-05 1.69713e-06 5.85806e-07 2.70925e-06 1.44538e-05 2.70925e-06 6.89915e-07 1.69713e-06 1.17559e-05 3.24504e-06 5.85806e-07 8.54945e-07 7.05108e-06 2.70719e-06 3.78551e-07 3.62833e-07 3.39749e-06 1.6956e-06 1.97204e-07 1.33727e-07 1.38504e-06 8.5439e-07 8.63495e-08 4.36964e-08 4.93046e-07 3.62706e-07 3.27131e-08 1.28516e-08 1.56433e-07 1.33707e-07 1.09452e-08 3.45999e-09 4.49367e-08 4.36939e-08 3.28389e-09 8.99685e-10 1.21053e-08 1.28514e-08 8.95039e-10 2.15533e-10 3.70205e-09 3.45997e-09 2.25973e-10 4.61356e-11 9.91099e-10 8.99683e-10 5.26463e-11 8.92142e-12 2.14128e-10 2.15533e-10 1.12771e-11 1.59671e-12 3.90454e-11 4.61356e-11 2.23406e-12 2.69629e-13 6.39616e-12 8.92142e-12 4.13269e-13 4.33883e-14 9.89109e-13 1.59671e-12 7.19633e-14 6.67497e-15 1.48451e-13 2.69629e-13 1.18573e-14 9.82104e-16 2.1786e-14 4.33883e-14 1.85448e-15 1.38189e-16 3.11408e-15 6.67497e-15 2.75912e-16 1.86002e-17 4.30752e-16 9.82104e-16 3.91232e-17 2.38033e-18 5.73882e-17 1.38189e-16 5.2796e-18 2.91031e-19 7.34628e-18 1.86002e-17 4.79395e-19 2.4256e-20 9.03086e-19 2.38033e-18 4.74607e-20 1.97403e-21 1.05601e-19 2.91031e-19 4.35578e-21 1.56543e-22 8.4251e-21 2.4256e-20 3.79297e-22 1.29942e-23 6.49289e-22 1.97403e-21 3.1701e-23 2.7551e-24 0 5.21939e-23 1.56543e-22 5.81591e-21 1.65889e-21 0 1.18904e-22 7.33508e-20 2.10626e-20 4.81334e-22 1.3889e-21 8.91887e-19 2.84478e-19 5.81591e-21 1.69948e-20 7.32614e-18 2.44707e-18 7.33508e-20 2.02383e-19 5.70756e-17 1.99671e-17 8.91887e-19 2.35096e-18 4.25563e-16 1.56277e-16 7.32614e-18 1.84325e-17 3.03239e-15 1.17249e-15 5.70756e-17 1.37744e-16 2.06256e-14 8.42872e-15 4.25563e-16 9.75556e-16 1.33789e-13 5.81067e-14 3.03239e-15 6.58337e-15 8.27338e-13 3.85359e-13 2.06256e-14 4.22507e-14 4.87709e-12 2.4731e-12 1.33789e-13 2.57326e-13 2.73634e-11 1.54611e-11 8.27338e-13 1.48388e-12 1.45113e-10 9.41727e-11 4.87709e-12 8.07792e-12 7.15235e-10 5.4883e-10 2.73634e-11 4.13211e-11 3.19065e-09 2.92662e-09 1.45113e-10 1.97105e-10 1.26167e-08 1.33344e-08 7.15236e-10 8.67551e-10 4.52126e-08 4.84496e-08 3.19067e-09 3.49212e-09 1.56502e-07 1.46248e-07 1.2617e-08 1.28701e-08 4.93062e-07 5.09154e-07 4.52158e-08 4.37017e-08 1.38512e-06 1.66019e-06 1.56536e-07 1.33737e-07 3.39831e-06 4.87002e-06 4.93357e-07 3.62927e-07 7.05656e-06 1.25813e-05 1.38708e-06 8.55656e-07 1.17794e-05 2.77085e-05 3.4077e-06 1.70074e-06 1.4511e-05 4.90663e-05 7.0853e-06 2.72056e-06 1.18219e-05 6.26799e-05 1.18219e-05 3.26379e-06 7.0853e-06 4.90663e-05 1.4511e-05 2.72056e-06 3.4077e-06 2.77085e-05 1.17794e-05 1.70074e-06 1.38708e-06 1.25813e-05 7.05656e-06 8.55656e-07 4.93345e-07 4.87e-06 3.39831e-06 3.62927e-07 1.56467e-07 1.66005e-06 1.38512e-06 1.33736e-07 4.49398e-08 5.08266e-07 4.93051e-07 4.36969e-08 1.21056e-08 1.42503e-07 1.56433e-07 1.28517e-08 3.70207e-09 4.09428e-08 4.49367e-08 3.45998e-09 9.911e-10 2.08408e-08 1.21053e-08 8.99685e-10 2.14128e-10 6.67062e-09 3.70205e-09 2.15533e-10 3.90454e-11 1.43605e-09 9.91099e-10 4.61356e-11 6.39616e-12 2.38155e-10 2.14128e-10 8.92142e-12 9.89109e-13 3.35594e-11 3.90454e-11 1.59671e-12 1.48451e-13 4.34733e-12 6.39616e-12 2.69629e-13 2.1786e-14 5.51299e-13 9.89109e-13 4.33883e-14 3.11408e-15 7.09814e-14 1.48451e-13 6.67497e-15 4.30752e-16 9.31966e-15 2.1786e-14 9.82104e-16 5.73882e-17 1.22822e-15 3.11408e-15 1.38189e-16 7.34628e-18 1.59461e-16 4.30752e-16 1.86002e-17 9.03086e-19 2.0135e-17 5.73882e-17 2.38033e-18 1.05601e-19 2.45644e-18 7.34628e-18 2.91031e-19 8.4251e-21 2.88707e-19 9.03086e-19 2.4256e-20 6.49289e-22 3.2294e-20 1.05601e-19 1.97403e-21 5.21939e-23 2.33089e-21 8.4251e-21 1.56543e-22 1.29942e-23 0 1.78629e-22 6.49289e-22 2.10626e-20 4.34992e-21 0 4.81334e-22 2.84478e-19 5.34731e-20 1.65889e-21 5.81591e-21 2.44707e-18 6.83788e-19 2.10626e-20 7.33508e-20 1.99671e-17 5.84726e-18 2.84478e-19 8.91887e-19 1.56277e-16 4.79267e-17 2.44707e-18 7.32614e-18 1.17249e-15 3.77576e-16 1.99671e-17 5.70756e-17 8.42872e-15 2.8612e-15 1.56277e-16 4.25563e-16 5.81067e-14 2.09258e-14 1.17249e-15 3.03239e-15 3.85359e-13 1.48974e-13 8.42872e-15 2.06256e-14 2.4731e-12 1.0489e-12 5.81067e-14 1.33789e-13 1.54611e-11 7.45779e-12 3.85359e-13 8.27338e-13 9.41727e-11 5.42038e-11 2.4731e-12 4.87709e-12 5.4883e-10 3.9582e-10 1.54611e-11 2.73634e-11 2.92662e-09 2.74991e-09 9.41727e-11 1.45113e-10 1.33344e-08 1.67394e-08 5.48831e-10 7.15235e-10 4.84495e-08 8.01746e-08 2.92664e-09 3.19067e-09 1.46248e-07 2.57457e-07 1.33347e-08 1.2617e-08 5.0915e-07 4.55496e-07 4.84531e-08 4.52155e-08 1.6602e-06 1.49274e-06 1.46282e-07 1.56537e-07 4.87062e-06 5.05437e-06 5.09526e-07 4.93422e-07 1.25897e-05 1.56468e-05 1.66373e-06 1.38808e-06 2.77782e-05 4.3233e-05 4.8965e-06 3.41686e-06 4.94228e-05 0.000103251 1.27287e-05 7.1399e-06 6.36716e-05 0.000199444 2.8264e-05 1.20185e-05 5.0245e-05 0.000270218 5.0245e-05 1.48678e-05 2.8264e-05 0.000199444 6.36716e-05 1.20185e-05 1.27287e-05 0.000103251 4.94228e-05 7.1399e-06 4.89648e-06 4.3233e-05 2.77782e-05 3.41686e-06 1.66358e-06 1.56466e-05 1.25897e-05 1.38808e-06 5.08637e-07 5.05282e-06 4.87061e-06 4.93411e-07 1.42535e-07 1.48266e-06 1.66006e-06 1.56468e-07 4.09455e-08 4.09955e-07 5.08262e-07 4.49395e-08 2.08413e-08 1.56249e-07 1.42503e-07 1.21055e-08 6.67067e-09 1.81379e-07 4.09428e-08 3.70207e-09 1.43605e-09 6.22647e-08 2.08408e-08 9.911e-10 2.38155e-10 1.28144e-08 6.67062e-09 2.14128e-10 3.35594e-11 1.9456e-09 1.43605e-09 3.90454e-11 4.34733e-12 2.41114e-10 2.38155e-10 6.39616e-12 5.51299e-13 2.61773e-11 3.35594e-11 9.89109e-13 7.09814e-14 2.66119e-12 4.34733e-12 1.48451e-13 9.31966e-15 2.71208e-13 5.51299e-13 2.1786e-14 1.22822e-15 2.922e-14 7.09814e-14 3.11408e-15 1.59461e-16 3.37128e-15 9.31966e-15 4.30752e-16 2.0135e-17 4.06287e-16 1.22822e-15 5.73882e-17 2.45644e-18 4.94177e-17 1.59461e-16 7.34628e-18 2.88707e-19 5.91944e-18 2.0135e-17 9.03086e-19 3.2294e-20 6.89376e-19 2.45644e-18 1.05601e-19 2.33089e-21 7.74066e-20 2.88707e-19 8.4251e-21 1.78629e-22 5.88194e-21 3.2294e-20 6.49289e-22 5.21939e-23 0 4.64993e-22 2.33089e-21 5.34731e-20 1.19407e-20 0 1.65889e-21 6.83788e-19 1.5698e-19 4.34992e-21 2.10626e-20 5.84726e-18 1.41708e-18 5.34731e-20 2.84478e-19 4.79267e-17 1.21355e-17 6.83788e-19 2.44707e-18 3.77576e-16 1.00117e-16 5.84726e-18 1.99671e-17 2.8612e-15 7.97458e-16 4.79267e-17 1.56277e-16 2.09258e-14 6.17255e-15 3.77576e-16 1.17249e-15 1.48974e-13 4.71512e-14 2.8612e-15 8.42872e-15 1.0489e-12 3.65923e-13 2.09258e-14 5.81067e-14 7.45779e-12 2.99584e-12 1.48974e-13 3.85359e-13 5.42038e-11 2.64036e-11 1.0489e-12 2.4731e-12 3.9582e-10 2.43946e-10 7.45779e-12 1.54611e-11 2.74991e-09 2.2109e-09 5.42038e-11 9.41727e-11 1.67394e-08 1.81946e-08 3.95821e-10 5.4883e-10 8.01745e-08 1.25601e-07 2.74992e-09 2.92664e-09 2.57457e-07 6.5535e-07 1.67399e-08 1.33347e-08 4.55497e-07 2.08742e-06 8.01827e-08 4.84533e-08 1.49267e-06 1.58518e-06 2.5752e-07 1.46275e-07 5.05396e-06 3.92145e-06 4.55816e-07 5.09481e-07 1.5648e-05 1.36986e-05 1.49606e-06 1.66387e-06 4.32926e-05 4.53516e-05 5.08874e-06 4.9037e-06 0.000103966 0.000137107 1.59352e-05 1.28221e-05 0.000204153 0.000368306 4.50742e-05 2.8966e-05 0.000285961 0.000814692 0.000111321 5.33126e-05 0.000219012 0.00121377 0.000219012 7.00077e-05 0.000111321 0.000814692 0.000285961 5.33126e-05 4.50741e-05 0.000368305 0.000204153 2.8966e-05 1.5935e-05 0.000137107 0.000103966 1.28221e-05 5.08716e-06 4.535e-05 4.32926e-05 4.90368e-06 1.48595e-06 1.36843e-05 1.56479e-05 1.66372e-06 4.10228e-07 3.82282e-06 5.0524e-06 5.08592e-07 1.56282e-07 1.09716e-06 1.48259e-06 1.42528e-07 1.81392e-07 8.38623e-07 4.0995e-07 4.09449e-08 6.22685e-08 1.90408e-06 1.56253e-07 2.08419e-08 1.28146e-08 6.13382e-07 1.8138e-07 6.67073e-09 1.9456e-09 1.16607e-07 6.22647e-08 1.43605e-09 2.41114e-10 1.63848e-08 1.28144e-08 2.38155e-10 2.61773e-11 1.86798e-09 1.9456e-09 3.35594e-11 2.66119e-12 1.82595e-10 2.41114e-10 4.34733e-12 2.71208e-13 1.60144e-11 2.61773e-11 5.51299e-13 2.922e-14 1.32656e-12 2.66119e-12 7.09814e-14 3.37128e-15 1.10874e-13 2.71208e-13 9.31966e-15 4.06287e-16 1.00166e-14 2.922e-14 1.22822e-15 4.94177e-17 1.01028e-15 3.37128e-15 1.59461e-16 5.91944e-18 1.1101e-16 4.06287e-16 2.0135e-17 6.89376e-19 1.26543e-17 4.94177e-17 2.45644e-18 7.74066e-20 1.44059e-18 5.91944e-18 2.88707e-19 5.88194e-21 1.60474e-19 6.89376e-19 3.2294e-20 4.64993e-22 1.70929e-20 7.74066e-20 2.33089e-21 1.78629e-22 0 1.2666e-21 5.88194e-21 1.5698e-19 2.13392e-20 0 4.34992e-21 1.41708e-18 2.79646e-19 1.19407e-20 5.34731e-20 1.21355e-17 2.50389e-18 1.5698e-19 6.83788e-19 1.00117e-16 2.15677e-17 1.41708e-18 5.84726e-18 7.97458e-16 1.7992e-16 1.21355e-17 4.79267e-17 6.17255e-15 1.4671e-15 1.00117e-16 3.77576e-16 4.71512e-14 1.19561e-14 7.97458e-16 2.8612e-15 3.65923e-13 1.01571e-13 6.17255e-15 2.09258e-14 2.99584e-12 9.48198e-13 4.71512e-14 1.48974e-13 2.64036e-11 9.93872e-12 3.65923e-13 1.0489e-12 2.43946e-10 1.12174e-10 2.99584e-12 7.45779e-12 2.2109e-09 1.26308e-09 2.64036e-11 5.42038e-11 1.81946e-08 1.32363e-08 2.43946e-10 3.9582e-10 1.25601e-07 1.22143e-07 2.21091e-09 2.74992e-09 6.55353e-07 9.38489e-07 1.81952e-08 1.67399e-08 2.08759e-06 5.50758e-06 1.25627e-07 8.01897e-08 1.5857e-06 1.9951e-05 6.5585e-07 2.57625e-07 3.92084e-06 7.48124e-06 2.08896e-06 4.55738e-07 1.36909e-05 9.33118e-06 1.58844e-06 1.49516e-06 4.53108e-05 3.22546e-05 3.94522e-06 5.08384e-06 0.000137228 0.000116024 1.39641e-05 1.595e-05 0.000373419 0.000397601 4.79072e-05 4.57294e-05 0.000865507 0.00128127 0.00015635 0.000118564 0.00143241 0.00350597 0.000469835 0.000260504 0.00110819 0.00595387 0.00110819 0.000389712 0.000469835 0.00350597 0.00143241 0.000260504 0.00015635 0.00128127 0.000865507 0.000118564 4.79053e-05 0.0003976 0.000373419 4.57294e-05 1.39493e-05 0.000116012 0.000137228 1.59498e-05 3.84561e-06 3.21474e-05 4.5309e-05 5.08226e-06 1.09911e-06 8.52919e-06 1.36765e-05 1.48504e-06 8.39141e-07 2.99214e-06 3.822e-06 4.1013e-07 1.90459e-06 5.88491e-06 1.09717e-06 1.56286e-07 6.1379e-07 1.95723e-05 8.39052e-07 1.81495e-07 1.1663e-07 5.42373e-06 1.90429e-06 6.22763e-08 1.63854e-08 9.20953e-07 6.13389e-07 1.28148e-08 1.86799e-09 1.18679e-07 1.16607e-07 1.9456e-09 1.82595e-10 1.25896e-08 1.63848e-08 2.41114e-10 1.60144e-11 1.14879e-09 1.86798e-09 2.61773e-11 1.32656e-12 9.30166e-11 1.82595e-10 2.66119e-12 1.10874e-13 6.88697e-12 1.60144e-11 2.71208e-13 1.00166e-14 4.85336e-13 1.32656e-12 2.922e-14 1.01028e-15 3.46049e-14 1.10874e-13 3.37128e-15 1.1101e-16 2.6979e-15 1.00166e-14 4.06287e-16 1.26543e-17 2.41922e-16 1.01028e-15 4.94177e-17 1.44059e-18 2.44793e-17 1.1101e-16 5.91944e-18 1.60474e-19 2.6321e-18 1.26543e-17 6.89376e-19 1.70929e-20 2.86019e-19 1.44059e-18 7.74066e-20 1.2666e-21 3.04796e-20 1.60474e-19 5.88194e-21 4.64993e-22 0 2.26046e-21 1.70929e-20 2.79646e-19 3.15344e-20 0 1.19407e-20 2.50389e-18 4.1395e-19 2.13392e-20 1.5698e-19 2.15677e-17 3.72173e-18 2.79646e-19 1.41708e-18 1.7992e-16 3.23554e-17 2.50389e-18 1.21355e-17 1.4671e-15 2.75607e-16 2.15677e-17 1.00117e-16 1.19561e-14 2.35933e-15 1.7992e-16 7.97458e-16 1.01571e-13 2.13465e-14 1.4671e-15 6.17255e-15 9.48198e-13 2.17945e-13 1.19561e-14 4.71512e-14 9.93872e-12 2.58003e-12 1.01571e-13 3.65923e-13 1.12174e-10 3.37052e-11 9.48198e-13 2.99584e-12 1.26308e-09 4.47292e-10 9.93872e-12 2.64036e-11 1.32363e-08 5.64599e-09 1.12174e-10 2.43946e-10 1.22142e-07 6.49557e-08 1.26308e-09 2.21091e-09 9.38486e-07 6.59501e-07 1.32367e-08 1.81952e-08 5.50791e-06 5.70101e-06 1.22178e-07 1.25636e-07 1.99702e-05 3.94765e-05 9.4031e-07 6.56587e-07 7.52669e-06 0.000184863 5.55025e-06 2.10311e-06 9.33151e-06 4.2973e-05 1.99979e-05 1.58875e-06 3.218e-05 2.10388e-05 7.5201e-06 3.93534e-06 0.000115341 6.32759e-05 9.46725e-06 1.3877e-05 0.000394055 0.000250655 3.3798e-05 4.74606e-05 0.0012916 0.00102016 0.000133352 0.000157658 0.00386468 0.00424351 0.000554309 0.000520353 0.0081462 0.014323 0.00230273 0.00155617 0.00716371 0.025344 0.00716371 0.00296272 0.00230273 0.014323 0.0081462 0.00155617 0.000554307 0.0042435 0.00386468 0.000520353 0.000133337 0.00102016 0.0012916 0.000157658 3.36821e-05 0.00025059 0.000394054 4.74588e-05 8.64715e-06 6.26687e-05 0.000115328 1.38622e-05 3.00509e-06 1.59889e-05 3.20704e-05 3.83576e-06 5.89326e-06 9.28556e-06 8.52328e-06 1.09826e-06 1.95988e-05 4.01257e-05 2.99474e-06 8.402e-07 5.46474e-06 0.000184186 5.92672e-06 1.91861e-06 9.22706e-07 3.93371e-05 1.95926e-05 6.14549e-07 1.18713e-07 5.67275e-06 5.42416e-06 1.1664e-07 1.259e-08 6.54012e-07 9.20953e-07 1.63854e-08 1.14879e-09 6.39438e-08 1.18679e-07 1.86798e-09 9.30166e-11 5.46899e-09 1.25896e-08 1.82595e-10 6.88697e-12 4.17876e-10 1.14879e-09 1.60144e-11 4.85336e-13 2.90528e-11 9.30166e-11 1.32656e-12 3.46049e-14 1.87867e-12 6.88697e-12 1.10874e-13 2.6979e-15 1.16997e-13 4.85336e-13 1.00166e-14 2.41922e-16 7.45234e-15 3.46049e-14 1.01028e-15 2.44793e-17 5.27773e-16 2.6979e-15 1.1101e-16 2.6321e-18 4.4023e-17 2.41922e-16 1.26543e-17 2.86019e-19 4.22855e-18 2.44793e-17 1.44059e-18 3.04796e-20 4.36025e-19 2.6321e-18 1.60474e-19 2.26046e-21 4.548e-20 2.86019e-19 1.70929e-20 1.2666e-21 0 3.34835e-21 3.04796e-20 4.1395e-19 3.85323e-20 0 2.13392e-20 3.72173e-18 5.06761e-19 3.15344e-20 2.79646e-19 3.23554e-17 4.57838e-18 4.1395e-19 2.50389e-18 2.75607e-16 4.0266e-17 3.72173e-18 2.15677e-17 2.35933e-15 3.52915e-16 3.23554e-17 1.7992e-16 2.13465e-14 3.22688e-15 2.75607e-16 1.4671e-15 2.17945e-13 3.31065e-14 2.35933e-15 1.19561e-14 2.58003e-12 4.02112e-13 2.13465e-14 1.01571e-13 3.37052e-11 5.61546e-12 2.17945e-13 9.48198e-13 4.47292e-10 8.2757e-11 2.58003e-12 9.93872e-12 5.64599e-09 1.19546e-09 3.37052e-11 1.12174e-10 6.49556e-08 1.62101e-08 4.47293e-10 1.26308e-09 6.59491e-07 2.01483e-07 5.64609e-09 1.32365e-08 5.70054e-06 2.26165e-06 6.49689e-08 1.22167e-07 3.94772e-05 2.26803e-05 6.60816e-07 9.40335e-07 0.000185993 0.000202083 5.78852e-06 5.59166e-06 4.61412e-05 0.00158119 4.25653e-05 2.15225e-05 2.11733e-05 0.000207257 0.000186418 7.59228e-06 6.284e-05 4.45163e-05 4.33858e-05 9.39489e-06 0.000245029 9.56744e-05 2.16719e-05 3.30008e-05 0.000968409 0.000413219 6.93975e-05 0.000126332 0.00398635 0.00202227 0.000330593 0.000519228 0.0148735 0.0103801 0.00190093 0.00240264 0.0346539 0.035279 0.0114602 0.0104621 0.0394716 0.0597618 0.0394716 0.0234643 0.0114602 0.035279 0.0346539 0.0104621 0.00190092 0.0103801 0.0148735 0.00240264 0.000330494 0.00202224 0.00398635 0.000519226 6.86936e-05 0.000412994 0.0009684 0.000126318 1.64129e-05 9.35101e-05 0.000244953 3.28876e-05 9.36673e-06 2.38854e-05 6.21978e-05 8.57774e-06 4.02187e-05 2.76074e-05 1.59659e-05 3.00024e-06 0.000185435 0.000203027 9.39004e-06 5.97375e-06 4.24052e-05 0.00157987 4.32138e-05 2.11214e-05 5.75953e-06 0.000201891 0.000185342 5.50678e-06 6.5531e-07 2.2644e-05 3.93392e-05 9.22769e-07 6.39567e-08 2.25467e-06 5.67232e-06 1.18702e-07 5.46909e-09 2.00206e-07 6.54003e-07 1.25898e-08 4.17876e-10 1.59879e-08 6.39437e-08 1.14879e-09 2.90528e-11 1.15871e-09 5.46899e-09 9.30166e-11 1.87867e-12 7.69683e-11 4.17876e-10 6.88697e-12 1.16997e-13 4.7459e-12 2.90528e-11 4.85336e-13 7.45234e-15 2.77335e-13 1.87867e-12 3.46049e-14 5.27773e-16 1.59772e-14 1.16997e-13 2.6979e-15 4.4023e-17 9.73938e-16 7.45234e-15 2.41922e-16 4.22855e-18 6.86053e-17 5.27773e-16 2.44793e-17 4.36025e-19 5.79473e-18 4.4023e-17 2.6321e-18 4.548e-20 5.57635e-19 4.22855e-18 2.86019e-19 3.34835e-21 5.64504e-20 4.36025e-19 3.04796e-20 2.26046e-21 0 4.11358e-21 4.548e-20 0 0 3.15344e-20 5.06761e-19 0 3.85323e-20 4.1395e-19 4.57838e-18 0 5.06761e-19 3.72173e-18 4.0266e-17 0 4.57838e-18 3.23554e-17 3.52915e-16 0 4.0266e-17 2.75607e-16 3.22688e-15 0 3.52915e-16 2.35933e-15 3.31065e-14 0 3.22688e-15 2.13465e-14 4.02112e-13 0 3.31065e-14 2.17945e-13 5.61546e-12 0 4.02112e-13 2.58003e-12 8.2757e-11 0 5.61546e-12 3.37052e-11 1.19546e-09 0 8.2757e-11 4.47292e-10 1.62101e-08 0 1.19547e-09 5.64601e-09 2.01481e-07 0 1.62112e-08 6.49599e-08 2.26137e-06 0 2.01655e-07 6.60044e-07 2.2658e-05 0 2.28318e-06 5.754e-06 0.000201092 0 2.47645e-05 4.30573e-05 0.0015958 0 0.000429036 0.000393547 0.000436923 0 0.00160033 4.67986e-05 4.72674e-05 0 0.000209028 2.1322e-05 9.43403e-05 0 4.67169e-05 6.52283e-05 0.000389575 0 0.000110462 0.000281916 0.00173705 0 0.000631778 0.00147704 0.00825005 0 0.00496001 0.00965648 0.0307721 0 0.0330996 0.0465969 0.0676748 0 0.0928835 0.0926902 0.0928835 0 0.0676748 0.0465969 0.0330996 0 0.0307721 0.00965647 0.00495994 0 0.00825005 0.00147703 0.000631375 0 0.00173701 0.000281834 0.000107778 0 0.000389279 6.45736e-05 2.48701e-05 0 9.18976e-05 1.6108e-05 2.7955e-05 0 2.38752e-05 9.37253e-06 0.000202656 0 2.98638e-05 4.37515e-05 0.00159584 0 0.000430419 0.00039238 0.000428647 0 0.00159488 4.29081e-05 2.47238e-05 0 0.000200914 5.72551e-06 2.27612e-06 0 2.26219e-05 6.54551e-07 2.00376e-07 0 2.25441e-06 6.39479e-08 1.59889e-08 0 2.00204e-07 5.46902e-09 1.15871e-09 0 1.59878e-08 4.17876e-10 7.69683e-11 0 1.15871e-09 2.90528e-11 4.7459e-12 0 7.69683e-11 1.87867e-12 2.77335e-13 0 4.7459e-12 1.16997e-13 1.59772e-14 0 2.77335e-13 7.45234e-15 9.73938e-16 0 1.59772e-14 5.27773e-16 6.86053e-17 0 9.73938e-16 4.4023e-17 5.79473e-18 0 6.86053e-17 4.22855e-18 5.57635e-19 0 5.79473e-18 4.36025e-19 5.64504e-20 0 5.57635e-19 4.548e-20 4.11358e-21 3.34835e-21 0 0 5.64504e-20 
</DataArray>
<DataArray type="Float64" Name="wall variable 1" format="ascii">
0 0.203947 0.203947 0 0.203947 0.203947 0.203947 0 0.203947 0.203947 0.203947 0 0.203947 0.203947 0.203947 0 0.203947 0.203947 0.203947 0 0.203947 0.203947 0.203947 0 0.203947 0.203947 0.203947 0 0.203947 0.203947 0.203947 0 0.203947 0.203947 0.203947 0 0.203947 0.203947 0.203947 0 0.203947 0.203947 0.203947 0 0.203947 0.203947 0.203947 0 0.203947 0.203947 0.203947 0 0.203947 0.203947 0.203947 0 0.203947 0.203947 0.203947 0 0.203947 0.203947 0.203947 0 0.203947 0.203947 0.203947 0 0.203947 0.203947 0.203947 0 0.203947 0.203947 0.203947 0 0.203947 0.203947 0.203947 0 0.203947 0.203947 0.203947 0 0.203947 0.203947 0.203947 0 0.203947 0.203947 0.203947 0 0.203947 0.203947 0.203947 0 0.203947 0.203947 0.203947 0 0.203947 0.203947 0.203947 0 0.203947 0.203947 0.203947 0 0.203947 0.203947 0.203947 0 0.203947 0.203947 0.203947 0 0.203947 0.203947 0.203947 0 0.203947 0.203947 0.203947 0 0.203947 0.203947 0.203947 0 0.203947 0.203947 0.203947 0 0.203947 0.203947 0.203947 0 0.203947 0.203947 0.203947 0 0.203947 0.203947 0.203947 0 0.203947 0.203947 0.203947 0 0.203947 0.203947 0.203947 0 0.203947 0.203947 0.203947 0 0.203947 0.203947 0.203947 0 0.203947 0.203947 0.203947 0 0.203947 0.203947 0.203947 0 0.203947 0.203947 0.203947 0 0.203947 0.203947 0.203947 0 0.203947 0.203947 0.203947 0 0.203947 0.203947 0.203947 0 0.203947 0.203947 0.203947 0 0.203947 0.203947 0.203947 0 0.203947 0.203947 0.203947 0 0 0.203947 0.203947 0 0.203947 0.203947 0.203947 0 0.203947 0.203947 0.203947 0.203947 0.203947 0.203947 0.203947 0.203947 0.203947 0.203947 0.203947 0.203947 0.203947 0.203947 0.203947 0.203947 0.203947 0.203947 0.203947 0.203947 0.203947 0.203947 0.203947 0.203947 0.203947 0.203947 0.203947 0.203947 0.203947 0.203947 0.203947 0.203947 0.203947 0.203947 0.203947 0.203947 0.203947 0.203947 0.203947 0.203947 0.203947 0.203947 0.203947 0.203947 0.203947 0.203947 0.203947 0.203947 0.203947 0.203947 0.203947 0.203947 0.203947 0.203947 0.203947 0.203947 0.203947 0.203947 0.203947 0.203947 0.203947 0.203947 0.203947 0.203947 0.203947 0.203947 0.203947 0.203947 0.203947 0.203947 0.203947 0.203947 0.203947 0.203947 0.203947 0.203947 0.203947 0.203947 0.203947 0.203947 0.203947 0.203947 0.203947 0.203947 0.203947 0.203947 0.203947 0.203947 0.203947 0.203947 0.203947 0.203947 0.203947 0.203947 0.203947 0.203947 0.203947 0.203947 0.203947 0.203947 0.203947 0.203947 0.203947 0.203947 0.203947 0.203947 0.203947 0.203947 0.203947 0.203947 0.203947 0.203947 0.203947 0.203947 0.203947 0.203947 0.203947 0.203947 0.203947 0.203947 0.203947 0.203947 0.203947 0.203947 0.203947 0.203947 0.203947 0.203947 0.203947 0.203947 0.203947 0.203947 0.203947 0.203947 0.203947 0.203947 0.203947 0.203947 0.203947 0.203947 0.203947 0.203947 0.203947 0.203947 0.203947 0.203947 0.203947 0.203947 0.203947 0.203947 0.203947 0.203947 0.203947 0.203947 0.203947 0.203947 0.203947 0.203947 0.203947 0.203947 0.203947 0.203947 0.203947 0.203947 0.203947 0.203947 0.203947 0.203947 0.203947 0.203947 0.203947 0.203947 0.203947 0.203947 0.203947 0.203947 0.203947 0.203947 0.203947 0.203947 0.203947 0.203947 0.203947 0.203947 0.203947 0.203947 0.203947 0.203947 0.203947 0.203947 0.203947 0.203947 0.203947 0 0.203947 0.203947 0.203947 0.203947 0 0.203947 0.203947 0.203947 0.203947 0.203947 0.203947 0.203947 0.203947 0.203947 0.203947 0.203947 0.203947 0.203947 0.203947 0.203947 0.203947 0.203947 0.203947 0.203947 0.203947 0.203947 0.203947 0.203947 0.203947 0.203947 0.203947 0.203947 0.203947 0.203947 0.203947 0.203947 0.203947 0.203947 0.203947 0.203947 0.203947 0.203947 0.203947 0.203947 0.203947 0.203947 0.203947 0.203947 0.203947 0.203947 0.203947 0.203947 0.203947 0.203947 0.203947 0.203947 0.203947 0.203947 0.203947 0.203947 0.203947 0.203947 0.203947 0.203947 0.203947 0.203947 0.203947 0.203947 0.203947 0.203947 0.203947 0.203947 0.203947 0.203947 0.203947 0.203947 0.203947 0.203947 0.203947 0.203947 0.203947 0.203947 0.203947 0.203947 0.203947 0.203947 0.203947 0.203947 0.203947 0.203947 0.203947 0.203947 0.203947 0.203947 0.203947 0.203947 0.203947 0.203947 0.203947 0.203947 0.203947 0.203947 0.203947 0.203947 0.203947 0.203947 0.203947 0.203947 0.203947 0.203947 0.203947 0.203947 0.203947 0.203947 0.203947 0.203947 0.203947 0.203947 0.203947 0.203947 0.203947 0.203947 0.203947 0.203947 0.203947 0.203947 0.203947 0.203947 0.203947 0.203947 0.203947 0.203947 0.203947 0.203947 0.203947 0.203947 0.203947 0.203947 0.203947 0.203947 0.203947 0.203947 0.203947 0.203947 0.203947 0.203947 0.203947 0.203947 0.203947 0.203947 0.203947 0.203947 0.203947 0.203947 0.203947 0.203947 0.203947 0.203947 0.203947 0.203947 0.203947 0.203947 0.203947 0.203947 0.203947 0.203947 0.203947 0.203947 0.203947 0.203947 0.203947 0.203947 0.203947 0.203947 0.203947 0.203947 0.203947 0.203947 0.203947 0.203947 0.203947 0.203947 0.203947 0.203947 0.203947 0.203947 0.203947 0.203947 0.203947 0.203947 0.203947 0.203947 0.203947 0.203947 0.203947 0.203947 0.203947 0.203947 0.203947 0 0.203947 0.203947 0.203947 0.203947 0 0.203947 0.203947 0.203947 0.203947 0.203947 0.203947 0.203947 0.203947 0.203947 0.203947 0.203947 0.203947 0.203947 0.203947 0.203947 0.203947 0.203947 0.203947 0.203947 0.203947 0.203947 0.203947 0.203947 0.203947 0.203947 0.203947 0.203947 0.203947 0.203947 0.203947 0.203947 0.203947 0.203947 0.203947 0.203947 0.203947 0.203947 0.203947 0.203947 0.203947 0.203947 0.203947 0.203947 0.203947 0.203947 0.203947 0.203947 0.203947 0.203947 0.203947 0.203947 0.203947 0.203947 0.203947 0.203947 0.203947 0.203947 0.203947 0.203947 0.203947 0.203947 0.203947 0.203947 0.203947 0.203947 0.203947 0.203947 0.203947 0.203947 0.203947 0.203947 0.203947 0.203947 0.203947 0.203947 0.203947 0.203947 0.203947 0.203947 0.203947 0.203947 0.203947 0.203947 0.203947 0.203947 0.203947 0.203947 0.203947 0.203947 0.203947 0.203947 0.203947 0.203947 0.203947 0.203947 0.203947 0.203947 0.203947 0.203947 0.203947 0.203947 0.203947 0.203947 0.203947 0.203947 0.203947 0.203947 0.203947 0.203947 0.203947 0.203947 0.203947 0.203947 0.203947 0.203947 0.203947 0.203947 0.203947 0.203947 0.203947 0.203947 0.203947 0.203947 0.203947 0.203947 0.203947 0.203947 0.203947 0.203947 0.203947 0.203947 0.203947 0.203947 0.203947 0.203947 0.203947 0.203947 0.203947 0.203947 0.203947 0.203947 0.203947 0.203947 0.203947 0.203947 0.203947 0.203947 0.203947 0.203947 0.203947 0.203947 0.203947 0.203947 0.203947 0.203947 0.203947 0.203947 0.203947 0.203947 0.203947 0.203947 0.203947 0.203947 0.203947 0.203947 0.203947 0.203947 0.203947 0.203947 0.203947 0.203947 0.203947 0.203947 0.203947 0.203947 0.203947 0.203947 0.203947 0.203947 0.203947 0.203947 0.203947 0.203947 0.203947 0.203947 0.203947 0.203947 0.203947 0.203947 0.203947 0.203947 0.203947 0.203947 0.203947 0 0.203947 0.203947 0.203947 0.203947 0 0.203947 0.203947 0.203947 0.203947 0.203947 0.203947 0.203947 0.203947 0.203947 0.203947 0.203947 0.203947 0.203947 0.203947 0.203947 0.203947 0.203947 0.203947 0.203947 0.203947 0.203947 0.203947 0.203947 0.203947 0.203947 0.203947 0.203947 0.203947 0.203947 0.203947 0.203947 0.203947 0.203947 0.203947 0.203947 0.203947 0.203947 0.203947 0.203947 0.203947 0.203947 0.203947 0.203947 0.203947 0.203947 0.203947 0.203947 0.203947 0.203947 0.203947 0.203947 0.203947 0.203947 0.203947 0.203947 0.203947 0.203947 0.203947 0.203947 0.203947 0.203947 0.203947 0.203947 0.203947 0.203947 0.203947 0.203947 0.203947 0.203947 0.203947 0.203947 0.203947 0.203947 0.203947 0.203947 0.203947 0.203947 0.203947 0.203947 0.203947 0.203947 0.203947 0.203947 0.203947 0.203947 0.203947 0.203947 0.203947 0.203947 0.203947 0.203947 0.203947 0.203947 0.203947 0.203947 0.203947 0.203947 0.203947 0.203947 0.203947 0.203947 0.203947 0.203947 0.203947 0.203947 0.203947 0.203947 0.203947 0.203947 0.203947 0.203947 0.203947 0.203947 0.203947 0.203947 0.203947 0.203947 0.203947 0.203947 0.203947 0.203947 0.203947 0.203947 0.203947 0.203947 0.203947 0.203947 0.203947 0.203947 0.203947 0.203947 0.203947 0.203947 0.203947 0.203947 0.203947 0.203947 0.203947 0.203947 0.203947 0.203947 0.203947 0.203947 0.203947 0.203947 0.203947 0.203947 0.203947 0.203947 0.203947 0.203947 0.203947 0.203947 0.203947 0.203947 0.203947 0.203947 0.203947 0.203947 0.203947 0.203947 0.203947 0.203947 0.203947 0.203947 0.203947 0.203947 0.203947 0.203947 0.203947 0.203947 0.203947 0.203947 0.203947 0.203947 0.203947 0.203947 0.203947 0.203947 0.203947 0.203947 0.203947 0.203947 0.203947 0.203947 0.203947 0.203947 0.203947 0.203947 0.203947 0.203947 0.203947 0.203947 0.203947 0 0.203947 0.203947 0.203947 0.203947 0 0.203947 0.203947 0.203947 0.203947 0.203947 0.203947 0.203947 0.203947 0.203947 0.203947 0.203947 0.203947 0.203947 0.203947 0.203947 0.203947 0.203947 0.203947 0.203947 0.203947 0.203947 0.203947 0.203947 0.203947 0.203947 0.203947 0.203947 0.203947 0.203947 0.203947 0.203947 0.203947 0.203947 0.203947 0.203947 0.203947 0.203947 0.203947 0.203947 0.203947 0.203947 0.203947 0.203947 0.203947 0.203947 0.203947 0.203947 0.203947 0.203947 0.203947 0.203947 0.203947 0.203947 0.203947 0.203947 0.203947 0.203947 0.203947 0.203947 0.203947 0.203947 0.203947 0.203947 0.203947 0.203947 0.203947 0.203947 0.203947 0.203947 0.203947 0.203947 0.203947 0.203947 0.203947 0.203947 0.203947 0.203947 0.203947 0.203947 0.203947 0.203947 0.203947 0.203947 0.203947 0.203947 0.203947 0.203947 0.203947 0.203947 0.203947 0.203947 0.203947 0.203947 0.203947 0.203947 0.203947 0.203947 0.203947 0.203947 0.203947 0.203947 0.203947 0.203947 0.203947 0.203947 0.203947 0.203947 0.203947 0.203947 0.203947 0.203947 0.203947 0.203947 0.203947 0.203947 0.203947 0.203947 0.203947 0.203947 0.203947 0.203947 0.203947 0.203947 0.203947 0.203947 0.203947 0.203947 0.203947 0.203947 0.203947 0.203947 0.203947 0.203947 0.203947 0.203947 0.203947 0.203947 0.203947 0.203947 0.203947 0.203947 0.203947 0.203947 0.203947 0.203947 0.203947 0.203947 0.203947 0.203947 0.203947 0.203947 0.203947 0.203947 0.203947 0.203947 0.203947 0.203947 0.203947 0.203947 0.203947 0.203947 0.203947 0.203947 0.203947 0.203947 0.203947 0.203947 0.203947 0.203947 0.203947 0.203947 0.203947 0.203947 0.203947 0.203947 0.203947 0.203947 0.203947 0.203947 0.203947 0.203947 0.203947 0.203947 0.203947 0.203947 0.203947 0.203947 0.203947 0.203947 0.203947 0.203947 0.203947 0.203947 0.203947 0 0.203947 0.203947 0.203947 0.203947 0 0.203947 0.203947 0.203947 0.203947 0.203947 0.203947 0.203947 0.203947 0.203947 0.203947 0.203947 0.203947 0.203947 0.203947 0.203947 0.203947 0.203947 0.203947 0.203947 0.203947 0.203947 0.203947 0.203947 0.203947 0.203947 0.203947 0.203947 0.203947 0.203947 0.203947 0.203947 0.203947 0.203947 0.203947 0.203947 0.203947 0.203947 0.203947 0.203947 0.203947 0.203947 0.203947 0.203947 0.203947 0.203947 0.203947 0.203947 0.203947 0.203947 0.203947 0.203947 0.203947 0.203947 0.203947 0.203947 0.203947 0.203947 0.203947 0.203947 0.203947 0.203947 0.203947 0.203947 0.203947 0.203947 0.203947 0.203947 0.203947 0.203947 0.203947 0.203947 0.203947 0.203947 0.203947 0.203947 0.203947 0.203947 0.203947 0.203947 0.203947 0.203947 0.203947 0.203947 0.203947 0.203947 0.203947 0.203947 0.203947 0.203947 0.203947 0.203948 0.203947 0.203947 0.203947 0.203949 0.203947 0.203947 0.203947 0.203948 0.203947 0.203947 0.203947 0.203947 0.203947 0.203947 0.203947 0.203947 0.203947 0.203947 0.203947 0.203947 0.203947 0.203947 0.203947 0.203947 0.203947 0.203947 0.203947 0.203947 0.203947 0.203947 0.203947 0.203947 0.203947 0.203947 0.203947 0.203947 0.203947 0.203947 0.203947 0.203947 0.203947 0.203947 0.203947 0.203947 0.203947 0.203947 0.203947 0.203947 0.203947 0.203947 0.203947 0.203947 0.203947 0.203947 0.203947 0.203947 0.203947 0.203947 0.203947 0.203947 0.203947 0.203947 0.203947 0.203947 0.203947 0.203947 0.203947 0.203947 0.203947 0.203947 0.203947 0.203947 0.203947 0.203947 0.203947 0.203947 0.203947 0.203947 0.203947 0.203947 0.203947 0.203947 0.203947 0.203947 0.203947 0.203947 0.203947 0.203947 0.203947 0.203947 0.203947 0.203947 0.203947 0.203947 0.203947 0.203947 0.203947 0.203947 0.203947 0.203947 0.203947 0.203947 0.203947 0 0.203947 0.203947 0.203947 0.203947 0 0.203947 0.203947 0.203947 0.203947 0.203947 0.203947 0.203947 0.203947 0.203947 0.203947 0.203947 0.203947 0.203947 0.203947 0.203947 0.203947 0.203947 0.203947 0.203947 0.203947 0.203947 0.203947 0.203947 0.203947 0.203947 0.203947 0.203947 0.203947 0.203947 0.203947 0.203947 0.203947 0.203947 0.203947 0.203947 0.203947 0.203947 0.203947 0.203947 0.203947 0.203947 0.203947 0.203947 0.203947 0.203947 0.203947 0.203947 0.203947 0.203947 0.203947 0.203947 0.203947 0.203947 0.203947 0.203947 0.203947 0.203947 0.203947 0.203947 0.203947 0.203947 0.203947 0.203947 0.203947 0.203947 0.203947 0.203947 0.203947 0.203947 0.203947 0.203947 0.203947 0.203947 0.203947 0.203947 0.203947 0.203947 0.203947 0.203947 0.203947 0.203947 0.203947 0.203947 0.203947 0.203947 0.203947 0.203948 0.203947 0.203947 0.203947 0.203954 0.203947 0.203948 0.203947 0.20397 0.203947 0.203949 0.203947 0.203954 0.203947 0.203948 0.203947 0.203948 0.203947 0.203947 0.203947 0.203947 0.203947 0.203947 0.203947 0.203947 0.203947 0.203947 0.203947 0.203947 0.203947 0.203947 0.203947 0.203947 0.203947 0.203947 0.203947 0.203947 0.203947 0.203947 0.203947 0.203947 0.203947 0.203947 0.203947 0.203947 0.203947 0.203947 0.203947 0.203947 0.203947 0.203947 0.203947 0.203947 0.203947 0.203947 0.203947 0.203947 0.203947 0.203947 0.203947 0.203947 0.203947 0.203947 0.203947 0.203947 0.203947 0.203947 0.203947 0.203947 0.203947 0.203947 0.203947 0.203947 0.203947 0.203947 0.203947 0.203947 0.203947 0.203947 0.203947 0.203947 0.203947 0.203947 0.203947 0.203947 0.203947 0.203947 0.203947 0.203947 0.203947 0.203947 0.203947 0.203947 0.203947 0.203947 0.203947 0.203947 0.203947 0.203947 0.203947 0.203947 0.203947 0.203947 0.203947 0.203947 0.203947 0.203947 0.203947 0 0.203947 0.203947 0.203947 0.203947 0 0.203947 0.203947 0.203947 0.203947 0.203947 0.203947 0.203947 0.203947 0.203947 0.203947 0.203947 0.203947 0.203947 0.203947 0.203947 0.203947 0.203947 0.203947 0.203947 0.203947 0.203947 0.203947 0.203947 0.203947 0.203947 0.203947 0.203947 0.203947 0.203947 0.203947 0.203947 0.203947 0.203947 0.203947 0.203947 0.203947 0.203947 0.203947 0.203947 0.203947 0.203947 0.203947 0.203947 0.203947 0.203947 0.203947 0.203947 0.203947 0.203947 0.203947 0.203947 0.203947 0.203947 0.203947 0.203947 0.203947 0.203947 0.203947 0.203947 0.203947 0.203947 0.203947 0.203948 0.203947 0.203947 0.203947 0.203947 0.203947 0.203947 0.203947 0.203947 0.203947 0.203947 0.203947 0.203947 0.203947 0.203947 0.203947 0.203947 0.203947 0.203947 0.203948 0.203947 0.203947 0.203947 0.203953 0.203948 0.203948 0.203948 0.203958 0.203972 0.203953 0.203954 0.203958 0.204131 0.203958 0.20397 0.203953 0.203972 0.203958 0.203954 0.203948 0.203948 0.203953 0.203948 0.203947 0.203947 0.203948 0.203947 0.203947 0.203947 0.203947 0.203947 0.203947 0.203947 0.203947 0.203947 0.203947 0.203947 0.203947 0.203947 0.203947 0.203947 0.203947 0.203947 0.203947 0.203947 0.203947 0.203947 0.203947 0.203948 0.203947 0.203947 0.203947 0.203947 0.203947 0.203947 0.203947 0.203947 0.203947 0.203947 0.203947 0.203947 0.203947 0.203947 0.203947 0.203947 0.203947 0.203947 0.203947 0.203947 0.203947 0.203947 0.203947 0.203947 0.203947 0.203947 0.203947 0.203947 0.203947 0.203947 0.203947 0.203947 0.203947 0.203947 0.203947 0.203947 0.203947 0.203947 0.203947 0.203947 0.203947 0.203947 0.203947 0.203947 0.203947 0.203947 0.203947 0.203947 0.203947 0.203947 0.203947 0.203947 0.203947 0.203947 0.203947 0.203947 0.203947 0.203947 0.203947 0.203947 0.203947 0.203947 0.203947 0 0.203947 0.203947 0 0 0.203947 0.203947 0 0.203947 0.203947 0.203947 0 0.203947 0.203947 0.203947 0 0.203947 0.203947 0.203947 0 0.203947 0.203947 0.203947 0 0.203947 0.203947 0.203947 0 0.203947 0.203947 0.203947 0 0.203947 0.203947 0.203947 0 0.203947 0.203947 0.203947 0 0.203947 0.203947 0.203947 0 0.203947 0.203947 0.203947 0 0.203947 0.203947 0.203947 0 0.203947 0.203947 0.203947 0 0.203947 0.203947 0.203947 0 0.203947 0.203947 0.203947 0 0.203947 0.203947 0.203948 0 0.203948 0.203948 0.203948 0 0.203948 0.203947 0.203947 0 0.203947 0.203947 0.203947 0 0.203947 0.203947 0.203947 0 0.203947 0.203947 0.203947 0 0.203947 0.203947 0.20395 0 0.20395 0.203948 0.203974 0 0.203974 0.203972 0.204081 0 0.204081 0.204131 0.204081 0 0.204081 0.203972 0.203974 0 0.203974 0.203948 0.20395 0 0.20395 0.203947 0.203947 0 0.203947 0.203947 0.203947 0 0.203947 0.203947 0.203947 0 0.203947 0.203947 0.203947 0 0.203947 0.203947 0.203947 0 0.203947 0.203947 0.203948 0 0.203948 0.203948 0.203948 0 0.203948 0.203947 0.203947 0 0.203947 0.203947 0.203947 0 0.203947 0.203947 0.203947 0 0.203947 0.203947 0.203947 0 0.203947 0.203947 0.203947 0 0.203947 0.203947 0.203947 0 0.203947 0.203947 0.203947 0 0.203947 0.203947 0.203947 0 0.203947 0.203947 0.203947 0 0.203947 0.203947 0.203947 0 0.203947 0.203947 0.203947 0 0.203947 0.203947 0.203947 0 0.203947 0.203947 0.203947 0 0.203947 0.203947 0.203947 0 0.203947 0.203947 0.203947 0.203947 0 0 0.203947 
</DataArray>
<DataArray type="Float64" Name="wall variable 2" format="ascii">
0 1.00913e-44 3.10501e-45 0 1.09823e-42 3.40357e-43 0 0 1.2743e-40 4.01504e-41 0 0 1.34284e-38 4.28157e-39 0 0 1.25629e-36 4.10804e-37 0 0 9.99645e-35 3.75977e-35 0 0 7.63102e-33 2.37053e-33 0 0 3.59664e-31 1.16825e-31 0 0 1.50958e-29 5.14811e-30 0 0 5.67408e-28 2.0093e-28 0 0 1.89879e-26 6.81535e-27 0 0 5.63024e-25 1.95898e-25 0 0 1.47618e-23 4.65291e-24 0 0 3.41874e-22 9.18246e-23 0 0 6.92817e-21 1.70351e-21 0 0 1.18997e-19 3.69696e-20 0 0 1.64653e-18 8.41548e-19 0 0 1.79485e-17 1.43374e-17 0 0 1.61623e-16 1.58916e-16 0 0 1.12857e-15 1.36178e-15 0 0 5.78499e-15 8.99477e-15 0 0 2.01609e-14 4.4166e-14 0 0 4.13212e-14 1.53579e-13 0 0 3.09881e-14 3.54888e-13 0 0 0 4.94263e-13 0 0 0 3.54888e-13 3.09881e-14 0 0 1.53579e-13 4.13212e-14 0 0 4.41661e-14 2.01609e-14 0 0 8.99486e-15 5.78497e-15 0 0 1.36201e-15 1.12852e-15 0 0 1.59308e-16 1.61524e-16 0 0 1.47231e-17 1.78451e-17 0 0 9.90204e-19 1.60839e-18 0 0 7.85798e-22 1.34696e-19 0 0 0 8.45864e-21 0 0 0 3.94031e-22 0 0 0 1.50953e-23 0 0 0 5.25105e-25 0 0 0 1.7195e-26 0 0 5.90434e-29 5.20737e-28 0 0 3.19926e-30 1.42271e-29 0 0 9.4425e-32 3.47156e-31 0 0 2.16087e-33 7.57706e-33 0 0 4.1959e-35 1.4731e-34 0 0 6.35509e-37 1.79701e-36 0 0 6.52546e-39 2.08964e-38 0 0 6.35156e-41 2.08049e-40 0 0 5.57254e-43 1.84564e-42 0 0 4.4314e-45 1.49097e-44 0 0 3.78528e-47 1.28255e-46 0 0 2.24435e-43 6.31369e-44 0 0 2.71988e-41 7.64024e-42 0 0 3.54615e-39 9.93927e-40 0 0 4.27635e-37 1.15346e-37 0 0 4.71867e-35 1.08802e-35 0 0 3.96675e-33 1.30892e-33 0 0 4.43393e-31 1.75235e-31 0 0 2.09619e-29 8.73793e-30 0 0 8.79888e-28 3.8305e-28 0 0 3.29958e-26 1.4691e-26 0 0 1.09913e-24 4.77271e-25 0 0 3.24805e-23 1.24348e-23 0 0 8.57851e-22 2.35492e-22 0 0 2.04987e-20 2.66938e-21 0 0 4.39562e-19 1.83754e-20 0 0 7.97132e-18 1.04355e-18 0 0 1.11215e-16 5.31169e-17 0 0 1.15738e-15 1.19315e-15 0 0 1.04822e-14 1.38834e-14 0 0 7.4537e-14 1.22865e-13 0 0 3.90799e-13 8.4085e-13 0 0 1.40011e-12 4.29474e-12 0 0 2.97455e-12 1.55469e-11 0 0 2.35522e-12 3.7169e-11 0 0 0 5.2653e-11 0 0 0 3.7169e-11 2.35522e-12 0 0 1.55469e-11 2.97455e-12 0 0 4.29474e-12 1.40011e-12 0 0 8.40863e-13 3.90796e-13 0 0 1.22897e-13 7.45286e-14 0 0 1.39386e-14 1.04666e-14 0 0 1.24798e-15 1.14098e-15 0 0 7.45707e-17 1.0508e-16 0 0 0 1.04486e-17 3.99805e-21 0 0 6.74084e-19 2.73331e-22 0 0 2.82998e-20 9.72989e-24 0 0 9.05211e-22 2.04397e-25 0 0 2.68943e-23 1.64282e-27 0 0 8.39821e-25 0 0 0 2.63338e-26 0 0 1.37314e-28 7.57243e-28 0 0 5.93734e-30 1.92034e-29 0 0 1.50731e-31 4.28799e-31 0 0 3.00297e-33 8.41897e-33 0 0 2.14086e-35 7.06832e-35 0 0 1.67134e-37 7.74479e-37 0 0 1.6715e-39 6.55788e-39 0 0 1.35742e-41 5.09324e-41 0 0 9.83293e-44 3.66737e-43 0 0 7.63239e-46 2.83725e-45 5.04548e-42 1.2453e-42 0 0 6.70666e-40 1.66864e-40 0 0 9.69727e-38 2.46284e-38 0 0 1.32263e-35 3.48787e-36 0 0 1.78296e-33 5.63762e-34 0 0 1.04271e-31 3.51916e-32 0 0 5.53458e-30 1.95764e-30 0 0 2.57841e-28 9.35865e-29 0 0 1.06974e-26 3.80013e-27 0 0 3.90766e-25 1.18588e-25 0 0 1.2472e-23 1.84401e-24 0 0 3.53132e-22 0 0 0 9.4753e-21 0 0 0 2.62118e-19 0 0 0 7.11845e-18 0 0 0 1.55265e-16 0 0 0 2.20263e-15 0 0 0 1.85558e-14 1.34743e-14 0 0 1.65594e-13 1.93592e-13 0 0 1.21981e-12 1.79816e-12 0 0 6.69602e-12 1.28012e-11 0 0 2.53695e-11 6.79855e-11 0 0 5.81072e-11 2.55402e-10 0 0 5.20715e-11 6.3474e-10 0 0 0 9.392e-10 0 0 0 6.3474e-10 5.20715e-11 0 0 2.55402e-10 5.81072e-11 0 0 6.79857e-11 2.53694e-11 0 0 1.28019e-11 6.69584e-12 0 0 1.79983e-12 1.21931e-12 0 0 1.96434e-13 1.64673e-13 0 0 1.63274e-14 1.7587e-14 0 0 2.46994e-16 1.83387e-15 0 0 0 2.98738e-16 4.11238e-18 0 0 2.01772e-17 7.67281e-19 0 0 6.90045e-19 4.64855e-20 0 0 1.2425e-20 1.66633e-21 1.99687e-25 0 8.16984e-23 3.97314e-23 0 0 0 6.11371e-25 0 0 6.91368e-26 3.37323e-27 0 0 4.86196e-27 0 0 0 1.75114e-28 0 0 8.49589e-31 4.58103e-30 0 0 2.70836e-32 9.78255e-32 0 0 5.24269e-34 1.75971e-33 0 0 8.24132e-36 2.81952e-35 0 0 4.88271e-38 1.97672e-37 0 0 3.28861e-40 1.36557e-39 0 0 2.11256e-42 8.90451e-42 0 0 0 1.48668e-44 6.30186e-44 8.24435e-41 1.77798e-41 0 0 1.1737e-38 2.53043e-39 0 0 1.81611e-36 3.82811e-37 0 0 2.69253e-34 6.92062e-35 0 0 1.75048e-32 4.73602e-33 0 0 9.96197e-31 2.78618e-31 0 0 5.08789e-29 1.42138e-29 0 0 2.28272e-27 5.72601e-28 0 0 8.67905e-26 1.18212e-26 0 0 2.61492e-24 0 0 0 5.47222e-23 0 0 0 6.34899e-22 0 0 7.55488e-23 1.75258e-20 0 0 7.7678e-21 2.10739e-18 0 0 3.54471e-19 1.22176e-16 0 0 1.00085e-17 3.62901e-15 0 0 1.63552e-16 5.26805e-14 0 0 8.89366e-16 2.69907e-13 1.89668e-14 0 0 2.10732e-12 1.94052e-12 0 0 1.59513e-11 1.97305e-11 0 0 9.19684e-11 1.46314e-10 0 0 3.70078e-10 7.9342e-10 0 0 9.31081e-10 2.91668e-09 0 0 1.01975e-09 6.81117e-09 0 0 0 1.03997e-08 0 0 0 6.81117e-09 1.01975e-09 0 0 2.91668e-09 9.31081e-10 0 0 7.93428e-10 3.70076e-10 0 0 1.46341e-10 9.19596e-11 0 0 1.97983e-11 1.5927e-11 0 0 2.05605e-12 2.06318e-12 0 0 1.36403e-13 2.23442e-13 0 0 0 3.46063e-14 0 0 0 1.03109e-14 4.2704e-16 0 0 7.29759e-16 4.76477e-17 0 0 2.36349e-17 2.6182e-18 7.36728e-21 0 2.71314e-19 9.31087e-20 3.99035e-22 0 0 2.36996e-21 9.21985e-24 0 0 4.51903e-23 1.27458e-25 0 0 6.48913e-25 7.22484e-28 0 0 6.47835e-27 0 0 0 2.19808e-29 0 0 1.6492e-29 0 0 5.18024e-35 6.66441e-31 0 0 2.74343e-33 1.48134e-32 0 0 5.99236e-35 2.60894e-34 0 0 9.02573e-37 3.84291e-36 0 0 4.85018e-39 2.47409e-38 0 0 3.09951e-41 1.52099e-40 0 0 0 2.0767e-43 1.01139e-42 9.72751e-40 1.82297e-40 0 0 1.51003e-37 3.02019e-38 0 0 2.86283e-35 5.70938e-36 0 0 2.04599e-33 4.25516e-34 0 0 1.27074e-31 2.69417e-32 0 0 7.01117e-30 1.42636e-30 0 0 3.29518e-28 5.03039e-29 0 0 1.17338e-26 0 0 0 1.7234e-25 0 0 0 0 0 0 7.16218e-25 0 0 1.54142e-23 1.09854e-22 0 0 1.6121e-21 8.2503e-21 0 0 8.06741e-20 4.36982e-19 1.5178e-17 0 2.02959e-18 1.69845e-17 3.14226e-15 0 0 4.69122e-16 1.06614e-13 0 0 8.38705e-15 1.54087e-12 0 0 7.47295e-14 4.43984e-12 0 0 0 2.28722e-11 1.27471e-11 0 0 1.69315e-10 1.67741e-10 0 0 1.00478e-09 1.26768e-09 0 0 4.10447e-09 6.07667e-09 0 0 1.09113e-08 8.97772e-09 0 0 1.70925e-08 0 0 0 0 0 0 0 0 0 1.70925e-08 0 0 8.97778e-09 1.09113e-08 0 0 6.07693e-09 4.10438e-09 0 0 1.26854e-09 1.00442e-09 0 0 1.69902e-10 1.68358e-10 0 0 1.64432e-11 2.116e-11 0 0 1.74934e-13 2.63232e-12 0 0 0 8.20285e-13 2.75954e-14 0 0 3.48767e-13 1.80802e-14 0 0 3.0777e-14 1.69799e-15 0 0 1.35946e-15 8.83691e-17 0 0 2.84075e-17 3.14295e-18 9.87042e-21 0 1.04251e-19 8.16827e-20 3.1566e-22 0 0 1.6166e-21 5.68068e-24 0 0 2.51283e-23 7.15685e-26 0 0 3.11263e-25 6.19641e-28 0 0 3.01087e-27 2.02944e-30 0 0 1.97422e-29 0 0 0 0 0 0 5.32841e-32 0 0 1.43905e-34 1.52633e-33 0 0 4.42585e-36 2.67393e-35 0 0 6.6078e-38 3.69084e-37 0 0 3.50523e-40 1.89317e-39 0 0 0 2.06273e-42 1.16791e-41 6.83692e-39 8.38355e-40 0 0 1.01416e-36 1.12391e-37 0 0 1.65978e-34 2.51129e-35 0 0 1.12906e-32 1.72097e-33 0 0 6.64903e-31 9.19032e-32 0 0 3.14216e-29 2.06706e-30 0 0 8.02831e-28 0 0 0 0 0 0 8.712e-28 0 0 4.85288e-26 3.849e-25 0 0 9.3792e-24 4.53453e-23 0 0 8.42812e-22 3.75799e-21 0 0 5.11046e-20 2.4137e-19 0 0 1.95635e-18 1.20694e-17 2.55924e-15 0 2.021e-17 4.57431e-16 1.56411e-13 0 0 1.25875e-14 3.81318e-12 0 0 2.36168e-13 4.26906e-11 0 0 2.50936e-12 8.89983e-11 0 0 3.63312e-12 2.28345e-10 5.43948e-13 0 0 1.39004e-09 1.02403e-09 0 0 7.37121e-09 7.01576e-09 0 0 1.61686e-08 0 0 0 0 0 0 0 9.10716e-08 0 2.91442e-08 5.8598e-08 0 0 0 1.566e-07 2.91448e-08 0 9.10715e-08 5.85979e-08 0 0 0 0 0 0 1.61655e-08 0 0 7.03708e-09 7.35976e-09 0 0 1.07592e-09 1.36043e-09 0 0 8.99838e-11 1.76136e-10 0 0 0 3.35263e-11 0 0 0 2.04193e-11 1.12097e-12 0 3.13145e-11 9.0768e-12 3.28117e-13 0 4.28502e-12 1.90142e-12 1.40366e-14 0 1.62852e-13 1.22253e-13 8.29986e-16 0 2.82491e-15 3.44207e-15 4.63821e-17 0 1.97241e-17 5.08694e-17 1.58187e-18 2.70124e-21 0 3.29442e-19 3.58867e-20 1.05248e-22 0 0 5.98987e-22 1.65678e-24 0 0 7.84694e-24 1.82821e-26 0 0 8.35315e-26 1.51216e-28 0 0 7.25794e-28 8.16035e-31 0 0 4.87497e-30 0 0 0 1.79174e-32 0 0 8.6469e-34 0 0 8.10498e-37 1.03501e-34 0 0 2.05751e-37 1.8885e-36 0 0 1.03563e-39 1.18458e-38 0 0 0 8.67701e-42 7.87235e-41 4.99386e-38 5.28303e-39 0 0 8.9569e-36 9.00604e-37 0 0 6.8527e-34 6.93583e-35 0 0 4.27541e-32 3.65835e-33 0 0 1.95244e-30 0 0 0 6.52067e-30 0 0 0 0 0 0 3.69038e-28 0 0 1.25186e-26 7.62873e-26 0 0 1.90477e-24 9.3843e-24 0 0 1.8903e-22 8.94177e-22 0 0 1.35429e-20 6.85306e-20 4.79438e-18 0 5.91915e-19 4.14536e-18 3.3227e-15 4.28581e-16 0 1.86775e-16 2.81683e-13 1.63458e-13 0 5.61673e-15 1.17114e-11 1.19939e-11 0 9.37512e-14 2.09399e-10 3.95107e-10 0 9.89211e-13 8.61081e-10 3.94749e-09 0 2.70647e-11 1.76858e-09 0 0 1.11088e-10 2.41019e-09 0 0 0 7.85724e-09 3.64998e-09 0 0 0 6.72676e-09 0 0 0 0 5.47438e-10 6.12317e-09 0 0 8.34692e-07 7.96537e-07 0 0 8.57646e-06 7.66628e-06 1.41773e-05 0 1.41773e-05 1.97971e-05 8.57648e-06 0 0 7.66628e-06 8.34776e-07 0 0 7.96535e-07 8.26015e-10 0 0 6.11636e-09 0 7.10259e-09 0 0 0 4.53099e-09 7.16817e-09 0 0 2.00252e-10 1.21263e-09 0 0 0 4.81726e-10 1.97529e-11 0 0 4.20548e-10 2.39013e-11 0 5.10409e-09 7.51729e-11 0 0 4.83812e-10 1.71438e-10 0 0 1.58491e-11 1.11882e-11 0 0 2.80437e-13 3.02693e-13 0 0 3.12413e-15 4.69077e-15 0 0 2.22755e-17 4.63261e-17 1.90389e-19 0 7.39171e-20 2.76625e-19 7.38165e-21 1.68323e-23 0 2.64192e-22 1.19254e-22 2.57711e-25 0 0 1.38043e-24 2.52362e-27 0 0 1.28197e-26 1.88796e-29 0 0 9.87795e-29 1.03528e-31 0 0 6.1967e-31 2.14301e-34 0 0 2.71931e-33 0 0 0 0 0 0 4.54091e-36 0 0 5.47771e-39 8.85442e-38 0 0 0 4.6221e-41 5.27197e-40 1.5768e-37 1.04253e-38 0 0 2.75153e-35 1.62439e-36 0 0 1.85114e-33 8.68874e-35 0 0 8.21588e-32 0 0 0 0 0 0 7.1686e-34 0 0 2.19004e-30 3.83643e-29 0 0 1.16477e-27 7.41832e-27 0 0 1.85792e-25 1.00812e-24 0 0 2.10346e-23 1.10512e-22 0 0 1.7377e-21 9.83965e-21 6.46331e-18 0 7.39464e-20 6.68143e-19 1.86588e-15 5.28061e-16 0 2.71368e-17 2.28773e-13 9.80883e-14 0 0 1.73604e-11 1.05923e-11 0 0 7.74907e-10 7.30218e-10 0 0 1.51559e-08 2.79641e-08 0 0 3.19462e-09 3.41088e-07 0 0 2.71921e-08 2.5369e-09 0 1.69549e-09 2.67359e-08 0 0 1.33164e-09 2.08983e-08 1.79734e-09 0 0 0 0 0 0 0 0 9.82298e-07 1.09077e-06 0 0 2.86503e-05 2.83512e-05 0 0 0.000319771 0.000291665 0.00079314 0 0.00079314 0.000862145 0.000319771 0 0 0.000291665 2.86519e-05 0 0 2.83512e-05 9.87032e-07 0 0 1.09063e-06 0 0 0 0 0 1.11525e-08 9.73017e-09 0 0 0 7.46789e-09 0 0 0 6.26363e-09 4.10472e-10 1.06008e-08 2.32721e-08 5.86524e-09 9.65423e-12 0 3.58935e-07 0 0 0 2.89476e-08 1.46564e-08 0 0 7.66154e-10 7.70399e-10 0 0 1.15701e-11 1.76835e-11 0 0 1.1895e-13 2.4598e-13 0 0 8.89335e-16 2.3498e-15 0 0 4.87237e-18 1.61537e-17 0 0 1.75056e-20 7.70589e-20 5.32018e-22 1.31873e-24 6.09185e-24 1.66998e-22 1.19803e-23 2.14851e-26 0 0 1.30389e-25 1.88562e-28 0 0 1.07776e-27 1.25839e-30 0 0 7.38139e-30 6.40502e-33 0 0 4.2147e-32 1.69696e-35 0 0 1.83554e-34 0 0 0 2.85715e-37 0 0 1.35486e-37 0 0 0 3.89022e-41 1.28987e-39 3.25862e-37 8.96612e-39 0 0 5.3286e-35 1.09846e-36 0 0 2.62849e-33 0 0 0 0 0 0 2.18168e-33 0 0 8.04023e-32 1.65201e-30 0 0 4.72667e-29 3.38205e-28 0 0 8.60818e-27 5.16124e-26 0 0 1.12991e-24 6.46623e-24 0 0 1.08674e-22 6.53088e-22 9.61763e-19 6.62883e-20 4.70302e-21 4.57756e-20 3.18689e-16 4.42779e-17 0 3.27525e-19 5.56139e-14 1.01345e-14 0 0 6.80753e-12 1.60833e-12 0 0 5.88112e-10 1.89937e-10 0 0 3.19329e-08 1.59839e-08 0 0 7.30211e-07 6.48724e-07 0 0 0 0 0 0 2.58668e-07 4.72361e-07 5.13521e-07 0 2.34338e-07 0 0 1.76067e-08 0 0 0 0 0 0 3.10363e-08 1.85917e-07 0 0 1.2731e-05 1.48247e-05 0 0 0.000390395 0.00041918 0 0 0.00433036 0.0043162 0.00877255 0 0.00877255 0.0105134 0.00433037 0 0 0.0043162 0.000390413 0 0 0.000419179 1.27789e-05 0 0 1.48228e-05 1.40908e-07 0 0 1.81716e-07 0 1.47319e-08 0 0 0 0 4.19706e-08 1.31835e-09 0 0 5.55019e-08 3.8967e-09 6.82836e-07 6.17462e-07 3.40906e-08 0 0 0 0 0 0 6.55037e-07 7.28592e-07 0 0 1.61443e-08 3.19453e-08 0 0 1.93648e-10 5.91292e-10 0 0 1.67996e-12 6.93962e-12 0 0 1.12916e-14 5.89885e-14 0 0 6.01022e-17 3.82504e-16 0 0 2.51645e-19 1.92005e-18 0 0 7.62911e-22 7.13759e-21 0 5.95876e-26 8.49643e-25 1.40092e-23 5.48896e-25 9.3053e-28 0 0 5.97867e-27 7.17561e-30 0 0 4.4647e-29 4.21499e-32 0 0 2.73004e-31 1.89935e-34 0 0 1.40587e-33 4.38406e-37 0 0 5.71669e-36 0 0 0 1.13534e-38 0 0 0 8.21031e-40 0 0 0 4.45613e-37 0 0 0 6.47897e-35 0 0 2.43032e-35 8.91289e-34 0 0 2.39975e-32 0 0 6.79046e-31 5.56246e-30 0 0 1.61778e-28 9.63506e-28 0 0 2.5556e-26 1.37705e-25 0 0 3.0284e-24 1.57286e-23 0 0 2.04912e-22 1.11492e-21 2.16731e-20 0 0 0 1.21524e-17 0 0 0 2.98664e-15 0 0 0 5.34987e-13 0 0 0 7.4444e-11 0 0 0 7.83382e-09 0 0 0 4.55532e-07 0 0 0 0 0 0.000103523 9.87776e-05 0.000106445 0 0 0 1.16146e-06 0 0 8.58929e-08 1.08071e-06 0 0 3.14723e-08 0 0 1.95311e-07 7.808e-07 0 0 5.61231e-05 6.65172e-05 0 0 0.00177057 0.00209134 0 0 0.0127024 0.0144805 0 0 0.0305774 0.0364971 0.0305774 0 0 0.0144805 0.0127025 0 0 0.00209133 0.00177066 0 0 6.65053e-05 5.63344e-05 0 0 7.59047e-07 6.93072e-07 0 0 0 0 0 1.533e-07 9.93887e-09 0 0 2.45186e-07 7.47228e-09 1.02562e-07 0 0 0 0 0 0.000104016 9.83361e-05 0.000103378 0 0 0 0 0 4.56312e-07 0 0 0 7.85068e-09 0 0 0 7.49516e-11 0 0 0 5.46605e-13 0 0 0 3.19343e-15 0 0 0 1.51385e-17 0 0 0 5.762e-20 0 0 0 1.62048e-22 0 0 0 1.74255e-25 9.70198e-27 1.80724e-27 0 0 1.03795e-28 1.87239e-29 0 0 6.96288e-31 1.20059e-31 0 0 3.79731e-33 6.01196e-34 0 0 1.74906e-35 2.18238e-36 0 0 6.34512e-38 2.91186e-39 9.34332e-41 0 0 0 
</DataArray>
</CellData>
</Piece>
</UnstructuredGrid>
</VTKFile>
