<VTKFile type="UnstructuredGrid" version="0.1">
<UnstructuredGrid>
<Piece  NumberOfPoints="    3719" NumberOfCells="    2866">
<Points>
<DataArray type="Float64" NumberOfComponents="3" format="ascii">
-0.177392 -10.7131 0 
-0.177454 -10.708 0 
-0.177567 -10.7017 0 
-0.177688 -10.694 0 
-0.177718 -10.6847 0 
-0.177502 -10.6739 0 
-0.176859 -10.6615 0 
-0.175601 -10.6475 0 
-0.173561 -10.6323 0 
-0.170609 -10.6161 0 
-0.166655 -10.5991 0 
-0.161653 -10.5817 0 
-0.15559 -10.5641 0 
-0.148482 -10.5468 0 
-0.140363 -10.5299 0 
-0.131281 -10.5137 0 
-0.121287 -10.4983 0 
-0.110435 -10.484 0 
-0.0987792 -10.4708 0 
-0.0863711 -10.459 0 
-0.0732641 -10.4486 0 
-0.0595174 -10.4399 0 
-0.0452049 -10.4329 0 
-0.0304237 -10.4277 0 
-0.0153023 -10.4246 0 
-6.45204e-07 -10.4236 0 
0.015301 -10.4246 0 
0.0304224 -10.4277 0 
0.0452036 -10.4329 0 
0.0595161 -10.4399 0 
0.0732628 -10.4486 0 
0.0863699 -10.459 0 
0.0987779 -10.4708 0 
0.110434 -10.484 0 
0.121285 -10.4983 0 
0.131279 -10.5137 0 
0.140362 -10.5299 0 
0.14848 -10.5468 0 
0.155589 -10.5641 0 
0.161652 -10.5817 0 
0.166654 -10.5991 0 
0.170608 -10.6161 0 
0.17356 -10.6323 0 
0.175599 -10.6475 0 
0.176858 -10.6615 0 
0.177501 -10.6739 0 
0.177716 -10.6847 0 
0.177687 -10.694 0 
0.177566 -10.7017 0 
0.177453 -10.708 0 
0.177391 -10.7131 0 
-1.28872 -10.6027 0 
-1.28371 -10.5084 0 
-1.27578 -10.3876 0 
-1.26414 -10.2485 0 
-1.2481 -10.0986 0 
-1.22727 -9.94373 0 
-1.20156 -9.78763 0 
-1.17105 -9.63282 0 
-1.13587 -9.48098 0 
-1.0962 -9.33325 0 
-1.05219 -9.19054 0 
-1.00401 -9.05358 0 
-0.951835 -8.923 0 
-0.895858 -8.79938 0 
-0.836273 -8.68323 0 
-0.773284 -8.57503 0 
-0.707094 -8.47521 0 
-0.637902 -8.38417 0 
-0.565897 -8.30229 0 
-0.491254 -8.22994 0 
-0.414138 -8.16749 0 
-0.334722 -8.11535 0 
-0.25322 -8.07401 0 
-0.16994 -8.04395 0 
-0.0853305 -8.02567 0 
-6.45204e-07 -8.01952 0 
0.0853292 -8.02567 0 
0.169939 -8.04395 0 
0.253219 -8.07401 0 
0.33472 -8.11535 0 
0.414136 -8.16749 0 
0.491252 -8.22994 0 
0.565896 -8.30229 0 
0.637901 -8.38417 0 
0.707093 -8.47521 0 
0.773283 -8.57503 0 
0.836272 -8.68323 0 
0.895857 -8.79938 0 
0.951833 -8.923 0 
1.00401 -9.05358 0 
1.05219 -9.19054 0 
1.0962 -9.33325 0 
1.13587 -9.48098 0 
1.17105 -9.63282 0 
1.20156 -9.78763 0 
1.22727 -9.94373 0 
1.2481 -10.0986 0 
1.26414 -10.2485 0 
1.27578 -10.3876 0 
1.28371 -10.5084 0 
1.28872 -10.6027 0 
-2.56632 -10.5431 0 
-2.55689 -10.3314 0 
-2.54037 -10.0583 0 
-2.51522 -9.75291 0 
-2.4806 -9.43431 0 
-2.43629 -9.11303 0 
-2.38239 -8.79471 0 
-2.31912 -8.4826 0 
-2.24677 -8.17881 0 
-2.16564 -7.8849 0 
-2.07607 -7.60221 0 
-1.9784 -7.33189 0 
-1.87302 -7.07501 0 
-1.76034 -6.83258 0 
-1.64079 -6.6055 0 
-1.5148 -6.39463 0 
-1.38281 -6.20075 0 
-1.24529 -6.02459 0 
-1.10266 -5.86679 0 
-0.955351 -5.728 0 
-0.803783 -5.60884 0 
-0.648384 -5.50993 0 
-0.489633 -5.43194 0 
-0.328117 -5.37555 0 
-0.164592 -5.34141 0 
-6.45204e-07 -5.32997 0 
0.164591 -5.34141 0 
0.328116 -5.37555 0 
0.489632 -5.43194 0 
0.648383 -5.50993 0 
0.803782 -5.60884 0 
0.955349 -5.728 0 
1.10266 -5.86679 0 
1.24529 -6.02459 0 
1.38281 -6.20075 0 
1.51479 -6.39463 0 
1.64079 -6.6055 0 
1.76034 -6.83258 0 
1.87302 -7.07501 0 
1.9784 -7.33189 0 
2.07607 -7.60221 0 
2.16564 -7.8849 0 
2.24677 -8.17881 0 
2.31912 -8.4826 0 
2.38239 -8.79471 0 
2.43629 -9.11303 0 
2.4806 -9.43431 0 
2.51522 -9.75291 0 
2.54037 -10.0583 0 
2.55689 -10.3314 0 
2.56632 -10.5431 0 
-3.85118 -10.5063 0 
-3.83846 -10.1639 0 
-3.81432 -9.72699 0 
-3.77651 -9.24962 0 
-3.72418 -8.76026 0 
-3.65724 -8.2719 0 
-3.57591 -7.7908 0 
-3.48053 -7.32049 0 
-3.3715 -6.86344 0 
-3.24926 -6.42169 0 
-3.11431 -5.99703 0 
-2.96717 -5.59117 0 
-2.80843 -5.20567 0 
-2.63871 -4.84201 0 
-2.45867 -4.50159 0 
-2.26898 -4.18569 0 
-2.07034 -3.8955 0 
-1.86346 -3.63211 0 
-1.64905 -3.39651 0 
-1.42782 -3.18964 0 
-1.20045 -3.01237 0 
-0.967677 -2.86558 0 
-0.73026 -2.75013 0 
-0.489093 -2.66685 0 
-0.245249 -2.61652 0 
-6.45204e-07 -2.59968 0 
0.245248 -2.61652 0 
0.489091 -2.66685 0 
0.730258 -2.75013 0 
0.967676 -2.86558 0 
1.20045 -3.01237 0 
1.42782 -3.18964 0 
1.64905 -3.39651 0 
1.86346 -3.63211 0 
2.07033 -3.8955 0 
2.26897 -4.18569 0 
2.45867 -4.50159 0 
2.63871 -4.84201 0 
2.80843 -5.20567 0 
2.96717 -5.59117 0 
3.1143 -5.99703 0 
3.24926 -6.42169 0 
3.3715 -6.86344 0 
3.48053 -7.32049 0 
3.57591 -7.7908 0 
3.65724 -8.2719 0 
3.72418 -8.76026 0 
3.77651 -9.24962 0 
3.81432 -9.72699 0 
3.83846 -10.1639 0 
3.85117 -10.5063 0 
-5.1372 -10.4802 0 
-5.1215 -9.99868 0 
-5.08988 -9.39273 0 
-5.03952 -8.74235 0 
-4.96958 -8.08267 0 
-4.88009 -7.42785 0 
-4.77139 -6.78434 0 
-4.64392 -6.15598 0 
-4.49822 -5.54565 0 
-4.33486 -4.95591 0 
-4.15451 -4.38909 0 
-3.95787 -3.84742 0 
-3.74572 -3.33301 0 
-3.51889 -2.84784 0 
-3.27827 -2.39377 0 
-3.02477 -1.97255 0 
-2.75934 -1.58577 0 
-2.48296 -1.23489 0 
-2.19661 -0.921265 0 
-1.90127 -0.646121 0 
-1.59793 -0.410611 0 
-1.2876 -0.21583 0 
-0.97134 -0.0628361 0 
-0.650361 0.0473681 0 
-0.326048 0.113906 0 
-6.45204e-07 0.13616 0 
0.326047 0.113906 0 
0.650359 0.0473681 0 
0.971339 -0.0628361 0 
1.2876 -0.21583 0 
1.59793 -0.410611 0 
1.90127 -0.646121 0 
2.19661 -0.921265 0 
2.48296 -1.23489 0 
2.75934 -1.58577 0 
3.02477 -1.97255 0 
3.27827 -2.39377 0 
3.51889 -2.84784 0 
3.74572 -3.33301 0 
3.95786 -3.84742 0 
4.15451 -4.38909 0 
4.33486 -4.95591 0 
4.49822 -5.54565 0 
4.64392 -6.15598 0 
4.77138 -6.78434 0 
4.88009 -7.42785 0 
4.96958 -8.08267 0 
5.03952 -8.74235 0 
5.08988 -9.39273 0 
5.1215 -9.99868 0 
5.1372 -10.4802 0 
-6.42339 -10.4604 0 
-6.40484 -9.83369 0 
-6.36576 -9.05635 0 
-6.30284 -8.23306 0 
-6.21529 -7.4037 0 
-6.10325 -6.58289 0 
-5.96717 -5.77726 0 
-5.80761 -4.99098 0 
-5.62523 -4.22743 0 
-5.42075 -3.4897 0 
-5.19498 -2.78069 0 
-4.94883 -2.10319 0 
-4.68325 -1.45983 0 
-4.3993 -0.853111 0 
-4.09808 -0.285369 0 
-3.78075 0.241214 0 
-3.44852 0.724623 0 
-3.10261 1.16301 0 
-2.74429 1.55469 0 
-2.37481 1.89812 0 
-1.99547 2.19188 0 
-1.60755 2.43465 0 
-1.21243 2.62518 0 
-0.811631 2.7623 0 
-0.406847 2.84504 0 
-6.45143e-07 2.8727 0 
0.406846 2.84504 0 
0.81163 2.7623 0 
1.21243 2.62518 0 
1.60755 2.43465 0 
1.99547 2.19188 0 
2.37481 1.89812 0 
2.74429 1.55469 0 
3.10261 1.16301 0 
3.44852 0.724623 0 
3.78075 0.241214 0 
4.09808 -0.285369 0 
4.3993 -0.853111 0 
4.68325 -1.45983 0 
4.94883 -2.10319 0 
5.19498 -2.78069 0 
5.42075 -3.4897 0 
5.62523 -4.22743 0 
5.80761 -4.99098 0 
5.96717 -5.77726 0 
6.10324 -6.58289 0 
6.21529 -7.4037 0 
6.30284 -8.23306 0 
6.36576 -9.05635 0 
6.40484 -9.83369 0 
6.42339 -10.4604 0 
-7.70955 -10.4448 0 
-7.68823 -9.66838 0 
-7.6417 -8.71846 0 
-7.56619 -7.72264 0 
-7.46101 -6.7241 0 
-7.32641 -5.73763 0 
-7.16296 -4.77005 0 
-6.97131 -3.82592 0 
-6.75225 -2.90918 0 
-6.50664 -2.02347 0 
-6.23546 -1.17229 0 
-5.93979 -0.358954 0 
-5.62078 0.413351 0 
-5.27971 1.14163 0 
-4.91789 1.82305 0 
-4.53673 2.45499 0 
-4.13768 3.03503 0 
-3.72224 3.56092 0 
-3.29194 4.03065 0 
-2.84832 4.44237 0 
-2.39297 4.79437 0 
-1.92746 5.08512 0 
-1.45349 5.31317 0 
-0.972876 5.47721 0 
-0.487632 5.57614 0 
-6.17706e-07 5.60921 0 
0.48763 5.57614 0 
0.972875 5.47721 0 
1.45349 5.31317 0 
1.92746 5.08512 0 
2.39297 4.79437 0 
2.84832 4.44237 0 
3.29193 4.03065 0 
3.72223 3.56092 0 
4.13767 3.03503 0 
4.53672 2.45499 0 
4.91789 1.82305 0 
5.27971 1.14163 0 
5.62078 0.413351 0 
5.93978 -0.358954 0 
6.23546 -1.17229 0 
6.50664 -2.02347 0 
6.75225 -2.90918 0 
6.97131 -3.82592 0 
7.16296 -4.77005 0 
7.32641 -5.73763 0 
7.46101 -6.7241 0 
7.56619 -7.72264 0 
7.64169 -8.71846 0 
7.68823 -9.66838 0 
7.70955 -10.4448 0 
-8.99545 -10.4322 0 
-8.97142 -9.50261 0 
-8.91744 -8.37953 0 
-8.82936 -7.21162 0 
-8.70654 -6.0443 0 
-8.5494 -4.8924 0 
-8.35856 -3.76298 0 
-8.13482 -2.66109 0 
-7.87907 -1.5912 0 
-7.59233 -0.557567 0 
-7.27574 0.43576 0 
-6.93055 1.38488 0 
-6.55812 2.2861 0 
-6.15993 3.1359 0 
-5.73752 3.93097 0 
-5.29253 4.66825 0 
-4.82667 5.34488 0 
-4.34171 5.95827 0 
-3.83944 6.50602 0 
-3.3217 6.98599 0 
-2.79035 7.39621 0 
-2.24728 7.73491 0 
-1.69447 8.00045 0 
-1.13407 8.19137 0 
-0.568391 8.30648 0 
9.84315e-06 8.34495 0 
0.568391 8.30647 0 
1.13406 8.19137 0 
1.69447 8.00045 0 
2.24728 7.73491 0 
2.79035 7.39621 0 
3.3217 6.98599 0 
3.83944 6.50602 0 
4.34171 5.95827 0 
4.82667 5.34488 0 
5.29253 4.66825 0 
5.73751 3.93097 0 
6.15993 3.1359 0 
6.55812 2.2861 0 
6.93055 1.38489 0 
7.27574 0.435759 0 
7.59233 -0.557566 0 
7.87907 -1.5912 0 
8.13482 -2.66109 0 
8.35856 -3.76298 0 
8.5494 -4.8924 0 
8.70654 -6.0443 0 
8.82936 -7.21162 0 
8.91744 -8.37953 0 
8.97142 -9.50261 0 
8.99545 -10.4322 0 
-10.2798 -10.4217 0 
-10.2532 -9.33649 0 
-10.1919 -8.0403 0 
-10.0912 -6.70089 0 
-9.95069 -5.36531 0 
-9.77095 -4.04838 0 
-9.55269 -2.75746 0 
-9.2968 -1.49813 0 
-9.00434 -0.275418 0 
-8.67644 0.905827 0 
-8.31443 2.04099 0 
-7.91973 3.12559 0 
-7.49391 4.15542 0 
-7.03864 5.12645 0 
-6.5557 6.0349 0 
-6.04696 6.87725 0 
-5.51439 7.65025 0 
-4.96001 8.35089 0 
-4.38588 8.97646 0 
-3.79414 9.52449 0 
-3.18692 9.99275 0 
-2.56643 10.3792 0 
-1.93495 10.6821 0 
-1.29491 10.8998 0 
-0.648987 11.0311 0 
5.12666e-05 11.0749 0 
0.648996 11.031 0 
1.29492 10.8998 0 
1.93495 10.6821 0 
2.56643 10.3792 0 
3.18692 9.99276 0 
3.79414 9.52449 0 
4.38588 8.97646 0 
4.96 8.35089 0 
5.51439 7.65025 0 
6.04696 6.87725 0 
6.5557 6.0349 0 
7.03864 5.12645 0 
7.49391 4.15542 0 
7.91973 3.12559 0 
8.31443 2.04098 0 
8.67644 0.905834 0 
9.00433 -0.275423 0 
9.2968 -1.49813 0 
9.55269 -2.75747 0 
9.77095 -4.04838 0 
9.95069 -5.36531 0 
10.0912 -6.7009 0 
10.1919 -8.0403 0 
10.2532 -9.33649 0 
10.2798 -10.4217 0 
-11.5558 -10.4147 0 
-11.5268 -9.1732 0 
-11.4578 -7.70354 0 
-11.3439 -6.1931 0 
-11.1849 -4.69064 0 
-10.9831 -3.20958 0 
-10.7368 -1.76012 0 
-10.4482 -0.345618 0 
-10.1185 1.02753 0 
-9.749 2.35387 0 
-9.34132 3.62825 0 
-8.89703 4.84569 0 
-8.4179 6.0015 0 
-7.9058 7.0912 0 
-7.36273 8.11055 0 
-6.79079 9.05565 0 
-6.19219 9.92283 0 
-5.56918 10.7088 0 
-4.92411 11.4104 0 
-4.25936 12.0249 0 
-3.57735 12.5498 0 
-2.88057 12.983 0 
-2.17159 13.3223 0 
-1.45317 13.5661 0 
-0.728246 13.7131 0 
1.48416e-05 13.7623 0 
0.72824 13.713 0 
1.45317 13.5661 0 
2.17159 13.3223 0 
2.88056 12.983 0 
3.57735 12.5498 0 
4.25936 12.0249 0 
4.92411 11.4104 0 
5.56918 10.7088 0 
6.19219 9.92284 0 
6.7908 9.05566 0 
7.36273 8.11055 0 
7.9058 7.0912 0 
8.4179 6.00151 0 
8.89703 4.84569 0 
9.34132 3.62824 0 
9.749 2.35388 0 
10.1184 1.02752 0 
10.4482 -0.345607 0 
10.7368 -1.76012 0 
10.9831 -3.20957 0 
11.1849 -4.69065 0 
11.3439 -6.19311 0 
11.4578 -7.70355 0 
11.5268 -9.1732 0 
11.5558 -10.4146 0 
-12.7847 -10.4091 0 
-12.7519 -9.01384 0 
-12.6719 -7.37896 0 
-12.5402 -5.70756 0 
-12.3574 -4.0492 0 
-12.1284 -2.41775 0 
-11.8483 -0.823255 0 
-11.5221 0.73022 0 
-11.1513 2.23616 0 
-10.7374 3.68901 0 
-10.2824 5.08345 0 
-9.7881 6.41443 0 
-9.25641 7.67707 0 
-8.68938 8.86672 0 
-8.0892 9.97901 0 
-7.4581 11.0098 0 
-6.79844 11.9553 0 
-6.11263 12.8118 0 
-5.40318 13.5763 0 
-4.67265 14.2457 0 
-3.92364 14.8173 0 
-3.15883 15.2889 0 
-2.38101 15.6583 0 
-1.5931 15.9236 0 
-0.798309 16.0836 0 
-5.03526e-05 16.1366 0 
0.79829 16.0835 0 
1.5931 15.9236 0 
2.38101 15.6583 0 
3.15883 15.2889 0 
3.92364 14.8173 0 
4.67265 14.2457 0 
5.40318 13.5763 0 
6.11262 12.8118 0 
6.79843 11.9553 0 
7.4581 11.0098 0 
8.0892 9.97902 0 
8.68938 8.86672 0 
9.2564 7.67707 0 
9.78811 6.41444 0 
10.2824 5.08345 0 
10.7374 3.68901 0 
11.1513 2.23617 0 
11.5221 0.730217 0 
11.8483 -0.823248 0 
12.1284 -2.41775 0 
12.3574 -4.04919 0 
12.5402 -5.70756 0 
12.6719 -7.37895 0 
12.7519 -9.01384 0 
12.7847 -10.4091 0 
-11.2563 -5.24658 0 
-12.482 -5.06068 0 
12.4822 -5.06256 0 
11.2561 -5.24463 0 
-11.4024 -6.80863 0 
-12.6275 -6.67504 0 
12.6277 -6.67758 0 
11.4022 -6.806 0 
-11.0622 -3.70267 0 
-12.2893 -3.46392 0 
12.2895 -3.46528 0 
11.062 -3.70126 0 
-11.7667 -2.63694 0 
-11.1303 -1.46126 0 
11.1313 -1.46049 0 
11.7656 -2.63764 0 
-11.5122 -1.078 0 
-10.816 -0.00860341 0 
10.8142 -0.0102125 0 
11.514 -1.07652 0 
-11.2082 0.442627 0 
-10.463 1.40106 0 
10.464 1.40207 0 
11.2072 0.441681 0 
-11.499 -8.35966 0 
-12.7248 -8.27736 0 
12.7249 -8.28068 0 
11.4988 -8.35622 0 
10.0757 2.76699 0 
10.8535 1.91303 0 
-10.8519 1.9113 0 
-10.0771 2.76881 0 
-10.4513 3.32655 0 
-9.65389 4.08481 0 
9.65436 4.08548 0 
10.4508 3.32591 0 
-10.0048 4.67725 0 
-9.19799 5.34994 0 
9.19807 5.35008 0 
10.0047 4.67711 0 
-9.51945 5.96375 0 
-8.70641 6.55369 0 
8.70606 6.55306 0 
9.51984 5.96438 0 
-8.9961 7.17871 0 
-8.18211 7.69408 0 
8.18267 7.69528 0 
8.99546 7.17753 0 
-8.43626 8.31509 0 
-7.62751 8.76917 0 
7.6275 8.76912 0 
8.43628 8.31513 0 
-7.84556 9.37471 0 
-7.04163 9.76874 0 
7.04109 9.76728 0 
7.84617 9.37617 0 
-7.22524 10.3512 0 
-6.42756 10.6914 0 
6.42747 10.6911 0 
7.22534 10.3515 0 
-6.57803 11.2415 0 
-5.78725 11.533 0 
5.78745 11.5337 0 
6.5778 11.2407 0 
-5.90664 12.0425 0 
-5.12283 12.29 0 
5.1232 12.2915 0 
5.9062 12.0409 0 
-10.7609 -4.90234 0 
-10.2221 -3.75828 0 
10.2219 -3.75837 0 
10.7611 -4.90225 0 
-10.8862 -6.3584 0 
-10.4358 -5.1223 0 
10.4352 -5.12261 0 
10.8868 -6.35817 0 
-5.21376 12.7516 0 
-4.43656 12.9589 0 
4.43701 12.9611 0 
5.21323 12.7493 0 
-10.5872 -3.4643 0 
-9.97314 -2.42442 0 
9.97345 -2.42417 0 
10.5869 -3.46452 0 
-10.3603 -2.0579 0 
-9.69639 -1.11876 0 
9.69702 -1.11816 0 
10.3596 -2.05846 0 
-4.50159 13.3638 0 
-3.73127 13.5394 0 
3.7313 13.5395 0 
4.50157 13.3636 0 
9.38621 0.15109 0 
10.0874 -0.687905 0 
-10.0883 -0.687078 0 
-9.38544 0.150238 0 
-9.76869 0.636858 0 
-9.04471 1.38337 0 
9.04348 1.38179 0 
9.77008 0.638389 0 
-3.77403 13.8822 0 
-3.0085 14.0233 0 
3.00823 14.0212 0 
3.77437 13.8843 0 
-0.685511 12.4174 0 
-0.00349785 12.4316 0 
0.00380078 12.2967 0 
0.685273 12.4179 0 
-3.03322 14.3025 0 
-2.2714 14.4109 0 
2.27124 14.4091 0 
3.03344 14.3042 0 
8.67045 2.57206 0 
9.40845 1.91206 0 
-9.40904 1.9128 0 
-8.66993 2.5713 0 
-1.37353 12.3111 0 
-0.68853 12.2791 0 
0.688527 12.2797 0 
1.37359 12.3123 0 
-2.28205 14.6228 0 
-1.52273 14.7 0 
1.52265 14.6985 0 
2.28218 14.6243 0 
-1.5236 14.8421 0 
-0.765781 14.8889 0 
0.765694 14.8873 0 
1.52366 14.8434 0 
-0.762165 15.0114 0 
-0.00355296 14.9755 0 
0.00388036 14.8564 0 
0.761825 15.0097 0 
-2.0573 12.1133 0 
-1.37231 12.1701 0 
1.37237 12.1712 0 
2.05741 12.1146 0 
-9.00796 3.13073 0 
-8.26502 3.7144 0 
8.26522 3.71473 0 
9.00774 3.1304 0 
-2.73433 11.8236 0 
-2.04766 11.9183 0 
2.04752 11.9167 0 
2.73452 11.8252 0 
-8.57191 4.2911 0 
-7.82725 4.80286 0 
7.82706 4.80251 0 
8.57213 4.29146 0 
-3.40191 11.4436 0 
-2.71178 11.5669 0 
2.71154 11.565 0 
3.40221 11.4454 0 
-8.10159 5.3873 0 
-7.35922 5.83459 0 
7.35982 5.83587 0 
8.1009 5.38602 0 
-10.9597 -7.81747 0 
-10.6174 -6.50897 0 
10.6198 -6.50799 0 
10.957 -7.81813 0 
-7.59833 6.41295 0 
-6.86315 6.80761 0 
6.86322 6.80776 0 
7.59826 6.4128 0 
-4.05738 10.9747 0 
-3.36273 11.1283 0 
3.36236 11.126 0 
4.05783 10.9769 0 
-7.06719 7.36967 0 
-6.33824 7.7126 0 
6.33782 7.71145 0 
7.06767 7.37083 0 
-4.69879 10.4211 0 
-3.9976 10.6023 0 
3.99802 10.6043 0 
4.6983 10.419 0 
-6.50924 8.25169 0 
-5.78734 8.5481 0 
5.7873 8.54799 0 
6.50928 8.25181 0 
-5.32262 9.78 0 
-4.61498 9.99617 0 
4.61533 9.99766 0 
5.32221 9.7785 0 
-5.92691 9.05604 0 
-5.21226 9.31042 0 
5.21246 9.31119 0 
5.92667 9.05528 0 
-10.9798 -9.23474 0 
-10.7685 -7.90331 0 
10.7667 -7.90379 0 
10.9817 -9.2345 0 
-0.608341 9.71521 0 
-0.00123832 9.72564 0 
0.00139167 9.58783 0 
0.608217 9.71518 0 
-1.21698 9.62264 0 
-0.606698 9.57444 0 
0.606695 9.57456 0 
1.217 9.62294 0 
-1.82202 9.44851 0 
-1.21099 9.47958 0 
1.21101 9.47985 0 
1.82206 9.44893 0 
-2.42088 9.19334 0 
-1.80828 9.26652 0 
1.80822 9.26592 0 
2.42095 9.19394 0 
-3.01126 8.85829 0 
-2.39467 8.95397 0 
2.39456 8.95312 0 
3.01139 8.85915 0 
-3.59089 8.44479 0 
-2.96913 8.56435 0 
2.96895 8.56317 0 
3.59112 8.44598 0 
-4.15762 7.95445 0 
-3.52953 8.09967 0 
3.52923 8.09807 0 
4.15798 7.95606 0 
-9.3826 -4.31159 0 
-8.77501 -3.41781 0 
8.77435 -3.41835 0 
9.38333 -4.3111 0 
-9.18137 -3.06514 0 
-8.53266 -2.26832 0 
8.53284 -2.26814 0 
9.18117 -3.06531 0 
-4.70932 7.38903 0 
-4.07386 7.56218 0 
4.07384 7.56211 0 
4.70934 7.3891 0 
-8.93912 -1.85126 0 
-8.26113 -1.14974 0 
8.26178 -1.14899 0 
8.93838 -1.852 0 
7.96283 -0.0626326 0 
8.65521 -0.678915 0 
-8.65421 -0.680067 0 
-7.96372 -0.0614653 0 
8.99198 -4.59216 0 
9.53682 -5.586 0 
-9.53784 -5.58545 0 
-8.99106 -4.59279 0 
7.63704 0.988989 0 
8.33286 0.44674 0 
-8.3337 0.447849 0 
-7.63631 0.987877 0 
-5.24454 6.7526 0 
-4.59963 6.95229 0 
4.59999 6.95367 0 
5.24411 6.7512 0 
-7.97673 1.52377 0 
-7.28206 1.99838 0 
7.28126 1.997 0 
7.97764 1.52515 0 
-7.58905 2.54837 0 
-6.89855 2.96114 0 
6.89873 2.96149 0 
7.58884 2.54802 0 
5.1062 6.27749 0 
5.75979 6.04248 0 
-5.76002 6.04314 0 
-5.106 6.27683 0 
-7.17137 3.51593 0 
-6.48798 3.87413 0 
6.48879 3.87595 0 
7.17043 3.51409 0 
5.59066 5.53655 0 
6.2543 5.26533 0 
-6.25421 5.2651 0 
-5.59074 5.53678 0 
-6.72499 4.42103 0 
-6.05223 4.73541 0 
6.05171 4.73412 0 
6.72558 4.42234 0 
12.7732 -9.74707 0 
11.5433 -9.77481 0 
-11.5434 -9.77887 0 
-12.7731 -9.74317 0 
-9.64169 -6.87789 0 
-9.18465 -5.78883 0 
9.18444 -5.78895 0 
9.64191 -6.87779 0 
-9.69978 -8.16781 0 
-9.35012 -7.0055 0 
9.34855 -7.00613 0 
9.70145 -8.16737 0 
-9.71082 -9.40765 0 
-9.48923 -8.22839 0 
9.48902 -8.22845 0 
9.71104 -9.40762 0 
-0.24944 -10.7028 0.0
-0.249496 -10.6982 0.0
-1.24513 -10.5185 0.0
-1.24963 -10.6034 0.0
-0.249249 -10.6853 0.0
-1.23764 -10.4026 0.0
-1.24478 -10.5113 0.0
-0.249148 -10.691 0.0
-0.248652 -10.6697 0.0
-1.22646 -10.2687 0.0
-1.23693 -10.394 0.0
-0.248543 -10.6766 0.0
-0.247622 -10.6518 0.0
-1.21096 -10.1243 0.0
-1.2254 -10.2591 0.0
-0.247595 -10.6601 0.0
-0.246016 -10.6319 0.0
-1.19081 -9.97476 0.0
-1.20955 -10.1142 0.0
-0.24621 -10.6417 0.0
-0.243673 -10.6105 0.0
-1.16591 -9.824 0.0
-1.18904 -9.96449 0.0
-0.244252 -10.6216 0.0
-0.240439 -10.5877 0.0
-1.13634 -9.67444 0.0
-1.1638 -9.81376 0.0
-0.241572 -10.6002 0.0
-0.236183 -10.5639 0.0
-1.10226 -9.5277 0.0
-1.13392 -9.66437 0.0
-0.238018 -10.5776 0.0
-0.230803 -10.5394 0.0
-1.06383 -9.38493 0.0
-1.09954 -9.51788 0.0
-0.23346 -10.5541 0.0
-0.224236 -10.5146 0.0
-1.02121 -9.24697 0.0
-1.06082 -9.37541 0.0
-0.227794 -10.5299 0.0
-0.216451 -10.4898 0.0
-0.974569 -9.11455 0.0
-1.01793 -9.23782 0.0
-0.220953 -10.5055 0.0
-0.207451 -10.4653 0.0
-0.924071 -8.98827 0.0
-0.971026 -9.10579 0.0
-0.212907 -10.4811 0.0
-0.197259 -10.4414 0.0
-0.869898 -8.86869 0.0
-0.920277 -8.97995 0.0
-0.203656 -10.457 0.0
-0.185919 -10.4183 0.0
-0.812238 -8.75631 0.0
-0.865865 -8.86084 0.0
-0.193226 -10.4335 0.0
-0.173484 -10.3964 0.0
-0.751287 -8.65158 0.0
-0.807978 -8.74896 0.0
-0.181659 -10.411 0.0
-0.160014 -10.3757 0.0
-0.687241 -8.55494 0.0
-0.746812 -8.64478 0.0
-0.169009 -10.3896 0.0
-0.145569 -10.3566 0.0
-0.620289 -8.46676 0.0
-0.682562 -8.5487 0.0
-0.155335 -10.3695 0.0
-0.130209 -10.3391 0.0
-0.550615 -8.38742 0.0
-0.615419 -8.46111 0.0
-0.140699 -10.3509 0.0
-0.113992 -10.3234 0.0
-0.478386 -8.31727 0.0
-0.545565 -8.38239 0.0
-0.125159 -10.3341 0.0
-0.0969767 -10.3097 0.0
-0.403763 -8.25667 0.0
-0.473167 -8.31288 0.0
-0.108773 -10.319 0.0
-0.0792287 -10.2981 0.0
-0.326912 -8.20603 0.0
-0.398387 -8.25294 0.0
-0.0916006 -10.306 0.0
-0.0608265 -10.2888 0.0
-0.24804 -8.16578 0.0
-0.321392 -8.20299 0.0
-0.0737078 -10.2951 0.0
-0.0418747 -10.2818 0.0
-0.16744 -8.1364 0.0
-0.242392 -8.16345 0.0
-0.0551778 -10.2864 0.0
-0.0225138 -10.2774 0.0
-0.0855392 -8.11837 0.0
-0.161688 -8.13483 0.0
-0.036123 -10.2802 0.0
-0.00292252 -10.2757 0.0
-0.00292252 -8.11205 0.0
-0.0797194 -8.11758 0.0
-0.016694 -10.2766 0.0
0.0166927 -10.2766 0.0
0.0797181 -8.11758 0.0
0.00292123 -8.11205 0.0
0.00292123 -10.2757 0.0
0.0361218 -10.2802 0.0
0.161687 -8.13483 0.0
0.0855379 -8.11837 0.0
0.0225125 -10.2774 0.0
0.0551765 -10.2864 0.0
0.242391 -8.16345 0.0
0.167438 -8.1364 0.0
0.0418734 -10.2818 0.0
0.0737065 -10.2951 0.0
0.32139 -8.20299 0.0
0.248039 -8.16578 0.0
0.0608252 -10.2888 0.0
0.0915993 -10.306 0.0
0.398385 -8.25294 0.0
0.326911 -8.20603 0.0
0.0792274 -10.2981 0.0
0.108772 -10.319 0.0
0.473166 -8.31288 0.0
0.403762 -8.25667 0.0
0.0969754 -10.3097 0.0
0.125158 -10.3341 0.0
0.545564 -8.38239 0.0
0.478385 -8.31727 0.0
0.11399 -10.3234 0.0
0.140698 -10.3509 0.0
0.615418 -8.46111 0.0
0.550613 -8.38742 0.0
0.130207 -10.3391 0.0
0.155334 -10.3695 0.0
0.68256 -8.5487 0.0
0.620288 -8.46676 0.0
0.145568 -10.3566 0.0
0.169007 -10.3896 0.0
0.74681 -8.64478 0.0
0.687239 -8.55494 0.0
0.160013 -10.3757 0.0
0.181657 -10.411 0.0
0.807977 -8.74896 0.0
0.751286 -8.65158 0.0
0.173483 -10.3964 0.0
0.193225 -10.4335 0.0
0.865863 -8.86084 0.0
0.812237 -8.75631 0.0
0.185918 -10.4183 0.0
0.203655 -10.457 0.0
0.920275 -8.97995 0.0
0.869896 -8.86869 0.0
0.197258 -10.4414 0.0
0.212906 -10.4811 0.0
0.971024 -9.10579 0.0
0.92407 -8.98827 0.0
0.207449 -10.4653 0.0
0.220952 -10.5055 0.0
1.01793 -9.23782 0.0
0.974568 -9.11455 0.0
0.21645 -10.4898 0.0
0.227793 -10.5299 0.0
1.06082 -9.37541 0.0
1.02121 -9.24697 0.0
0.224234 -10.5146 0.0
0.233459 -10.5541 0.0
1.09954 -9.51788 0.0
1.06383 -9.38493 0.0
0.230802 -10.5394 0.0
0.238017 -10.5776 0.0
1.13392 -9.66437 0.0
1.10226 -9.5277 0.0
0.236181 -10.5639 0.0
0.241571 -10.6002 0.0
1.1638 -9.81376 0.0
1.13634 -9.67444 0.0
0.240438 -10.5877 0.0
0.244251 -10.6216 0.0
1.18904 -9.96449 0.0
1.1659 -9.824 0.0
0.243672 -10.6105 0.0
0.246208 -10.6417 0.0
1.20955 -10.1142 0.0
1.19081 -9.97476 0.0
0.246015 -10.6319 0.0
0.247594 -10.6601 0.0
1.2254 -10.2591 0.0
1.21096 -10.1243 0.0
0.24762 -10.6518 0.0
0.248541 -10.6766 0.0
1.23693 -10.394 0.0
1.22645 -10.2687 0.0
0.248651 -10.6697 0.0
0.249147 -10.691 0.0
1.24478 -10.5113 0.0
1.23764 -10.4026 0.0
0.249248 -10.6853 0.0
0.249439 -10.7028 0.0
1.24963 -10.6034 0.0
1.24513 -10.5185 0.0
0.249495 -10.6982 0.0
-1.36039 -10.5913 0.0
-1.35589 -10.5064 0.0
-2.50175 -10.3471 0.0
-2.51024 -10.5377 0.0
-1.35493 -10.4881 0.0
-1.34778 -10.3794 0.0
-2.48592 -10.083 0.0
-2.50079 -10.3287 0.0
-1.34592 -10.3575 0.0
-1.33545 -10.2322 0.0
-2.46143 -9.78624 0.0
-2.48406 -10.0611 0.0
-1.33289 -10.2085 0.0
-1.31845 -10.0736 0.0
-2.42771 -9.47575 0.0
-2.45886 -9.7625 0.0
-1.31522 -10.0491 0.0
-1.29648 -9.90973 0.0
-2.3846 -9.1621 0.0
-2.42448 -9.45126 0.0
-1.29257 -9.88512 0.0
-1.26943 -9.74463 0.0
-2.33217 -8.851 0.0
-2.38069 -9.13749 0.0
-1.26483 -9.72026 0.0
-1.23737 -9.58094 0.0
-2.27064 -8.54574 0.0
-2.32758 -8.82664 0.0
-1.23209 -9.55706 0.0
-1.20043 -9.42039 0.0
-2.20024 -8.24844 0.0
-2.26536 -8.52186 0.0
-1.19447 -9.39717 0.0
-1.15876 -9.26422 0.0
-2.12126 -7.96071 0.0
-2.19428 -8.22522 0.0
-1.15214 -9.24178 0.0
-1.11253 -9.11334 0.0
-2.03402 -7.68384 0.0
-2.11464 -7.93827 0.0
-1.10526 -9.09179 0.0
-1.0619 -8.96852 0.0
-1.93885 -7.419 0.0
-2.02675 -7.66229 0.0
-1.05402 -8.94796 0.0
-1.00706 -8.83044 0.0
-1.83613 -7.16725 0.0
-1.93097 -7.39844 0.0
-0.998594 -8.81095 0.0
-0.948215 -8.69969 0.0
-1.72625 -6.92957 0.0
-1.82766 -7.14776 0.0
-0.93919 -8.68135 0.0
-0.885564 -8.57681 0.0
-1.60963 -6.70686 0.0
-1.71723 -6.91123 0.0
-0.876014 -8.55969 0.0
-0.819323 -8.46231 0.0
-1.48668 -6.49996 0.0
-1.60008 -6.68974 0.0
-0.809283 -8.44648 0.0
-0.749711 -8.35665 0.0
-1.35786 -6.30964 0.0
-1.47664 -6.48413 0.0
-0.739214 -8.34216 0.0
-0.676941 -8.26023 0.0
-1.22359 -6.1366 0.0
-1.34736 -6.29515 0.0
-0.666019 -8.24716 0.0
-0.601214 -8.17347 0.0
-1.0843 -5.98152 0.0
-1.21267 -6.12353 0.0
-0.589901 -8.16185 0.0
-0.522722 -8.09673 0.0
-0.940409 -5.845 0.0
-1.07299 -5.96991 0.0
-0.511047 -8.08664 0.0
-0.441643 -8.03043 0.0
-0.792324 -5.72765 0.0
-0.928735 -5.8349 0.0
-0.42964 -8.0219 0.0
-0.358166 -7.97498 0.0
-0.640462 -5.6301 0.0
-0.780321 -5.71912 0.0
-0.34587 -7.96807 0.0
-0.272519 -7.93086 0.0
-0.48529 -5.553 0.0
-0.628166 -5.62319 0.0
-0.259971 -7.92562 0.0
-0.185019 -7.89856 0.0
-0.327378 -5.49701 0.0
-0.472743 -5.54775 0.0
-0.172275 -7.89504 0.0
-0.0961262 -7.87858 0.0
-0.167462 -5.46275 0.0
-0.314634 -5.49348 0.0
-0.0832551 -7.87681 0.0
-0.00645826 -7.87128 0.0
-0.00645826 -5.45068 0.0
-0.154591 -5.46098 0.0
0.00645697 -7.87128 0.0
0.0832538 -7.87681 0.0
0.15459 -5.46098 0.0
0.00645697 -5.45068 0.0
0.0961249 -7.87858 0.0
0.172274 -7.89504 0.0
0.314633 -5.49348 0.0
0.167461 -5.46275 0.0
0.185018 -7.89856 0.0
0.25997 -7.92562 0.0
0.472741 -5.54775 0.0
0.327377 -5.49701 0.0
0.272517 -7.93086 0.0
0.345868 -7.96807 0.0
0.628165 -5.62319 0.0
0.485289 -5.553 0.0
0.358165 -7.97498 0.0
0.429639 -8.0219 0.0
0.78032 -5.71912 0.0
0.640461 -5.6301 0.0
0.441642 -8.03043 0.0
0.511046 -8.08664 0.0
0.928733 -5.8349 0.0
0.792323 -5.72765 0.0
0.52272 -8.09673 0.0
0.589899 -8.16185 0.0
1.07298 -5.96991 0.0
0.940408 -5.845 0.0
0.601213 -8.17347 0.0
0.666018 -8.24716 0.0
1.21266 -6.12353 0.0
1.0843 -5.98152 0.0
0.67694 -8.26023 0.0
0.739212 -8.34216 0.0
1.34736 -6.29515 0.0
1.22359 -6.1366 0.0
0.74971 -8.35665 0.0
0.809281 -8.44648 0.0
1.47664 -6.48413 0.0
1.35786 -6.30964 0.0
0.819322 -8.46231 0.0
0.876013 -8.55969 0.0
1.60008 -6.68974 0.0
1.48668 -6.49996 0.0
0.885562 -8.57681 0.0
0.939188 -8.68135 0.0
1.71723 -6.91123 0.0
1.60963 -6.70686 0.0
0.948214 -8.69969 0.0
0.998593 -8.81095 0.0
1.82766 -7.14776 0.0
1.72625 -6.92957 0.0
1.00706 -8.83044 0.0
1.05402 -8.94796 0.0
1.93097 -7.39844 0.0
1.83613 -7.16725 0.0
1.0619 -8.96852 0.0
1.10526 -9.09179 0.0
2.02675 -7.66229 0.0
1.93885 -7.419 0.0
1.11253 -9.11334 0.0
1.15214 -9.24178 0.0
2.11464 -7.93827 0.0
2.03402 -7.68384 0.0
1.15876 -9.26422 0.0
1.19447 -9.39717 0.0
2.19428 -8.22522 0.0
2.12126 -7.96071 0.0
1.20043 -9.42039 0.0
1.23209 -9.55706 0.0
2.26535 -8.52186 0.0
2.20024 -8.24844 0.0
1.23737 -9.58094 0.0
1.26483 -9.72026 0.0
2.32758 -8.82664 0.0
2.27064 -8.54574 0.0
1.26943 -9.74463 0.0
1.29257 -9.88512 0.0
2.38069 -9.13749 0.0
2.33217 -8.851 0.0
1.29648 -9.90973 0.0
1.31522 -10.0491 0.0
2.42448 -9.45126 0.0
2.38459 -9.1621 0.0
1.31845 -10.0736 0.0
1.33289 -10.2085 0.0
2.45886 -9.7625 0.0
2.4277 -9.47575 0.0
1.33545 -10.2322 0.0
1.34592 -10.3575 0.0
2.48406 -10.0611 0.0
2.46142 -9.78624 0.0
1.34778 -10.3794 0.0
1.35492 -10.4881 0.0
2.50079 -10.3287 0.0
2.48592 -10.083 0.0
1.35588 -10.5064 0.0
1.36039 -10.5913 0.0
2.51024 -10.5377 0.0
2.50175 -10.3471 0.0
-2.62656 -10.3364 0.0
-3.77997 -10.1858 0.0
-3.79141 -10.4939 0.0
-2.63505 -10.527 0.0
-2.60999 -10.0585 0.0
-3.75654 -9.76034 0.0
-3.77827 -10.1536 0.0
-2.62486 -10.3043 0.0
-2.58449 -9.74579 0.0
-3.71965 -9.29283 0.0
-3.75368 -9.72246 0.0
-2.60713 -10.0206 0.0
-2.54936 -9.41874 0.0
-3.66858 -8.81209 0.0
-3.71568 -9.25251 0.0
-2.58052 -9.70548 0.0
-2.50435 -9.08861 0.0
-3.60321 -8.33159 0.0
-3.66346 -8.77112 0.0
-2.54423 -9.37776 0.0
-2.44954 -8.76137 0.0
-3.52371 -7.85785 0.0
-3.59691 -8.29084 0.0
-2.49805 -9.04786 0.0
-2.38513 -8.44041 0.0
-3.4304 -7.3945 0.0
-3.51624 -7.81778 0.0
-2.44207 -8.72131 0.0
-2.31138 -8.1279 0.0
-3.32364 -6.94407 0.0
-3.42177 -7.35541 0.0
-2.3765 -8.40132 0.0
-2.22861 -7.82548 0.0
-3.20387 -6.50858 0.0
-3.31389 -6.90616 0.0
-2.30163 -8.08999 0.0
-2.13715 -7.53449 0.0
-3.07156 -6.08983 0.0
-3.19302 -6.47202 0.0
-2.21777 -7.78892 0.0
-2.03735 -7.25615 0.0
-2.92725 -5.6895 0.0
-3.05967 -6.05478 0.0
-2.12526 -7.49944 0.0
-1.92962 -6.99156 0.0
-2.77149 -5.30915 0.0
-2.91435 -5.6561 0.0
-2.02446 -7.22274 0.0
-1.81436 -6.74174 0.0
-2.60489 -4.95023 0.0
-2.75764 -5.27752 0.0
-1.91577 -6.95993 0.0
-1.69201 -6.50764 0.0
-2.4281 -4.61412 0.0
-2.59015 -4.9205 0.0
-1.79961 -6.712 0.0
-1.56303 -6.29014 0.0
-2.24179 -4.30209 0.0
-2.41251 -4.5864 0.0
-1.67642 -6.47992 0.0
-1.42787 -6.09004 0.0
-2.04664 -4.01531 0.0
-2.22541 -4.27649 0.0
-1.54665 -6.26453 0.0
-1.28699 -5.9081 0.0
-1.84334 -3.75487 0.0
-2.02953 -3.99192 0.0
-1.41076 -6.06665 0.0
-1.14085 -5.745 0.0
-1.6326 -3.52174 0.0
-1.82557 -3.73378 0.0
-1.26922 -5.88701 0.0
-0.989886 -5.60138 0.0
-1.41511 -3.31685 0.0
-1.61422 -3.50303 0.0
-1.12246 -5.72629 0.0
-0.834536 -5.47789 0.0
-1.19154 -3.14107 0.0
-1.39617 -3.30061 0.0
-0.970947 -5.58514 0.0
-0.675241 -5.37516 0.0
-0.962605 -2.99525 0.0
-1.1721 -3.12736 0.0
-0.8151 -5.46418 0.0
-0.512495 -5.29388 0.0
-0.729058 -2.88025 0.0
-0.942735 -2.98416 0.0
-0.655371 -5.36407 0.0
-0.346895 -5.23473 0.0
-0.491773 -2.7969 0.0
-0.708823 -2.87185 0.0
-0.492259 -5.28548 0.0
-0.179207 -5.19835 0.0
-0.251798 -2.74595 0.0
-0.471257 -2.79125 0.0
-0.326379 -5.22908 0.0
-0.010379 -5.18521 0.0
-0.010379 -2.72795 0.0
-0.231103 -2.74311 0.0
-0.158512 -5.19551 0.0
0.15851 -5.19551 0.0
0.231101 -2.74311 0.0
0.0103777 -2.72795 0.0
0.0103777 -5.18521 0.0
0.326377 -5.22908 0.0
0.471255 -2.79125 0.0
0.251796 -2.74595 0.0
0.179205 -5.19835 0.0
0.492258 -5.28548 0.0
0.708822 -2.87185 0.0
0.491772 -2.7969 0.0
0.346893 -5.23473 0.0
0.65537 -5.36407 0.0
0.942733 -2.98416 0.0
0.729057 -2.88025 0.0
0.512493 -5.29388 0.0
0.815099 -5.46418 0.0
1.1721 -3.12736 0.0
0.962604 -2.99525 0.0
0.67524 -5.37516 0.0
0.970946 -5.58514 0.0
1.39617 -3.30061 0.0
1.19154 -3.14107 0.0
0.834535 -5.47789 0.0
1.12246 -5.72629 0.0
1.61422 -3.50303 0.0
1.4151 -3.31685 0.0
0.989885 -5.60138 0.0
1.26921 -5.88701 0.0
1.82557 -3.73378 0.0
1.6326 -3.52174 0.0
1.14085 -5.745 0.0
1.41076 -6.06665 0.0
2.02953 -3.99192 0.0
1.84334 -3.75487 0.0
1.28699 -5.9081 0.0
1.54665 -6.26453 0.0
2.22541 -4.27649 0.0
2.04664 -4.01531 0.0
1.42787 -6.09004 0.0
1.67642 -6.47992 0.0
2.41251 -4.5864 0.0
2.24179 -4.30209 0.0
1.56303 -6.29014 0.0
1.79961 -6.712 0.0
2.59014 -4.9205 0.0
2.4281 -4.61412 0.0
1.69201 -6.50764 0.0
1.91577 -6.95993 0.0
2.75764 -5.27752 0.0
2.60489 -4.95023 0.0
1.81436 -6.74174 0.0
2.02446 -7.22274 0.0
2.91435 -5.6561 0.0
2.77149 -5.30915 0.0
1.92962 -6.99156 0.0
2.12525 -7.49944 0.0
3.05967 -6.05478 0.0
2.92725 -5.6895 0.0
2.03735 -7.25615 0.0
2.21777 -7.78892 0.0
3.19302 -6.47202 0.0
3.07156 -6.08983 0.0
2.13715 -7.53449 0.0
2.30163 -8.08999 0.0
3.31388 -6.90616 0.0
3.20387 -6.50858 0.0
2.22861 -7.82548 0.0
2.3765 -8.40132 0.0
3.42177 -7.35541 0.0
3.32364 -6.94407 0.0
2.31138 -8.1279 0.0
2.44207 -8.72131 0.0
3.51624 -7.81778 0.0
3.4304 -7.3945 0.0
2.38513 -8.44041 0.0
2.49805 -9.04786 0.0
3.59691 -8.29084 0.0
3.52371 -7.85785 0.0
2.44954 -8.76137 0.0
2.54423 -9.37776 0.0
3.66346 -8.77112 0.0
3.60321 -8.33159 0.0
2.50435 -9.08861 0.0
2.58052 -9.70548 0.0
3.71568 -9.25251 0.0
3.66858 -8.81209 0.0
2.54936 -9.41874 0.0
2.60713 -10.0206 0.0
3.75368 -9.72246 0.0
3.71965 -9.29283 0.0
2.58449 -9.74579 0.0
2.62486 -10.3043 0.0
3.77827 -10.1536 0.0
3.75654 -9.76034 0.0
2.60999 -10.0585 0.0
2.62655 -10.3364 0.0
2.63504 -10.527 0.0
3.79141 -10.4939 0.0
3.77997 -10.1858 0.0
-3.90693 -10.176 0.0
-5.06167 -10.0273 0.0
-5.0758 -10.4606 0.0
-3.91838 -10.4841 0.0
-3.88294 -9.73567 0.0
-5.03094 -9.43484 0.0
-5.0594 -9.98019 0.0
-3.90467 -10.1289 0.0
-3.84511 -9.25137 0.0
-4.98181 -8.79483 0.0
-5.02714 -9.38017 0.0
-3.87913 -9.68101 0.0
-3.7926 -8.75364 0.0
-4.91346 -8.14381 0.0
-4.97641 -8.73752 0.0
-3.8397 -9.19407 0.0
-3.72529 -8.25643 0.0
-4.82585 -7.49678 0.0
-4.90639 -8.08613 0.0
-3.78554 -8.69595 0.0
-3.64335 -7.76636 0.0
-4.71927 -6.86055 0.0
-4.8171 -7.43971 0.0
-3.71654 -8.19936 0.0
-3.5471 -7.28712 0.0
-4.59415 -6.23906 0.0
-4.70887 -6.80459 0.0
-3.63294 -7.7104 0.0
-3.43695 -6.82126 0.0
-4.45099 -5.63525 0.0
-4.58213 -6.18454 0.0
-3.53508 -7.2326 0.0
-3.31333 -6.37085 0.0
-4.29037 -5.05165 0.0
-4.43739 -5.58242 0.0
-3.42335 -6.76843 0.0
-3.17674 -5.93775 0.0
-4.11292 -4.49059 0.0
-4.27524 -5.00073 0.0
-3.2982 -6.31993 0.0
-3.02773 -5.52366 0.0
-3.91936 -3.95428 0.0
-4.09633 -4.44179 0.0
-3.16015 -5.88894 0.0
-2.86687 -5.1302 0.0
-3.71043 -3.44481 0.0
-3.90137 -3.90778 0.0
-3.00974 -5.47716 0.0
-2.69481 -4.7589 0.0
-3.48697 -2.96414 0.0
-3.69111 -3.40079 0.0
-2.84756 -5.08619 0.0
-2.5122 -4.41116 0.0
-3.24984 -2.51412 0.0
-3.4664 -2.92278 0.0
-2.67424 -4.71753 0.0
-2.31973 -4.0883 0.0
-2.99994 -2.09647 0.0
-3.22809 -2.47557 0.0
-2.49045 -4.3726 0.0
-2.11812 -3.79153 0.0
-2.73822 -1.71277 0.0
-2.9771 -2.06088 0.0
-2.29689 -4.0527 0.0
-1.90808 -3.52198 0.0
-2.46563 -1.36448 0.0
-2.71438 -1.68027 0.0
-2.09427 -3.75903 0.0
-1.69034 -3.28066 0.0
-2.18315 -1.05294 0.0
-2.44086 -1.3352 0.0
-1.88331 -3.4927 0.0
-1.46562 -3.06852 0.0
-1.89173 -0.77936 0.0
-2.15754 -1.02699 0.0
-1.66473 -3.25471 0.0
-1.23463 -2.88648 0.0
-1.59237 -0.544891 0.0
-1.86537 -0.75685 0.0
-1.43926 -3.04601 0.0
-0.998105 -2.73539 0.0
-1.28603 -0.350616 0.0
-1.56534 -0.525919 0.0
-1.2076 -2.8675 0.0
-0.756821 -2.61615 0.0
-0.973794 -0.197585 0.0
-1.25843 -0.335279 0.0
-0.970497 -2.72006 0.0
-0.511686 -2.52959 0.0
-0.656827 -0.0867924 0.0
-0.945709 -0.185976 0.0
-0.728736 -2.60454 0.0
-0.263779 -2.4765 0.0
-0.336498 -0.0191122 0.0
-0.628379 -0.0789964 0.0
-0.483238 -2.5218 0.0
-0.0143784 -2.45742 0.0
-0.0143784 0.00483344 0.0
-0.307821 -0.0151955 0.0
-0.235102 -2.47258 0.0
0.235101 -2.47258 0.0
0.30782 -0.0151955 0.0
0.0143771 0.00483344 0.0
0.0143771 -2.45742 0.0
0.483237 -2.5218 0.0
0.628378 -0.0789964 0.0
0.336497 -0.0191122 0.0
0.263778 -2.4765 0.0
0.728735 -2.60454 0.0
0.945708 -0.185976 0.0
0.656826 -0.0867924 0.0
0.511685 -2.52959 0.0
0.970496 -2.72006 0.0
1.25842 -0.335279 0.0
0.973793 -0.197585 0.0
0.75682 -2.61615 0.0
1.2076 -2.8675 0.0
1.56533 -0.525919 0.0
1.28603 -0.350616 0.0
0.998103 -2.73539 0.0
1.43926 -3.04601 0.0
1.86537 -0.75685 0.0
1.59236 -0.544891 0.0
1.23463 -2.88648 0.0
1.66473 -3.25471 0.0
2.15754 -1.02699 0.0
1.89173 -0.77936 0.0
1.46562 -3.06852 0.0
1.88331 -3.4927 0.0
2.44086 -1.3352 0.0
2.18315 -1.05294 0.0
1.69034 -3.28066 0.0
2.09427 -3.75903 0.0
2.71437 -1.68027 0.0
2.46563 -1.36448 0.0
1.90808 -3.52198 0.0
2.29689 -4.0527 0.0
2.9771 -2.06088 0.0
2.73822 -1.71277 0.0
2.11812 -3.79153 0.0
2.49045 -4.3726 0.0
3.22809 -2.47557 0.0
2.99994 -2.09647 0.0
2.31973 -4.0883 0.0
2.67424 -4.71753 0.0
3.4664 -2.92278 0.0
3.24984 -2.51412 0.0
2.5122 -4.41116 0.0
2.84756 -5.08619 0.0
3.69111 -3.40079 0.0
3.48697 -2.96414 0.0
2.69481 -4.7589 0.0
3.00974 -5.47716 0.0
3.90137 -3.90778 0.0
3.71043 -3.44481 0.0
2.86687 -5.1302 0.0
3.16015 -5.88894 0.0
4.09633 -4.44179 0.0
3.91935 -3.95428 0.0
3.02773 -5.52366 0.0
3.2982 -6.31993 0.0
4.27524 -5.00073 0.0
4.11292 -4.49059 0.0
3.17674 -5.93775 0.0
3.42334 -6.76843 0.0
4.43739 -5.58242 0.0
4.29037 -5.05165 0.0
3.31333 -6.37085 0.0
3.53508 -7.2326 0.0
4.58212 -6.18454 0.0
4.45099 -5.63525 0.0
3.43695 -6.82126 0.0
3.63294 -7.7104 0.0
4.70887 -6.80459 0.0
4.59415 -6.23906 0.0
3.5471 -7.28712 0.0
3.71654 -8.19936 0.0
4.8171 -7.43971 0.0
4.71927 -6.86055 0.0
3.64335 -7.76636 0.0
3.78553 -8.69595 0.0
4.90639 -8.08613 0.0
4.82585 -7.49678 0.0
3.72529 -8.25643 0.0
3.8397 -9.19407 0.0
4.97641 -8.73752 0.0
4.91346 -8.14381 0.0
3.7926 -8.75364 0.0
3.87913 -9.68101 0.0
5.02713 -9.38017 0.0
4.98181 -8.79483 0.0
3.8451 -9.25137 0.0
3.90466 -10.1289 0.0
5.0594 -9.98019 0.0
5.03094 -9.43484 0.0
3.88294 -9.73567 0.0
3.90693 -10.176 0.0
3.91838 -10.4841 0.0
5.0758 -10.4606 0.0
5.06167 -10.0273 0.0
-5.18932 -10.0179 0.0
-6.34433 -9.86943 0.0
-6.36103 -10.4335 0.0
-5.20346 -10.4513 0.0
-5.15808 -9.40997 0.0
-6.30638 -9.10722 0.0
-6.34154 -9.80683 0.0
-5.18654 -9.95532 0.0
-5.108 -8.7529 0.0
-6.24499 -8.29454 0.0
-6.30162 -9.03549 0.0
-5.15332 -9.33824 0.0
-5.03818 -8.08482 0.0
-6.15932 -7.47374 0.0
-6.23812 -8.22017 0.0
-5.10113 -8.67853 0.0
-4.9486 -7.42106 0.0
-6.04944 -6.6606 0.0
-6.15028 -7.39933 0.0
-5.02914 -8.0104 0.0
-4.83955 -6.76849 0.0
-5.91575 -5.86212 0.0
-6.03822 -6.58719 0.0
-4.93738 -7.34764 0.0
-4.71148 -6.13107 0.0
-5.7588 -5.08258 0.0
-5.9024 -5.79023 0.0
-4.82619 -6.6966 0.0
-4.5649 -5.51178 0.0
-5.57921 -4.32538 0.0
-5.74336 -5.01258 0.0
-4.69603 -6.06107 0.0
-4.40041 -4.9132 0.0
-5.37771 -3.59361 0.0
-5.56174 -4.25757 0.0
-4.54743 -5.44397 0.0
-4.21866 -4.33771 0.0
-5.15509 -2.89015 0.0
-5.35828 -3.52826 0.0
-4.38098 -4.84784 0.0
-4.02037 -3.78757 0.0
-4.91224 -2.21777 0.0
-5.13378 -2.82752 0.0
-4.19735 -4.27507 0.0
-3.80633 -3.26493 0.0
-4.65011 -1.57907 0.0
-4.88913 -2.1581 0.0
-3.99726 -3.7279 0.0
-3.57737 -2.7718 0.0
-4.36974 -0.976549 0.0
-4.6253 -1.5226 0.0
-3.78152 -3.20845 0.0
-3.33439 -2.31009 0.0
-4.07222 -0.41252 0.0
-4.34332 -0.923488 0.0
-3.55095 -2.71874 0.0
-3.0783 -1.88154 0.0
-3.75869 0.110848 0.0
-4.04429 -0.363076 0.0
-3.30645 -2.26064 0.0
-2.81009 -1.4878 0.0
-3.43034 0.591553 0.0
-3.72936 0.156485 0.0
-3.04897 -1.8359 0.0
-2.53072 -1.13035 0.0
-3.0884 1.02776 0.0
-3.39972 0.633209 0.0
-2.77946 -1.44614 0.0
-2.2412 -0.810574 0.0
-2.73411 1.41778 0.0
-3.0566 1.06527 0.0
-2.49891 -1.09284 0.0
-1.94252 -0.529716 0.0
-2.36871 1.7601 0.0
-2.70123 1.45101 0.0
-2.20833 -0.777346 0.0
-1.63569 -0.28895 0.0
-1.99347 2.05329 0.0
-2.33488 1.78891 0.0
-1.90869 -0.500909 0.0
-1.32172 -0.0893863 0.0
-1.60967 2.29605 0.0
-1.9588 2.07755 0.0
-1.60102 -0.264689 0.0
-1.0017 0.0679044 0.0
-1.21868 2.48712 0.0
-1.57429 2.31564 0.0
-1.28633 -0.0697902 0.0
-0.67684 0.181909 0.0
-0.821983 2.62535 0.0
-1.18271 2.50194 0.0
-0.965722 0.0827251 0.0
-0.348539 0.251739 0.0
-0.421257 2.70976 0.0
-0.785563 2.6353 0.0
-0.64042 0.191855 0.0
-0.0183973 0.276763 0.0
-0.0183973 2.73965 0.0
-0.384559 2.71476 0.0
-0.31184 0.256734 0.0
0.311839 0.256734 0.0
0.384558 2.71476 0.0
0.018396 2.73965 0.0
0.018396 0.276763 0.0
0.640418 0.191855 0.0
0.785562 2.6353 0.0
0.421256 2.70976 0.0
0.348537 0.251739 0.0
0.96572 0.0827251 0.0
1.1827 2.50194 0.0
0.821982 2.62535 0.0
0.676839 0.181909 0.0
1.28633 -0.0697902 0.0
1.57428 2.31564 0.0
1.21868 2.48712 0.0
1.0017 0.0679044 0.0
1.60102 -0.264689 0.0
1.9588 2.07755 0.0
1.60967 2.29605 0.0
1.32172 -0.0893863 0.0
1.90869 -0.500909 0.0
2.33488 1.78891 0.0
1.99346 2.05329 0.0
1.63568 -0.28895 0.0
2.20832 -0.777346 0.0
2.70123 1.45101 0.0
2.3687 1.7601 0.0
1.94252 -0.529716 0.0
2.49891 -1.09284 0.0
3.05659 1.06527 0.0
2.7341 1.41778 0.0
2.2412 -0.810574 0.0
2.77946 -1.44614 0.0
3.39972 0.633209 0.0
3.0884 1.02776 0.0
2.53072 -1.13035 0.0
3.04897 -1.8359 0.0
3.72935 0.156485 0.0
3.43034 0.591553 0.0
2.81009 -1.4878 0.0
3.30645 -2.26064 0.0
4.04429 -0.363076 0.0
3.75869 0.110848 0.0
3.0783 -1.88154 0.0
3.55095 -2.71874 0.0
4.34332 -0.923488 0.0
4.07222 -0.41252 0.0
3.33438 -2.31009 0.0
3.78151 -3.20845 0.0
4.6253 -1.5226 0.0
4.36974 -0.976549 0.0
3.57737 -2.7718 0.0
3.99726 -3.7279 0.0
4.88913 -2.1581 0.0
4.65011 -1.57907 0.0
3.80633 -3.26493 0.0
4.19735 -4.27507 0.0
5.13378 -2.82752 0.0
4.91224 -2.21777 0.0
4.02037 -3.78757 0.0
4.38098 -4.84784 0.0
5.35828 -3.52826 0.0
5.15509 -2.89015 0.0
4.21866 -4.33771 0.0
4.54743 -5.44397 0.0
5.56174 -4.25757 0.0
5.37771 -3.59361 0.0
4.40041 -4.9132 0.0
4.69603 -6.06107 0.0
5.74336 -5.01258 0.0
5.57921 -4.32538 0.0
4.5649 -5.51178 0.0
4.82619 -6.6966 0.0
5.9024 -5.79023 0.0
5.7588 -5.08258 0.0
4.71148 -6.13107 0.0
4.93738 -7.34764 0.0
6.03822 -6.58719 0.0
5.91575 -5.86212 0.0
4.83955 -6.76849 0.0
5.02914 -8.0104 0.0
6.15028 -7.39933 0.0
6.04944 -6.6606 0.0
4.9486 -7.42106 0.0
5.10113 -8.67853 0.0
6.23812 -8.22017 0.0
6.15932 -7.47374 0.0
5.03818 -8.08482 0.0
5.15332 -9.33824 0.0
6.30162 -9.03549 0.0
6.24499 -8.29454 0.0
5.108 -8.7529 0.0
5.18653 -9.95532 0.0
6.34154 -9.80683 0.0
6.30637 -9.10722 0.0
5.15808 -9.40997 0.0
5.18932 -10.0179 0.0
5.20345 -10.4513 0.0
6.36103 -10.4335 0.0
6.34433 -9.86943 0.0
-6.47229 -9.86033 0.0
-7.62734 -9.71156 0.0
-7.64653 -10.4104 0.0
-6.48898 -10.4244 0.0
-6.43383 -9.08221 0.0
-7.58217 -8.77811 0.0
-7.62405 -9.63304 0.0
-6.469 -9.78181 0.0
-6.37148 -8.25234 0.0
-7.50849 -7.79296 0.0
-7.57644 -8.6892 0.0
-6.42811 -8.9933 0.0
-6.28433 -7.4145 0.0
-7.40547 -6.80286 0.0
-7.50014 -7.70154 0.0
-6.36313 -8.16092 0.0
-6.17246 -6.58465 0.0
-7.27331 -5.82391 0.0
-7.39444 -6.71173 0.0
-6.27329 -7.32337 0.0
-6.03629 -5.76982 0.0
-7.1125 -4.86333 0.0
-7.25961 -5.73415 0.0
-6.15876 -6.49489 0.0
-5.87637 -4.97434 0.0
-6.9237 -3.92578 0.0
-7.09618 -4.77549 0.0
-6.01997 -5.68199 0.0
-5.69336 -4.20164 0.0
-6.70767 -3.01521 0.0
-6.90483 -3.84028 0.0
-5.8575 -4.88884 0.0
-5.48798 -3.45486 0.0
-6.46528 -2.13525 0.0
-6.68633 -2.93239 0.0
-5.67201 -4.11882 0.0
-5.26105 -2.73694 0.0
-6.19748 -1.28937 0.0
-6.44154 -2.05544 0.0
-5.46424 -3.37505 0.0
-5.01347 -2.0507 0.0
-5.90533 -0.480889 0.0
-6.17143 -1.21289 0.0
-5.23501 -2.66045 0.0
-4.74621 -1.39882 0.0
-5.58999 0.287049 0.0
-5.87709 -0.408025 0.0
-4.98523 -1.97784 0.0
-4.46033 -0.783809 0.0
-5.2527 1.01145 0.0
-5.55966 0.356007 0.0
-4.71589 -1.32986 0.0
-4.15694 -0.208059 0.0
-4.89477 1.68952 0.0
-5.22041 1.07624 0.0
-4.42804 -0.719026 0.0
-3.83721 0.326224 0.0
-4.51759 2.31863 0.0
-4.86063 1.74988 0.0
-4.12281 -0.1477 0.0
-3.50236 0.816995 0.0
-4.1226 2.89636 0.0
-4.48174 2.37433 0.0
-3.80137 0.381927 0.0
-3.15362 1.26237 0.0
-3.71128 3.4205 0.0
-4.08518 2.94719 0.0
-3.46494 0.867827 0.0
-2.79227 1.66065 0.0
-3.28516 3.88902 0.0
-3.67243 3.46626 0.0
-3.11476 1.30814 0.0
-2.41959 2.01026 0.0
-2.84575 4.30008 0.0
-3.245 3.92954 0.0
-2.75212 1.70117 0.0
-2.03687 2.30976 0.0
-2.39462 4.65201 0.0
-2.80444 4.3352 0.0
-2.37828 2.04538 0.0
-1.64542 2.55781 0.0
-1.93335 4.94324 0.0
-2.3523 4.68156 0.0
-1.99455 2.33932 0.0
-1.24664 2.75315 0.0
-1.46359 5.17234 0.0
-1.89017 4.9671 0.0
-1.60224 2.58167 0.0
-0.842033 2.8946 0.0
-0.987154 5.33801 0.0
-1.41971 5.19038 0.0
-1.20276 2.77118 0.0
-0.43332 2.98116 0.0
-0.506026 5.43915 0.0
-0.942746 5.35011 0.0
-0.797625 2.90669 0.0
-0.0224235 3.01213 0.0
-0.0224235 5.47498 0.0
-0.461291 5.44522 0.0
-0.388585 2.98723 0.0
0.388584 2.98723 0.0
0.46129 5.44522 0.0
0.0224222 5.47498 0.0
0.0224222 3.01213 0.0
0.797624 2.90669 0.0
0.942745 5.35011 0.0
0.506024 5.43915 0.0
0.433318 2.98116 0.0
1.20275 2.77118 0.0
1.41971 5.19038 0.0
0.987152 5.33801 0.0
0.842031 2.8946 0.0
1.60224 2.58167 0.0
1.89016 4.9671 0.0
1.46359 5.17234 0.0
1.24664 2.75315 0.0
1.99455 2.33932 0.0
2.3523 4.68156 0.0
1.93335 4.94324 0.0
1.64542 2.55781 0.0
2.37828 2.04538 0.0
2.80444 4.3352 0.0
2.39462 4.65201 0.0
2.03687 2.30976 0.0
2.75212 1.70117 0.0
3.245 3.92954 0.0
2.84575 4.30008 0.0
2.41959 2.01026 0.0
3.11476 1.30814 0.0
3.67242 3.46626 0.0
3.28515 3.88902 0.0
2.79227 1.66065 0.0
3.46493 0.867827 0.0
4.08518 2.94719 0.0
3.71128 3.4205 0.0
3.15362 1.26237 0.0
3.80137 0.381927 0.0
4.48174 2.37433 0.0
4.1226 2.89636 0.0
3.50235 0.816995 0.0
4.12281 -0.1477 0.0
4.86063 1.74988 0.0
4.51759 2.31863 0.0
3.83721 0.326224 0.0
4.42804 -0.719026 0.0
5.2204 1.07624 0.0
4.89477 1.68952 0.0
4.15694 -0.208059 0.0
4.71588 -1.32986 0.0
5.55966 0.356006 0.0
5.25269 1.01145 0.0
4.46033 -0.783809 0.0
4.98523 -1.97784 0.0
5.87709 -0.408025 0.0
5.58999 0.287049 0.0
4.74621 -1.39882 0.0
5.235 -2.66045 0.0
6.17143 -1.21289 0.0
5.90533 -0.480889 0.0
5.01346 -2.0507 0.0
5.46424 -3.37505 0.0
6.44154 -2.05544 0.0
6.19748 -1.28937 0.0
5.26105 -2.73694 0.0
5.67201 -4.11882 0.0
6.68633 -2.93239 0.0
6.46528 -2.13525 0.0
5.48798 -3.45486 0.0
5.8575 -4.88884 0.0
6.90483 -3.84028 0.0
6.70767 -3.01521 0.0
5.69336 -4.20164 0.0
6.01997 -5.68199 0.0
7.09618 -4.77549 0.0
6.9237 -3.92578 0.0
5.87637 -4.97434 0.0
6.15876 -6.49489 0.0
7.25961 -5.73415 0.0
7.1125 -4.86333 0.0
6.03629 -5.76982 0.0
6.27329 -7.32337 0.0
7.39444 -6.71173 0.0
7.27331 -5.82391 0.0
6.17245 -6.58465 0.0
6.36313 -8.16092 0.0
7.50014 -7.70154 0.0
7.40547 -6.80286 0.0
6.28432 -7.4145 0.0
6.4281 -8.9933 0.0
7.57644 -8.6892 0.0
7.50849 -7.79296 0.0
6.37148 -8.25234 0.0
6.469 -9.78181 0.0
7.62405 -9.63304 0.0
7.58217 -8.77811 0.0
6.43383 -9.08221 0.0
6.47229 -9.86033 0.0
6.48898 -10.4244 0.0
7.64653 -10.4104 0.0
7.62734 -9.71156 0.0
-7.75545 -9.7026 0.0
-8.91032 -9.55341 0.0
-8.93194 -10.39 0.0
-7.77463 -10.4014 0.0
-7.70977 -8.75298 0.0
-8.85795 -8.44795 0.0
-8.90653 -9.45872 0.0
-7.75166 -9.60791 0.0
-7.63512 -7.75061 0.0
-8.77197 -7.2907 0.0
-8.85125 -8.34182 0.0
-7.70307 -8.64685 0.0
-7.53061 -6.74348 0.0
-8.65159 -6.13166 0.0
-8.76213 -7.18225 0.0
-7.62528 -7.64217 0.0
-7.39645 -5.74785 0.0
-8.49713 -4.98714 0.0
-8.63856 -6.02384 0.0
-7.51758 -6.63566 0.0
-7.23315 -4.77093 0.0
-8.3092 -3.86457 0.0
-8.48095 -4.88104 0.0
-7.38026 -5.64175 0.0
-7.04139 -3.81743 0.0
-8.08855 -2.76908 0.0
-8.28991 -3.76079 0.0
-7.21387 -4.66715 0.0
-6.82193 -2.89135 0.0
-7.83607 -1.70517 0.0
-8.06625 -2.66807 0.0
-7.01909 -3.71642 0.0
-6.57565 -1.99637 0.0
-7.55278 -0.677057 0.0
-7.81084 -1.60733 0.0
-6.7967 -2.79351 0.0
-6.30353 -1.13602 0.0
-7.23979 0.31122 0.0
-7.52472 -0.582775 0.0
-6.5476 -1.90209 0.0
-6.00665 -0.31367 0.0
-6.89834 1.25579 0.0
-7.20901 0.401573 0.0
-6.27276 -1.04567 0.0
-5.68618 0.467475 0.0
-6.52978 2.15295 0.0
-6.86497 1.34185 0.0
-5.97328 -0.2276 0.0
-5.34337 1.20437 0.0
-6.13557 2.99922 0.0
-6.49394 2.2344 0.0
-5.65034 0.548925 0.0
-4.97957 1.89417 0.0
-5.71723 3.7913 0.0
-6.0974 3.07573 0.0
-5.30521 1.28089 0.0
-4.59618 2.5342 0.0
-5.2764 4.52613 0.0
-5.67689 3.86258 0.0
-4.93923 1.96545 0.0
-4.19468 3.12201 0.0
-4.81477 5.20088 0.0
-5.23404 4.59191 0.0
-4.55382 2.59998 0.0
-3.77656 3.65533 0.0
-4.33409 5.81294 0.0
-4.77055 5.2609 0.0
-4.15046 3.18203 0.0
-3.34338 4.13211 0.0
-3.83613 6.35994 0.0
-4.28817 5.86697 0.0
-3.73065 3.70936 0.0
-2.89668 4.55047 0.0
-3.32272 6.83974 0.0
-3.78869 6.40776 0.0
-3.29593 4.17993 0.0
-2.43806 4.90871 0.0
-2.79571 7.25037 0.0
-3.27392 6.88116 0.0
-2.84788 4.5919 0.0
-1.96913 5.20524 0.0
-2.25696 7.59005 0.0
-2.74572 7.28522 0.0
-2.38808 4.94357 0.0
-1.49157 5.43861 0.0
-1.70845 7.85716 0.0
-2.20598 7.61817 0.0
-1.91814 5.23337 0.0
-1.00722 5.60749 0.0
-1.15229 8.05023 0.0
-1.65666 7.87841 0.0
-1.43978 5.45986 0.0
-0.518097 5.71078 0.0
-0.590781 8.16808 0.0
-1.09989 8.06448 0.0
-0.954817 5.62174 0.0
-0.0264525 5.74769 0.0
-0.026443 8.20986 0.0
-0.538004 8.17523 0.0
-0.46532 5.71793 0.0
0.46532 5.71793 0.0
0.538004 8.17523 0.0
0.0264612 8.20986 0.0
0.0264518 5.74769 0.0
0.954816 5.62174 0.0
1.09989 8.06448 0.0
0.590781 8.16808 0.0
0.518096 5.71078 0.0
1.43977 5.45986 0.0
1.65665 7.87841 0.0
1.15229 8.05023 0.0
1.00722 5.60749 0.0
1.91814 5.23337 0.0
2.20597 7.61817 0.0
1.70845 7.85716 0.0
1.49157 5.43861 0.0
2.38808 4.94357 0.0
2.74572 7.28522 0.0
2.25696 7.59005 0.0
1.96913 5.20524 0.0
2.84788 4.5919 0.0
3.27392 6.88116 0.0
2.7957 7.25037 0.0
2.43806 4.90871 0.0
3.29593 4.17993 0.0
3.78869 6.40776 0.0
3.32272 6.83974 0.0
2.89668 4.55047 0.0
3.73064 3.70936 0.0
4.28817 5.86697 0.0
3.83613 6.35994 0.0
3.34337 4.13211 0.0
4.15045 3.18203 0.0
4.77055 5.2609 0.0
4.33409 5.81294 0.0
3.77656 3.65533 0.0
4.55382 2.59998 0.0
5.23404 4.59191 0.0
4.81477 5.20088 0.0
4.19468 3.12201 0.0
4.93923 1.96545 0.0
5.67689 3.86258 0.0
5.2764 4.52613 0.0
4.59618 2.5342 0.0
5.30521 1.28089 0.0
6.0974 3.07573 0.0
5.71723 3.7913 0.0
4.97957 1.89417 0.0
5.65034 0.548925 0.0
6.49394 2.2344 0.0
6.13557 2.99922 0.0
5.34337 1.20437 0.0
5.97328 -0.2276 0.0
6.86496 1.34186 0.0
6.52978 2.15295 0.0
5.68618 0.467475 0.0
6.27276 -1.04567 0.0
7.20901 0.401572 0.0
6.89834 1.25579 0.0
6.00665 -0.31367 0.0
6.54759 -1.90209 0.0
7.52472 -0.582774 0.0
7.23979 0.311219 0.0
6.30353 -1.13602 0.0
6.7967 -2.79351 0.0
7.81084 -1.60733 0.0
7.55278 -0.677057 0.0
6.57565 -1.99637 0.0
7.01909 -3.71642 0.0
8.06625 -2.66807 0.0
7.83607 -1.70517 0.0
6.82193 -2.89135 0.0
7.21387 -4.66715 0.0
8.28991 -3.76079 0.0
8.08854 -2.76908 0.0
7.04139 -3.81743 0.0
7.38026 -5.64175 0.0
8.48095 -4.88105 0.0
8.3092 -3.86457 0.0
7.23315 -4.77093 0.0
7.51758 -6.63566 0.0
8.63856 -6.02384 0.0
8.49713 -4.98714 0.0
7.39645 -5.74785 0.0
7.62528 -7.64217 0.0
8.76213 -7.18225 0.0
8.65159 -6.13166 0.0
7.53061 -6.74348 0.0
7.70307 -8.64685 0.0
8.85124 -8.34182 0.0
8.77197 -7.2907 0.0
7.63512 -7.75061 0.0
7.75166 -9.60791 0.0
8.90653 -9.45872 0.0
8.85794 -8.44795 0.0
7.70977 -8.75298 0.0
7.75545 -9.7026 0.0
7.77463 -10.4014 0.0
8.93194 -10.39 0.0
8.91032 -9.55341 0.0
-9.03843 -9.54458 0.0
-9.70389 -9.45911 0.0
-10.1921 -9.39506 0.0
-10.216 -10.3718 0.0
-9.06005 -10.3812 0.0
-9.66764 -9.35706 0.0
-9.00219 -9.44253 0.0
-8.9536 -8.43176 0.0
-9.46821 -8.29573 0.0
-9.46129 -8.17834 0.0
-8.94668 -8.31437 0.0
-8.8674 -7.26324 0.0
-9.33609 -7.07773 0.0
-9.65078 -8.12381 0.0
-9.32574 -6.95769 0.0
-8.85705 -7.1432 0.0
-8.74651 -6.09261 0.0
-9.17681 -5.86269 0.0
-9.58814 -6.84284 0.0
-9.16288 -5.74304 0.0
-8.73259 -5.97295 0.0
-8.59116 -4.93625 0.0
-8.98865 -4.6666 0.0
-9.48076 -5.55999 0.0
-8.97106 -4.54843 0.0
-8.57357 -4.81807 0.0
-8.40181 -3.8016 0.0
-8.77661 -3.49094 0.0
-9.32345 -4.29535 0.0
-9.12117 -3.05767 0.0
-8.75544 -3.37508 0.0
-8.38064 -3.68573 0.0
-8.17927 -2.69403 0.0
-8.53733 -2.34054 0.0
-8.87851 -1.85226 0.0
-8.5127 -2.22761 0.0
-8.15464 -2.5811 0.0
-7.92447 -1.61821 0.0
-8.26833 -1.22089 0.0
-8.59404 -0.68864 0.0
-8.24027 -1.11135 0.0
-7.89642 -1.50866 0.0
-7.63835 -0.57839 0.0
-7.9726 -0.131898 0.0
-8.27432 0.432086 0.0
-7.94133 -0.0262973 0.0
-7.60709 -0.472789 0.0
-7.32216 0.421206 0.0
-7.64667 0.918111 0.0
-7.91864 1.50167 0.0
-7.61226 1.01937 0.0
-7.28775 0.522466 0.0
-6.97708 1.37668 0.0
-7.29344 1.92882 0.0
-7.53241 2.52027 0.0
-7.25612 2.02528 0.0
-6.93976 1.47313 0.0
-6.60458 2.28423 0.0
-6.91096 2.89176 0.0
-7.1164 3.48236 0.0
-6.87086 2.98305 0.0
-6.56448 2.37551 0.0
-6.2061 3.14033 0.0
-6.50134 3.80474 0.0
-6.6719 4.3827 0.0
-6.45859 3.8905 0.0
-6.16335 3.22609 0.0
-5.78318 3.94165 0.0
-6.06641 4.66565 0.0
-6.02124 4.74553 0.0
-5.73801 4.02153 0.0
-5.33752 4.68508 0.0
-5.60591 5.46675 0.0
-6.20303 5.22224 0.0
-5.55847 5.54044 0.0
-5.29008 4.75877 0.0
-4.87081 5.36774 0.0
-5.1222 6.20649 0.0
-5.71082 5.99618 0.0
-5.07268 6.27372 0.0
-4.82129 5.43497 0.0
-4.38482 5.98701 0.0
-4.61695 6.88163 0.0
-5.19737 6.70192 0.0
-4.56552 6.94214 0.0
-4.33339 6.04752 0.0
-3.88135 6.5405 0.0
-4.09233 7.49104 0.0
-4.66424 7.3352 0.0
-4.03921 7.54458 0.0
-3.82823 6.59404 0.0
-3.36227 7.02601 0.0
-3.54932 8.02832 0.0
-4.11459 7.89762 0.0
-3.49469 8.07469 0.0
-3.30765 7.07237 0.0
-2.82943 7.44158 0.0
-2.99033 8.49289 0.0
-3.54992 8.3853 0.0
-2.9344 8.53189 0.0
-2.77349 7.48057 0.0
-2.28473 7.7854 0.0
-2.41738 8.88255 0.0
-2.97231 8.79644 0.0
-2.36034 8.914 0.0
-2.22769 7.81685 0.0
-1.73016 8.05583 0.0
-1.83259 9.1953 0.0
-2.38393 9.12944 0.0
-1.7747 9.21852 0.0
-1.67228 8.07905 0.0
-1.16791 8.25088 0.0
-1.23714 9.41027 0.0
-1.78707 9.38231 0.0
-1.17874 9.4247 0.0
-1.10951 8.26532 0.0
-0.6004 8.36891 0.0
-0.634876 9.51008 0.0
-1.18413 9.55346 0.0
-0.575591 9.52013 0.0
-0.541114 8.37896 0.0
-0.0295533 8.41359 0.0
-0.0283097 9.53218 0.0
-0.0306767 9.65621 0.0
-0.577069 9.64682 0.0
0.0313808 9.52867 0.0
0.0301372 8.41008 0.0
0.54168 8.37545 0.0
0.576154 9.51673 0.0
0.577523 9.64329 0.0
0.634874 9.5102 0.0
0.600401 8.36892 0.0
1.10951 8.26533 0.0
1.17875 9.42496 0.0
1.18415 9.55374 0.0
1.23716 9.41053 0.0
1.16791 8.2509 0.0
1.67228 8.07907 0.0
1.77465 9.218 0.0
1.7871 9.38271 0.0
1.83254 9.19476 0.0
1.73017 8.05583 0.0
2.22769 7.81685 0.0
2.36025 8.91324 0.0
2.384 9.12998 0.0
2.41729 8.88179 0.0
2.28473 7.7854 0.0
2.7735 7.48057 0.0
2.93424 8.53083 0.0
2.97244 8.79721 0.0
2.99017 8.49183 0.0
2.82943 7.44158 0.0
3.30765 7.07237 0.0
3.49443 8.07324 0.0
3.55013 8.38637 0.0
3.54905 8.02688 0.0
3.36228 7.02601 0.0
3.82825 6.59403 0.0
4.03921 7.54452 0.0
4.11493 7.89907 0.0
4.09231 7.49098 0.0
3.88135 6.5405 0.0
4.33339 6.04752 0.0
4.56585 6.94338 0.0
4.66426 7.33527 0.0
4.61727 6.88288 0.0
4.38481 5.98702 0.0
4.82127 5.43497 0.0
5.07285 6.27432 0.0
5.19697 6.70065 0.0
5.12237 6.20709 0.0
4.8708 5.36774 0.0
5.29007 4.75877 0.0
5.55839 5.54024 0.0
5.71061 5.99558 0.0
5.60584 5.46655 0.0
5.33752 4.68508 0.0
5.73801 4.02153 0.0
6.02078 4.74436 0.0
6.20311 5.22245 0.0
6.06597 4.66448 0.0
5.78319 3.94165 0.0
6.16336 3.22608 0.0
6.45934 3.89212 0.0
6.67245 4.38388 0.0
6.50205 3.80638 0.0
6.20607 3.14034 0.0
6.56445 2.37552 0.0
6.87099 2.98337 0.0
7.11553 3.48071 0.0
6.91112 2.89208 0.0
6.60457 2.28423 0.0
6.93976 1.47314 0.0
7.2554 2.02404 0.0
7.53222 2.51995 0.0
7.29274 1.92757 0.0
6.9771 1.37667 0.0
7.28777 0.522453 0.0
7.61294 1.02036 0.0
7.91949 1.50291 0.0
7.64731 0.919124 0.0
7.32213 0.421217 0.0
7.60707 -0.472776 0.0
7.94052 -0.0273358 0.0
8.27355 0.4311 0.0
7.97182 -0.132965 0.0
7.63837 -0.578405 0.0
7.89644 -1.50868 0.0
8.24088 -1.11069 0.0
8.59496 -0.687619 0.0
8.2689 -1.2202 0.0
7.92445 -1.61819 0.0
8.15463 -2.58109 0.0
8.51285 -2.22744 0.0
8.87783 -1.85291 0.0
8.53748 -2.34038 0.0
8.17927 -2.69402 0.0
8.38063 -3.68573 0.0
8.75485 -3.37556 0.0
9.12098 -3.05782 0.0
8.77604 -3.49145 0.0
8.40183 -3.80161 0.0
8.57358 -4.81809 0.0
8.9719 -4.54788 0.0
9.32412 -4.29492 0.0
8.98946 -4.66601 0.0
8.59114 -4.93622 0.0
8.73257 -5.97293 0.0
9.16268 -5.74311 0.0
9.47982 -5.56046 0.0
9.17662 -5.8628 0.0
8.74652 -6.09261 0.0
8.85705 -7.1432 0.0
9.32433 -6.95826 0.0
9.58835 -6.84276 0.0
9.3347 -7.07835 0.0
8.86742 -7.26329 0.0
8.9467 -8.31442 0.0
9.46112 -8.17844 0.0
9.6523 -8.12346 0.0
9.46802 -8.29579 0.0
8.9536 -8.43177 0.0
9.00219 -9.44254 0.0
9.66784 -9.35704 0.0
9.03843 -9.54458 0.0
9.06005 -10.3812 0.0
10.216 -10.3718 0.0
10.1921 -9.39506 0.0
9.70408 -9.45908 0.0
-10.3198 -9.38617 0.0
-10.9737 -9.29459 0.0
-11.466 -9.2392 0.0
-11.4809 -9.78431 0.0
-11.4921 -10.3565 0.0
-10.3437 -10.3629 0.0
-10.9372 -9.1765 0.0
-10.2832 -9.26808 0.0
-10.2281 -8.1015 0.0
-10.747 -7.97822 0.0
-10.7392 -7.84439 0.0
-10.2203 -7.96768 0.0
-10.1297 -6.76222 0.0
-10.6032 -6.58948 0.0
-10.9113 -7.76713 0.0
-10.5913 -6.45259 0.0
-10.1178 -6.62532 0.0
-9.9913 -5.4233 0.0
-10.4279 -5.20458 0.0
-10.8332 -6.31707 0.0
-10.4119 -5.06834 0.0
-9.97533 -5.28705 0.0
-9.81356 -4.10182 0.0
-10.2196 -3.84072 0.0
-10.7045 -4.87037 0.0
-10.5282 -3.4419 0.0
-10.1996 -3.70649 0.0
-9.79354 -3.96758 0.0
-9.59711 -2.80576 0.0
-9.97552 -2.50602 0.0
-10.2998 -2.04445 0.0
-9.95142 -2.37432 0.0
-9.57301 -2.67406 0.0
-9.34271 -1.54066 0.0
-9.70234 -1.19922 0.0
-10.0271 -0.682362 0.0
-9.67435 -1.07087 0.0
-9.31472 -1.41231 0.0
-9.0515 -0.311868 0.0
-9.3945 0.0712227 0.0
-9.70755 0.63371 0.0
-9.36262 0.195752 0.0
-9.01962 -0.187339 0.0
-8.72452 0.875782 0.0
-9.05596 1.30557 0.0
-9.34833 1.90211 0.0
-9.02044 1.42562 0.0
-8.689 0.995838 0.0
-8.36319 2.01748 0.0
-8.68314 2.49477 0.0
-8.94826 3.1134 0.0
-8.64404 2.60991 0.0
-8.32409 2.13263 0.0
-7.96886 3.10877 0.0
-8.27962 3.63871 0.0
-8.5134 4.26743 0.0
-8.2372 3.7484 0.0
-7.92644 3.21846 0.0
-7.5432 4.14531 0.0
-7.84321 4.72801 0.0
-8.04451 5.35782 0.0
-7.79761 4.83183 0.0
-7.4976 4.24913 0.0
-7.08786 5.12306 0.0
-7.37638 5.76039 0.0
-7.54296 6.37846 0.0
-7.32776 5.85794 0.0
-7.03924 5.22061 0.0
-6.60459 6.03821 0.0
-6.8813 6.73365 0.0
-7.01356 7.33036 0.0
-6.82992 6.82451 0.0
-6.55321 6.12906 0.0
-6.09535 6.88718 0.0
-6.3575 7.639 0.0
-6.45744 8.208 0.0
-6.30354 7.72282 0.0
-6.04139 6.97101 0.0
-5.56207 7.6667 0.0
-5.80772 8.47477 0.0
-5.87701 9.00838 0.0
-5.75139 8.55124 0.0
-5.50574 7.74317 0.0
-5.00679 8.37375 0.0
-5.23382 9.23733 0.0
-5.17533 9.30613 0.0
-4.9483 8.44255 0.0
-4.43159 9.00557 0.0
-4.63778 9.92331 0.0
-5.27466 9.72875 0.0
-4.57735 9.98419 0.0
-4.37116 9.06645 0.0
-3.83859 9.55968 0.0
-4.02171 10.5297 0.0
-4.65278 10.3666 0.0
-3.95955 10.5824 0.0
-3.77643 9.61239 0.0
-3.22994 10.0338 0.0
-3.38816 11.0558 0.0
-4.01335 10.9175 0.0
-3.32455 11.1001 0.0
-3.16632 10.0781 0.0
-2.60788 10.426 0.0
-2.73869 11.4949 0.0
-3.35981 11.3839 0.0
-2.67383 11.5306 0.0
-2.54301 10.4617 0.0
-1.97468 10.7343 0.0
-2.07613 11.8468 0.0
-2.69413 11.7616 0.0
-2.0103 11.8735 0.0
-1.90885 10.761 0.0
-1.33282 10.9569 0.0
-1.40248 12.1002 0.0
-2.01897 12.049 0.0
-1.33612 12.1167 0.0
-1.26646 10.9734 0.0
-0.68513 11.0915 0.0
-0.720719 12.2147 0.0
-1.33721 12.2436 0.0
-0.653257 12.2258 0.0
-0.617668 11.1026 0.0
-0.033534 11.142 0.0
-0.0301594 12.2416 0.0
-0.0367282 12.3631 0.0
-0.65054 12.3502 0.0
0.0377574 12.2381 0.0
0.0343828 11.1386 0.0
0.618433 11.0991 0.0
0.654011 12.2229 0.0
0.651082 12.3472 0.0
0.720719 12.2154 0.0
0.685141 11.0915 0.0
1.26647 10.9735 0.0
1.33618 12.1177 0.0
1.33727 12.2447 0.0
1.40254 12.1012 0.0
1.33283 10.957 0.0
1.90886 10.7611 0.0
2.01017 11.8722 0.0
2.01908 12.0503 0.0
2.07601 11.8454 0.0
1.97469 10.7343 0.0
2.54303 10.4617 0.0
2.67363 11.5289 0.0
2.69431 11.763 0.0
2.7385 11.4932 0.0
2.60789 10.426 0.0
3.16634 10.0781 0.0
3.32423 11.0981 0.0
3.36009 11.3855 0.0
3.38785 11.0538 0.0
3.22996 10.0338 0.0
3.77646 9.61238 0.0
3.95995 10.5842 0.0
4.01378 10.9196 0.0
4.02207 10.5315 0.0
3.83857 9.55967 0.0
4.37114 9.06645 0.0
4.57765 9.98553 0.0
4.65232 10.3647 0.0
4.63808 9.92465 0.0
4.43158 9.00557 0.0
4.94829 8.44255 0.0
5.1755 9.30682 0.0
5.27427 9.72741 0.0
5.234 9.23801 0.0
5.00678 8.37375 0.0
5.50573 7.74317 0.0
5.75135 8.55114 0.0
5.87678 9.0077 0.0
5.80769 8.47467 0.0
5.56207 7.6667 0.0
6.04139 6.97101 0.0
6.30316 7.72178 0.0
6.45748 8.20811 0.0
6.35714 7.63795 0.0
6.09536 6.88718 0.0
6.55322 6.12906 0.0
6.82999 6.82463 0.0
7.014 7.3314 0.0
6.88135 6.73378 0.0
6.60458 6.03821 0.0
7.03923 5.2206 0.0
7.3283 5.85908 0.0
7.54289 6.37832 0.0
7.3769 5.76155 0.0
7.08784 5.12307 0.0
7.49758 4.24914 0.0
7.79742 4.83152 0.0
8.04388 5.35668 0.0
7.84304 4.72769 0.0
7.54321 4.14531 0.0
7.92644 3.21846 0.0
8.23738 3.74869 0.0
8.5136 4.26775 0.0
8.27979 3.639 0.0
7.96885 3.10878 0.0
8.32408 2.13263 0.0
8.6445 2.6106 0.0
8.94806 3.1131 0.0
8.68359 2.49546 0.0
8.36317 2.01749 0.0
8.68898 0.995856 0.0
9.01932 1.42422 0.0
9.34779 1.90146 0.0
9.05488 1.30413 0.0
8.72455 0.87576 0.0
9.01965 -0.18737 0.0
9.36335 0.196491 0.0
9.70882 0.63506 0.0
9.39518 0.0720075 0.0
9.05148 -0.311854 0.0
9.3147 -1.41229 0.0
9.6749 -1.07032 0.0
10.0263 -0.683088 0.0
9.70289 -1.19866 0.0
9.3427 -1.54064 0.0
9.573 -2.67404 0.0
9.95168 -2.37407 0.0
10.2992 -2.04494 0.0
9.97579 -2.50578 0.0
9.5971 -2.80575 0.0
9.79353 -3.96757 0.0
10.1994 -3.70656 0.0
10.5278 -3.44209 0.0
10.2194 -3.84081 0.0
9.81356 -4.10182 0.0
9.97533 -5.28706 0.0
10.4114 -5.06862 0.0
10.7047 -4.8703 0.0
10.4274 -5.20489 0.0
9.99131 -5.42332 0.0
10.1178 -6.62535 0.0
10.5935 -6.45173 0.0
10.8338 -6.31689 0.0
10.6054 -6.58851 0.0
10.1296 -6.76213 0.0
10.2203 -7.96758 0.0
10.7375 -7.84473 0.0
10.9089 -7.76764 0.0
10.7454 -7.97871 0.0
10.2281 -8.10157 0.0
10.2833 -9.26815 0.0
10.9389 -9.17636 0.0
10.3198 -9.38617 0.0
10.3437 -10.3629 0.0
11.4921 -10.3565 0.0
11.4808 -9.78066 0.0
11.466 -9.2392 0.0
10.9754 -9.29438 0.0
-11.6171 -10.3818 0.0
-11.6059 -9.80961 0.0
-12.7127 -9.77748 0.0
-12.7231 -10.3768 0.0
-11.5856 -9.12659 0.0
-11.5606 -8.3944 0.0
-12.6638 -8.32033 0.0
-12.6882 -8.98317 0.0
-11.5136 -7.6478 0.0
-11.4637 -6.84239 0.0
-12.5663 -6.72215 0.0
-12.6063 -7.35568 0.0
-11.3962 -6.13003 0.0
-11.3174 -5.27816 0.0
-12.4205 -5.11086 0.0
-12.4729 -5.69305 0.0
-11.2336 -4.62109 0.0
-11.1232 -3.73192 0.0
-12.2276 -3.51705 0.0
-12.2889 -4.0438 0.0
-11.7079 -2.60709 0.0
-11.0026 -3.12246 0.0
-10.781 -1.81794 0.0
-11.1352 -1.54898 0.0
-11.4521 -1.0583 0.0
-11.1085 -1.40324 0.0
-10.7543 -1.67221 0.0
-10.4945 -0.399157 0.0
-10.8255 -0.0958433 0.0
-11.1471 0.45346 0.0
-10.7941 0.047352 0.0
-10.4631 -0.255961 0.0
-10.1663 0.979876 0.0
-10.4765 1.31605 0.0
-10.7906 1.91419 0.0
-10.4407 1.45498 0.0
-10.1305 1.11881 0.0
-9.79802 2.3125 0.0
-10.0933 2.68595 0.0
-10.3902 3.32183 0.0
-10.0535 2.81986 0.0
-9.75818 2.44641 0.0
-9.39127 3.59336 0.0
-9.67259 4.00426 0.0
-9.94453 4.66589 0.0
-9.62875 4.1327 0.0
-9.34743 3.72179 0.0
-8.94757 4.81749 0.0
-9.21843 5.27131 0.0
-9.46022 5.94607 0.0
-9.1709 5.39363 0.0
-8.90004 4.93981 0.0
-8.46882 5.98004 0.0
-8.72848 6.47701 0.0
-8.93814 7.1553 0.0
-8.67741 6.59278 0.0
-8.41775 6.09581 0.0
-7.95686 7.07654 0.0
-8.20554 7.61913 0.0
-8.37983 8.2868 0.0
-8.1511 7.72789 0.0
-7.90242 7.1853 0.0
-7.41366 8.10272 0.0
-7.65196 8.69547 0.0
-7.7907 9.34173 0.0
-7.59446 8.79675 0.0
-7.35616 8.204 0.0
-6.84142 9.05458 0.0
-7.06717 9.69637 0.0
-7.17204 10.314 0.0
-7.0068 9.7898 0.0
-6.78104 9.14801 0.0
-6.2423 9.92848 0.0
-6.45413 10.6201 0.0
-6.52654 11.2005 0.0
-6.39112 10.7054 0.0
-6.17929 10.0137 0.0
-5.61858 10.721 0.0
-5.81485 11.4628 0.0
-5.85689 11.998 0.0
-5.74944 11.5395 0.0
-5.55318 10.7977 0.0
-4.97262 11.4291 0.0
-5.15147 12.2208 0.0
-5.16576 12.704 0.0
-5.08392 12.2886 0.0
-4.90507 11.4969 0.0
-4.30679 12.05 0.0
-4.46628 12.8906 0.0
-4.45533 13.3137 0.0
-4.39681 12.9494 0.0
-4.23732 12.1087 0.0
-3.62351 12.5812 0.0
-3.76205 13.4718 0.0
-3.72945 13.8297 0.0
-3.69097 13.5211 0.0
-3.55244 12.6305 0.0
-2.92534 13.0204 0.0
-3.04047 13.9567 0.0
-2.99028 14.2477 0.0
-2.96803 13.9964 0.0
-2.85289 13.0602 0.0
-2.21482 13.3656 0.0
-2.30464 14.3453 0.0
-2.24068 14.5661 0.0
-2.2311 14.3753 0.0
-2.14127 13.3956 0.0
-1.49469 13.615 0.0
-1.55729 14.6355 0.0
-1.48373 14.7835 0.0
-1.48295 14.6556 0.0
-1.42034 13.6352 0.0
-0.767915 13.7674 0.0
-0.801696 14.8256 0.0
-0.723728 14.9474 0.0
-0.726982 14.8371 0.0
-0.693201 13.7789 0.0
-0.0377661 13.8232 0.0
-0.0342872 14.8079 0.0
-0.0409771 14.9151 0.0
0.0420751 14.8048 0.0
0.0385962 13.8202 0.0
0.693999 13.7758 0.0
0.727707 14.8327 0.0
0.724225 14.9428 0.0
0.801631 14.8242 0.0
0.767923 13.7673 0.0
1.42036 13.6352 0.0
1.48289 14.6543 0.0
1.4838 14.7847 0.0
1.55723 14.6342 0.0
1.4947 13.615 0.0
2.14129 13.3956 0.0
2.23097 14.3737 0.0
2.24082 14.5674 0.0
2.30451 14.3437 0.0
2.21483 13.3656 0.0
2.85291 13.0602 0.0
2.9678 13.9946 0.0
2.99049 14.2492 0.0
3.04025 13.9548 0.0
2.92536 13.0204 0.0
3.55246 12.6305 0.0
3.69102 13.5212 0.0
3.72979 13.8316 0.0
3.76206 13.4719 0.0
3.62351 12.5812 0.0
4.23732 12.1087 0.0
4.39721 12.9514 0.0
4.45531 13.3136 0.0
4.46665 12.8927 0.0
4.30676 12.05 0.0
4.90504 11.497 0.0
5.08423 12.29 0.0
5.16525 12.702 0.0
5.15178 12.2222 0.0
4.9726 11.4291 0.0
5.55316 10.7977 0.0
5.7496 11.5402 0.0
5.85648 11.9966 0.0
5.81502 11.4635 0.0
5.61857 10.721 0.0
6.17928 10.0137 0.0
6.39103 10.7051 0.0
6.52632 11.1998 0.0
6.45405 10.6199 0.0
6.2423 9.92848 0.0
6.78105 9.14802 0.0
7.00631 9.78847 0.0
7.17214 10.3143 0.0
7.0667 9.69504 0.0
6.84144 9.05458 0.0
7.35618 8.20399 0.0
7.59447 8.7967 0.0
7.79128 9.34304 0.0
7.65195 8.69542 0.0
7.41366 8.10271 0.0
7.90242 7.18529 0.0
8.15161 7.72897 0.0
8.37985 8.28684 0.0
8.20603 7.62022 0.0
7.95684 7.07654 0.0
8.41773 6.09582 0.0
8.67708 6.59222 0.0
8.93754 7.15424 0.0
8.72819 6.47644 0.0
8.46884 5.98004 0.0
8.90005 4.9398 0.0
9.17099 5.39375 0.0
9.46058 5.94663 0.0
9.2185 5.27144 0.0
8.94757 4.81748 0.0
9.34743 3.72179 0.0
9.62916 4.1333 0.0
9.94444 4.66576 0.0
9.67299 4.00488 0.0
9.39125 3.59337 0.0
9.75817 2.44644 0.0
10.0522 2.81824 0.0
10.3897 3.32127 0.0
10.0921 2.68427 0.0
9.79807 2.31247 0.0
10.1306 1.11876 0.0
10.4415 1.45584 0.0
10.7921 1.91571 0.0
10.4773 1.31699 0.0
10.1663 0.979898 0.0
10.4631 -0.255921 0.0
10.7925 0.0459347 0.0
11.1461 0.452639 0.0
10.824 -0.0973496 0.0
10.4946 -0.399205 0.0
10.7544 -1.67227 0.0
11.1094 -1.4026 0.0
11.4539 -1.05703 0.0
11.1361 -1.54824 0.0
10.781 -1.81791 0.0
11.0026 -3.12242 0.0
11.7069 -2.60768 0.0
12.0841 -2.49199 0.0
11.7576 -2.68988 0.0
11.0533 -3.20462 0.0
11.1244 -3.64714 0.0
12.2291 -3.43476 0.0
12.4218 -5.03046 0.0
12.3095 -4.11842 0.0
11.2543 -4.69573 0.0
11.3183 -5.19432 0.0
12.5673 -6.64325 0.0
12.4885 -5.77024 0.0
11.4119 -6.20723 0.0
11.4643 -6.75884 0.0
12.6645 -8.24504 0.0
12.6168 -7.43349 0.0
11.5241 -7.72563 0.0
11.561 -8.31303 0.0
12.7128 -9.71494 0.0
12.6936 -9.05503 0.0
11.591 -9.19845 0.0
11.6058 -9.73991 0.0
-11.3185 -5.19608 0.0
-11.2542 -4.69574 0.0
-12.3095 -4.11844 0.0
-12.4216 -5.02877 0.0
11.3172 -5.27641 0.0
11.3962 -6.13004 0.0
12.4729 -5.69305 0.0
12.4207 -5.11255 0.0
-11.4645 -6.76121 0.0
-11.4118 -6.20723 0.0
-12.4885 -5.77025 0.0
-12.567 -6.64098 0.0
11.4634 -6.84002 0.0
11.5135 -7.64781 0.0
12.6062 -7.35567 0.0
12.5664 -6.72444 0.0
-11.1245 -3.64842 0.0
-11.0533 -3.20463 0.0
-11.7586 -2.68927 0.0
-12.0841 -2.49199 0.0
-12.2289 -3.43355 0.0
11.123 -3.73066 0.0
11.2336 -4.6211 0.0
12.2888 -4.0438 0.0
12.2277 -3.51828 0.0
-12.0846 -2.34977 0.0
-11.7591 -2.54704 0.0
-11.1864 -1.48893 0.0
-11.53 -1.14399 0.0
-11.8326 -0.91472 0.0
11.5317 -1.1427 0.0
11.1873 -1.48827 0.0
11.7582 -2.54771 0.0
12.0846 -2.34981 0.0
11.8326 -0.914756 0.0
-11.8026 -0.760674 0.0
-11.5001 -0.989941 0.0
-10.8735 -0.0274876 0.0
-11.2265 0.37862 0.0
-11.5091 0.637454 0.0
11.2255 0.377831 0.0
10.8719 -0.028873 0.0
11.5017 -0.98855 0.0
11.8026 -0.760605 0.0
11.509 0.637514 0.0
-11.4747 0.787015 0.0
-11.1921 0.528182 0.0
-10.5215 1.39077 0.0
-10.8714 1.84998 0.0
-11.1409 2.14236 0.0
10.8729 1.85151 0.0
10.5223 1.39164 0.0
11.1912 0.527296 0.0
11.4747 0.786979 0.0
11.1409 2.14234 0.0
-11.5611 -8.31614 0.0
-11.524 -7.72563 0.0
-12.6167 -7.43351 0.0
-12.6643 -8.24206 0.0
11.5604 -8.39131 0.0
11.5855 -9.12659 0.0
12.6881 -8.98317 0.0
12.6639 -8.32332 0.0
10.4719 3.26754 0.0
10.1343 2.76451 0.0
10.8343 1.99595 0.0
11.1024 2.28678 0.0
10.7299 3.59433 0.0
-11.1024 2.28672 0.0
-10.8329 1.99434 0.0
-10.1357 2.7661 0.0
-10.4724 3.26807 0.0
-10.73 3.59429 0.0
-10.6874 3.73314 0.0
-10.4298 3.40691 0.0
-9.71221 4.08935 0.0
-10.028 4.62254 0.0
-10.2779 4.98813 0.0
10.0279 4.62241 0.0
9.71264 4.08994 0.0
10.4294 3.40633 0.0
10.6874 3.73312 0.0
10.2779 4.98812 0.0
-10.2315 5.12088 0.0
-9.98164 4.7553 0.0
-9.25554 5.36072 0.0
-9.54486 5.91315 0.0
-9.78665 6.31876 0.0
9.54521 5.91372 0.0
9.25562 5.36084 0.0
9.98156 4.75517 0.0
10.2315 5.12088 0.0
9.78665 6.31877 0.0
-9.73657 6.44508 0.0
-9.49478 6.03947 0.0
-8.76304 6.57041 0.0
-9.02377 7.13293 0.0
-9.25804 7.58146 0.0
9.02318 7.13187 0.0
8.76272 6.56985 0.0
9.49511 6.04005 0.0
9.73656 6.44509 0.0
9.25802 7.58146 0.0
-9.20447 7.70085 0.0
-8.97019 7.25233 0.0
-8.23759 7.71616 0.0
-8.46633 8.27507 0.0
-8.69414 8.77153 0.0
8.46637 8.27509 0.0
8.23813 7.71722 0.0
8.96964 7.25125 0.0
9.20448 7.70083 0.0
8.69416 8.77152 0.0
-8.63731 8.88356 0.0
-8.4095 8.3871 0.0
-7.68163 8.79576 0.0
-7.87787 9.34075 0.0
-8.09715 9.88462 0.0
7.87842 9.34207 0.0
7.68161 8.79572 0.0
8.40952 8.38713 0.0
8.63731 8.88356 0.0
8.09715 9.88463 0.0
-8.03716 9.98894 0.0
-7.81789 9.44506 0.0
-7.09435 9.79969 0.0
-7.2596 10.3239 0.0
-7.46918 10.9167 0.0
7.25967 10.3242 0.0
7.09384 9.79838 0.0
7.81841 9.44639 0.0
8.03715 9.98896 0.0
7.46915 10.9167 0.0
-7.40631 11.0128 0.0
-7.19673 10.4201 0.0
-6.47882 10.7262 0.0
-6.61424 11.2213 0.0
-6.81261 11.8638 0.0
6.61403 11.2207 0.0
6.47873 10.726 0.0
7.19682 10.4204 0.0
7.4063 11.0128 0.0
6.8126 11.8638 0.0
-6.74708 11.9515 0.0
-6.54871 11.309 0.0
-5.83701 11.5714 0.0
-5.94446 12.0299 0.0
-6.12985 12.7224 0.0
5.94408 12.0285 0.0
5.8372 11.5721 0.0
6.54851 11.3084 0.0
6.74708 11.9515 0.0
6.12986 12.7224 0.0
-6.0619 12.8013 0.0
-5.87651 12.1088 0.0
-5.17108 12.3316 0.0
-5.25292 12.747 0.0
-5.4234 13.4893 0.0
5.25246 12.745 0.0
5.17143 12.333 0.0
5.87614 12.1074 0.0
6.06191 12.8013 0.0
5.42341 13.4893 0.0
-11.1437 -4.62767 0.0
-10.7621 -4.81819 0.0
-10.2772 -3.78854 0.0
-10.6058 -3.52396 0.0
-10.9621 -3.29471 0.0
-11.0333 -3.73849 0.0
10.6055 -3.52415 0.0
10.2771 -3.78862 0.0
10.7623 -4.81811 0.0
11.1437 -4.62767 0.0
11.0331 -3.73722 0.0
10.9621 -3.2947 0.0
-11.3049 -6.12576 0.0
-10.893 -6.27453 0.0
-10.4877 -5.16204 0.0
-10.7803 -4.96407 0.0
-11.1619 -4.77355 0.0
-11.2261 -5.27389 0.0
10.7804 -4.96398 0.0
10.4872 -5.1623 0.0
10.8936 -6.2743 0.0
11.3049 -6.12575 0.0
11.2259 -5.27212 0.0
11.1619 -4.77353 0.0
-5.35326 13.5591 0.0
-5.18279 12.8168 0.0
-4.48331 13.0034 0.0
-4.54183 13.3678 0.0
-4.69578 14.1615 0.0
4.54184 13.3677 0.0
4.48374 13.0054 0.0
5.18234 12.8148 0.0
5.35329 13.559 0.0
4.69581 14.1615 0.0
-10.9394 -3.15196 0.0
-10.5831 -3.3812 0.0
-10.0305 -2.44532 0.0
-10.3789 -2.11545 0.0
-10.7178 -1.84744 0.0
10.3783 -2.11596 0.0
10.0308 -2.4451 0.0
10.5828 -3.38141 0.0
10.9394 -3.15197 0.0
10.7178 -1.84746 0.0
-10.6914 -1.7081 0.0
-10.3525 -1.97611 0.0
-9.75501 -1.13088 0.0
-10.1077 -0.742363 0.0
-10.4316 -0.435049 0.0
10.1069 -0.743123 0.0
9.75559 -1.13035 0.0
10.3519 -1.97662 0.0
10.6914 -1.70812 0.0
10.4316 -0.435055 0.0
-4.62376 14.2219 0.0
-4.46981 13.4282 0.0
-3.77652 13.5862 0.0
-3.815 13.8948 0.0
-3.94965 14.7364 0.0
3.81531 13.8967 0.0
3.77654 13.5863 0.0
4.46979 13.4281 0.0
4.62376 14.2219 0.0
3.94965 14.7364 0.0
9.79095 0.58597 0.0
9.44547 0.147402 0.0
10.0765 -0.607693 0.0
10.4012 -0.299626 0.0
10.1045 0.936193 0.0
-10.4012 -0.299613 0.0
-10.0773 -0.606926 0.0
-9.44476 0.146658 0.0
-9.78968 0.584616 0.0
-10.1045 0.936225 0.0
-10.0703 1.06714 0.0
-9.75551 0.71553 0.0
-9.10393 1.38739 0.0
-9.43182 1.86388 0.0
-9.73778 2.26084 0.0
9.43126 1.86324 0.0
9.10279 1.386 0.0
9.75673 0.716939 0.0
10.0703 1.06716 0.0
9.73776 2.26088 0.0
-3.87592 14.7871 0.0
-3.74128 13.9455 0.0
-3.05229 14.0725 0.0
-3.07455 14.3237 0.0
-3.1876 15.2116 0.0
3.07472 14.3253 0.0
3.05203 14.0706 0.0
3.74156 13.9474 0.0
3.8759 14.7872 0.0
3.18758 15.2116 0.0
-0.690717 13.6506 0.0
-0.652255 12.4845 0.0
-0.0384429 12.4973 0.0
-0.0352815 13.6949 0.0
0.0313795 12.4939 0.0
0.0379483 12.3724 0.0
0.651273 12.4815 0.0
0.689944 13.6471 0.0
0.034541 13.6915 0.0
-3.11248 15.2525 0.0
-2.99943 14.3647 0.0
-2.31379 14.4622 0.0
-2.32337 14.653 0.0
-2.41243 15.5849 0.0
2.32347 14.6543 0.0
2.31362 14.4607 0.0
2.9996 14.3662 0.0
3.11246 15.2525 0.0
2.41241 15.5849 0.0
9.03274 3.08576 0.0
8.72918 2.58326 0.0
9.39338 1.98926 0.0
9.69988 2.3869 0.0
9.33297 3.53383 0.0
-9.69986 2.3869 0.0
-9.3939 1.98994 0.0
-8.7287 2.58259 0.0
-9.03293 3.08607 0.0
-9.33296 3.53384 0.0
-1.41303 13.507 0.0
-1.34135 12.3775 0.0
-0.724851 12.3486 0.0
-0.722134 12.4731 0.0
-0.760596 13.6392 0.0
0.721912 12.4736 0.0
0.724841 12.3493 0.0
1.3414 12.3786 0.0
1.41302 13.507 0.0
0.760583 13.6392 0.0
-2.3362 15.6158 0.0
-2.24714 14.6839 0.0
-1.56375 14.7533 0.0
-1.56453 14.8812 0.0
-1.62709 15.8545 0.0
1.56457 14.8824 0.0
1.56366 14.752 0.0
2.24724 14.6852 0.0
2.33619 15.6158 0.0
1.62707 15.8545 0.0
-1.55004 15.8752 0.0
-1.48749 14.9019 0.0
-0.805452 14.944 0.0
-0.802198 15.0542 0.0
-0.834728 16.0192 0.0
0.801868 15.0527 0.0
0.80535 14.9426 0.0
1.48752 14.9031 0.0
1.55002 15.8752 0.0
0.834687 16.0192 0.0
-0.757073 16.0309 0.0
-0.724544 15.0659 0.0
-0.0417927 15.0336 0.0
-0.0386404 16.0787 0.0
0.0345693 15.0305 0.0
0.0412593 14.9233 0.0
0.72341 15.0613 0.0
0.756228 16.0277 0.0
0.0377216 16.0755 0.0
-2.12987 13.2702 0.0
-2.02701 12.1821 0.0
-1.41051 12.2332 0.0
-1.41161 12.3602 0.0
-1.48329 13.4897 0.0
1.41167 12.3613 0.0
1.41057 12.2343 0.0
2.02711 12.1833 0.0
2.12987 13.2703 0.0
1.48329 13.4897 0.0
-9.29152 3.65451 0.0
-8.9915 3.20674 0.0
-8.32285 3.73205 0.0
-8.59905 4.25108 0.0
-8.89166 4.7502 0.0
8.59925 4.2514 0.0
8.32303 3.73233 0.0
8.9913 3.20644 0.0
9.29153 3.6545 0.0
8.89166 4.7502 0.0
-2.83719 12.9369 0.0
-2.70558 11.8934 0.0
-2.08758 11.9786 0.0
-2.09625 12.1541 0.0
-2.19912 13.2423 0.0
2.09634 12.1553 0.0
2.08743 11.9772 0.0
2.70574 11.8948 0.0
2.83717 12.9369 0.0
2.1991 13.2423 0.0
-8.84677 4.86512 0.0
-8.55417 4.36599 0.0
-7.88397 4.82658 0.0
-8.13087 5.35257 0.0
-8.41555 5.90535 0.0
8.13025 5.35142 0.0
7.88379 4.82626 0.0
8.55435 4.36632 0.0
8.84676 4.86512 0.0
8.41555 5.90536 0.0
-3.53245 12.5097 0.0
-3.37455 11.514 0.0
-2.75344 11.625 0.0
-2.77373 11.8561 0.0
-2.90534 12.8995 0.0
2.77389 11.8575 0.0
2.7532 11.6233 0.0
3.3748 11.5157 0.0
3.53243 12.5097 0.0
2.90533 12.8995 0.0
-8.36741 6.01406 0.0
-8.08273 5.46127 0.0
-7.4146 5.86384 0.0
-7.6298 6.38436 0.0
-7.90653 6.99479 0.0
7.62976 6.38421 0.0
7.41516 5.86498 0.0
8.08213 5.46011 0.0
8.36743 6.01405 0.0
7.90654 6.99477 0.0
-11.4213 -7.63292 0.0
-10.9729 -7.73545 0.0
-10.6649 -6.55781 0.0
-10.9068 -6.42229 0.0
-11.3187 -6.27352 0.0
-11.3714 -6.8275 0.0
10.9074 -6.42218 0.0
10.6671 -6.55701 0.0
10.9706 -7.73614 0.0
11.4213 -7.63302 0.0
11.3712 -6.82523 0.0
11.3187 -6.27362 0.0
-7.85535 7.09686 0.0
-7.57863 6.48643 0.0
-6.91697 6.84163 0.0
-7.1006 7.34748 0.0
-7.36658 8.01427 0.0
7.10103 7.34852 0.0
6.91702 6.84175 0.0
7.57856 6.48629 0.0
7.85535 7.09685 0.0
7.36658 8.01427 0.0
-4.21311 11.9908 0.0
-4.03133 11.0456 0.0
-3.40615 11.1839 0.0
-3.44141 11.4676 0.0
-3.5993 12.4633 0.0
3.44166 11.4693 0.0
3.40579 11.1819 0.0
4.03172 11.0477 0.0
4.21309 11.9908 0.0
3.59928 12.4633 0.0
-7.31249 8.10936 0.0
-7.0465 7.44257 0.0
-6.39045 7.7512 0.0
-6.54435 8.23639 0.0
-6.79775 8.95995 0.0
6.54437 8.2365 0.0
6.39006 7.75017 0.0
7.04692 7.44362 0.0
7.31247 8.10937 0.0
6.79773 8.95996 0.0
-4.87668 11.3826 0.0
-4.67389 10.4923 0.0
-4.04282 10.6553 0.0
-4.09662 10.9905 0.0
-4.2784 11.9357 0.0
4.09705 10.9925 0.0
4.04322 10.6572 0.0
4.67347 10.4904 0.0
4.8767 11.3826 0.0
4.27842 11.9357 0.0
-6.74097 9.04767 0.0
-6.48757 8.32411 0.0
-5.83785 8.59087 0.0
-5.96348 9.04802 0.0
-6.20222 9.82813 0.0
5.96325 9.04733 0.0
5.83782 8.59077 0.0
6.48761 8.32422 0.0
6.74097 9.04767 0.0
6.20222 9.82814 0.0
-5.52077 10.6875 0.0
-5.29887 9.85159 0.0
-4.66199 10.0462 0.0
-4.73742 10.4286 0.0
-4.9402 11.3189 0.0
4.73699 10.4267 0.0
4.66231 10.0475 0.0
5.29851 9.85025 0.0
5.52078 10.6875 0.0
4.94022 11.3189 0.0
-6.14297 9.90815 0.0
-5.90423 9.12803 0.0
-5.26103 9.35698 0.0
-5.36037 9.77959 0.0
-5.58227 10.6155 0.0
5.36 9.77825 0.0
5.26123 9.35766 0.0
5.90401 9.12735 0.0
6.14298 9.90815 0.0
5.58227 10.6155 0.0
-11.4926 -9.10245 0.0
-11.0004 -9.15784 0.0
-10.8102 -7.95956 0.0
-10.9822 -7.88229 0.0
-11.4306 -7.77976 0.0
-11.4676 -8.37027 0.0
10.9799 -7.88282 0.0
10.8085 -7.95991 0.0
11.0021 -9.15756 0.0
11.4926 -9.10238 0.0
11.4674 -8.3671 0.0
11.4306 -7.7797 0.0
-0.615438 10.9674 0.0
-0.578857 9.78311 0.0
-0.0324643 9.7925 0.0
-0.0313037 11.0069 0.0
0.0296479 9.78904 0.0
0.0320149 9.66501 0.0
0.578157 9.77963 0.0
0.614859 10.9639 0.0
0.0308085 11.0034 0.0
-1.25891 10.8388 0.0
-1.18877 9.68937 0.0
-0.639512 9.64599 0.0
-0.64099 9.77268 0.0
-0.677572 10.9569 0.0
0.640875 9.77266 0.0
0.639505 9.6461 0.0
1.18878 9.68964 0.0
1.2589 10.8388 0.0
0.677577 10.9569 0.0
-1.89731 10.6275 0.0
-1.79568 9.51727 0.0
-1.24575 9.54523 0.0
-1.25115 9.67398 0.0
-1.32128 10.8234 0.0
1.25116 9.67427 0.0
1.24577 9.54549 0.0
1.79571 9.51766 0.0
1.89731 10.6275 0.0
1.32129 10.8234 0.0
-2.52719 10.3303 0.0
-2.3962 9.263 0.0
-1.84485 9.32886 0.0
-1.85722 9.49266 0.0
-1.95886 10.6029 0.0
1.85725 9.49304 0.0
1.8448 9.32833 0.0
2.39626 9.26355 0.0
2.52718 10.3303 0.0
1.95885 10.6029 0.0
-3.14613 9.94922 0.0
-2.98804 8.9282 0.0
-2.4331 9.01431 0.0
-2.45669 9.22974 0.0
-2.58768 10.297 0.0
2.45675 9.23029 0.0
2.433 9.01355 0.0
2.98815 8.92897 0.0
3.14612 9.94922 0.0
2.58768 10.2971 0.0
-3.75195 9.48654 0.0
-3.56903 8.51481 0.0
-3.00944 8.6224 0.0
-3.04736 8.88695 0.0
-3.20546 9.90797 0.0
3.04747 8.88773 0.0
3.00927 8.62134 0.0
3.56922 8.51588 0.0
3.75194 9.48654 0.0
3.20544 9.90798 0.0
-4.34246 8.94427 0.0
-4.13702 8.02446 0.0
-3.57174 8.15516 0.0
-3.62697 8.46577 0.0
-3.80989 9.4375 0.0
3.62716 8.46684 0.0
3.57145 8.15372 0.0
4.13733 8.02591 0.0
4.34244 8.94427 0.0
3.80987 9.4375 0.0
-9.72867 -4.00003 0.0
-9.37916 -4.23692 0.0
-8.83233 -3.43251 0.0
-9.19806 -3.11511 0.0
-9.53224 -2.8382 0.0
9.19786 -3.11524 0.0
8.83173 -3.43298 0.0
9.37981 -4.23645 0.0
9.72866 -4.00001 0.0
9.53223 -2.83819 0.0
-9.50894 -2.71467 0.0
-9.17476 -2.99157 0.0
-8.59091 -2.27444 0.0
-8.95673 -1.89908 0.0
-9.27864 -1.58127 0.0
8.95606 -1.89975 0.0
8.59108 -2.27428 0.0
9.17457 -2.99173 0.0
9.50895 -2.71467 0.0
9.27864 -1.58127 0.0
-4.9155 8.32463 0.0
-4.68989 7.45895 0.0
-4.11797 7.61479 0.0
-4.19335 7.96783 0.0
-4.3988 8.88764 0.0
4.19368 7.96928 0.0
4.11796 7.61472 0.0
4.6899 7.45901 0.0
4.9155 8.32462 0.0
4.39879 8.88764 0.0
-9.25182 -1.46119 0.0
-8.92991 -1.77901 0.0
-8.31972 -1.14764 0.0
-8.67348 -0.724929 0.0
-8.9886 -0.360746 0.0
8.6744 -0.723908 0.0
8.32032 -1.14698 0.0
8.92925 -1.77968 0.0
9.25183 -1.4612 0.0
8.98861 -0.360765 0.0
8.35408 0.405331 0.0
8.02106 -0.0531044 0.0
8.64419 -0.607759 0.0
8.9584 -0.244615 0.0
8.66331 0.818515 0.0
-8.95843 -0.244631 0.0
-8.64331 -0.608815 0.0
-8.02187 -0.0520731 0.0
-8.35486 0.40631 0.0
-8.66332 0.81849 0.0
9.39955 -4.36312 0.0
9.04733 -4.61608 0.0
9.53769 -5.51053 0.0
9.91018 -5.31191 0.0
9.74841 -4.12668 0.0
-9.91016 -5.31189 0.0
-9.5386 -5.51001 0.0
-9.04649 -4.61662 0.0
-9.39888 -4.36354 0.0
-9.74839 -4.12665 0.0
8.00093 1.48771 0.0
7.69439 1.00516 0.0
8.32062 0.517134 0.0
8.62985 0.930318 0.0
8.30403 1.95195 0.0
-8.62983 0.930327 0.0
-8.32136 0.518146 0.0
-7.69371 1.00417 0.0
-8.00009 1.48647 0.0
-8.30402 1.95197 0.0
-5.46896 7.63006 0.0
-5.2261 6.82218 0.0
-4.64567 7.0019 0.0
-4.7444 7.39497 0.0
-4.97001 8.26064 0.0
4.74442 7.39503 0.0
4.64602 7.00314 0.0
5.22572 6.82091 0.0
5.46897 7.63006 0.0
4.97003 8.26064 0.0
-8.26739 2.05906 0.0
-7.96346 1.59357 0.0
-7.33825 2.02072 0.0
-7.61454 2.51571 0.0
-7.91216 3.03521 0.0
7.61434 2.5154 0.0
7.33751 2.01949 0.0
7.96426 1.59483 0.0
8.26737 2.05907 0.0
7.91214 3.03522 0.0
-7.87245 3.13722 0.0
-7.57484 2.61772 0.0
-6.95339 2.98921 0.0
-7.19893 3.48852 0.0
-7.48921 4.06406 0.0
7.19808 3.48686 0.0
6.95355 2.98953 0.0
7.57465 2.6174 0.0
7.87245 3.13721 0.0
7.48922 4.06406 0.0
5.27824 6.74982 0.0
5.15411 6.32348 0.0
5.74234 6.11197 0.0
6.0008 6.86327 0.0
5.52148 7.55896 0.0
-6.00079 6.86327 0.0
-5.74255 6.11257 0.0
-5.15393 6.32289 0.0
-5.27862 6.75108 0.0
-5.52148 7.55896 0.0
-7.44661 4.16058 0.0
-7.15632 3.58504 0.0
-6.54127 3.90742 0.0
-6.75458 4.39963 0.0
-7.03687 5.03451 0.0
6.75513 4.4008 0.0
6.54202 3.90904 0.0
7.1555 3.58337 0.0
7.44663 4.16057 0.0
7.03688 5.0345 0.0
5.79265 6.03405 0.0
5.64044 5.57871 0.0
6.23771 5.33461 0.0
6.50897 6.02722 0.0
6.05111 6.78534 0.0
-6.50897 6.02722 0.0
-6.23763 5.3344 0.0
-5.64051 5.57891 0.0
-5.79286 6.03464 0.0
-6.05111 6.78534 0.0
-6.99154 5.12516 0.0
-6.70926 4.49028 0.0
-6.10377 4.77323 0.0
-6.28555 5.24994 0.0
-6.55689 5.94276 0.0
6.28562 5.25016 0.0
6.10329 4.77207 0.0
6.70977 4.49147 0.0
6.99153 5.12516 0.0
6.55688 5.94277 0.0
12.723 -10.3768 0.0
12.7126 -9.78099 0.0
11.6057 -9.80596 0.0
11.617 -10.3818 0.0
-11.6058 -9.74356 0.0
-11.5909 -9.19846 0.0
-12.6935 -9.05503 0.0
-12.7125 -9.71143 0.0
-10.0527 -6.64317 0.0
-9.64813 -6.80246 0.0
-9.23679 -5.82231 0.0
-9.55467 -5.63927 0.0
-9.92623 -5.44114 0.0
9.55374 -5.63976 0.0
9.2366 -5.82241 0.0
9.64833 -6.80237 0.0
10.0527 -6.64316 0.0
9.92623 -5.44114 0.0
-10.1556 -7.97934 0.0
-9.71262 -8.0941 0.0
-9.39793 -7.04802 0.0
-9.66034 -6.93317 0.0
-10.0649 -6.77388 0.0
9.66053 -6.93304 0.0
9.39651 -7.04854 0.0
9.71411 -8.09365 0.0
10.1555 -7.97929 0.0
10.0649 -6.77383 0.0
-10.219 -9.27517 0.0
-9.73087 -9.33921 0.0
-9.53144 -8.27788 0.0
-9.72093 -8.22336 0.0
-10.1639 -8.1086 0.0
9.72243 -8.22295 0.0
9.53125 -8.27793 0.0
9.73106 -9.33918 0.0
10.219 -9.27516 0.0
10.1639 -8.10859 0.0
</DataArray>
</Points>
<Cells>
<DataArray type="Int32" Name="connectivity" format="ascii">
0 1 854 853 1 52 855 854 52 51 856 855 51 0 853 856 2 53 858 857 53 52 859 858 52 1 860 859 1 2 857 860 3 54 862 861 54 53 863 862 53 2 864 863 2 3 861 864 4 55 866 865 55 54 867 866 54 3 868 867 3 4 865 868 5 56 870 869 56 55 871 870 55 4 872 871 4 5 869 872 6 57 874 873 57 56 875 874 56 5 876 875 5 6 873 876 7 58 878 877 58 57 879 878 57 6 880 879 6 7 877 880 8 59 882 881 59 58 883 882 58 7 884 883 7 8 881 884 9 60 886 885 60 59 887 886 59 8 888 887 8 9 885 888 10 61 890 889 61 60 891 890 60 9 892 891 9 10 889 892 11 62 894 893 62 61 895 894 61 10 896 895 10 11 893 896 12 63 898 897 63 62 899 898 62 11 900 899 11 12 897 900 13 64 902 901 64 63 903 902 63 12 904 903 12 13 901 904 14 65 906 905 65 64 907 906 64 13 908 907 13 14 905 908 15 66 910 909 66 65 911 910 65 14 912 911 14 15 909 912 16 67 914 913 67 66 915 914 66 15 916 915 15 16 913 916 17 68 918 917 68 67 919 918 67 16 920 919 16 17 917 920 18 69 922 921 69 68 923 922 68 17 924 923 17 18 921 924 19 70 926 925 70 69 927 926 69 18 928 927 18 19 925 928 20 71 930 929 71 70 931 930 70 19 932 931 19 20 929 932 21 72 934 933 72 71 935 934 71 20 936 935 20 21 933 936 22 73 938 937 73 72 939 938 72 21 940 939 21 22 937 940 23 74 942 941 74 73 943 942 73 22 944 943 22 23 941 944 24 75 946 945 75 74 947 946 74 23 948 947 23 24 945 948 25 76 950 949 76 75 951 950 75 24 952 951 24 25 949 952 26 77 954 953 77 76 955 954 76 25 956 955 25 26 953 956 27 78 958 957 78 77 959 958 77 26 960 959 26 27 957 960 28 79 962 961 79 78 963 962 78 27 964 963 27 28 961 964 29 80 966 965 80 79 967 966 79 28 968 967 28 29 965 968 30 81 970 969 81 80 971 970 80 29 972 971 29 30 969 972 31 82 974 973 82 81 975 974 81 30 976 975 30 31 973 976 32 83 978 977 83 82 979 978 82 31 980 979 31 32 977 980 33 84 982 981 84 83 983 982 83 32 984 983 32 33 981 984 34 85 986 985 85 84 987 986 84 33 988 987 33 34 985 988 35 86 990 989 86 85 991 990 85 34 992 991 34 35 989 992 36 87 994 993 87 86 995 994 86 35 996 995 35 36 993 996 37 88 998 997 88 87 999 998 87 36 1000 999 36 37 997 1000 38 89 1002 1001 89 88 1003 1002 88 37 1004 1003 37 38 1001 1004 39 90 1006 1005 90 89 1007 1006 89 38 1008 1007 38 39 1005 1008 40 91 1010 1009 91 90 1011 1010 90 39 1012 1011 39 40 1009 1012 41 92 1014 1013 92 91 1015 1014 91 40 1016 1015 40 41 1013 1016 42 93 1018 1017 93 92 1019 1018 92 41 1020 1019 41 42 1017 1020 43 94 1022 1021 94 93 1023 1022 93 42 1024 1023 42 43 1021 1024 44 95 1026 1025 95 94 1027 1026 94 43 1028 1027 43 44 1025 1028 45 96 1030 1029 96 95 1031 1030 95 44 1032 1031 44 45 1029 1032 46 97 1034 1033 97 96 1035 1034 96 45 1036 1035 45 46 1033 1036 47 98 1038 1037 98 97 1039 1038 97 46 1040 1039 46 47 1037 1040 48 99 1042 1041 99 98 1043 1042 98 47 1044 1043 47 48 1041 1044 49 100 1046 1045 100 99 1047 1046 99 48 1048 1047 48 49 1045 1048 50 101 1050 1049 101 100 1051 1050 100 49 1052 1051 49 50 1049 1052 51 52 1054 1053 52 103 1055 1054 103 102 1056 1055 102 51 1053 1056 52 53 1058 1057 53 104 1059 1058 104 103 1060 1059 103 52 1057 1060 53 54 1062 1061 54 105 1063 1062 105 104 1064 1063 104 53 1061 1064 54 55 1066 1065 55 106 1067 1066 106 105 1068 1067 105 54 1065 1068 55 56 1070 1069 56 107 1071 1070 107 106 1072 1071 106 55 1069 1072 56 57 1074 1073 57 108 1075 1074 108 107 1076 1075 107 56 1073 1076 57 58 1078 1077 58 109 1079 1078 109 108 1080 1079 108 57 1077 1080 58 59 1082 1081 59 110 1083 1082 110 109 1084 1083 109 58 1081 1084 59 60 1086 1085 60 111 1087 1086 111 110 1088 1087 110 59 1085 1088 60 61 1090 1089 61 112 1091 1090 112 111 1092 1091 111 60 1089 1092 61 62 1094 1093 62 113 1095 1094 113 112 1096 1095 112 61 1093 1096 62 63 1098 1097 63 114 1099 1098 114 113 1100 1099 113 62 1097 1100 63 64 1102 1101 64 115 1103 1102 115 114 1104 1103 114 63 1101 1104 64 65 1106 1105 65 116 1107 1106 116 115 1108 1107 115 64 1105 1108 65 66 1110 1109 66 117 1111 1110 117 116 1112 1111 116 65 1109 1112 66 67 1114 1113 67 118 1115 1114 118 117 1116 1115 117 66 1113 1116 67 68 1118 1117 68 119 1119 1118 119 118 1120 1119 118 67 1117 1120 68 69 1122 1121 69 120 1123 1122 120 119 1124 1123 119 68 1121 1124 69 70 1126 1125 70 121 1127 1126 121 120 1128 1127 120 69 1125 1128 70 71 1130 1129 71 122 1131 1130 122 121 1132 1131 121 70 1129 1132 71 72 1134 1133 72 123 1135 1134 123 122 1136 1135 122 71 1133 1136 72 73 1138 1137 73 124 1139 1138 124 123 1140 1139 123 72 1137 1140 73 74 1142 1141 74 125 1143 1142 125 124 1144 1143 124 73 1141 1144 74 75 1146 1145 75 126 1147 1146 126 125 1148 1147 125 74 1145 1148 75 76 1150 1149 76 127 1151 1150 127 126 1152 1151 126 75 1149 1152 76 77 1154 1153 77 128 1155 1154 128 127 1156 1155 127 76 1153 1156 77 78 1158 1157 78 129 1159 1158 129 128 1160 1159 128 77 1157 1160 78 79 1162 1161 79 130 1163 1162 130 129 1164 1163 129 78 1161 1164 79 80 1166 1165 80 131 1167 1166 131 130 1168 1167 130 79 1165 1168 80 81 1170 1169 81 132 1171 1170 132 131 1172 1171 131 80 1169 1172 81 82 1174 1173 82 133 1175 1174 133 132 1176 1175 132 81 1173 1176 82 83 1178 1177 83 134 1179 1178 134 133 1180 1179 133 82 1177 1180 83 84 1182 1181 84 135 1183 1182 135 134 1184 1183 134 83 1181 1184 84 85 1186 1185 85 136 1187 1186 136 135 1188 1187 135 84 1185 1188 85 86 1190 1189 86 137 1191 1190 137 136 1192 1191 136 85 1189 1192 86 87 1194 1193 87 138 1195 1194 138 137 1196 1195 137 86 1193 1196 87 88 1198 1197 88 139 1199 1198 139 138 1200 1199 138 87 1197 1200 88 89 1202 1201 89 140 1203 1202 140 139 1204 1203 139 88 1201 1204 89 90 1206 1205 90 141 1207 1206 141 140 1208 1207 140 89 1205 1208 90 91 1210 1209 91 142 1211 1210 142 141 1212 1211 141 90 1209 1212 91 92 1214 1213 92 143 1215 1214 143 142 1216 1215 142 91 1213 1216 92 93 1218 1217 93 144 1219 1218 144 143 1220 1219 143 92 1217 1220 93 94 1222 1221 94 145 1223 1222 145 144 1224 1223 144 93 1221 1224 94 95 1226 1225 95 146 1227 1226 146 145 1228 1227 145 94 1225 1228 95 96 1230 1229 96 147 1231 1230 147 146 1232 1231 146 95 1229 1232 96 97 1234 1233 97 148 1235 1234 148 147 1236 1235 147 96 1233 1236 97 98 1238 1237 98 149 1239 1238 149 148 1240 1239 148 97 1237 1240 98 99 1242 1241 99 150 1243 1242 150 149 1244 1243 149 98 1241 1244 99 100 1246 1245 100 151 1247 1246 151 150 1248 1247 150 99 1245 1248 100 101 1250 1249 101 152 1251 1250 152 151 1252 1251 151 100 1249 1252 103 154 1254 1253 154 153 1255 1254 153 102 1256 1255 102 103 1253 1256 104 155 1258 1257 155 154 1259 1258 154 103 1260 1259 103 104 1257 1260 105 156 1262 1261 156 155 1263 1262 155 104 1264 1263 104 105 1261 1264 106 157 1266 1265 157 156 1267 1266 156 105 1268 1267 105 106 1265 1268 107 158 1270 1269 158 157 1271 1270 157 106 1272 1271 106 107 1269 1272 108 159 1274 1273 159 158 1275 1274 158 107 1276 1275 107 108 1273 1276 109 160 1278 1277 160 159 1279 1278 159 108 1280 1279 108 109 1277 1280 110 161 1282 1281 161 160 1283 1282 160 109 1284 1283 109 110 1281 1284 111 162 1286 1285 162 161 1287 1286 161 110 1288 1287 110 111 1285 1288 112 163 1290 1289 163 162 1291 1290 162 111 1292 1291 111 112 1289 1292 113 164 1294 1293 164 163 1295 1294 163 112 1296 1295 112 113 1293 1296 114 165 1298 1297 165 164 1299 1298 164 113 1300 1299 113 114 1297 1300 115 166 1302 1301 166 165 1303 1302 165 114 1304 1303 114 115 1301 1304 116 167 1306 1305 167 166 1307 1306 166 115 1308 1307 115 116 1305 1308 117 168 1310 1309 168 167 1311 1310 167 116 1312 1311 116 117 1309 1312 118 169 1314 1313 169 168 1315 1314 168 117 1316 1315 117 118 1313 1316 119 170 1318 1317 170 169 1319 1318 169 118 1320 1319 118 119 1317 1320 120 171 1322 1321 171 170 1323 1322 170 119 1324 1323 119 120 1321 1324 121 172 1326 1325 172 171 1327 1326 171 120 1328 1327 120 121 1325 1328 122 173 1330 1329 173 172 1331 1330 172 121 1332 1331 121 122 1329 1332 123 174 1334 1333 174 173 1335 1334 173 122 1336 1335 122 123 1333 1336 124 175 1338 1337 175 174 1339 1338 174 123 1340 1339 123 124 1337 1340 125 176 1342 1341 176 175 1343 1342 175 124 1344 1343 124 125 1341 1344 126 177 1346 1345 177 176 1347 1346 176 125 1348 1347 125 126 1345 1348 127 178 1350 1349 178 177 1351 1350 177 126 1352 1351 126 127 1349 1352 128 179 1354 1353 179 178 1355 1354 178 127 1356 1355 127 128 1353 1356 129 180 1358 1357 180 179 1359 1358 179 128 1360 1359 128 129 1357 1360 130 181 1362 1361 181 180 1363 1362 180 129 1364 1363 129 130 1361 1364 131 182 1366 1365 182 181 1367 1366 181 130 1368 1367 130 131 1365 1368 132 183 1370 1369 183 182 1371 1370 182 131 1372 1371 131 132 1369 1372 133 184 1374 1373 184 183 1375 1374 183 132 1376 1375 132 133 1373 1376 134 185 1378 1377 185 184 1379 1378 184 133 1380 1379 133 134 1377 1380 135 186 1382 1381 186 185 1383 1382 185 134 1384 1383 134 135 1381 1384 136 187 1386 1385 187 186 1387 1386 186 135 1388 1387 135 136 1385 1388 137 188 1390 1389 188 187 1391 1390 187 136 1392 1391 136 137 1389 1392 138 189 1394 1393 189 188 1395 1394 188 137 1396 1395 137 138 1393 1396 139 190 1398 1397 190 189 1399 1398 189 138 1400 1399 138 139 1397 1400 140 191 1402 1401 191 190 1403 1402 190 139 1404 1403 139 140 1401 1404 141 192 1406 1405 192 191 1407 1406 191 140 1408 1407 140 141 1405 1408 142 193 1410 1409 193 192 1411 1410 192 141 1412 1411 141 142 1409 1412 143 194 1414 1413 194 193 1415 1414 193 142 1416 1415 142 143 1413 1416 144 195 1418 1417 195 194 1419 1418 194 143 1420 1419 143 144 1417 1420 145 196 1422 1421 196 195 1423 1422 195 144 1424 1423 144 145 1421 1424 146 197 1426 1425 197 196 1427 1426 196 145 1428 1427 145 146 1425 1428 147 198 1430 1429 198 197 1431 1430 197 146 1432 1431 146 147 1429 1432 148 199 1434 1433 199 198 1435 1434 198 147 1436 1435 147 148 1433 1436 149 200 1438 1437 200 199 1439 1438 199 148 1440 1439 148 149 1437 1440 150 201 1442 1441 201 200 1443 1442 200 149 1444 1443 149 150 1441 1444 151 202 1446 1445 202 201 1447 1446 201 150 1448 1447 150 151 1445 1448 151 152 1450 1449 152 203 1451 1450 203 202 1452 1451 202 151 1449 1452 154 205 1454 1453 205 204 1455 1454 204 153 1456 1455 153 154 1453 1456 155 206 1458 1457 206 205 1459 1458 205 154 1460 1459 154 155 1457 1460 156 207 1462 1461 207 206 1463 1462 206 155 1464 1463 155 156 1461 1464 157 208 1466 1465 208 207 1467 1466 207 156 1468 1467 156 157 1465 1468 158 209 1470 1469 209 208 1471 1470 208 157 1472 1471 157 158 1469 1472 159 210 1474 1473 210 209 1475 1474 209 158 1476 1475 158 159 1473 1476 160 211 1478 1477 211 210 1479 1478 210 159 1480 1479 159 160 1477 1480 161 212 1482 1481 212 211 1483 1482 211 160 1484 1483 160 161 1481 1484 162 213 1486 1485 213 212 1487 1486 212 161 1488 1487 161 162 1485 1488 163 214 1490 1489 214 213 1491 1490 213 162 1492 1491 162 163 1489 1492 164 215 1494 1493 215 214 1495 1494 214 163 1496 1495 163 164 1493 1496 165 216 1498 1497 216 215 1499 1498 215 164 1500 1499 164 165 1497 1500 166 217 1502 1501 217 216 1503 1502 216 165 1504 1503 165 166 1501 1504 167 218 1506 1505 218 217 1507 1506 217 166 1508 1507 166 167 1505 1508 168 219 1510 1509 219 218 1511 1510 218 167 1512 1511 167 168 1509 1512 169 220 1514 1513 220 219 1515 1514 219 168 1516 1515 168 169 1513 1516 170 221 1518 1517 221 220 1519 1518 220 169 1520 1519 169 170 1517 1520 171 222 1522 1521 222 221 1523 1522 221 170 1524 1523 170 171 1521 1524 172 223 1526 1525 223 222 1527 1526 222 171 1528 1527 171 172 1525 1528 173 224 1530 1529 224 223 1531 1530 223 172 1532 1531 172 173 1529 1532 174 225 1534 1533 225 224 1535 1534 224 173 1536 1535 173 174 1533 1536 175 226 1538 1537 226 225 1539 1538 225 174 1540 1539 174 175 1537 1540 176 227 1542 1541 227 226 1543 1542 226 175 1544 1543 175 176 1541 1544 177 228 1546 1545 228 227 1547 1546 227 176 1548 1547 176 177 1545 1548 178 229 1550 1549 229 228 1551 1550 228 177 1552 1551 177 178 1549 1552 179 230 1554 1553 230 229 1555 1554 229 178 1556 1555 178 179 1553 1556 180 231 1558 1557 231 230 1559 1558 230 179 1560 1559 179 180 1557 1560 181 232 1562 1561 232 231 1563 1562 231 180 1564 1563 180 181 1561 1564 182 233 1566 1565 233 232 1567 1566 232 181 1568 1567 181 182 1565 1568 183 234 1570 1569 234 233 1571 1570 233 182 1572 1571 182 183 1569 1572 184 235 1574 1573 235 234 1575 1574 234 183 1576 1575 183 184 1573 1576 185 236 1578 1577 236 235 1579 1578 235 184 1580 1579 184 185 1577 1580 186 237 1582 1581 237 236 1583 1582 236 185 1584 1583 185 186 1581 1584 187 238 1586 1585 238 237 1587 1586 237 186 1588 1587 186 187 1585 1588 188 239 1590 1589 239 238 1591 1590 238 187 1592 1591 187 188 1589 1592 189 240 1594 1593 240 239 1595 1594 239 188 1596 1595 188 189 1593 1596 190 241 1598 1597 241 240 1599 1598 240 189 1600 1599 189 190 1597 1600 191 242 1602 1601 242 241 1603 1602 241 190 1604 1603 190 191 1601 1604 192 243 1606 1605 243 242 1607 1606 242 191 1608 1607 191 192 1605 1608 193 244 1610 1609 244 243 1611 1610 243 192 1612 1611 192 193 1609 1612 194 245 1614 1613 245 244 1615 1614 244 193 1616 1615 193 194 1613 1616 195 246 1618 1617 246 245 1619 1618 245 194 1620 1619 194 195 1617 1620 196 247 1622 1621 247 246 1623 1622 246 195 1624 1623 195 196 1621 1624 197 248 1626 1625 248 247 1627 1626 247 196 1628 1627 196 197 1625 1628 198 249 1630 1629 249 248 1631 1630 248 197 1632 1631 197 198 1629 1632 199 250 1634 1633 250 249 1635 1634 249 198 1636 1635 198 199 1633 1636 200 251 1638 1637 251 250 1639 1638 250 199 1640 1639 199 200 1637 1640 201 252 1642 1641 252 251 1643 1642 251 200 1644 1643 200 201 1641 1644 202 253 1646 1645 253 252 1647 1646 252 201 1648 1647 201 202 1645 1648 202 203 1650 1649 203 254 1651 1650 254 253 1652 1651 253 202 1649 1652 205 256 1654 1653 256 255 1655 1654 255 204 1656 1655 204 205 1653 1656 206 257 1658 1657 257 256 1659 1658 256 205 1660 1659 205 206 1657 1660 207 258 1662 1661 258 257 1663 1662 257 206 1664 1663 206 207 1661 1664 208 259 1666 1665 259 258 1667 1666 258 207 1668 1667 207 208 1665 1668 209 260 1670 1669 260 259 1671 1670 259 208 1672 1671 208 209 1669 1672 210 261 1674 1673 261 260 1675 1674 260 209 1676 1675 209 210 1673 1676 211 262 1678 1677 262 261 1679 1678 261 210 1680 1679 210 211 1677 1680 212 263 1682 1681 263 262 1683 1682 262 211 1684 1683 211 212 1681 1684 213 264 1686 1685 264 263 1687 1686 263 212 1688 1687 212 213 1685 1688 214 265 1690 1689 265 264 1691 1690 264 213 1692 1691 213 214 1689 1692 215 266 1694 1693 266 265 1695 1694 265 214 1696 1695 214 215 1693 1696 216 267 1698 1697 267 266 1699 1698 266 215 1700 1699 215 216 1697 1700 217 268 1702 1701 268 267 1703 1702 267 216 1704 1703 216 217 1701 1704 218 269 1706 1705 269 268 1707 1706 268 217 1708 1707 217 218 1705 1708 219 270 1710 1709 270 269 1711 1710 269 218 1712 1711 218 219 1709 1712 220 271 1714 1713 271 270 1715 1714 270 219 1716 1715 219 220 1713 1716 221 272 1718 1717 272 271 1719 1718 271 220 1720 1719 220 221 1717 1720 222 273 1722 1721 273 272 1723 1722 272 221 1724 1723 221 222 1721 1724 223 274 1726 1725 274 273 1727 1726 273 222 1728 1727 222 223 1725 1728 224 275 1730 1729 275 274 1731 1730 274 223 1732 1731 223 224 1729 1732 225 276 1734 1733 276 275 1735 1734 275 224 1736 1735 224 225 1733 1736 226 277 1738 1737 277 276 1739 1738 276 225 1740 1739 225 226 1737 1740 227 278 1742 1741 278 277 1743 1742 277 226 1744 1743 226 227 1741 1744 228 279 1746 1745 279 278 1747 1746 278 227 1748 1747 227 228 1745 1748 229 280 1750 1749 280 279 1751 1750 279 228 1752 1751 228 229 1749 1752 230 281 1754 1753 281 280 1755 1754 280 229 1756 1755 229 230 1753 1756 231 282 1758 1757 282 281 1759 1758 281 230 1760 1759 230 231 1757 1760 232 283 1762 1761 283 282 1763 1762 282 231 1764 1763 231 232 1761 1764 233 284 1766 1765 284 283 1767 1766 283 232 1768 1767 232 233 1765 1768 234 285 1770 1769 285 284 1771 1770 284 233 1772 1771 233 234 1769 1772 235 286 1774 1773 286 285 1775 1774 285 234 1776 1775 234 235 1773 1776 236 287 1778 1777 287 286 1779 1778 286 235 1780 1779 235 236 1777 1780 237 288 1782 1781 288 287 1783 1782 287 236 1784 1783 236 237 1781 1784 238 289 1786 1785 289 288 1787 1786 288 237 1788 1787 237 238 1785 1788 239 290 1790 1789 290 289 1791 1790 289 238 1792 1791 238 239 1789 1792 240 291 1794 1793 291 290 1795 1794 290 239 1796 1795 239 240 1793 1796 241 292 1798 1797 292 291 1799 1798 291 240 1800 1799 240 241 1797 1800 242 293 1802 1801 293 292 1803 1802 292 241 1804 1803 241 242 1801 1804 243 294 1806 1805 294 293 1807 1806 293 242 1808 1807 242 243 1805 1808 244 295 1810 1809 295 294 1811 1810 294 243 1812 1811 243 244 1809 1812 245 296 1814 1813 296 295 1815 1814 295 244 1816 1815 244 245 1813 1816 246 297 1818 1817 297 296 1819 1818 296 245 1820 1819 245 246 1817 1820 247 298 1822 1821 298 297 1823 1822 297 246 1824 1823 246 247 1821 1824 248 299 1826 1825 299 298 1827 1826 298 247 1828 1827 247 248 1825 1828 249 300 1830 1829 300 299 1831 1830 299 248 1832 1831 248 249 1829 1832 250 301 1834 1833 301 300 1835 1834 300 249 1836 1835 249 250 1833 1836 251 302 1838 1837 302 301 1839 1838 301 250 1840 1839 250 251 1837 1840 252 303 1842 1841 303 302 1843 1842 302 251 1844 1843 251 252 1841 1844 253 304 1846 1845 304 303 1847 1846 303 252 1848 1847 252 253 1845 1848 253 254 1850 1849 254 305 1851 1850 305 304 1852 1851 304 253 1849 1852 256 307 1854 1853 307 306 1855 1854 306 255 1856 1855 255 256 1853 1856 257 308 1858 1857 308 307 1859 1858 307 256 1860 1859 256 257 1857 1860 258 309 1862 1861 309 308 1863 1862 308 257 1864 1863 257 258 1861 1864 259 310 1866 1865 310 309 1867 1866 309 258 1868 1867 258 259 1865 1868 260 311 1870 1869 311 310 1871 1870 310 259 1872 1871 259 260 1869 1872 261 312 1874 1873 312 311 1875 1874 311 260 1876 1875 260 261 1873 1876 262 313 1878 1877 313 312 1879 1878 312 261 1880 1879 261 262 1877 1880 263 314 1882 1881 314 313 1883 1882 313 262 1884 1883 262 263 1881 1884 264 315 1886 1885 315 314 1887 1886 314 263 1888 1887 263 264 1885 1888 265 316 1890 1889 316 315 1891 1890 315 264 1892 1891 264 265 1889 1892 266 317 1894 1893 317 316 1895 1894 316 265 1896 1895 265 266 1893 1896 267 318 1898 1897 318 317 1899 1898 317 266 1900 1899 266 267 1897 1900 268 319 1902 1901 319 318 1903 1902 318 267 1904 1903 267 268 1901 1904 269 320 1906 1905 320 319 1907 1906 319 268 1908 1907 268 269 1905 1908 270 321 1910 1909 321 320 1911 1910 320 269 1912 1911 269 270 1909 1912 271 322 1914 1913 322 321 1915 1914 321 270 1916 1915 270 271 1913 1916 272 323 1918 1917 323 322 1919 1918 322 271 1920 1919 271 272 1917 1920 273 324 1922 1921 324 323 1923 1922 323 272 1924 1923 272 273 1921 1924 274 325 1926 1925 325 324 1927 1926 324 273 1928 1927 273 274 1925 1928 275 326 1930 1929 326 325 1931 1930 325 274 1932 1931 274 275 1929 1932 276 327 1934 1933 327 326 1935 1934 326 275 1936 1935 275 276 1933 1936 277 328 1938 1937 328 327 1939 1938 327 276 1940 1939 276 277 1937 1940 278 329 1942 1941 329 328 1943 1942 328 277 1944 1943 277 278 1941 1944 279 330 1946 1945 330 329 1947 1946 329 278 1948 1947 278 279 1945 1948 280 331 1950 1949 331 330 1951 1950 330 279 1952 1951 279 280 1949 1952 281 332 1954 1953 332 331 1955 1954 331 280 1956 1955 280 281 1953 1956 282 333 1958 1957 333 332 1959 1958 332 281 1960 1959 281 282 1957 1960 283 334 1962 1961 334 333 1963 1962 333 282 1964 1963 282 283 1961 1964 284 335 1966 1965 335 334 1967 1966 334 283 1968 1967 283 284 1965 1968 285 336 1970 1969 336 335 1971 1970 335 284 1972 1971 284 285 1969 1972 286 337 1974 1973 337 336 1975 1974 336 285 1976 1975 285 286 1973 1976 287 338 1978 1977 338 337 1979 1978 337 286 1980 1979 286 287 1977 1980 288 339 1982 1981 339 338 1983 1982 338 287 1984 1983 287 288 1981 1984 289 340 1986 1985 340 339 1987 1986 339 288 1988 1987 288 289 1985 1988 290 341 1990 1989 341 340 1991 1990 340 289 1992 1991 289 290 1989 1992 291 342 1994 1993 342 341 1995 1994 341 290 1996 1995 290 291 1993 1996 292 343 1998 1997 343 342 1999 1998 342 291 2000 1999 291 292 1997 2000 293 344 2002 2001 344 343 2003 2002 343 292 2004 2003 292 293 2001 2004 294 345 2006 2005 345 344 2007 2006 344 293 2008 2007 293 294 2005 2008 295 346 2010 2009 346 345 2011 2010 345 294 2012 2011 294 295 2009 2012 296 347 2014 2013 347 346 2015 2014 346 295 2016 2015 295 296 2013 2016 297 348 2018 2017 348 347 2019 2018 347 296 2020 2019 296 297 2017 2020 298 349 2022 2021 349 348 2023 2022 348 297 2024 2023 297 298 2021 2024 299 350 2026 2025 350 349 2027 2026 349 298 2028 2027 298 299 2025 2028 300 351 2030 2029 351 350 2031 2030 350 299 2032 2031 299 300 2029 2032 301 352 2034 2033 352 351 2035 2034 351 300 2036 2035 300 301 2033 2036 302 353 2038 2037 353 352 2039 2038 352 301 2040 2039 301 302 2037 2040 303 354 2042 2041 354 353 2043 2042 353 302 2044 2043 302 303 2041 2044 304 355 2046 2045 355 354 2047 2046 354 303 2048 2047 303 304 2045 2048 304 305 2050 2049 305 356 2051 2050 356 355 2052 2051 355 304 2049 2052 307 358 2054 2053 358 357 2055 2054 357 306 2056 2055 306 307 2053 2056 308 359 2058 2057 359 358 2059 2058 358 307 2060 2059 307 308 2057 2060 309 360 2062 2061 360 359 2063 2062 359 308 2064 2063 308 309 2061 2064 310 361 2066 2065 361 360 2067 2066 360 309 2068 2067 309 310 2065 2068 311 362 2070 2069 362 361 2071 2070 361 310 2072 2071 310 311 2069 2072 312 363 2074 2073 363 362 2075 2074 362 311 2076 2075 311 312 2073 2076 313 364 2078 2077 364 363 2079 2078 363 312 2080 2079 312 313 2077 2080 314 365 2082 2081 365 364 2083 2082 364 313 2084 2083 313 314 2081 2084 315 366 2086 2085 366 365 2087 2086 365 314 2088 2087 314 315 2085 2088 316 367 2090 2089 367 366 2091 2090 366 315 2092 2091 315 316 2089 2092 317 368 2094 2093 368 367 2095 2094 367 316 2096 2095 316 317 2093 2096 318 369 2098 2097 369 368 2099 2098 368 317 2100 2099 317 318 2097 2100 319 370 2102 2101 370 369 2103 2102 369 318 2104 2103 318 319 2101 2104 320 371 2106 2105 371 370 2107 2106 370 319 2108 2107 319 320 2105 2108 321 372 2110 2109 372 371 2111 2110 371 320 2112 2111 320 321 2109 2112 322 373 2114 2113 373 372 2115 2114 372 321 2116 2115 321 322 2113 2116 323 374 2118 2117 374 373 2119 2118 373 322 2120 2119 322 323 2117 2120 324 375 2122 2121 375 374 2123 2122 374 323 2124 2123 323 324 2121 2124 325 376 2126 2125 376 375 2127 2126 375 324 2128 2127 324 325 2125 2128 326 377 2130 2129 377 376 2131 2130 376 325 2132 2131 325 326 2129 2132 327 378 2134 2133 378 377 2135 2134 377 326 2136 2135 326 327 2133 2136 328 379 2138 2137 379 378 2139 2138 378 327 2140 2139 327 328 2137 2140 329 380 2142 2141 380 379 2143 2142 379 328 2144 2143 328 329 2141 2144 330 381 2146 2145 381 380 2147 2146 380 329 2148 2147 329 330 2145 2148 331 382 2150 2149 382 381 2151 2150 381 330 2152 2151 330 331 2149 2152 332 383 2154 2153 383 382 2155 2154 382 331 2156 2155 331 332 2153 2156 333 384 2158 2157 384 383 2159 2158 383 332 2160 2159 332 333 2157 2160 334 385 2162 2161 385 384 2163 2162 384 333 2164 2163 333 334 2161 2164 335 386 2166 2165 386 385 2167 2166 385 334 2168 2167 334 335 2165 2168 336 387 2170 2169 387 386 2171 2170 386 335 2172 2171 335 336 2169 2172 337 388 2174 2173 388 387 2175 2174 387 336 2176 2175 336 337 2173 2176 338 389 2178 2177 389 388 2179 2178 388 337 2180 2179 337 338 2177 2180 339 390 2182 2181 390 389 2183 2182 389 338 2184 2183 338 339 2181 2184 340 391 2186 2185 391 390 2187 2186 390 339 2188 2187 339 340 2185 2188 341 392 2190 2189 392 391 2191 2190 391 340 2192 2191 340 341 2189 2192 342 393 2194 2193 393 392 2195 2194 392 341 2196 2195 341 342 2193 2196 343 394 2198 2197 394 393 2199 2198 393 342 2200 2199 342 343 2197 2200 344 395 2202 2201 395 394 2203 2202 394 343 2204 2203 343 344 2201 2204 345 396 2206 2205 396 395 2207 2206 395 344 2208 2207 344 345 2205 2208 346 397 2210 2209 397 396 2211 2210 396 345 2212 2211 345 346 2209 2212 347 398 2214 2213 398 397 2215 2214 397 346 2216 2215 346 347 2213 2216 348 399 2218 2217 399 398 2219 2218 398 347 2220 2219 347 348 2217 2220 349 400 2222 2221 400 399 2223 2222 399 348 2224 2223 348 349 2221 2224 350 401 2226 2225 401 400 2227 2226 400 349 2228 2227 349 350 2225 2228 351 402 2230 2229 402 401 2231 2230 401 350 2232 2231 350 351 2229 2232 352 403 2234 2233 403 402 2235 2234 402 351 2236 2235 351 352 2233 2236 353 404 2238 2237 404 403 2239 2238 403 352 2240 2239 352 353 2237 2240 354 405 2242 2241 405 404 2243 2242 404 353 2244 2243 353 354 2241 2244 355 406 2246 2245 406 405 2247 2246 405 354 2248 2247 354 355 2245 2248 355 356 2250 2249 356 407 2251 2250 407 406 2252 2251 406 355 2249 2252 358 849 2254 2253 849 409 2255 2254 409 408 2256 2255 408 357 2257 2256 357 358 2253 2257 849 358 2259 2258 358 359 2260 2259 359 850 2261 2260 850 849 2258 2261 850 359 2263 2262 359 360 2264 2263 360 846 2265 2264 846 845 2266 2265 845 850 2262 2266 846 360 2268 2267 360 361 2269 2268 361 842 2270 2269 842 841 2271 2270 841 846 2267 2271 842 361 2273 2272 361 362 2274 2273 362 804 2275 2274 804 803 2276 2275 803 842 2272 2276 804 362 2278 2277 362 363 2279 2278 363 782 2280 2279 782 781 2281 2280 781 804 2277 2281 785 782 2283 2282 782 363 2284 2283 363 364 2285 2284 364 786 2286 2285 786 785 2282 2286 793 786 2288 2287 786 364 2289 2288 364 365 2290 2289 365 794 2291 2290 794 793 2287 2291 799 794 2293 2292 794 365 2294 2293 365 366 2295 2294 366 800 2296 2295 800 799 2292 2296 807 800 2298 2297 800 366 2299 2298 366 367 2300 2299 367 808 2301 2300 808 807 2297 2301 813 808 2303 2302 808 367 2304 2303 367 368 2305 2304 368 814 2306 2305 814 813 2302 2306 817 814 2308 2307 814 368 2309 2308 368 369 2310 2309 369 818 2311 2310 818 817 2307 2311 825 818 2313 2312 818 369 2314 2313 369 370 2315 2314 370 826 2316 2315 826 825 2312 2316 833 826 2318 2317 826 370 2319 2318 370 371 2320 2319 371 834 2321 2320 834 833 2317 2321 834 371 2323 2322 371 372 2324 2323 372 832 2325 2324 832 831 2326 2325 831 834 2322 2326 832 372 2328 2327 372 373 2329 2328 373 824 2330 2329 824 823 2331 2330 823 832 2327 2331 824 373 2333 2332 373 374 2334 2333 374 810 2335 2334 810 809 2336 2335 809 824 2332 2336 810 374 2338 2337 374 375 2339 2338 375 790 2340 2339 790 789 2341 2340 789 810 2337 2341 790 375 2343 2342 375 376 2344 2343 376 778 2345 2344 778 777 2346 2345 777 790 2342 2346 778 376 2348 2347 376 377 2349 2348 377 774 2350 2349 774 773 2351 2350 773 778 2347 2351 774 377 2353 2352 377 378 2354 2353 378 770 2355 2354 770 769 2356 2355 769 774 2352 2356 770 378 2358 2357 378 379 2359 2358 379 766 2360 2359 766 765 2361 2360 765 770 2357 2361 766 379 2363 2362 379 380 2364 2363 380 762 2365 2364 762 761 2366 2365 761 766 2362 2366 762 380 2368 2367 380 381 2369 2368 381 758 2370 2369 758 757 2371 2370 757 762 2367 2371 758 381 2373 2372 381 382 2374 2373 382 755 2375 2374 755 754 2376 2375 754 753 2377 2376 753 758 2372 2377 755 382 2379 2378 382 383 2380 2379 383 759 2381 2380 759 756 2382 2381 756 755 2378 2382 759 383 2384 2383 383 384 2385 2384 384 763 2386 2385 763 760 2387 2386 760 759 2383 2387 763 384 2389 2388 384 385 2390 2389 385 767 2391 2390 767 764 2392 2391 764 763 2388 2392 767 385 2394 2393 385 386 2395 2394 386 771 2396 2395 771 768 2397 2396 768 767 2393 2397 771 386 2399 2398 386 387 2400 2399 387 775 2401 2400 775 772 2402 2401 772 771 2398 2402 775 387 2404 2403 387 388 2405 2404 388 779 2406 2405 779 776 2407 2406 776 775 2403 2407 779 388 2409 2408 388 389 2410 2409 389 791 2411 2410 791 780 2412 2411 780 779 2408 2412 791 389 2414 2413 389 390 2415 2414 390 811 2416 2415 811 792 2417 2416 792 791 2413 2417 811 390 2419 2418 390 391 2420 2419 391 821 2421 2420 821 812 2422 2421 812 811 2418 2422 821 391 2424 2423 391 392 2425 2424 392 829 2426 2425 829 822 2427 2426 822 821 2423 2427 829 392 2429 2428 392 393 2430 2429 393 835 2431 2430 835 830 2432 2431 830 829 2428 2432 835 393 2434 2433 393 394 2435 2434 394 827 2436 2435 827 836 2437 2436 836 835 2433 2437 827 394 2439 2438 394 395 2440 2439 395 819 2441 2440 819 828 2442 2441 828 827 2438 2442 819 395 2444 2443 395 396 2445 2444 396 815 2446 2445 815 820 2447 2446 820 819 2443 2447 815 396 2449 2448 396 397 2450 2449 397 805 2451 2450 805 816 2452 2451 816 815 2448 2452 805 397 2454 2453 397 398 2455 2454 398 797 2456 2455 797 806 2457 2456 806 805 2453 2457 797 398 2459 2458 398 399 2460 2459 399 795 2461 2460 795 798 2462 2461 798 797 2458 2462 795 399 2464 2463 399 400 2465 2464 400 787 2466 2465 787 796 2467 2466 796 795 2463 2467 787 400 2469 2468 400 401 2470 2469 401 783 2471 2470 783 788 2472 2471 788 787 2468 2472 783 401 2474 2473 401 402 2475 2474 402 801 2476 2475 801 784 2477 2476 784 783 2473 2477 801 402 2479 2478 402 403 2480 2479 403 843 2481 2480 843 802 2482 2481 802 801 2478 2482 843 403 2484 2483 403 404 2485 2484 404 847 2486 2485 847 844 2487 2486 844 843 2483 2487 847 404 2489 2488 404 405 2490 2489 405 851 2491 2490 851 848 2492 2491 848 847 2488 2492 851 405 2494 2493 405 406 2495 2494 406 852 2496 2495 852 851 2493 2496 406 407 2498 2497 407 458 2499 2498 458 457 2500 2499 457 852 2501 2500 852 406 2497 2501 409 749 2503 2502 749 460 2504 2503 460 839 2505 2504 839 459 2506 2505 459 408 2507 2506 408 409 2502 2507 749 409 2509 2508 409 410 2510 2509 410 750 2511 2510 750 749 2508 2511 750 410 2513 2512 410 411 2514 2513 411 718 2515 2514 718 717 2516 2515 717 750 2512 2516 718 411 2518 2517 411 412 2519 2518 412 634 2520 2519 634 633 2521 2520 633 718 2517 2521 634 412 2523 2522 412 413 2524 2523 413 630 2525 2524 630 629 2526 2525 629 634 2522 2526 641 630 2528 2527 630 413 2529 2528 413 414 2530 2529 414 642 2531 2530 642 641 2527 2531 645 642 2533 2532 642 414 2534 2533 414 415 2535 2534 415 646 2536 2535 646 645 2532 2536 655 646 2538 2537 646 415 2539 2538 415 416 2540 2539 416 656 2541 2540 656 655 2537 2541 657 656 2543 2542 656 416 2544 2543 416 417 2545 2544 417 658 2546 2545 658 657 2542 2546 675 658 2548 2547 658 417 2549 2548 417 418 2550 2549 418 676 2551 2550 676 675 2547 2551 697 676 2553 2552 676 418 2554 2553 418 419 2555 2554 419 698 2556 2555 698 697 2552 2556 705 698 2558 2557 698 419 2559 2558 419 420 2560 2559 420 706 2561 2560 706 705 2557 2561 713 706 2563 2562 706 420 2564 2563 420 421 2565 2564 421 714 2566 2565 714 713 2562 2566 721 714 2568 2567 714 421 2569 2568 421 422 2570 2569 422 722 2571 2570 722 721 2567 2571 729 722 2573 2572 722 422 2574 2573 422 423 2575 2574 423 730 2576 2575 730 729 2572 2576 737 730 2578 2577 730 423 2579 2578 423 424 2580 2579 424 738 2581 2580 738 737 2577 2581 745 738 2583 2582 738 424 2584 2583 424 425 2585 2584 425 746 2586 2585 746 745 2582 2586 746 425 2588 2587 425 426 2589 2588 426 742 2590 2589 742 741 2591 2590 741 746 2587 2591 742 426 2593 2592 426 427 2594 2593 427 734 2595 2594 734 733 2596 2595 733 742 2592 2596 734 427 2598 2597 427 428 2599 2598 428 726 2600 2599 726 725 2601 2600 725 734 2597 2601 726 428 2603 2602 428 429 2604 2603 429 710 2605 2604 710 709 2606 2605 709 726 2602 2606 710 429 2608 2607 429 430 2609 2608 430 702 2610 2609 702 701 2611 2610 701 710 2607 2611 702 430 2613 2612 430 431 2614 2613 431 694 2615 2614 694 693 2616 2615 693 702 2612 2616 694 431 2618 2617 431 432 2619 2618 432 678 2620 2619 678 677 2621 2620 677 694 2617 2621 678 432 2623 2622 432 433 2624 2623 433 667 2625 2624 667 666 2626 2625 666 665 2627 2626 665 678 2622 2627 667 433 2629 2628 433 434 2630 2629 434 679 2631 2630 679 668 2632 2631 668 667 2628 2632 679 434 2634 2633 434 435 2635 2634 435 695 2636 2635 695 680 2637 2636 680 679 2633 2637 695 435 2639 2638 435 436 2640 2639 436 703 2641 2640 703 696 2642 2641 696 695 2638 2642 703 436 2644 2643 436 437 2645 2644 437 711 2646 2645 711 704 2647 2646 704 703 2643 2647 711 437 2649 2648 437 438 2650 2649 438 727 2651 2650 727 712 2652 2651 712 711 2648 2652 727 438 2654 2653 438 439 2655 2654 439 735 2656 2655 735 728 2657 2656 728 727 2653 2657 735 439 2659 2658 439 440 2660 2659 440 743 2661 2660 743 736 2662 2661 736 735 2658 2662 743 440 2664 2663 440 441 2665 2664 441 747 2666 2665 747 744 2667 2666 744 743 2663 2667 747 441 2669 2668 441 442 2670 2669 442 739 2671 2670 739 748 2672 2671 748 747 2668 2672 739 442 2674 2673 442 443 2675 2674 443 731 2676 2675 731 740 2677 2676 740 739 2673 2677 731 443 2679 2678 443 444 2680 2679 444 723 2681 2680 723 732 2682 2681 732 731 2678 2682 723 444 2684 2683 444 445 2685 2684 445 715 2686 2685 715 724 2687 2686 724 723 2683 2687 715 445 2689 2688 445 446 2690 2689 446 707 2691 2690 707 716 2692 2691 716 715 2688 2692 707 446 2694 2693 446 447 2695 2694 447 699 2696 2695 699 708 2697 2696 708 707 2693 2697 699 447 2699 2698 447 448 2700 2699 448 673 2701 2700 673 700 2702 2701 700 699 2698 2702 673 448 2704 2703 448 449 2705 2704 449 659 2706 2705 659 674 2707 2706 674 673 2703 2707 659 449 2709 2708 449 450 2710 2709 450 653 2711 2710 653 660 2712 2711 660 659 2708 2712 653 450 2714 2713 450 451 2715 2714 451 647 2716 2715 647 654 2717 2716 654 653 2713 2717 647 451 2719 2718 451 452 2720 2719 452 643 2721 2720 643 648 2722 2721 648 647 2718 2722 643 452 2724 2723 452 453 2725 2724 453 631 2726 2725 631 644 2727 2726 644 643 2723 2727 631 453 2729 2728 453 454 2730 2729 454 635 2731 2730 635 632 2732 2731 632 631 2728 2732 635 454 2734 2733 454 455 2735 2734 455 719 2736 2735 719 636 2737 2736 636 635 2733 2737 719 455 2739 2738 455 456 2740 2739 456 751 2741 2740 751 720 2742 2741 720 719 2738 2742 751 456 2744 2743 456 457 2745 2744 457 752 2746 2745 752 751 2743 2746 457 458 2748 2747 458 509 2749 2748 509 838 2750 2749 838 508 2751 2750 508 752 2752 2751 752 457 2747 2752 459 839 2754 2753 839 840 2755 2754 840 510 2756 2755 510 459 2753 2756 460 585 2758 2757 585 586 2759 2758 586 511 2760 2759 511 460 2757 2760 461 565 2762 2761 565 566 2763 2762 566 512 2764 2763 512 461 2761 2764 462 561 2766 2765 561 562 2767 2766 562 513 2768 2767 513 462 2765 2768 463 569 2770 2769 569 570 2771 2770 570 514 2772 2771 514 463 2769 2772 573 464 2774 2773 464 465 2775 2774 465 574 2776 2775 574 573 2773 2776 577 574 2778 2777 574 465 2779 2778 465 466 2780 2779 466 578 2781 2780 578 577 2777 2781 581 578 2783 2782 578 466 2784 2783 466 467 2785 2784 467 582 2786 2785 582 581 2782 2786 591 582 2788 2787 582 467 2789 2788 467 468 2790 2789 468 592 2791 2790 592 591 2787 2791 593 592 2793 2792 592 468 2794 2793 468 469 2795 2794 469 594 2796 2795 594 593 2792 2796 597 594 2798 2797 594 469 2799 2798 469 470 2800 2799 470 598 2801 2800 598 597 2797 2801 601 598 2803 2802 598 470 2804 2803 470 471 2805 2804 471 602 2806 2805 602 601 2802 2806 605 602 2808 2807 602 471 2809 2808 471 472 2810 2809 472 606 2811 2810 606 605 2807 2811 609 606 2813 2812 606 472 2814 2813 472 473 2815 2814 473 610 2816 2815 610 609 2812 2816 613 610 2818 2817 610 473 2819 2818 473 474 2820 2819 474 614 2821 2820 614 613 2817 2821 617 614 2823 2822 614 474 2824 2823 474 475 2825 2824 475 618 2826 2825 618 617 2822 2826 621 618 2828 2827 618 475 2829 2828 475 476 2830 2829 476 622 2831 2830 622 621 2827 2831 625 622 2833 2832 622 476 2834 2833 476 477 2835 2834 477 626 2836 2835 626 625 2832 2836 637 626 2838 2837 626 477 2839 2838 477 478 2840 2839 478 638 2841 2840 638 637 2837 2841 649 638 2843 2842 638 478 2844 2843 478 479 2845 2844 479 650 2846 2845 650 649 2842 2846 661 650 2848 2847 650 479 2849 2848 479 480 2850 2849 480 662 2851 2850 662 661 2847 2851 669 662 2853 2852 662 480 2854 2853 480 481 2855 2854 481 670 2856 2855 670 669 2852 2856 681 670 2858 2857 670 481 2859 2858 481 482 2860 2859 482 682 2861 2860 682 681 2857 2861 685 682 2863 2862 682 482 2864 2863 482 483 2865 2864 483 686 2866 2865 686 685 2862 2866 689 686 2868 2867 686 483 2869 2868 483 484 2870 2869 484 691 2871 2870 691 690 2872 2871 690 689 2867 2872 691 484 2874 2873 484 485 2875 2874 485 687 2876 2875 687 692 2877 2876 692 691 2873 2877 687 485 2879 2878 485 486 2880 2879 486 683 2881 2880 683 688 2882 2881 688 687 2878 2882 683 486 2884 2883 486 487 2885 2884 487 671 2886 2885 671 684 2887 2886 684 683 2883 2887 671 487 2889 2888 487 488 2890 2889 488 663 2891 2890 663 672 2892 2891 672 671 2888 2892 663 488 2894 2893 488 489 2895 2894 489 651 2896 2895 651 664 2897 2896 664 663 2893 2897 651 489 2899 2898 489 490 2900 2899 490 639 2901 2900 639 652 2902 2901 652 651 2898 2902 639 490 2904 2903 490 491 2905 2904 491 627 2906 2905 627 640 2907 2906 640 639 2903 2907 627 491 2909 2908 491 492 2910 2909 492 623 2911 2910 623 628 2912 2911 628 627 2908 2912 623 492 2914 2913 492 493 2915 2914 493 619 2916 2915 619 624 2917 2916 624 623 2913 2917 619 493 2919 2918 493 494 2920 2919 494 615 2921 2920 615 620 2922 2921 620 619 2918 2922 615 494 2924 2923 494 495 2925 2924 495 611 2926 2925 611 616 2927 2926 616 615 2923 2927 611 495 2929 2928 495 496 2930 2929 496 607 2931 2930 607 612 2932 2931 612 611 2928 2932 607 496 2934 2933 496 497 2935 2934 497 603 2936 2935 603 608 2937 2936 608 607 2933 2937 603 497 2939 2938 497 498 2940 2939 498 599 2941 2940 599 604 2942 2941 604 603 2938 2942 599 498 2944 2943 498 499 2945 2944 499 595 2946 2945 595 600 2947 2946 600 599 2943 2947 595 499 2949 2948 499 500 2950 2949 500 589 2951 2950 589 596 2952 2951 596 595 2948 2952 589 500 2954 2953 500 501 2955 2954 501 583 2956 2955 583 590 2957 2956 590 589 2953 2957 583 501 2959 2958 501 502 2960 2959 502 579 2961 2960 579 584 2962 2961 584 583 2958 2962 579 502 2964 2963 502 503 2965 2964 503 575 2966 2965 575 580 2967 2966 580 579 2963 2967 575 503 2969 2968 503 504 2970 2969 504 576 2971 2970 576 575 2968 2971 555 576 2973 2972 576 504 2974 2973 504 572 2975 2974 572 571 2976 2975 571 555 2972 2976 563 556 2978 2977 556 505 2979 2978 505 564 2980 2979 564 563 2977 2980 567 557 2982 2981 557 506 2983 2982 506 568 2984 2983 568 567 2981 2984 587 558 2986 2985 558 507 2987 2986 507 588 2988 2987 588 587 2985 2988 837 559 2990 2989 559 508 2991 2990 508 838 2992 2991 838 837 2989 2992 561 463 2994 2993 463 514 2995 2994 514 562 2996 2995 562 561 2993 2996 564 506 2998 2997 506 557 2999 2998 557 563 3000 2999 563 564 2997 3000 565 462 3002 3001 462 513 3003 3002 513 566 3004 3003 566 565 3001 3004 568 507 3006 3005 507 558 3007 3006 558 567 3008 3007 567 568 3005 3008 569 464 3010 3009 464 573 3011 3010 573 515 3012 3011 515 570 3013 3012 570 569 3009 3013 572 505 3015 3014 505 556 3016 3015 556 571 3017 3016 571 572 3014 3017 515 573 3019 3018 573 574 3020 3019 574 577 3021 3020 577 516 3022 3021 516 515 3018 3022 580 575 3024 3023 575 576 3025 3024 576 555 3026 3025 555 554 3027 3026 554 580 3023 3027 516 577 3029 3028 577 578 3030 3029 578 581 3031 3030 581 517 3032 3031 517 516 3028 3032 584 579 3034 3033 579 580 3035 3034 580 554 3036 3035 554 553 3037 3036 553 584 3033 3037 517 581 3039 3038 581 582 3040 3039 582 591 3041 3040 591 518 3042 3041 518 517 3038 3042 590 583 3044 3043 583 584 3045 3044 584 553 3046 3045 553 552 3047 3046 552 590 3043 3047 585 461 3049 3048 461 512 3050 3049 512 586 3051 3050 586 585 3048 3051 588 508 3053 3052 508 559 3054 3053 559 587 3055 3054 587 588 3052 3055 596 589 3057 3056 589 590 3058 3057 590 552 3059 3058 552 551 3060 3059 551 596 3056 3060 518 591 3062 3061 591 592 3063 3062 592 593 3064 3063 593 519 3065 3064 519 518 3061 3065 519 593 3067 3066 593 594 3068 3067 594 597 3069 3068 597 520 3070 3069 520 519 3066 3070 600 595 3072 3071 595 596 3073 3072 596 551 3074 3073 551 550 3075 3074 550 600 3071 3075 520 597 3077 3076 597 598 3078 3077 598 601 3079 3078 601 521 3080 3079 521 520 3076 3080 604 599 3082 3081 599 600 3083 3082 600 550 3084 3083 550 549 3085 3084 549 604 3081 3085 521 601 3087 3086 601 602 3088 3087 602 605 3089 3088 605 522 3090 3089 522 521 3086 3090 608 603 3092 3091 603 604 3093 3092 604 549 3094 3093 549 548 3095 3094 548 608 3091 3095 522 605 3097 3096 605 606 3098 3097 606 609 3099 3098 609 523 3100 3099 523 522 3096 3100 612 607 3102 3101 607 608 3103 3102 608 548 3104 3103 548 547 3105 3104 547 612 3101 3105 523 609 3107 3106 609 610 3108 3107 610 613 3109 3108 613 524 3110 3109 524 523 3106 3110 616 611 3112 3111 611 612 3113 3112 612 547 3114 3113 547 546 3115 3114 546 616 3111 3115 524 613 3117 3116 613 614 3118 3117 614 617 3119 3118 617 525 3120 3119 525 524 3116 3120 620 615 3122 3121 615 616 3123 3122 616 546 3124 3123 546 545 3125 3124 545 620 3121 3125 525 617 3127 3126 617 618 3128 3127 618 621 3129 3128 621 526 3130 3129 526 525 3126 3130 624 619 3132 3131 619 620 3133 3132 620 545 3134 3133 545 544 3135 3134 544 624 3131 3135 526 621 3137 3136 621 622 3138 3137 622 625 3139 3138 625 527 3140 3139 527 526 3136 3140 628 623 3142 3141 623 624 3143 3142 624 544 3144 3143 544 543 3145 3144 543 628 3141 3145 527 625 3147 3146 625 626 3148 3147 626 637 3149 3148 637 528 3150 3149 528 527 3146 3150 640 627 3152 3151 627 628 3153 3152 628 543 3154 3153 543 542 3155 3154 542 640 3151 3155 463 629 3157 3156 629 630 3158 3157 630 641 3159 3158 641 464 3160 3159 464 569 3161 3160 569 463 3156 3161 644 631 3163 3162 631 632 3164 3163 632 505 3165 3164 505 572 3166 3165 572 504 3167 3166 504 644 3162 3167 462 633 3169 3168 633 634 3170 3169 634 629 3171 3170 629 463 3172 3171 463 561 3173 3172 561 462 3168 3173 632 635 3175 3174 635 636 3176 3175 636 506 3177 3176 506 564 3178 3177 564 505 3179 3178 505 632 3174 3179 528 637 3181 3180 637 638 3182 3181 638 649 3183 3182 649 529 3184 3183 529 528 3180 3184 652 639 3186 3185 639 640 3187 3186 640 542 3188 3187 542 541 3189 3188 541 652 3185 3189 464 641 3191 3190 641 642 3192 3191 642 645 3193 3192 645 465 3194 3193 465 464 3190 3194 648 643 3196 3195 643 644 3197 3196 644 504 3198 3197 504 503 3199 3198 503 648 3195 3199 465 645 3201 3200 645 646 3202 3201 646 655 3203 3202 655 466 3204 3203 466 465 3200 3204 654 647 3206 3205 647 648 3207 3206 648 503 3208 3207 503 502 3209 3208 502 654 3205 3209 529 649 3211 3210 649 650 3212 3211 650 661 3213 3212 661 530 3214 3213 530 529 3210 3214 664 651 3216 3215 651 652 3217 3216 652 541 3218 3217 541 540 3219 3218 540 664 3215 3219 660 653 3221 3220 653 654 3222 3221 654 502 3223 3222 502 501 3224 3223 501 660 3220 3224 466 655 3226 3225 655 656 3227 3226 656 657 3228 3227 657 467 3229 3228 467 466 3225 3229 467 657 3231 3230 657 658 3232 3231 658 675 3233 3232 675 468 3234 3233 468 467 3230 3234 674 659 3236 3235 659 660 3237 3236 660 501 3238 3237 501 500 3239 3238 500 674 3235 3239 530 661 3241 3240 661 662 3242 3241 662 669 3243 3242 669 531 3244 3243 531 530 3240 3244 672 663 3246 3245 663 664 3247 3246 664 540 3248 3247 540 539 3249 3248 539 672 3245 3249 483 665 3251 3250 665 666 3252 3251 666 484 3253 3252 484 483 3250 3253 666 667 3255 3254 667 668 3256 3255 668 485 3257 3256 485 484 3258 3257 484 666 3254 3258 531 669 3260 3259 669 670 3261 3260 670 681 3262 3261 681 532 3263 3262 532 531 3259 3263 684 671 3265 3264 671 672 3266 3265 672 539 3267 3266 539 538 3268 3267 538 684 3264 3268 700 673 3270 3269 673 674 3271 3270 674 500 3272 3271 500 499 3273 3272 499 700 3269 3273 468 675 3275 3274 675 676 3276 3275 676 697 3277 3276 697 469 3278 3277 469 468 3274 3278 482 677 3280 3279 677 678 3281 3280 678 665 3282 3281 665 483 3283 3282 483 482 3279 3283 668 679 3285 3284 679 680 3286 3285 680 486 3287 3286 486 485 3288 3287 485 668 3284 3288 532 681 3290 3289 681 682 3291 3290 682 685 3292 3291 685 533 3293 3292 533 532 3289 3293 688 683 3295 3294 683 684 3296 3295 684 538 3297 3296 538 537 3298 3297 537 688 3294 3298 533 685 3300 3299 685 686 3301 3300 686 689 3302 3301 689 534 3303 3302 534 533 3299 3303 692 687 3305 3304 687 688 3306 3305 688 537 3307 3306 537 536 3308 3307 536 692 3304 3308 534 689 3310 3309 689 690 3311 3310 690 535 3312 3311 535 534 3309 3312 690 691 3314 3313 691 692 3315 3314 692 536 3316 3315 536 535 3317 3316 535 690 3313 3317 481 693 3319 3318 693 694 3320 3319 694 677 3321 3320 677 482 3322 3321 482 481 3318 3322 680 695 3324 3323 695 696 3325 3324 696 487 3326 3325 487 486 3327 3326 486 680 3323 3327 469 697 3329 3328 697 698 3330 3329 698 705 3331 3330 705 470 3332 3331 470 469 3328 3332 708 699 3334 3333 699 700 3335 3334 700 499 3336 3335 499 498 3337 3336 498 708 3333 3337 480 701 3339 3338 701 702 3340 3339 702 693 3341 3340 693 481 3342 3341 481 480 3338 3342 696 703 3344 3343 703 704 3345 3344 704 488 3346 3345 488 487 3347 3346 487 696 3343 3347 470 705 3349 3348 705 706 3350 3349 706 713 3351 3350 713 471 3352 3351 471 470 3348 3352 716 707 3354 3353 707 708 3355 3354 708 498 3356 3355 498 497 3357 3356 497 716 3353 3357 479 709 3359 3358 709 710 3360 3359 710 701 3361 3360 701 480 3362 3361 480 479 3358 3362 704 711 3364 3363 711 712 3365 3364 712 489 3366 3365 489 488 3367 3366 488 704 3363 3367 471 713 3369 3368 713 714 3370 3369 714 721 3371 3370 721 472 3372 3371 472 471 3368 3372 724 715 3374 3373 715 716 3375 3374 716 497 3376 3375 497 496 3377 3376 496 724 3373 3377 461 717 3379 3378 717 718 3380 3379 718 633 3381 3380 633 462 3382 3381 462 565 3383 3382 565 461 3378 3383 636 719 3385 3384 719 720 3386 3385 720 507 3387 3386 507 568 3388 3387 568 506 3389 3388 506 636 3384 3389 472 721 3391 3390 721 722 3392 3391 722 729 3393 3392 729 473 3394 3393 473 472 3390 3394 732 723 3396 3395 723 724 3397 3396 724 496 3398 3397 496 495 3399 3398 495 732 3395 3399 478 725 3401 3400 725 726 3402 3401 726 709 3403 3402 709 479 3404 3403 479 478 3400 3404 712 727 3406 3405 727 728 3407 3406 728 490 3408 3407 490 489 3409 3408 489 712 3405 3409 473 729 3411 3410 729 730 3412 3411 730 737 3413 3412 737 474 3414 3413 474 473 3410 3414 740 731 3416 3415 731 732 3417 3416 732 495 3418 3417 495 494 3419 3418 494 740 3415 3419 477 733 3421 3420 733 734 3422 3421 734 725 3423 3422 725 478 3424 3423 478 477 3420 3424 728 735 3426 3425 735 736 3427 3426 736 491 3428 3427 491 490 3429 3428 490 728 3425 3429 474 737 3431 3430 737 738 3432 3431 738 745 3433 3432 745 475 3434 3433 475 474 3430 3434 748 739 3436 3435 739 740 3437 3436 740 494 3438 3437 494 493 3439 3438 493 748 3435 3439 476 741 3441 3440 741 742 3442 3441 742 733 3443 3442 733 477 3444 3443 477 476 3440 3444 736 743 3446 3445 743 744 3447 3446 744 492 3448 3447 492 491 3449 3448 491 736 3445 3449 475 745 3451 3450 745 746 3452 3451 746 741 3453 3452 741 476 3454 3453 476 475 3450 3454 744 747 3456 3455 747 748 3457 3456 748 493 3458 3457 493 492 3459 3458 492 744 3455 3459 460 749 3461 3460 749 750 3462 3461 750 717 3463 3462 717 461 3464 3463 461 585 3465 3464 585 460 3460 3465 720 751 3467 3466 751 752 3468 3467 752 508 3469 3468 508 588 3470 3469 588 507 3471 3470 507 720 3466 3471 432 753 3473 3472 753 754 3474 3473 754 433 3475 3474 433 432 3472 3475 754 755 3477 3476 755 756 3478 3477 756 434 3479 3478 434 433 3480 3479 433 754 3476 3480 431 757 3482 3481 757 758 3483 3482 758 753 3484 3483 753 432 3485 3484 432 431 3481 3485 756 759 3487 3486 759 760 3488 3487 760 435 3489 3488 435 434 3490 3489 434 756 3486 3490 430 761 3492 3491 761 762 3493 3492 762 757 3494 3493 757 431 3495 3494 431 430 3491 3495 760 763 3497 3496 763 764 3498 3497 764 436 3499 3498 436 435 3500 3499 435 760 3496 3500 429 765 3502 3501 765 766 3503 3502 766 761 3504 3503 761 430 3505 3504 430 429 3501 3505 764 767 3507 3506 767 768 3508 3507 768 437 3509 3508 437 436 3510 3509 436 764 3506 3510 428 769 3512 3511 769 770 3513 3512 770 765 3514 3513 765 429 3515 3514 429 428 3511 3515 768 771 3517 3516 771 772 3518 3517 772 438 3519 3518 438 437 3520 3519 437 768 3516 3520 427 773 3522 3521 773 774 3523 3522 774 769 3524 3523 769 428 3525 3524 428 427 3521 3525 772 775 3527 3526 775 776 3528 3527 776 439 3529 3528 439 438 3530 3529 438 772 3526 3530 426 777 3532 3531 777 778 3533 3532 778 773 3534 3533 773 427 3535 3534 427 426 3531 3535 776 779 3537 3536 779 780 3538 3537 780 440 3539 3538 440 439 3540 3539 439 776 3536 3540 413 781 3542 3541 781 782 3543 3542 782 785 3544 3543 785 414 3545 3544 414 413 3541 3545 788 783 3547 3546 783 784 3548 3547 784 453 3549 3548 453 452 3550 3549 452 788 3546 3550 414 785 3552 3551 785 786 3553 3552 786 793 3554 3553 793 415 3555 3554 415 414 3551 3555 796 787 3557 3556 787 788 3558 3557 788 452 3559 3558 452 451 3560 3559 451 796 3556 3560 425 789 3562 3561 789 790 3563 3562 790 777 3564 3563 777 426 3565 3564 426 425 3561 3565 780 791 3567 3566 791 792 3568 3567 792 441 3569 3568 441 440 3570 3569 440 780 3566 3570 415 793 3572 3571 793 794 3573 3572 794 799 3574 3573 799 416 3575 3574 416 415 3571 3575 798 795 3577 3576 795 796 3578 3577 796 451 3579 3578 451 450 3580 3579 450 798 3576 3580 806 797 3582 3581 797 798 3583 3582 798 450 3584 3583 450 449 3585 3584 449 806 3581 3585 416 799 3587 3586 799 800 3588 3587 800 807 3589 3588 807 417 3590 3589 417 416 3586 3590 784 801 3592 3591 801 802 3593 3592 802 454 3594 3593 454 453 3595 3594 453 784 3591 3595 412 803 3597 3596 803 804 3598 3597 804 781 3599 3598 781 413 3600 3599 413 412 3596 3600 816 805 3602 3601 805 806 3603 3602 806 449 3604 3603 449 448 3605 3604 448 816 3601 3605 417 807 3607 3606 807 808 3608 3607 808 813 3609 3608 813 418 3610 3609 418 417 3606 3610 424 809 3612 3611 809 810 3613 3612 810 789 3614 3613 789 425 3615 3614 425 424 3611 3615 792 811 3617 3616 811 812 3618 3617 812 442 3619 3618 442 441 3620 3619 441 792 3616 3620 418 813 3622 3621 813 814 3623 3622 814 817 3624 3623 817 419 3625 3624 419 418 3621 3625 820 815 3627 3626 815 816 3628 3627 816 448 3629 3628 448 447 3630 3629 447 820 3626 3630 419 817 3632 3631 817 818 3633 3632 818 825 3634 3633 825 420 3635 3634 420 419 3631 3635 828 819 3637 3636 819 820 3638 3637 820 447 3639 3638 447 446 3640 3639 446 828 3636 3640 812 821 3642 3641 821 822 3643 3642 822 443 3644 3643 443 442 3645 3644 442 812 3641 3645 423 823 3647 3646 823 824 3648 3647 824 809 3649 3648 809 424 3650 3649 424 423 3646 3650 420 825 3652 3651 825 826 3653 3652 826 833 3654 3653 833 421 3655 3654 421 420 3651 3655 836 827 3657 3656 827 828 3658 3657 828 446 3659 3658 446 445 3660 3659 445 836 3656 3660 822 829 3662 3661 829 830 3663 3662 830 444 3664 3663 444 443 3665 3664 443 822 3661 3665 422 831 3667 3666 831 832 3668 3667 832 823 3669 3668 823 423 3670 3669 423 422 3666 3670 421 833 3672 3671 833 834 3673 3672 834 831 3674 3673 831 422 3675 3674 422 421 3671 3675 830 835 3677 3676 835 836 3678 3677 836 445 3679 3678 445 444 3680 3679 444 830 3676 3680 560 837 3682 3681 837 838 3683 3682 838 509 3684 3683 509 560 3681 3684 839 460 3686 3685 460 511 3687 3686 511 840 3688 3687 840 839 3685 3688 411 841 3690 3689 841 842 3691 3690 842 803 3692 3691 803 412 3693 3692 412 411 3689 3693 802 843 3695 3694 843 844 3696 3695 844 455 3697 3696 455 454 3698 3697 454 802 3694 3698 410 845 3700 3699 845 846 3701 3700 846 841 3702 3701 841 411 3703 3702 411 410 3699 3703 844 847 3705 3704 847 848 3706 3705 848 456 3707 3706 456 455 3708 3707 455 844 3704 3708 409 849 3710 3709 849 850 3711 3710 850 845 3712 3711 845 410 3713 3712 410 409 3709 3713 848 851 3715 3714 851 852 3716 3715 852 457 3717 3716 457 456 3718 3717 456 848 3714 3718 
</DataArray>
<DataArray type="Int32" Name="offsets" format="ascii">
4 8 12 16 20 24 28 32 36 40 44 48 52 56 60 64 68 72 76 80 84 88 92 96 100 104 108 112 116 120 124 128 132 136 140 144 148 152 156 160 164 168 172 176 180 184 188 192 196 200 204 208 212 216 220 224 228 232 236 240 244 248 252 256 260 264 268 272 276 280 284 288 292 296 300 304 308 312 316 320 324 328 332 336 340 344 348 352 356 360 364 368 372 376 380 384 388 392 396 400 404 408 412 416 420 424 428 432 436 440 444 448 452 456 460 464 468 472 476 480 484 488 492 496 500 504 508 512 516 520 524 528 532 536 540 544 548 552 556 560 564 568 572 576 580 584 588 592 596 600 604 608 612 616 620 624 628 632 636 640 644 648 652 656 660 664 668 672 676 680 684 688 692 696 700 704 708 712 716 720 724 728 732 736 740 744 748 752 756 760 764 768 772 776 780 784 788 792 796 800 804 808 812 816 820 824 828 832 836 840 844 848 852 856 860 864 868 872 876 880 884 888 892 896 900 904 908 912 916 920 924 928 932 936 940 944 948 952 956 960 964 968 972 976 980 984 988 992 996 1000 1004 1008 1012 1016 1020 1024 1028 1032 1036 1040 1044 1048 1052 1056 1060 1064 1068 1072 1076 1080 1084 1088 1092 1096 1100 1104 1108 1112 1116 1120 1124 1128 1132 1136 1140 1144 1148 1152 1156 1160 1164 1168 1172 1176 1180 1184 1188 1192 1196 1200 1204 1208 1212 1216 1220 1224 1228 1232 1236 1240 1244 1248 1252 1256 1260 1264 1268 1272 1276 1280 1284 1288 1292 1296 1300 1304 1308 1312 1316 1320 1324 1328 1332 1336 1340 1344 1348 1352 1356 1360 1364 1368 1372 1376 1380 1384 1388 1392 1396 1400 1404 1408 1412 1416 1420 1424 1428 1432 1436 1440 1444 1448 1452 1456 1460 1464 1468 1472 1476 1480 1484 1488 1492 1496 1500 1504 1508 1512 1516 1520 1524 1528 1532 1536 1540 1544 1548 1552 1556 1560 1564 1568 1572 1576 1580 1584 1588 1592 1596 1600 1604 1608 1612 1616 1620 1624 1628 1632 1636 1640 1644 1648 1652 1656 1660 1664 1668 1672 1676 1680 1684 1688 1692 1696 1700 1704 1708 1712 1716 1720 1724 1728 1732 1736 1740 1744 1748 1752 1756 1760 1764 1768 1772 1776 1780 1784 1788 1792 1796 1800 1804 1808 1812 1816 1820 1824 1828 1832 1836 1840 1844 1848 1852 1856 1860 1864 1868 1872 1876 1880 1884 1888 1892 1896 1900 1904 1908 1912 1916 1920 1924 1928 1932 1936 1940 1944 1948 1952 1956 1960 1964 1968 1972 1976 1980 1984 1988 1992 1996 2000 2004 2008 2012 2016 2020 2024 2028 2032 2036 2040 2044 2048 2052 2056 2060 2064 2068 2072 2076 2080 2084 2088 2092 2096 2100 2104 2108 2112 2116 2120 2124 2128 2132 2136 2140 2144 2148 2152 2156 2160 2164 2168 2172 2176 2180 2184 2188 2192 2196 2200 2204 2208 2212 2216 2220 2224 2228 2232 2236 2240 2244 2248 2252 2256 2260 2264 2268 2272 2276 2280 2284 2288 2292 2296 2300 2304 2308 2312 2316 2320 2324 2328 2332 2336 2340 2344 2348 2352 2356 2360 2364 2368 2372 2376 2380 2384 2388 2392 2396 2400 2404 2408 2412 2416 2420 2424 2428 2432 2436 2440 2444 2448 2452 2456 2460 2464 2468 2472 2476 2480 2484 2488 2492 2496 2500 2504 2508 2512 2516 2520 2524 2528 2532 2536 2540 2544 2548 2552 2556 2560 2564 2568 2572 2576 2580 2584 2588 2592 2596 2600 2604 2608 2612 2616 2620 2624 2628 2632 2636 2640 2644 2648 2652 2656 2660 2664 2668 2672 2676 2680 2684 2688 2692 2696 2700 2704 2708 2712 2716 2720 2724 2728 2732 2736 2740 2744 2748 2752 2756 2760 2764 2768 2772 2776 2780 2784 2788 2792 2796 2800 2804 2808 2812 2816 2820 2824 2828 2832 2836 2840 2844 2848 2852 2856 2860 2864 2868 2872 2876 2880 2884 2888 2892 2896 2900 2904 2908 2912 2916 2920 2924 2928 2932 2936 2940 2944 2948 2952 2956 2960 2964 2968 2972 2976 2980 2984 2988 2992 2996 3000 3004 3008 3012 3016 3020 3024 3028 3032 3036 3040 3044 3048 3052 3056 3060 3064 3068 3072 3076 3080 3084 3088 3092 3096 3100 3104 3108 3112 3116 3120 3124 3128 3132 3136 3140 3144 3148 3152 3156 3160 3164 3168 3172 3176 3180 3184 3188 3192 3196 3200 3204 3208 3212 3216 3220 3224 3228 3232 3236 3240 3244 3248 3252 3256 3260 3264 3268 3272 3276 3280 3284 3288 3292 3296 3300 3304 3308 3312 3316 3320 3324 3328 3332 3336 3340 3344 3348 3352 3356 3360 3364 3368 3372 3376 3380 3384 3388 3392 3396 3400 3404 3408 3412 3416 3420 3424 3428 3432 3436 3440 3444 3448 3452 3456 3460 3464 3468 3472 3476 3480 3484 3488 3492 3496 3500 3504 3508 3512 3516 3520 3524 3528 3532 3536 3540 3544 3548 3552 3556 3560 3564 3568 3572 3576 3580 3584 3588 3592 3596 3600 3604 3608 3612 3616 3620 3624 3628 3632 3636 3640 3644 3648 3652 3656 3660 3664 3668 3672 3676 3680 3684 3688 3692 3696 3700 3704 3708 3712 3716 3720 3724 3728 3732 3736 3740 3744 3748 3752 3756 3760 3764 3768 3772 3776 3780 3784 3788 3792 3796 3800 3804 3808 3812 3816 3820 3824 3828 3832 3836 3840 3844 3848 3852 3856 3860 3864 3868 3872 3876 3880 3884 3888 3892 3896 3900 3904 3908 3912 3916 3920 3924 3928 3932 3936 3940 3944 3948 3952 3956 3960 3964 3968 3972 3976 3980 3984 3988 3992 3996 4000 4004 4008 4012 4016 4020 4024 4028 4032 4036 4040 4044 4048 4052 4056 4060 4064 4068 4072 4076 4080 4084 4088 4092 4096 4100 4104 4108 4112 4116 4120 4124 4128 4132 4136 4140 4144 4148 4152 4156 4160 4164 4168 4172 4176 4180 4184 4188 4192 4196 4200 4204 4208 4212 4216 4220 4224 4228 4232 4236 4240 4244 4248 4252 4256 4260 4264 4268 4272 4276 4280 4284 4288 4292 4296 4300 4304 4308 4312 4316 4320 4324 4328 4332 4336 4340 4344 4348 4352 4356 4360 4364 4368 4372 4376 4380 4384 4388 4392 4396 4400 4404 4408 4412 4416 4420 4424 4428 4432 4436 4440 4444 4448 4452 4456 4460 4464 4468 4472 4476 4480 4484 4488 4492 4496 4500 4504 4508 4512 4516 4520 4524 4528 4532 4536 4540 4544 4548 4552 4556 4560 4564 4568 4572 4576 4580 4584 4588 4592 4596 4600 4604 4608 4612 4616 4620 4624 4628 4632 4636 4640 4644 4648 4652 4656 4660 4664 4668 4672 4676 4680 4684 4688 4692 4696 4700 4704 4708 4712 4716 4720 4724 4728 4732 4736 4740 4744 4748 4752 4756 4760 4764 4768 4772 4776 4780 4784 4788 4792 4796 4800 4804 4808 4812 4816 4820 4824 4828 4832 4836 4840 4844 4848 4852 4856 4860 4864 4868 4872 4876 4880 4884 4888 4892 4896 4900 4904 4908 4912 4916 4920 4924 4928 4932 4936 4940 4944 4948 4952 4956 4960 4964 4968 4972 4976 4980 4984 4988 4992 4996 5000 5004 5008 5012 5016 5020 5024 5028 5032 5036 5040 5044 5048 5052 5056 5060 5064 5068 5072 5076 5080 5084 5088 5092 5096 5100 5104 5108 5112 5116 5120 5124 5128 5132 5136 5140 5144 5148 5152 5156 5160 5164 5168 5172 5176 5180 5184 5188 5192 5196 5200 5204 5208 5212 5216 5220 5224 5228 5232 5236 5240 5244 5248 5252 5256 5260 5264 5268 5272 5276 5280 5284 5288 5292 5296 5300 5304 5308 5312 5316 5320 5324 5328 5332 5336 5340 5344 5348 5352 5356 5360 5364 5368 5372 5376 5380 5384 5388 5392 5396 5400 5404 5408 5412 5416 5420 5424 5428 5432 5436 5440 5444 5448 5452 5456 5460 5464 5468 5472 5476 5480 5484 5488 5492 5496 5500 5504 5508 5512 5516 5520 5524 5528 5532 5536 5540 5544 5548 5552 5556 5560 5564 5568 5572 5576 5580 5584 5588 5592 5596 5600 5604 5608 5612 5616 5620 5624 5628 5632 5636 5640 5644 5648 5652 5656 5660 5664 5668 5672 5676 5680 5684 5688 5692 5696 5700 5704 5708 5712 5716 5720 5724 5728 5732 5736 5740 5744 5748 5752 5756 5760 5764 5768 5772 5776 5780 5784 5788 5792 5796 5800 5804 5808 5812 5816 5820 5824 5828 5832 5836 5840 5844 5848 5852 5856 5860 5864 5868 5872 5876 5880 5884 5888 5892 5896 5900 5904 5908 5912 5916 5920 5924 5928 5932 5936 5940 5944 5948 5952 5956 5960 5964 5968 5972 5976 5980 5984 5988 5992 5996 6000 6004 6008 6012 6016 6020 6024 6028 6032 6036 6040 6044 6048 6052 6056 6060 6064 6068 6072 6076 6080 6084 6088 6092 6096 6100 6104 6108 6112 6116 6120 6124 6128 6132 6136 6140 6144 6148 6152 6156 6160 6164 6168 6172 6176 6180 6184 6188 6192 6196 6200 6204 6208 6212 6216 6220 6224 6228 6232 6236 6240 6244 6248 6252 6256 6260 6264 6268 6272 6276 6280 6284 6288 6292 6296 6300 6304 6308 6312 6316 6320 6324 6328 6332 6336 6340 6344 6348 6352 6356 6360 6364 6368 6372 6376 6380 6384 6388 6392 6396 6400 6404 6408 6412 6416 6420 6424 6428 6432 6436 6440 6444 6448 6452 6456 6460 6464 6468 6472 6476 6480 6484 6488 6492 6496 6500 6504 6508 6512 6516 6520 6524 6528 6532 6536 6540 6544 6548 6552 6556 6560 6564 6568 6572 6576 6580 6584 6588 6592 6596 6600 6604 6608 6612 6616 6620 6624 6628 6632 6636 6640 6644 6648 6652 6656 6660 6664 6668 6672 6676 6680 6684 6688 6692 6696 6700 6704 6708 6712 6716 6720 6724 6728 6732 6736 6740 6744 6748 6752 6756 6760 6764 6768 6772 6776 6780 6784 6788 6792 6796 6800 6804 6808 6812 6816 6820 6824 6828 6832 6836 6840 6844 6848 6852 6856 6860 6864 6868 6872 6876 6880 6884 6888 6892 6896 6900 6904 6908 6912 6916 6920 6924 6928 6932 6936 6940 6944 6948 6952 6956 6960 6964 6968 6972 6976 6980 6984 6988 6992 6996 7000 7004 7008 7012 7016 7020 7024 7028 7032 7036 7040 7044 7048 7052 7056 7060 7064 7068 7072 7076 7080 7084 7088 7092 7096 7100 7104 7108 7112 7116 7120 7124 7128 7132 7136 7140 7144 7148 7152 7156 7160 7164 7168 7172 7176 7180 7184 7188 7192 7196 7200 7204 7208 7212 7216 7220 7224 7228 7232 7236 7240 7244 7248 7252 7256 7260 7264 7268 7272 7276 7280 7284 7288 7292 7296 7300 7304 7308 7312 7316 7320 7324 7328 7332 7336 7340 7344 7348 7352 7356 7360 7364 7368 7372 7376 7380 7384 7388 7392 7396 7400 7404 7408 7412 7416 7420 7424 7428 7432 7436 7440 7444 7448 7452 7456 7460 7464 7468 7472 7476 7480 7484 7488 7492 7496 7500 7504 7508 7512 7516 7520 7524 7528 7532 7536 7540 7544 7548 7552 7556 7560 7564 7568 7572 7576 7580 7584 7588 7592 7596 7600 7604 7608 7612 7616 7620 7624 7628 7632 7636 7640 7644 7648 7652 7656 7660 7664 7668 7672 7676 7680 7684 7688 7692 7696 7700 7704 7708 7712 7716 7720 7724 7728 7732 7736 7740 7744 7748 7752 7756 7760 7764 7768 7772 7776 7780 7784 7788 7792 7796 7800 7804 7808 7812 7816 7820 7824 7828 7832 7836 7840 7844 7848 7852 7856 7860 7864 7868 7872 7876 7880 7884 7888 7892 7896 7900 7904 7908 7912 7916 7920 7924 7928 7932 7936 7940 7944 7948 7952 7956 7960 7964 7968 7972 7976 7980 7984 7988 7992 7996 8000 8004 8008 8012 8016 8020 8024 8028 8032 8036 8040 8044 8048 8052 8056 8060 8064 8068 8072 8076 8080 8084 8088 8092 8096 8100 8104 8108 8112 8116 8120 8124 8128 8132 8136 8140 8144 8148 8152 8156 8160 8164 8168 8172 8176 8180 8184 8188 8192 8196 8200 8204 8208 8212 8216 8220 8224 8228 8232 8236 8240 8244 8248 8252 8256 8260 8264 8268 8272 8276 8280 8284 8288 8292 8296 8300 8304 8308 8312 8316 8320 8324 8328 8332 8336 8340 8344 8348 8352 8356 8360 8364 8368 8372 8376 8380 8384 8388 8392 8396 8400 8404 8408 8412 8416 8420 8424 8428 8432 8436 8440 8444 8448 8452 8456 8460 8464 8468 8472 8476 8480 8484 8488 8492 8496 8500 8504 8508 8512 8516 8520 8524 8528 8532 8536 8540 8544 8548 8552 8556 8560 8564 8568 8572 8576 8580 8584 8588 8592 8596 8600 8604 8608 8612 8616 8620 8624 8628 8632 8636 8640 8644 8648 8652 8656 8660 8664 8668 8672 8676 8680 8684 8688 8692 8696 8700 8704 8708 8712 8716 8720 8724 8728 8732 8736 8740 8744 8748 8752 8756 8760 8764 8768 8772 8776 8780 8784 8788 8792 8796 8800 8804 8808 8812 8816 8820 8824 8828 8832 8836 8840 8844 8848 8852 8856 8860 8864 8868 8872 8876 8880 8884 8888 8892 8896 8900 8904 8908 8912 8916 8920 8924 8928 8932 8936 8940 8944 8948 8952 8956 8960 8964 8968 8972 8976 8980 8984 8988 8992 8996 9000 9004 9008 9012 9016 9020 9024 9028 9032 9036 9040 9044 9048 9052 9056 9060 9064 9068 9072 9076 9080 9084 9088 9092 9096 9100 9104 9108 9112 9116 9120 9124 9128 9132 9136 9140 9144 9148 9152 9156 9160 9164 9168 9172 9176 9180 9184 9188 9192 9196 9200 9204 9208 9212 9216 9220 9224 9228 9232 9236 9240 9244 9248 9252 9256 9260 9264 9268 9272 9276 9280 9284 9288 9292 9296 9300 9304 9308 9312 9316 9320 9324 9328 9332 9336 9340 9344 9348 9352 9356 9360 9364 9368 9372 9376 9380 9384 9388 9392 9396 9400 9404 9408 9412 9416 9420 9424 9428 9432 9436 9440 9444 9448 9452 9456 9460 9464 9468 9472 9476 9480 9484 9488 9492 9496 9500 9504 9508 9512 9516 9520 9524 9528 9532 9536 9540 9544 9548 9552 9556 9560 9564 9568 9572 9576 9580 9584 9588 9592 9596 9600 9604 9608 9612 9616 9620 9624 9628 9632 9636 9640 9644 9648 9652 9656 9660 9664 9668 9672 9676 9680 9684 9688 9692 9696 9700 9704 9708 9712 9716 9720 9724 9728 9732 9736 9740 9744 9748 9752 9756 9760 9764 9768 9772 9776 9780 9784 9788 9792 9796 9800 9804 9808 9812 9816 9820 9824 9828 9832 9836 9840 9844 9848 9852 9856 9860 9864 9868 9872 9876 9880 9884 9888 9892 9896 9900 9904 9908 9912 9916 9920 9924 9928 9932 9936 9940 9944 9948 9952 9956 9960 9964 9968 9972 9976 9980 9984 9988 9992 9996 10000 10004 10008 10012 10016 10020 10024 10028 10032 10036 10040 10044 10048 10052 10056 10060 10064 10068 10072 10076 10080 10084 10088 10092 10096 10100 10104 10108 10112 10116 10120 10124 10128 10132 10136 10140 10144 10148 10152 10156 10160 10164 10168 10172 10176 10180 10184 10188 10192 10196 10200 10204 10208 10212 10216 10220 10224 10228 10232 10236 10240 10244 10248 10252 10256 10260 10264 10268 10272 10276 10280 10284 10288 10292 10296 10300 10304 10308 10312 10316 10320 10324 10328 10332 10336 10340 10344 10348 10352 10356 10360 10364 10368 10372 10376 10380 10384 10388 10392 10396 10400 10404 10408 10412 10416 10420 10424 10428 10432 10436 10440 10444 10448 10452 10456 10460 10464 10468 10472 10476 10480 10484 10488 10492 10496 10500 10504 10508 10512 10516 10520 10524 10528 10532 10536 10540 10544 10548 10552 10556 10560 10564 10568 10572 10576 10580 10584 10588 10592 10596 10600 10604 10608 10612 10616 10620 10624 10628 10632 10636 10640 10644 10648 10652 10656 10660 10664 10668 10672 10676 10680 10684 10688 10692 10696 10700 10704 10708 10712 10716 10720 10724 10728 10732 10736 10740 10744 10748 10752 10756 10760 10764 10768 10772 10776 10780 10784 10788 10792 10796 10800 10804 10808 10812 10816 10820 10824 10828 10832 10836 10840 10844 10848 10852 10856 10860 10864 10868 10872 10876 10880 10884 10888 10892 10896 10900 10904 10908 10912 10916 10920 10924 10928 10932 10936 10940 10944 10948 10952 10956 10960 10964 10968 10972 10976 10980 10984 10988 10992 10996 11000 11004 11008 11012 11016 11020 11024 11028 11032 11036 11040 11044 11048 11052 11056 11060 11064 11068 11072 11076 11080 11084 11088 11092 11096 11100 11104 11108 11112 11116 11120 11124 11128 11132 11136 11140 11144 11148 11152 11156 11160 11164 11168 11172 11176 11180 11184 11188 11192 11196 11200 11204 11208 11212 11216 11220 11224 11228 11232 11236 11240 11244 11248 11252 11256 11260 11264 11268 11272 11276 11280 11284 11288 11292 11296 11300 11304 11308 11312 11316 11320 11324 11328 11332 11336 11340 11344 11348 11352 11356 11360 11364 11368 11372 11376 11380 11384 11388 11392 11396 11400 11404 11408 11412 11416 11420 11424 11428 11432 11436 11440 11444 11448 11452 11456 11460 11464 
</DataArray>
<DataArray type="UInt8" Name="types" format="ascii">
7 7 7 7 7 7 7 7 7 7 7 7 7 7 7 7 7 7 7 7 7 7 7 7 7 7 7 7 7 7 7 7 7 7 7 7 7 7 7 7 7 7 7 7 7 7 7 7 7 7 7 7 7 7 7 7 7 7 7 7 7 7 7 7 7 7 7 7 7 7 7 7 7 7 7 7 7 7 7 7 7 7 7 7 7 7 7 7 7 7 7 7 7 7 7 7 7 7 7 7 7 7 7 7 7 7 7 7 7 7 7 7 7 7 7 7 7 7 7 7 7 7 7 7 7 7 7 7 7 7 7 7 7 7 7 7 7 7 7 7 7 7 7 7 7 7 7 7 7 7 7 7 7 7 7 7 7 7 7 7 7 7 7 7 7 7 7 7 7 7 7 7 7 7 7 7 7 7 7 7 7 7 7 7 7 7 7 7 7 7 7 7 7 7 7 7 7 7 7 7 7 7 7 7 7 7 7 7 7 7 7 7 7 7 7 7 7 7 7 7 7 7 7 7 7 7 7 7 7 7 7 7 7 7 7 7 7 7 7 7 7 7 7 7 7 7 7 7 7 7 7 7 7 7 7 7 7 7 7 7 7 7 7 7 7 7 7 7 7 7 7 7 7 7 7 7 7 7 7 7 7 7 7 7 7 7 7 7 7 7 7 7 7 7 7 7 7 7 7 7 7 7 7 7 7 7 7 7 7 7 7 7 7 7 7 7 7 7 7 7 7 7 7 7 7 7 7 7 7 7 7 7 7 7 7 7 7 7 7 7 7 7 7 7 7 7 7 7 7 7 7 7 7 7 7 7 7 7 7 7 7 7 7 7 7 7 7 7 7 7 7 7 7 7 7 7 7 7 7 7 7 7 7 7 7 7 7 7 7 7 7 7 7 7 7 7 7 7 7 7 7 7 7 7 7 7 7 7 7 7 7 7 7 7 7 7 7 7 7 7 7 7 7 7 7 7 7 7 7 7 7 7 7 7 7 7 7 7 7 7 7 7 7 7 7 7 7 7 7 7 7 7 7 7 7 7 7 7 7 7 7 7 7 7 7 7 7 7 7 7 7 7 7 7 7 7 7 7 7 7 7 7 7 7 7 7 7 7 7 7 7 7 7 7 7 7 7 7 7 7 7 7 7 7 7 7 7 7 7 7 7 7 7 7 7 7 7 7 7 7 7 7 7 7 7 7 7 7 7 7 7 7 7 7 7 7 7 7 7 7 7 7 7 7 7 7 7 7 7 7 7 7 7 7 7 7 7 7 7 7 7 7 7 7 7 7 7 7 7 7 7 7 7 7 7 7 7 7 7 7 7 7 7 7 7 7 7 7 7 7 7 7 7 7 7 7 7 7 7 7 7 7 7 7 7 7 7 7 7 7 7 7 7 7 7 7 7 7 7 7 7 7 7 7 7 7 7 7 7 7 7 7 7 7 7 7 7 7 7 7 7 7 7 7 7 7 7 7 7 7 7 7 7 7 7 7 7 7 7 7 7 7 7 7 7 7 7 7 7 7 7 7 7 7 7 7 7 7 7 7 7 7 7 7 7 7 7 7 7 7 7 7 7 7 7 7 7 7 7 7 7 7 7 7 7 7 7 7 7 7 7 7 7 7 7 7 7 7 7 7 7 7 7 7 7 7 7 7 7 7 7 7 7 7 7 7 7 7 7 7 7 7 7 7 7 7 7 7 7 7 7 7 7 7 7 7 7 7 7 7 7 7 7 7 7 7 7 7 7 7 7 7 7 7 7 7 7 7 7 7 7 7 7 7 7 7 7 7 7 7 7 7 7 7 7 7 7 7 7 7 7 7 7 7 7 7 7 7 7 7 7 7 7 7 7 7 7 7 7 7 7 7 7 7 7 7 7 7 7 7 7 7 7 7 7 7 7 7 7 7 7 7 7 7 7 7 7 7 7 7 7 7 7 7 7 7 7 7 7 7 7 7 7 7 7 7 7 7 7 7 7 7 7 7 7 7 7 7 7 7 7 7 7 7 7 7 7 7 7 7 7 7 7 7 7 7 7 7 7 7 7 7 7 7 7 7 7 7 7 7 7 7 7 7 7 7 7 7 7 7 7 7 7 7 7 7 7 7 7 7 7 7 7 7 7 7 7 7 7 7 7 7 7 7 7 7 7 7 7 7 7 7 7 7 7 7 7 7 7 7 7 7 7 7 7 7 7 7 7 7 7 7 7 7 7 7 7 7 7 7 7 7 7 7 7 7 7 7 7 7 7 7 7 7 7 7 7 7 7 7 7 7 7 7 7 7 7 7 7 7 7 7 7 7 7 7 7 7 7 7 7 7 7 7 7 7 7 7 7 7 7 7 7 7 7 7 7 7 7 7 7 7 7 7 7 7 7 7 7 7 7 7 7 7 7 7 7 7 7 7 7 7 7 7 7 7 7 7 7 7 7 7 7 7 7 7 7 7 7 7 7 7 7 7 7 7 7 7 7 7 7 7 7 7 7 7 7 7 7 7 7 7 7 7 7 7 7 7 7 7 7 7 7 7 7 7 7 7 7 7 7 7 7 7 7 7 7 7 7 7 7 7 7 7 7 7 7 7 7 7 7 7 7 7 7 7 7 7 7 7 7 7 7 7 7 7 7 7 7 7 7 7 7 7 7 7 7 7 7 7 7 7 7 7 7 7 7 7 7 7 7 7 7 7 7 7 7 7 7 7 7 7 7 7 7 7 7 7 7 7 7 7 7 7 7 7 7 7 7 7 7 7 7 7 7 7 7 7 7 7 7 7 7 7 7 7 7 7 7 7 7 7 7 7 7 7 7 7 7 7 7 7 7 7 7 7 7 7 7 7 7 7 7 7 7 7 7 7 7 7 7 7 7 7 7 7 7 7 7 7 7 7 7 7 7 7 7 7 7 7 7 7 7 7 7 7 7 7 7 7 7 7 7 7 7 7 7 7 7 7 7 7 7 7 7 7 7 7 7 7 7 7 7 7 7 7 7 7 7 7 7 7 7 7 7 7 7 7 7 7 7 7 7 7 7 7 7 7 7 7 7 7 7 7 7 7 7 7 7 7 7 7 7 7 7 7 7 7 7 7 7 7 7 7 7 7 7 7 7 7 7 7 7 7 7 7 7 7 7 7 7 7 7 7 7 7 7 7 7 7 7 7 7 7 7 7 7 7 7 7 7 7 7 7 7 7 7 7 7 7 7 7 7 7 7 7 7 7 7 7 7 7 7 7 7 7 7 7 7 7 7 7 7 7 7 7 7 7 7 7 7 7 7 7 7 7 7 7 7 7 7 7 7 7 7 7 7 7 7 7 7 7 7 7 7 7 7 7 7 7 7 7 7 7 7 7 7 7 7 7 7 7 7 7 7 7 7 7 7 7 7 7 7 7 7 7 7 7 7 7 7 7 7 7 7 7 7 7 7 7 7 7 7 7 7 7 7 7 7 7 7 7 7 7 7 7 7 7 7 7 7 7 7 7 7 7 7 7 7 7 7 7 7 7 7 7 7 7 7 7 7 7 7 7 7 7 7 7 7 7 7 7 7 7 7 7 7 7 7 7 7 7 7 7 7 7 7 7 7 7 7 7 7 7 7 7 7 7 7 7 7 7 7 7 7 7 7 7 7 7 7 7 7 7 7 7 7 7 7 7 7 7 7 7 7 7 7 7 7 7 7 7 7 7 7 7 7 7 7 7 7 7 7 7 7 7 7 7 7 7 7 7 7 7 7 7 7 7 7 7 7 7 7 7 7 7 7 7 7 7 7 7 7 7 7 7 7 7 7 7 7 7 7 7 7 7 7 7 7 7 7 7 7 7 7 7 7 7 7 7 7 7 7 7 7 7 7 7 7 7 7 7 7 7 7 7 7 7 7 7 7 7 7 7 7 7 7 7 7 7 7 7 7 7 7 7 7 7 7 7 7 7 7 7 7 7 7 7 7 7 7 7 7 7 7 7 7 7 7 7 7 7 7 7 7 7 7 7 7 7 7 7 7 7 7 7 7 7 7 7 7 7 7 7 7 7 7 7 7 7 7 7 7 7 7 7 7 7 7 7 7 7 7 7 7 7 7 7 7 7 7 7 7 7 7 7 7 7 7 7 7 7 7 7 7 7 7 7 7 7 7 7 7 7 7 7 7 7 7 7 7 7 7 7 7 7 7 7 7 7 7 7 7 7 7 7 7 7 7 7 7 7 7 7 7 7 7 7 7 7 7 7 7 7 7 7 7 7 7 7 7 7 7 7 7 7 7 7 7 7 7 7 7 7 7 7 7 7 7 7 7 7 7 7 7 7 7 7 7 7 7 7 7 7 7 7 7 7 7 7 7 7 7 7 7 7 7 7 7 7 7 7 7 7 7 7 7 7 7 7 7 7 7 7 7 7 7 7 7 7 7 7 7 7 7 7 7 7 7 7 7 7 7 7 7 7 7 7 7 7 7 7 7 7 7 7 7 7 7 7 7 7 7 7 7 7 7 7 7 7 7 7 7 7 7 7 7 7 7 7 7 7 7 7 7 7 7 7 7 7 7 7 7 7 7 7 7 7 7 7 7 7 7 7 7 7 7 7 7 7 7 7 7 7 7 7 7 7 7 7 7 7 7 7 7 7 7 7 7 7 7 7 7 7 7 7 7 7 7 7 7 7 7 7 7 7 7 7 7 7 7 7 7 7 7 7 7 7 7 7 7 7 7 7 7 7 7 7 7 7 7 7 7 7 7 7 7 7 7 7 7 7 7 7 7 7 7 7 7 7 7 7 7 7 7 7 7 7 7 7 7 7 7 7 7 7 7 7 7 7 7 7 7 7 7 7 7 7 7 7 7 7 7 7 7 7 7 7 7 7 7 7 7 7 7 7 7 7 7 7 7 7 7 7 7 7 7 7 7 7 7 7 7 7 7 7 7 7 7 7 7 7 7 7 7 7 7 7 7 7 7 7 7 7 7 7 7 7 7 7 7 7 7 7 7 7 7 7 7 7 7 7 7 7 7 7 7 7 7 7 7 7 7 7 7 7 7 7 7 7 7 7 7 7 7 7 7 7 7 7 7 7 7 7 7 7 7 7 7 7 7 7 7 7 7 7 7 7 7 7 7 7 7 7 7 7 7 7 7 7 7 7 7 7 7 7 7 7 7 7 7 7 7 7 7 7 7 7 7 7 7 7 7 7 7 7 7 7 7 7 7 7 7 7 7 7 7 7 7 7 7 7 7 7 7 7 7 7 7 7 7 7 7 7 7 7 7 7 7 7 7 7 7 7 7 7 7 7 7 7 7 7 7 7 7 7 7 7 7 7 7 7 7 7 7 7 7 7 7 7 7 7 7 7 7 7 7 7 7 7 7 7 7 7 7 7 7 7 7 7 7 7 7 7 7 7 7 7 7 7 7 7 7 7 7 7 7 7 7 7 7 7 7 7 7 7 7 7 7 7 7 7 7 7 7 7 7 7 7 7 7 7 7 7 7 7 7 7 7 7 7 7 7 7 7 7 7 7 7 7 7 7 7 7 7 7 7 7 7 7 7 7 7 7 7 7 7 7 7 7 7 7 7 7 7 7 7 7 7 7 7 7 7 7 7 7 7 7 7 7 7 7 7 7 7 7 7 7 7 7 7 7 7 7 7 7 7 7 7 7 7 7 7 7 7 7 7 7 7 7 7 7 7 7 7 7 7 7 7 7 7 7 7 7 7 7 7 7 7 7 7 7 7 7 7 7 7 7 7 7 7 7 7 7 7 7 7 7 7 7 7 7 7 7 7 7 7 7 7 7 7 7 7 7 7 7 7 7 7 7 7 7 7 7 7 7 7 7 7 7 7 7 7 7 7 7 7 7 7 7 7 7 7 7 7 7 7 7 7 7 7 7 7 7 7 7 7 7 7 7 7 7 7 7 7 7 7 7 7 7 7 7 7 7 7 7 7 7 7 7 7 7 7 7 7 7 7 7 7 7 7 7 7 7 7 7 7 7 7 7 7 7 7 7 7 7 7 7 7 7 7 7 7 7 7 7 7 7 7 7 7 7 7 7 7 7 7 7 7 7 7 7 7 7 7 7 7 7 7 7 7 7 7 7 7 7 7 7 7 7 7 7 7 7 7 7 7 7 7 7 7 7 7 7 7 7 7 7 7 7 7 7 7 7 7 7 7 7 7 7 7 7 7 7 7 7 7 7 7 7 7 7 7 7 7 7 7 7 7 7 7 7 7 7 7 7 7 7 7 7 7 7 7 7 7 7 7 7 7 7 7 7 7 7 7 7 7 7 7 7 7 7 7 7 7 7 7 7 7 7 7 7 7 7 7 7 7 7 7 7 7 7 7 7 7 7 7 7 7 7 7 7 7 7 7 7 7 7 7 7 7 7 7 7 7 7 7 7 7 7 7 7 7 7 7 7 7 7 7 7 7 7 7 7 7 7 7 7 7 7 7 7 7 7 7 7 7 7 7 7 7 7 7 7 7 7 7 7 7 7 7 7 7 7 7 7 
</DataArray>
</Cells>
<CellData Scalars="wall variable 0">
<DataArray type="Float64" Name="wall length" format="ascii">
0.00485397 1.09211 0.0891776 1.08595 1.10695 0.110555 1.09211 0.00579924 1.13266 0.12515 1.10695 0.00683324 1.16941 0.133795 1.13266 0.00794557 1.21588 0.138119 1.16941 0.00910963 1.27011 0.139575 1.21588 0.0102827 1.33004 0.139193 1.27011 0.0114135 1.39379 0.137625 1.33004 0.0124521 1.45971 0.13526 1.39379 0.0133587 1.52643 0.13233 1.45971 0.0141071 1.59283 0.128976 1.52643 0.0146861 1.65795 0.125292 1.59283 0.0150971 1.721 0.121351 1.65795 0.0153509 1.7813 0.117218 1.721 0.015465 1.83828 0.112962 1.7813 0.0154605 1.89146 0.108651 1.83828 0.0153604 1.94039 0.104364 1.89146 0.0151877 1.9847 0.100185 1.94039 0.0149648 2.02405 0.0962056 1.9847 0.0147132 2.05811 0.0925241 2.02405 0.0144528 2.08659 0.0892408 2.05811 0.0142022 2.10919 0.0864569 2.08659 0.013978 2.1256 0.0842677 2.10919 0.0137951 2.13557 0.0827558 2.1256 0.0136658 2.13891 0.0819833 2.13557 0.0135987 2.13557 0.0819833 2.13891 0.0135987 2.1256 0.0827558 2.13557 0.0136658 2.10919 0.0842677 2.1256 0.0137951 2.08659 0.0864569 2.10919 0.013978 2.05811 0.0892408 2.08659 0.0142022 2.02405 0.0925241 2.05811 0.0144528 1.9847 0.0962056 2.02405 0.0147132 1.94039 0.100185 1.9847 0.0149648 1.89146 0.104364 1.94039 0.0151877 1.83828 0.108651 1.89146 0.0153604 1.7813 0.112962 1.83828 0.0154605 1.721 0.117218 1.7813 0.015465 1.65795 0.121351 1.721 0.0153509 1.59283 0.125292 1.65795 0.0150971 1.52643 0.128976 1.59283 0.0146861 1.45971 0.13233 1.52643 0.0141071 1.39379 0.13526 1.45971 0.0133587 1.33004 0.137625 1.39379 0.0124521 1.27011 0.139193 1.33004 0.0114135 1.21588 0.139575 1.27011 0.0102827 1.16941 0.138119 1.21588 0.00910963 1.13266 0.133795 1.16941 0.00794557 1.10695 0.12515 1.13266 0.00683324 1.09211 0.110555 1.10695 0.00579924 1.08595 0.0891776 1.09211 0.00485397 0.0891776 1.24177 0.197252 1.23699 0.110555 1.25811 0.246193 1.24177 0.12515 1.28787 0.271969 1.25811 0.133795 1.32969 0.282935 1.28787 0.138119 1.38124 0.285867 1.32969 0.139575 1.44025 0.28458 1.38124 0.139193 1.50472 0.280963 1.44025 0.137625 1.57291 0.275919 1.50472 0.13526 1.64329 0.269886 1.57291 0.13233 1.71455 0.263092 1.64329 0.128976 1.78552 0.255683 1.71455 0.125292 1.85519 0.247766 1.78552 0.121351 1.92268 0.239445 1.85519 0.117218 1.98722 0.230824 1.92268 0.112962 2.04815 0.222018 1.98722 0.108651 2.1049 0.213157 2.04815 0.104364 2.15697 0.204382 2.1049 0.100185 2.20392 0.195854 2.15697 0.0962056 2.24537 0.187749 2.20392 0.0925241 2.28102 0.180256 2.24537 0.0892408 2.31059 0.173575 2.28102 0.0864569 2.33385 0.167909 2.31059 0.0842677 2.3506 0.163452 2.33385 0.0827558 2.36071 0.160371 2.3506 0.0819833 2.3641 0.158797 2.36071 0.0819833 2.36071 0.158797 2.3641 0.0827558 2.3506 0.160371 2.36071 0.0842677 2.33385 0.163452 2.3506 0.0864569 2.31059 0.167909 2.33385 0.0892408 2.28102 0.173575 2.31059 0.0925241 2.24537 0.180256 2.28102 0.0962056 2.20392 0.187749 2.24537 0.100185 2.15697 0.195854 2.20392 0.104364 2.1049 0.204382 2.15697 0.108651 2.04815 0.213157 2.1049 0.112962 1.98722 0.222018 2.04815 0.117218 1.92268 0.230824 1.98722 0.121351 1.85519 0.239445 1.92268 0.125292 1.78552 0.247766 1.85519 0.128976 1.71455 0.255683 1.78552 0.13233 1.64329 0.263092 1.71455 0.13526 1.57291 0.269886 1.64329 0.137625 1.50472 0.275919 1.57291 0.139193 1.44025 0.280963 1.50472 0.139575 1.38124 0.28458 1.44025 0.138119 1.32969 0.285867 1.38124 0.133795 1.28787 0.282935 1.32969 0.12515 1.25811 0.271969 1.28787 0.110555 1.24177 0.246193 1.25811 0.0891776 1.23699 0.197252 1.24177 1.2475 0.315635 1.24213 0.197252 1.26575 0.390843 1.2475 0.246193 1.29759 0.423165 1.26575 0.271969 1.34095 0.433522 1.29759 0.282935 1.39356 0.433981 1.34095 0.285867 1.45341 0.429838 1.39356 0.28458 1.51872 0.423237 1.45341 0.280963 1.58785 0.415048 1.51872 0.275919 1.65932 0.405652 1.58785 0.269886 1.7318 0.39525 1.65932 0.263092 1.80412 0.383984 1.7318 0.255683 1.87523 0.371984 1.80412 0.247766 1.94422 0.359385 1.87523 0.239445 2.01028 0.346334 1.94422 0.230824 2.07271 0.333002 2.01028 0.222018 2.13089 0.319576 2.07271 0.213157 2.1843 0.306272 2.13089 0.204382 2.23247 0.293329 2.1843 0.195854 2.275 0.281013 2.23247 0.187749 2.31156 0.269613 2.275 0.180256 2.34186 0.259434 2.31156 0.173575 2.36567 0.250792 2.34186 0.167909 2.38282 0.243985 2.36567 0.163452 2.39316 0.239278 2.38282 0.160371 2.39661 0.236871 2.39316 0.158797 2.39316 0.236871 2.39661 0.158797 2.38282 0.239278 2.39316 0.160371 2.36567 0.243985 2.38282 0.163452 2.34186 0.250792 2.36567 0.167909 2.31156 0.259434 2.34186 0.173575 2.275 0.269613 2.31156 0.180256 2.23247 0.281013 2.275 0.187749 2.1843 0.293329 2.23247 0.195854 2.13089 0.306272 2.1843 0.204382 2.07271 0.319576 2.13089 0.213157 2.01028 0.333002 2.07271 0.222018 1.94422 0.346334 2.01028 0.230824 1.87523 0.359385 1.94422 0.239445 1.80412 0.371984 1.87523 0.247766 1.7318 0.383984 1.80412 0.255683 1.65932 0.39525 1.7318 0.263092 1.58785 0.405652 1.65932 0.269886 1.51872 0.415048 1.58785 0.275919 1.45341 0.423237 1.51872 0.280963 1.39356 0.429838 1.45341 0.28458 1.34095 0.433981 1.39356 0.285867 1.29759 0.433522 1.34095 0.282935 1.26575 0.423165 1.29759 0.271969 1.2475 0.390843 1.26575 0.246193 0.197252 1.24213 0.315635 1.2475 1.24849 0.440762 1.24289 0.315635 1.26756 0.539448 1.24849 0.390843 1.29995 0.57518 1.26756 0.423165 1.34347 0.583754 1.29995 0.433522 1.39604 0.581604 1.34347 0.433981 1.45584 0.574776 1.39604 0.429838 1.52113 0.565383 1.45584 0.423237 1.5903 0.554192 1.52113 0.415048 1.66186 0.541526 1.5903 0.405652 1.73447 0.527574 1.66186 0.39525 1.80695 0.512488 1.73447 0.383984 1.87824 0.496427 1.80695 0.371984 1.94742 0.479563 1.87824 0.359385 2.01367 0.462091 1.94742 0.346334 2.07628 0.444233 2.01367 0.333002 2.13465 0.426241 2.07628 0.319576 2.18822 0.408401 2.13465 0.306272 2.23653 0.391032 2.18822 0.293329 2.27919 0.374491 2.23653 0.281013 2.31585 0.359168 2.27919 0.269613 2.34623 0.345476 2.31585 0.259434 2.37009 0.33384 2.34623 0.250792 2.38727 0.324669 2.37009 0.243985 2.39763 0.318325 2.38727 0.239278 2.40109 0.315079 2.39763 0.236871 2.39763 0.315079 2.40109 0.236871 2.38727 0.318325 2.39763 0.239278 2.37009 0.324669 2.38727 0.243985 2.34623 0.33384 2.37009 0.250792 2.31585 0.345476 2.34623 0.259434 2.27919 0.359168 2.31585 0.269613 2.23653 0.374491 2.27919 0.281013 2.18822 0.391032 2.23653 0.293329 2.13465 0.408401 2.18822 0.306272 2.07628 0.426241 2.13465 0.319576 2.01367 0.444233 2.07628 0.333002 1.94742 0.462091 2.01367 0.346334 1.87824 0.479563 1.94742 0.359385 1.80695 0.496427 1.87824 0.371984 1.73447 0.512488 1.80695 0.383984 1.66186 0.527574 1.73447 0.39525 1.5903 0.541526 1.66186 0.405652 1.52113 0.554192 1.5903 0.415048 1.45584 0.565383 1.52113 0.423237 1.39604 0.574776 1.45584 0.429838 1.34347 0.581604 1.39604 0.433981 1.29995 0.583754 1.34347 0.433522 1.26756 0.57518 1.29995 0.423165 1.24849 0.539448 1.26756 0.390843 0.315635 1.24289 0.440762 1.24849 1.24872 0.570649 1.24295 0.440762 1.26821 0.689952 1.24872 0.539448 1.30074 0.727128 1.26821 0.57518 1.34417 0.733494 1.30074 0.583754 1.39663 0.728839 1.34417 0.581604 1.45632 0.719492 1.39663 0.574776 1.52156 0.707424 1.45632 0.565383 1.5907 0.693299 1.52156 0.554192 1.66226 0.6774 1.5907 0.541526 1.73489 0.659915 1.66226 0.527574 1.80738 0.64102 1.73489 0.512488 1.87869 0.620902 1.80738 0.496427 1.94789 0.599774 1.87869 0.479563 2.01416 0.577882 1.94789 0.462091 2.0768 0.555499 2.01416 0.444233 2.13518 0.53294 2.0768 0.426241 2.18877 0.510562 2.13518 0.408401 2.2371 0.488765 2.18877 0.391032 2.27977 0.467996 2.2371 0.374491 2.31643 0.448746 2.27977 0.359168 2.34681 0.431535 2.31643 0.345476 2.37067 0.416901 2.34681 0.33384 2.38785 0.405363 2.37067 0.324669 2.3982 0.397377 2.38785 0.318325 2.40166 0.39329 2.3982 0.315079 2.3982 0.39329 2.40166 0.315079 2.38785 0.397377 2.3982 0.318325 2.37067 0.405363 2.38785 0.324669 2.34681 0.416901 2.37067 0.33384 2.31643 0.431535 2.34681 0.345476 2.27977 0.448746 2.31643 0.359168 2.2371 0.467996 2.27977 0.374491 2.18877 0.488765 2.2371 0.391032 2.13518 0.510562 2.18877 0.408401 2.0768 0.53294 2.13518 0.426241 2.01416 0.555499 2.0768 0.444233 1.94789 0.577882 2.01416 0.462091 1.87869 0.599774 1.94789 0.479563 1.80738 0.620902 1.87869 0.496427 1.73489 0.64102 1.80738 0.512488 1.66226 0.659915 1.73489 0.527574 1.5907 0.6774 1.66226 0.541526 1.52156 0.693299 1.5907 0.554192 1.45632 0.707424 1.52156 0.565383 1.39663 0.719492 1.45632 0.574776 1.34417 0.728839 1.39663 0.581604 1.30074 0.733494 1.34417 0.583754 1.26821 0.727128 1.30074 0.57518 1.24872 0.689952 1.26821 0.539448 0.440762 1.24295 0.570649 1.24872 1.2488 0.704052 1.2429 0.570649 1.26852 0.841403 1.2488 0.689952 1.30106 0.878794 1.26852 0.727128 1.3444 0.882843 1.30106 0.733494 1.39676 0.875824 1.3444 0.728839 1.45639 0.864079 1.39676 0.719492 1.52159 0.849407 1.45639 0.707424 1.59072 0.83238 1.52159 0.693299 1.66227 0.813264 1.59072 0.6774 1.73489 0.792253 1.66227 0.659915 1.80738 0.769549 1.73489 0.64102 1.87869 0.745376 1.80738 0.620902 1.94789 0.719987 1.87869 0.599774 2.01416 0.693674 1.94789 0.577882 2.0768 0.666767 2.01416 0.555499 2.13518 0.639641 2.0768 0.53294 2.18877 0.612725 2.13518 0.510562 2.2371 0.586499 2.18877 0.488765 2.27976 0.561502 2.2371 0.467996 2.31642 0.538323 2.27976 0.448746 2.34679 0.517592 2.31642 0.431535 2.37065 0.499957 2.34679 0.416901 2.38782 0.486049 2.37065 0.405363 2.39817 0.47642 2.38782 0.397377 2.40163 0.471492 2.39817 0.39329 2.39817 0.471492 2.40163 0.39329 2.38782 0.47642 2.39817 0.397377 2.37065 0.486049 2.38782 0.405363 2.34679 0.499957 2.37065 0.416901 2.31642 0.517592 2.34679 0.431535 2.27976 0.538323 2.31642 0.448746 2.2371 0.561502 2.27976 0.467996 2.18877 0.586499 2.2371 0.488765 2.13518 0.612725 2.18877 0.510562 2.0768 0.639641 2.13518 0.53294 2.01416 0.666767 2.0768 0.555499 1.94789 0.693674 2.01416 0.577882 1.87869 0.719987 1.94789 0.599774 1.80738 0.745376 1.87869 0.620902 1.73489 0.769549 1.80738 0.64102 1.66227 0.792253 1.73489 0.659915 1.59072 0.813264 1.66227 0.6774 1.52159 0.83238 1.59072 0.693299 1.45639 0.849407 1.52159 0.707424 1.39676 0.864079 1.45639 0.719492 1.3444 0.875824 1.39676 0.728839 1.30106 0.882843 1.3444 0.733494 1.26852 0.878794 1.30106 0.727128 1.2488 0.841403 1.26852 0.689952 0.570649 1.2429 0.704052 1.2488 1.24868 0.840126 1.24267 0.704052 1.26854 0.993306 1.24868 0.841403 1.30104 1.03013 1.26854 0.878794 1.34428 1.03188 1.30104 0.882843 1.39656 1.02262 1.34428 0.875824 1.45614 1.00856 1.39656 0.864079 1.52129 0.991324 1.45614 0.849407 1.59038 0.971414 1.52129 0.83238 1.66189 0.949085 1.59038 0.813264 1.73448 0.924551 1.66189 0.792253 1.80694 0.898042 1.73448 0.769549 1.87822 0.869816 1.80694 0.745376 1.94739 0.840167 1.87822 0.719987 2.01364 0.809435 1.94739 0.693674 2.07626 0.778004 2.01364 0.666767 2.13462 0.746313 2.07626 0.639641 2.18819 0.714861 2.13462 0.612725 2.2365 0.684207 2.18819 0.586499 2.27915 0.654982 2.2365 0.561502 2.31579 0.627874 2.27915 0.538323 2.34615 0.603622 2.31579 0.517592 2.37 0.582987 2.34615 0.499957 2.38716 0.566708 2.37 0.486049 2.3975 0.555436 2.38716 0.47642 2.40096 0.549669 2.3975 0.471492 2.3975 0.549666 2.40096 0.471492 2.38716 0.555436 2.3975 0.47642 2.37 0.566708 2.38716 0.486049 2.34615 0.582987 2.37 0.499957 2.31579 0.603622 2.34615 0.517592 2.27915 0.627874 2.31579 0.538323 2.2365 0.654982 2.27915 0.561502 2.18819 0.684207 2.2365 0.586499 2.13462 0.714861 2.18819 0.612725 2.07626 0.746313 2.13462 0.639641 2.01364 0.778004 2.07626 0.666767 1.94739 0.809435 2.01364 0.693674 1.87822 0.840167 1.94739 0.719987 1.80694 0.869815 1.87822 0.745376 1.73448 0.898042 1.80694 0.769549 1.66189 0.924551 1.73448 0.792253 1.59038 0.949085 1.66189 0.813264 1.52129 0.971414 1.59038 0.83238 1.45614 0.991324 1.52129 0.849407 1.39656 1.00856 1.45614 0.864079 1.34428 1.02262 1.39656 0.875824 1.30104 1.03188 1.34428 0.882843 1.26854 1.03013 1.30104 0.878794 1.24868 0.993306 1.26854 0.841403 0.704052 1.24267 0.840126 1.24868 0.719526 0.528012 0.978197 1.24143 0.840126 0.719526 0.993306 0.568226 1.16814 0.568226 1.03013 0.534625 1.16185 0.210505 0.534625 1.03188 0.513414 1.13005 0.303608 0.513414 1.02262 0.501196 1.08742 0.385786 0.501196 1.00856 0.503656 1.04049 0.452537 0.500911 0.503656 0.991324 0.516348 0.992576 0.537864 0.516348 0.971414 0.535182 0.945686 0.561515 0.535182 0.949085 0.56424 0.901249 0.573341 0.56424 0.924551 0.596789 0.85987 0.574829 0.596789 0.898042 0.636537 0.822018 0.567356 0.636537 0.869816 0.67749 0.78768 0.554391 0.67749 0.840167 0.72105 0.756859 0.532408 0.72105 0.809435 0.768379 0.729441 0.768379 0.778004 0.814449 0.705165 0.504665 0.814449 0.746313 0.860729 0.683878 0.473952 0.860729 0.714861 0.906617 0.665392 0.438806 0.906617 0.684207 0.953453 0.649555 0.397925 0.953453 0.654982 0.997022 0.636162 0.353824 0.997022 0.627874 1.03884 0.625103 0.308768 1.03884 0.603622 1.07856 0.616245 0.261257 1.07856 0.582987 1.1159 0.609448 0.211662 1.1159 0.566708 1.13246 0.604516 0.16033 1.13246 0.555436 1.11285 0.604734 0.12578 1.11285 0.549669 1.09018 0.121072 0.599906 0.123608 1.09018 0.549666 1.11302 0.123595 0.611684 1.11302 0.555436 1.13269 0.125806 0.604754 1.13269 0.566708 1.11537 0.161227 0.604531 1.11537 0.582987 1.07781 0.21295 0.609445 1.07781 0.603622 1.03778 0.263076 0.61624 1.03778 0.627874 0.995582 0.311279 0.625094 0.995582 0.654982 0.953387 0.355358 0.636147 0.953387 0.684207 0.907888 0.396721 0.649553 0.907888 0.714861 0.861341 0.43689 0.665409 0.861341 0.746313 0.814235 0.473537 0.683887 0.814235 0.778004 0.767133 0.506132 0.705161 0.767133 0.809435 0.722837 0.531913 0.729419 0.722837 0.840167 0.677847 0.552175 0.756893 0.677847 0.869815 0.635093 0.568428 0.787687 0.635093 0.898042 0.598003 0.575127 0.821986 0.598003 0.924551 0.5629 0.573408 0.859897 0.5629 0.949085 0.536102 0.562004 0.901217 0.536102 0.971414 0.516585 0.536659 0.945709 0.516585 0.991324 0.502861 0.501458 0.992584 0.502861 1.00856 0.50225 0.452316 1.04047 0.50225 1.02262 0.513187 0.38491 1.08744 0.513187 1.03188 0.533005 0.305464 1.13005 0.533005 1.03013 0.568018 0.212383 1.16183 0.568018 0.993306 0.719742 1.16813 0.840126 1.24143 0.978197 0.527796 0.719742 0.708481 0.531969 0.539438 0.577522 1.23438 0.978197 0.708481 1.14526 0.56943 1.25778 0.56943 1.18101 0.534879 1.25839 0.199668 0.534879 1.18052 0.514411 1.22754 0.291989 0.514411 1.16911 0.504324 1.18509 0.369624 0.438163 0.504324 1.15278 0.500085 1.13765 0.494706 0.500085 1.13298 0.509561 1.0888 0.537119 0.509561 1.11019 0.524336 1.04024 0.566779 0.524336 1.08464 0.549638 0.993995 0.584428 0.549638 1.05658 0.578301 0.95039 0.591105 0.578301 1.02627 0.614954 0.910413 0.587914 0.614954 0.993993 0.652954 0.873767 0.578577 0.652954 0.960091 0.69413 0.840723 0.558772 0.69413 0.924947 0.740029 0.811347 0.53216 0.740029 0.889004 0.784847 0.785125 0.501975 0.784847 0.852758 0.830398 0.762069 0.466455 0.830398 0.816779 0.876038 0.741997 0.876038 0.781709 0.921193 0.724734 0.426295 0.921193 0.748265 0.96536 0.710121 0.382118 0.96536 0.717235 1.01025 0.698077 0.332291 1.01025 0.68947 1.05114 0.688315 0.279581 1.05114 0.665841 1.08988 0.680786 0.22658 1.08988 0.647196 1.11712 0.675193 0.171544 1.11712 0.634289 1.0956 0.673594 0.123942 1.0956 0.627705 1.07178 0.118842 0.670089 0.121553 1.07178 0.627677 1.09639 0.121536 0.678922 1.09639 0.634285 1.11806 0.124046 0.673653 1.11806 0.647196 1.0885 0.174101 0.675226 1.0885 0.665841 1.04948 0.229628 0.680753 1.04948 0.68947 1.00822 0.283294 0.688267 1.00822 0.717236 0.967232 0.332481 0.69801 0.967232 0.748264 0.922545 0.378859 0.710192 0.922545 0.781709 0.876738 0.424216 0.724794 0.876738 0.816779 0.830292 0.465846 0.742032 0.830292 0.852757 0.783747 0.503185 0.762063 0.783747 0.889004 0.740172 0.533148 0.785057 0.740172 0.924947 0.695403 0.557351 0.811358 0.695403 0.96009 0.652586 0.57763 0.840817 0.652586 0.993993 0.615301 0.587949 0.873738 0.615301 1.02627 0.579148 0.589898 0.910445 0.579148 1.05658 0.547789 0.585399 0.950464 0.547789 1.08464 0.525412 0.567625 0.993827 0.525412 1.11019 0.51037 0.535192 1.04034 0.51037 1.13298 0.50046 0.493494 1.08888 0.50046 1.15278 0.504161 0.43794 1.13768 0.504161 1.16911 0.513769 0.370434 1.18508 0.513769 1.18052 0.537466 0.290061 1.2275 0.537466 1.18101 0.567566 0.198894 1.25852 0.567566 1.14526 0.710373 1.25774 0.978197 1.23438 0.581144 0.535814 0.530076 0.710373 0.577522 1.21471 0.604181 1.19516 0.718294 1.20403 0.650259 1.20015 0.787818 1.20674 0.61948 1.21643 0.835183 1.21319 0.570062 1.24272 0.875217 1.22254 0.516986 1.27766 0.914384 1.29517 0.462262 1.24974 0.503863 0.462262 1.27297 0.463005 1.19887 0.553483 0.463005 1.24719 0.468121 1.14732 0.590421 0.468121 1.21832 0.483956 1.09795 0.614781 0.483956 1.18667 0.503033 1.05094 0.627164 0.503033 1.1525 0.530973 1.0077 0.62835 0.530973 1.11617 0.560627 0.967794 0.622307 0.560627 1.07804 0.594291 0.931688 0.604073 0.594291 1.03852 0.633876 0.89956 0.577692 0.633876 0.998134 0.672979 0.870756 0.546833 0.672979 0.957411 0.713737 0.845383 0.50956 0.713737 0.916994 0.755507 0.823253 0.466708 0.755507 0.877599 0.797699 0.804189 0.419044 0.797699 0.840031 0.839797 0.788022 0.364816 0.839797 0.805174 0.883744 0.774684 0.307168 0.883744 0.77398 0.924275 0.763834 0.249054 0.924275 0.747431 0.963476 0.755443 0.188589 0.963476 0.726479 1.00103 0.749393 0.126342 1.00103 0.711975 1.03664 0.745485 0.108988 1.03664 0.704555 0.963544 0.106132 0.745651 0.963544 0.704546 1.03543 0.109016 0.757971 1.03543 0.711972 0.999721 0.128802 0.745474 0.999721 0.726479 0.96193 0.191446 0.749363 0.96193 0.747431 0.922396 0.252487 0.755402 0.922396 0.773981 0.883841 0.308966 0.763774 0.883841 0.805174 0.841828 0.362688 0.774688 0.841828 0.840031 0.799125 0.415561 0.788113 0.799125 0.877598 0.756178 0.464589 0.804264 0.756178 0.916993 0.713476 0.509139 0.823294 0.713476 0.95741 0.671569 0.548509 0.845365 0.671569 0.998135 0.633834 0.579175 0.870648 0.633834 1.03853 0.595494 0.602914 0.899556 0.595494 1.07804 0.559967 0.621733 0.931802 0.559967 1.11617 0.531122 0.62888 0.967726 0.531122 1.1525 0.503785 0.626259 1.00772 0.503785 1.18666 0.481793 0.616168 1.05103 0.481793 1.21832 0.469415 0.591351 1.09767 0.469415 1.24718 0.460775 0.554378 1.14749 0.460775 1.27298 0.46347 0.504941 1.19857 0.46347 1.29517 0.913143 1.2499 0.407654 0.913143 0.438112 1.22248 0.93497 0.899514 1.27767 0.491142 1.21312 0.857137 1.24272 0.541044 1.20667 0.79531 1.21643 0.575302 1.20398 0.652884 1.20015 0.535814 1.2147 0.492876 1.27766 0.897836 1.21319 0.836918 1.24272 0.568383 1.21312 0.543378 1.24272 0.854881 1.20674 0.790152 1.21643 0.617224 1.20667 0.439368 0.914384 0.406419 0.933753 1.22254 0.876475 1.27767 0.515766 1.22248 0.406419 1.24974 0.503863 0.403109 1.42783 0.504941 1.2499 0.407654 1.42783 0.400832 0.403109 1.19887 0.553483 0.404743 1.40181 0.554378 1.19857 0.400832 1.40181 0.406065 0.404743 1.14732 0.590421 0.417702 1.37204 0.591351 1.14749 0.406065 1.37204 0.415492 0.578352 1.21643 0.792367 1.20403 0.72134 1.20015 0.64732 1.20398 0.616168 1.09767 0.415492 1.33911 0.435124 0.417702 1.09795 0.614781 0.434358 1.33911 0.434358 1.05094 0.627164 0.460463 1.30333 0.626259 1.05103 0.435124 1.30333 0.460617 0.460463 1.0077 0.62835 0.488717 1.26504 0.62888 1.00772 0.460617 1.26504 0.488041 0.488717 0.967794 0.622307 0.521454 1.22456 0.621733 0.967726 0.488041 1.22455 0.522682 0.521454 0.931688 0.604073 0.560626 1.18228 0.602914 0.931802 0.522682 1.18228 0.560585 0.560626 0.89956 0.577692 0.599679 1.13866 0.579175 0.899556 0.560585 1.13867 0.598244 0.599679 0.870756 0.546833 0.640783 1.09421 0.548509 0.870648 0.598244 1.09421 0.640516 0.640783 0.845383 0.50956 0.683263 1.04951 0.509139 0.845365 0.640516 1.0495 0.683944 0.683263 0.823253 0.466708 0.726514 1.00523 0.464589 0.823294 0.683944 1.00523 0.727958 0.726514 0.804189 0.419044 0.769995 0.962147 0.415561 0.804264 0.727958 0.962147 0.772049 0.450246 1.18509 0.438163 0.443174 0.439368 0.875217 0.43794 1.18508 0.450076 0.876475 0.438112 0.443562 0.465554 1.22754 0.369624 0.450246 0.492876 0.835183 0.370434 1.2275 0.464901 0.836918 0.491142 0.450076 0.769995 0.788022 0.364816 0.815662 0.921117 0.362688 0.788113 0.772049 0.921119 0.815762 0.443174 1.13765 0.494706 0.448617 1.29517 0.493494 1.13768 0.443562 1.29517 0.449452 0.448617 1.0888 0.537119 0.459959 1.27297 0.535192 1.08888 0.449452 1.27298 0.461087 0.815662 0.774684 0.307168 0.858176 0.883097 0.308966 0.774688 0.815762 0.883099 0.856284 0.567625 1.04034 0.461087 1.24718 0.48067 0.459959 1.04024 0.566779 0.482597 1.24719 0.482597 0.993995 0.584428 0.509067 1.21832 0.585399 0.993827 0.48067 1.21832 0.509949 0.858176 0.763834 0.249054 0.899622 0.849104 0.252487 0.763774 0.856284 0.849104 0.898068 1.14044 0.670089 1.17036 0.704555 0.118842 0.678922 1.13965 0.704546 1.17036 0.899622 0.755443 0.188589 0.939622 0.820194 0.191446 0.755402 0.898068 0.820194 0.938313 0.589898 0.950464 0.509949 1.18666 0.544557 0.509067 0.95039 0.591105 0.544197 1.18667 1.10649 0.673594 0.121553 1.14044 0.711975 0.121536 0.673653 1.10545 0.711972 1.13965 0.939622 0.749393 0.126342 0.977803 0.797395 0.128802 0.749363 0.938313 0.797395 0.976651 0.977803 0.745485 0.108988 0.96772 0.781621 0.109016 0.745474 0.976651 0.781621 0.968915 0.96772 0.745651 1.04622 0.773506 0.106132 0.757971 0.968915 0.773531 1.04622 1.06947 0.675193 0.123942 1.10649 0.726479 0.124046 0.675226 1.06829 0.726479 1.10545 0.544197 0.910413 0.587914 0.581079 1.1525 0.587949 0.910445 0.544557 1.1525 0.580696 1.03 0.680786 0.171544 1.06947 0.747431 0.174101 0.680753 1.02861 0.747431 1.06829 0.581079 0.873767 0.578577 0.621618 1.11617 0.57763 0.873738 0.580696 1.11617 0.622935 0.988383 0.688315 0.22658 1.03 0.77398 0.229628 0.688267 0.986702 0.773981 1.02861 0.621618 0.840723 0.558772 0.667412 1.07804 0.557351 0.840817 0.622935 1.07804 0.667559 0.491604 1.25839 0.291989 0.465554 0.543378 0.787818 0.290061 1.25852 0.494246 0.790152 0.541044 0.464901 0.667412 0.811347 0.53216 0.712458 1.03852 0.533148 0.811358 0.667559 1.03853 0.711326 0.944952 0.698077 0.279581 0.988383 0.805174 0.283294 0.69801 0.942889 0.805174 0.986702 0.712458 0.785125 0.501975 0.758644 0.998134 0.503185 0.785057 0.711326 0.998135 0.758535 0.897846 0.710121 0.332291 0.944952 0.840031 0.332481 0.710192 0.899753 0.840031 0.942889 0.758644 0.762069 0.466455 0.805311 0.957411 0.465846 0.762063 0.758535 0.95741 0.806027 0.851881 0.724734 0.382118 0.897846 0.877599 0.378859 0.724794 0.853259 0.877598 0.899753 0.805311 0.741997 0.426295 0.851881 0.916994 0.424216 0.742032 0.806027 0.916993 0.853259 0.531969 1.25778 0.199668 0.491604 0.578352 0.718294 0.198894 1.25774 0.530076 0.72134 0.575302 0.494246 1.15619 0.599906 1.18485 0.627705 0.121072 0.611684 1.15603 0.627677 1.18485 1.1241 0.604734 0.123608 1.15619 0.634289 0.123595 0.604754 1.12384 0.634285 1.15603 1.08901 0.604516 0.12578 1.1241 0.647196 0.125806 0.604531 1.08864 0.647196 1.12384 1.05126 0.609448 0.16033 1.08901 0.665841 0.161227 0.609445 1.05073 0.665841 1.08864 1.01113 0.616245 0.211662 1.05126 0.68947 0.21295 0.61624 1.01037 0.68947 1.05073 0.968908 0.625103 0.261257 1.01113 0.717235 0.263076 0.625094 0.967835 0.717236 1.01037 0.924903 0.636162 0.308768 0.968908 0.748265 0.311279 0.636147 0.923434 0.748264 0.967835 0.441232 1.04049 0.500911 0.449753 1.15278 0.501458 1.04047 0.440397 1.15278 0.450001 0.449753 0.992576 0.537864 0.465025 1.13298 0.536659 0.992584 0.450001 1.13298 0.465992 0.879473 0.649555 0.353824 0.924903 0.781709 0.355358 0.649553 0.879406 0.781709 0.923434 0.465025 0.945686 0.561515 0.49139 1.11019 0.562004 0.945709 0.465992 1.11019 0.48998 0.573408 0.901217 0.48998 1.08464 0.523052 0.49139 0.901249 0.573341 0.521777 1.08464 0.452316 1.08744 0.444799 1.16911 0.440397 0.443696 1.08742 0.452537 0.441232 1.16911 0.575127 0.859897 0.523052 1.05658 0.558578 0.521777 0.85987 0.574829 0.56009 1.05658 0.831068 0.665392 0.397925 0.879473 0.816779 0.396721 0.665409 0.832373 0.816779 0.879406 0.56009 0.822018 0.567356 0.600041 1.02627 0.568428 0.821986 0.558578 1.02627 0.600412 0.600041 0.78768 0.554391 0.643107 0.993993 0.552175 0.787687 0.600412 0.993993 0.644967 0.43689 0.683887 0.784644 0.852757 0.832373 0.784013 0.683878 0.438806 0.831068 0.852758 0.643107 0.756859 0.532408 0.690485 0.960091 0.531913 0.756893 0.644967 0.96009 0.689192 0.473537 0.705161 0.736721 0.889004 0.784644 0.736943 0.705165 0.473952 0.784013 0.889004 0.690485 0.729441 0.504665 0.736943 0.924947 0.506132 0.729419 0.689192 0.924947 0.736721 0.600698 1.2147 0.581144 1.19516 0.539438 1.20015 0.6494 1.21471 0.46163 1.13005 0.385786 0.443696 1.18052 0.38491 1.13005 0.461391 1.18052 0.444799 0.488755 1.16185 0.303608 0.46163 1.18101 0.305464 1.16183 0.487087 1.18101 0.461391 0.528012 1.16814 0.210505 0.488755 1.14526 0.212383 1.16813 0.527796 1.14526 0.487087 
</DataArray>
<DataArray type="Float64" Name="wall variable 0" format="ascii">
0 7.87529e-11 8.75737e-11 0 3.67907e-10 4.26877e-10 1.77335e-11 0 1.51269e-09 2.18437e-09 7.87754e-11 0 5.18691e-09 9.89534e-09 3.68336e-10 0 1.33481e-08 3.79131e-08 1.51858e-09 0 3.67254e-08 9.34465e-08 5.23624e-09 0 5.60119e-08 3.05511e-07 1.368e-08 0 6.76761e-08 4.61958e-07 3.79219e-08 0 7.12945e-08 5.52687e-07 5.72514e-08 0 7.72876e-08 5.70619e-07 6.83406e-08 0 1.05698e-07 6.02702e-07 7.17151e-08 0 1.79772e-07 8.19071e-07 7.91943e-08 0 3.21991e-07 1.43262e-06 1.13253e-07 0 5.46482e-07 2.67403e-06 2.04273e-07 0 8.48216e-07 4.67241e-06 3.84448e-07 0 1.21935e-06 7.29564e-06 6.64235e-07 0 1.72495e-06 1.0437e-05 1.0195e-06 0 2.61311e-06 1.49552e-05 1.46411e-06 0 4.45766e-06 2.38039e-05 2.20397e-06 0 8.41723e-06 4.34991e-05 3.8312e-06 0 1.62093e-05 8.58253e-05 7.58077e-06 0 2.85557e-05 0.000162421 1.52961e-05 0 4.25374e-05 0.000264592 2.784e-05 0 5.1764e-05 0.00035423 4.2215e-05 0 5.08632e-05 0.000386785 5.18455e-05 0 4.01012e-05 0.000343711 5.13319e-05 0 2.52399e-05 0.000247174 4.09503e-05 0 1.28518e-05 0.000143209 2.64241e-05 0 5.68639e-06 6.88076e-05 1.41163e-05 0 2.57982e-06 3.05391e-05 6.69284e-06 0 1.47426e-06 1.51692e-05 3.19009e-06 0 1.12348e-06 9.93713e-06 1.76459e-06 0 9.77607e-07 8.33299e-06 1.2395e-06 0 8.10804e-07 7.40812e-06 1.04844e-06 0 5.80387e-07 5.99858e-06 9.08921e-07 0 3.5044e-07 4.14869e-06 7.16158e-07 0 1.8565e-07 2.45191e-06 4.92242e-07 0 9.62316e-08 1.29857e-06 2.97431e-07 0 6.05081e-08 6.85877e-07 1.63793e-07 0 5.50267e-08 4.49927e-07 8.95268e-08 0 6.10983e-08 4.32654e-07 5.89504e-08 0 6.32266e-08 4.96954e-07 5.51186e-08 0 5.1422e-08 5.18894e-07 6.14978e-08 0 2.20218e-08 4.23755e-07 6.27907e-08 0 1.002e-08 1.55567e-07 4.99047e-08 0 3.24552e-09 7.52188e-08 2.13623e-08 0 8.58448e-10 2.18901e-08 9.87803e-09 0 1.97022e-10 5.28489e-09 3.22225e-09 0 4.73007e-11 1.10722e-09 8.56362e-10 0 0 2.41581e-10 1.96894e-10 0 1.77336e-11 4.2688e-10 4.58511e-10 0 7.87792e-11 2.18448e-09 2.45337e-09 8.76029e-11 3.68536e-10 9.90057e-09 1.37968e-08 4.27605e-10 1.52432e-09 3.80524e-08 6.92148e-08 2.20115e-09 5.33791e-09 9.52025e-08 3.20301e-07 1.01835e-08 1.4278e-08 3.18531e-07 7.18294e-07 4.05622e-08 4.49923e-08 5.45777e-07 1.47777e-06 1.1438e-07 7.37197e-08 7.08743e-07 2.33972e-06 4.01828e-07 9.20779e-08 7.67846e-07 2.89413e-06 6.26487e-07 9.70299e-08 8.14323e-07 2.93977e-06 7.47797e-07 1.06441e-07 1.09469e-06 2.97167e-06 7.83055e-07 1.59477e-07 2.00124e-06 4.14078e-06 9.13e-07 3.30923e-07 4.29699e-06 8.56169e-06 1.52168e-06 7.656e-07 9.24334e-06 2.04352e-05 3.43142e-06 1.63504e-06 1.79231e-05 4.49355e-05 8.01991e-06 2.97557e-06 3.0628e-05 8.35649e-05 1.63185e-05 4.75799e-06 4.90849e-05 0.000136669 2.81449e-05 7.51729e-06 8.16032e-05 0.000220992 4.49196e-05 1.33391e-05 0.000150689 0.000390559 7.62084e-05 2.74171e-05 0.000307174 0.000750178 0.000148135 5.99059e-05 0.000629144 0.00146041 0.000313468 0.000121579 0.00114241 0.00261022 0.00064675 0.00020653 0.00171105 0.00393608 0.00117103 0.000282813 0.00208036 0.00494997 0.0017433 0.000311137 0.00205619 0.00527483 0.00210217 0.000274674 0.00164254 0.00477878 0.00206131 0.00019318 0.00104301 0.00362667 0.00163675 0.000107079 0.000523478 0.00222512 0.00103838 4.74204e-05 0.00021865 0.00108063 0.000523647 1.84023e-05 8.87391e-05 0.000449885 0.000220615 7.75895e-06 4.38438e-05 0.000202197 9.11158e-05 4.49207e-06 2.9878e-05 0.000122602 4.62308e-05 3.55688e-06 2.48099e-05 9.86425e-05 3.17378e-05 3.04141e-06 1.99181e-05 8.40435e-05 2.60932e-05 2.29322e-06 1.3269e-05 6.27802e-05 2.09295e-05 1.39239e-06 6.96234e-06 3.75508e-05 1.42893e-05 6.81188e-07 2.99454e-06 1.7874e-05 7.98978e-06 2.91509e-07 1.2317e-06 7.36391e-06 3.81667e-06 1.28847e-07 6.52391e-07 3.18526e-06 1.72524e-06 7.58904e-08 5.5719e-07 1.98133e-06 8.54272e-07 7.00913e-08 6.2879e-07 2.05032e-06 5.71124e-07 8.09085e-08 6.78585e-07 2.54437e-06 5.73039e-07 8.43054e-08 5.66892e-07 2.73477e-06 6.6197e-07 6.50485e-08 2.02249e-07 2.24958e-06 6.54126e-07 2.37787e-08 8.3726e-08 1.30527e-06 4.56847e-07 1.04399e-08 2.31335e-08 6.72533e-07 1.61882e-07 3.27644e-09 5.3736e-09 1.60683e-07 7.59159e-08 8.59869e-10 1.11174e-09 3.49419e-08 2.19254e-08 1.97062e-10 2.41787e-10 6.62641e-09 5.28594e-09 4.73024e-11 0 1.31126e-09 1.10726e-09 2.45343e-09 2.15992e-09 0 8.76052e-11 1.37997e-08 1.2808e-08 4.5939e-10 4.27699e-10 6.94252e-08 8.09151e-08 2.47978e-09 2.20802e-09 3.2783e-07 4.49318e-07 1.45325e-08 1.0429e-08 8.31842e-07 1.36484e-06 8.58496e-08 4.71953e-08 1.82353e-06 3.5834e-06 4.78932e-07 1.42037e-07 3.36243e-06 8.21946e-06 1.31309e-06 5.83942e-07 4.85914e-06 1.47148e-05 2.86061e-06 1.06331e-06 5.44798e-06 1.92396e-05 4.54687e-06 1.39309e-06 5.43688e-06 1.92111e-05 5.33398e-06 1.43637e-06 6.74149e-06 1.812e-05 5.34128e-06 1.49564e-06 1.28459e-05 2.49634e-05 6.24349e-06 2.29842e-06 3.25237e-05 5.86296e-05 1.14388e-05 5.48948e-06 8.31707e-05 0.000165168 2.97857e-05 1.49e-05 0.000181688 0.000405085 7.85194e-05 3.55507e-05 0.000333555 0.000792309 0.000171597 6.87204e-05 0.000557205 0.0013286 0.000307172 0.0001133 0.000928105 0.00216862 0.000501729 0.000181421 0.00159876 0.00364693 0.000856297 0.000317509 0.00285011 0.00593573 0.00159718 0.000618925 0.00501081 0.00903025 0.00304854 0.00126245 0.00788729 0.0127107 0.00546553 0.00239885 0.0105624 0.0159527 0.00852603 0.00382344 0.0121209 0.0179417 0.0111465 0.00498751 0.0121099 0.018428 0.0124059 0.00538679 0.0104361 0.0173068 0.0120204 0.0048312 0.00746196 0.0146573 0.0100794 0.00355027 0.00422774 0.0107416 0.00708959 0.00207495 0.00194039 0.00649909 0.00402461 0.000957384 0.000846773 0.00333679 0.00187338 0.00038172 0.000439824 0.00175599 0.000838013 0.000165986 0.00030833 0.00114775 0.000459949 9.98064e-05 0.000259603 0.000934428 0.000333412 8.11723e-05 0.000207804 0.000785184 0.000276926 6.96539e-05 0.000134749 0.000573197 0.000216569 5.1442e-05 6.59873e-05 0.000326095 0.000139073 2.95203e-05 2.49667e-05 0.000138602 6.92556e-05 1.29113e-05 8.63413e-06 4.73373e-05 2.75583e-05 4.64435e-06 3.98802e-06 1.69662e-05 1.01384e-05 1.70731e-06 3.3416e-06 1.02231e-05 4.52239e-06 9.34411e-07 4.07133e-06 1.19366e-05 3.28344e-06 9.28512e-07 4.81253e-06 1.64975e-05 3.84716e-06 1.18226e-06 4.35476e-06 1.82419e-05 4.77189e-06 1.28041e-06 2.74359e-06 1.44393e-05 4.61253e-06 9.6646e-07 1.22655e-06 8.11092e-06 3.24941e-06 2.9471e-07 2.37888e-07 3.52157e-06 1.73833e-06 1.12427e-07 3.91724e-08 1.16982e-06 7.13647e-07 2.45839e-08 6.80487e-09 2.19808e-07 1.62282e-07 5.42854e-09 1.31798e-09 3.63641e-08 3.49786e-08 1.11294e-09 2.41828e-10 0 6.4438e-09 6.62748e-09 1.28051e-08 8.76755e-09 0 4.59283e-10 8.08545e-08 5.8095e-08 2.18142e-09 2.47787e-09 4.53154e-07 4.59842e-07 1.36044e-08 1.46599e-08 1.4634e-06 1.74655e-06 1.0746e-07 9.22574e-08 4.36285e-06 6.21379e-06 8.03793e-07 5.87156e-07 1.20242e-05 2.10942e-05 3.1786e-06 1.94122e-06 2.70076e-05 5.99581e-05 1.03983e-05 5.31411e-06 4.40818e-05 0.000122455 2.55351e-05 1.05186e-05 5.12535e-05 0.000168289 4.27847e-05 1.42813e-05 4.8024e-05 0.000166664 4.92773e-05 1.41562e-05 5.26257e-05 0.000144854 4.61013e-05 1.32049e-05 9.69809e-05 0.000184034 5.10022e-05 1.90071e-05 0.000267341 0.000441148 9.44106e-05 4.83712e-05 0.000740193 0.00128569 0.000259684 0.000143925 0.00166199 0.00301429 0.000716389 0.000361594 0.0030492 0.00539086 0.00157639 0.000710951 0.00502312 0.00833047 0.00277055 0.00117852 0.00788559 0.0126158 0.00442625 0.00188829 0.0114551 0.0188613 0.007253 0.00317844 0.0153523 0.0248289 0.0119582 0.00541272 0.020071 0.028617 0.0180086 0.00902077 0.0251423 0.0316089 0.0241488 0.0140164 0.0291138 0.033633 0.0291686 0.0188978 0.0313491 0.0345023 0.032009 0.022155 0.0318053 0.0344682 0.0325197 0.0230846 0.0300809 0.0333403 0.0311718 0.0214371 0.0256804 0.0310227 0.0279255 0.0174838 0.0187525 0.0269012 0.0227663 0.0119652 0.0113234 0.0209029 0.0161364 0.0065317 0.00616606 0.0147039 0.00980515 0.0029981 0.00365499 0.0102773 0.00574884 0.00148396 0.0027057 0.00764855 0.00386185 0.000978621 0.00231361 0.00632099 0.00303638 0.000825083 0.00186756 0.00530776 0.00253485 0.000710852 0.00122043 0.00401025 0.00196249 0.00052276 0.000588102 0.00241956 0.00124689 0.000294443 0.000209044 0.00104977 0.000599004 0.000121649 6.57125e-05 0.000333257 0.000216184 3.90794e-05 2.86886e-05 0.000107817 6.8868e-05 1.26223e-05 2.51293e-05 6.82885e-05 2.93652e-05 6.95428e-06 3.45252e-05 9.42739e-05 2.48977e-05 8.15998e-06 4.47085e-05 0.000144073 3.47725e-05 1.18613e-05 4.15208e-05 0.000160725 4.57075e-05 1.3399e-05 2.53915e-05 0.000121428 4.24281e-05 1.02357e-05 1.03913e-05 6.05001e-05 2.67495e-05 5.14518e-06 3.00332e-06 2.14016e-05 1.20136e-05 1.83575e-06 3.91164e-07 6.11648e-06 4.2588e-06 2.89141e-07 4.23308e-08 1.43576e-06 1.21527e-06 4.07338e-08 6.62353e-09 1.76369e-07 2.2005e-07 6.81256e-09 1.3178e-09 0 2.75541e-08 3.63593e-08 5.79144e-08 2.91694e-08 0 2.17442e-09 4.52309e-07 1.89099e-07 9.15739e-09 1.33751e-08 1.75445e-06 1.51691e-06 7.7491e-08 1.0796e-07 6.77619e-06 6.90153e-06 8.90406e-07 8.79019e-07 2.69122e-05 3.27552e-05 4.85435e-06 4.07767e-06 9.4689e-05 0.000143442 2.34738e-05 1.65297e-05 0.000247338 0.000476652 9.07801e-05 5.19011e-05 0.000434568 0.00102738 0.000245578 0.000110999 0.00051937 0.00142429 0.000425589 0.000153973 0.000468093 0.00144016 0.000485708 0.000149197 0.000450968 0.00120247 0.000430913 0.000125272 0.000737082 0.0013339 0.000434689 0.000158421 0.00193587 0.00275254 0.00074499 0.000392888 0.00497708 0.00669809 0.00195957 0.00119281 0.00993536 0.0125831 0.00508209 0.00295243 0.016197 0.0186807 0.00987683 0.00552692 0.0240508 0.0253914 0.015081 0.00873725 0.0334761 0.0353216 0.0214782 0.0134631 0.0402416 0.0487053 0.0314317 0.0207166 0.0408565 0.0560523 0.0432124 0.0278535 0.0410268 0.0530213 0.0507158 0.0334871 0.0434272 0.0492972 0.0533517 0.0399647 0.0459384 0.0470322 0.0537087 0.0454444 0.0478183 0.0454694 0.0525483 0.048512 0.0492596 0.0447294 0.0502102 0.0490993 0.0496538 0.0440468 0.0476412 0.046986 0.0477752 0.0436401 0.044306 0.0421713 0.0426079 0.0424723 0.0397581 0.0343418 0.034801 0.0399481 0.0336153 0.0243643 0.0262575 0.0369209 0.027056 0.0153695 0.0190368 0.0327448 0.0227918 0.0100524 0.0148802 0.0265416 0.0201171 0.00746554 0.0129129 0.0218355 0.0172867 0.00636778 0.0109277 0.0184526 0.014439 0.00546104 0.00784952 0.0149816 0.0113837 0.00409847 0.0041479 0.0104866 0.00772391 0.00238421 0.00151836 0.00549438 0.00403531 0.000987828 0.00047441 0.00197855 0.00151536 0.000302815 0.000217432 0.000682584 0.00047152 9.33317e-05 0.000214372 0.000510218 0.0002128 5.69006e-05 0.000331596 0.000819377 0.000219265 8.074e-05 0.000449287 0.00127636 0.000351429 0.000128791 0.000418344 0.00137705 0.000471932 0.000146864 0.000247606 0.00102923 0.000422894 0.000109815 9.27669e-05 0.000488083 0.000247971 5.21982e-05 2.38981e-05 0.00014897 9.64454e-05 1.66768e-05 4.55782e-06 3.37861e-05 2.74123e-05 3.86704e-06 3.39073e-07 6.65285e-06 6.61625e-06 4.23937e-07 3.11621e-08 6.57465e-07 1.396e-06 4.1127e-08 6.57869e-09 0 9.89279e-08 1.75212e-07 1.85089e-07 1.05299e-07 0 8.95601e-09 1.29761e-06 8.61432e-07 3.31941e-08 6.58768e-08 6.46338e-06 4.73344e-06 3.46339e-07 8.31708e-07 3.35288e-05 2.76323e-05 4.2831e-06 4.96973e-06 0.000172082 0.000168465 2.86318e-05 2.82075e-05 0.000704651 0.000857572 0.000163391 0.000134512 0.00193506 0.00286819 0.000702451 0.000464193 0.00342633 0.00565069 0.0019816 0.0010302 0.00421138 0.00740689 0.00337865 0.00143576 0.00385472 0.00791142 0.00379082 0.00140036 0.00333208 0.00699407 0.0033311 0.00109875 0.00432148 0.00692245 0.00312145 0.00118349 0.00879935 0.0106108 0.00466434 0.00260681 0.0175602 0.0189687 0.0100973 0.00719985 0.0279525 0.0278451 0.0200779 0.0150643 0.0389192 0.0347799 0.0298753 0.0237207 0.052447 0.0423326 0.0375139 0.0329453 0.0681307 0.0557914 0.0469359 0.0460137 0.0756023 0.0754928 0.0630076 0.0636552 0.0667213 0.0839517 0.0802307 0.0716835 0.0567982 0.0721417 0.0850062 0.0674656 0.0541541 0.0602274 0.0796156 0.0672112 0.0543472 0.0534692 0.0720009 0.0688064 0.0556262 0.0496743 0.0651954 0.0693276 0.0583328 0.0487085 0.0592265 0.068967 0.0619168 0.0482158 0.0555392 0.0671975 0.0645513 0.0498429 0.0526486 0.0639975 0.0649569 0.0523391 0.0499839 0.0581125 0.0633945 0.055607 0.0469923 0.0497998 0.0580058 0.0612994 0.0459228 0.0429777 0.0475894 0.0617668 0.0502027 0.038686 0.0380564 0.050823 0.0517907 0.0320638 0.0334629 0.0407315 0.0458658 0.0271865 0.0302794 0.0344758 0.0379078 0.0234341 0.0253469 0.0299696 0.0308214 0.0188219 0.0169047 0.0242368 0.0234015 0.0125083 0.00770021 0.0158557 0.0148326 0.00594245 0.00275764 0.00746747 0.00689429 0.00191809 0.00146795 0.00337639 0.00254665 0.000614865 0.00167071 0.00321986 0.00140356 0.000450187 0.00271223 0.0052706 0.00178631 0.000755407 0.00359694 0.00728076 0.0030514 0.001247 0.00336454 0.00726832 0.00391127 0.00138933 0.00202348 0.00571299 0.00336961 0.00103034 0.000730973 0.00297391 0.00196108 0.000473732 0.00017126 0.000911402 0.000730214 0.000139162 2.8991e-05 0.000179662 0.000179835 2.89038e-05 2.15714e-06 2.89984e-05 3.41559e-05 4.60758e-06 1.41658e-07 3.72662e-06 4.96231e-06 2.50647e-07 2.95272e-08 0 3.87546e-07 6.24143e-07 8.13713e-07 2.89997e-07 0 3.13024e-08 3.98235e-06 2.51661e-06 1.66807e-07 2.89316e-07 2.26055e-05 1.30606e-05 2.33134e-06 3.48083e-06 0.000147892 9.02758e-05 1.82851e-05 2.50479e-05 0.000881187 0.000638402 0.000137726 0.000167511 0.00361696 0.00330176 0.000867964 0.000885161 0.00898178 0.00963679 0.00386398 0.00316527 0.0146043 0.0162086 0.010023 0.00674183 0.0183809 0.0196741 0.0148508 0.00900312 0.0186452 0.0226347 0.0157412 0.0091918 0.015724 0.0225936 0.0145294 0.00734529 0.0149969 0.0218475 0.0138365 0.00679828 0.0210093 0.0251838 0.0177861 0.01137 0.0323566 0.033336 0.0278228 0.0235406 0.0435565 0.0405525 0.0410104 0.0380437 0.055342 0.0449023 0.0505243 0.0504916 0.0718187 0.0504039 0.0556445 0.0627106 0.0925971 0.0652515 0.0632377 0.081594 0.101769 0.0910061 0.0812002 0.108846 0.0851345 0.104891 0.104484 0.116748 0.0648554 0.0876389 0.109804 0.0960386 0.0572066 0.0671551 0.098004 0.084955 0.0554526 0.0560616 0.0827083 0.0813364 0.05663 0.0506571 0.0707995 0.0791252 0.0607004 0.0508891 0.0614746 0.0782675 0.0674841 0.0491857 0.0566202 0.0767669 0.0745044 0.0522399 0.0539082 0.0757966 0.081271 0.0581583 0.053112 0.0736969 0.0876673 0.0680743 0.05373 0.0711921 0.0857781 0.0842242 0.0602894 0.0754865 0.0711976 0.0872886 0.0761982 0.0802988 0.056247 0.0690678 0.0822021 0.06874 0.0502784 0.0530722 0.0719464 0.0578446 0.048186 0.0443593 0.0579918 0.0503602 0.0448836 0.0406377 0.0473893 0.0432389 0.0356475 0.0363814 0.0385309 0.0331968 0.0214833 0.0280974 0.0284814 0.0199744 0.010623 0.0172477 0.0167648 0.00817097 0.00715212 0.0111977 0.00844473 0.00316963 0.00867343 0.0130454 0.00674914 0.00300073 0.0127532 0.01882 0.0103578 0.00550722 0.0153364 0.0215633 0.0160326 0.00847352 0.0149412 0.019579 0.017535 0.00883047 0.010328 0.0165392 0.0145057 0.00680144 0.00409352 0.0101126 0.00917777 0.00327195 0.00093716 0.00358751 0.00380948 0.000936689 0.000150339 0.000702633 0.000944785 0.000177257 1.93973e-05 0.000104946 0.000159144 2.56202e-05 1.10922e-06 1.66023e-05 2.36097e-05 1.74874e-06 1.23889e-07 0 1.2507e-06 3.27009e-06 1.86934e-06 2.15684e-06 5.90289e-07 0 1.22621e-07 6.537e-07 1.70283e-06 9.64733e-06 2.56059e-06 7.74597e-06 1.20024e-05 5.99816e-05 2.6706e-05 9.33212e-06 5.43404e-05 9.41808e-05 0.000441348 0.000226221 8.34222e-05 0.000422822 0.000690056 0.00266927 0.00160009 0.000686742 0.00271714 0.00369208 0.00945403 0.0066413 0.00418445 0.0147445 0.0110601 0.0118006 0.019567 0.0133502 0.028637 0.024187 0.02172 0.0288528 0.0167404 0.0353237 0.0311276 0.0270229 0.0379765 0.0185204 0.0345349 0.0303302 0.0288781 0.0426974 0.023617 0.0348437 0.0297304 0.025256 0.0380179 0.0292311 0.0363645 0.0304976 0.0217863 0.0298226 0.0306359 0.0414382 0.0355234 0.0251064 0.0301306 0.0266993 0.0499719 0.0446921 0.039112 0.0391703 0.0263827 0.0560905 0.0549424 0.048492 0.027719 0.0612449 0.0630931 0.0672104 0.0589346 0.0288209 0.0681458 0.063294 0.0781604 0.0772266 0.0322815 0.0682046 0.0641998 0.0968534 0.101506 0.0443094 0.0698491 0.0785278 0.126821 0.112266 0.0655702 0.0875515 0.106289 0.136963 0.0925019 0.0758271 0.118994 0.11948 0.106512 0.0651293 0.0583148 0.13236 0.106701 0.0877444 0.0543086 0.0400999 0.116426 0.0871534 0.0816241 0.0521457 0.0324163 0.0949256 0.0728129 0.079258 0.0550563 0.0297251 0.0803396 0.0621036 0.0807975 0.0614089 0.0693762 0.0318091 0.0703353 0.0551397 0.0770471 0.0695138 0.0767468 0.0291589 0.0509072 0.0763699 0.078519 0.0853492 0.0303762 0.050712 0.0764712 0.0894654 0.0964289 0.0342575 0.0535596 0.079013 0.1009 0.109494 0.0434085 0.0667584 0.0943471 0.0986763 0.109812 0.062225 0.0918057 0.105655 0.0785099 0.0890398 0.0680514 0.100537 0.0908033 0.0606474 0.0680893 0.0509236 0.0865395 0.0773437 0.0555345 0.0607287 0.0355464 0.0673239 0.0681665 0.0576303 0.0623793 0.0277673 0.0533803 0.0606968 0.0577754 0.0625911 0.0255137 0.0446748 0.0498225 0.0495064 0.0542924 0.0244704 0.035631 0.0342948 0.0344797 0.0389371 0.0221626 0.0241493 0.0180324 0.0227651 0.0265267 0.0182062 0.0162995 0.010187 0.0193728 0.0227355 0.0165854 0.0192785 0.0127299 0.0226759 0.0264795 0.0213388 0.0304977 0.0211437 0.0277835 0.0320566 0.024463 0.039183 0.0276198 0.0300953 0.0341405 0.022046 0.0369521 0.0268295 0.0315323 0.035785 0.0181807 0.0288465 0.0219967 0.0250493 0.0298029 0.0170357 0.0200769 0.0122586 0.0118512 0.0158942 0.0141419 0.0101095 0.0039926 0.00301413 0.00456288 0.00737263 0.00292645 0.000752962 0.000498596 0.000745128 0.00175485 0.000503226 0.000107 7.60604e-05 9.12514e-05 0.000248335 7.44018e-05 1.37449e-05 5.71491e-06 2.29243e-05 6.05212e-07 0 3.14224e-06 1.074e-05 9.1649e-06 3.09009e-06 4.62548e-06 2.52064e-07 1.57491e-07 0 3.83997e-07 1.41967e-06 5.28396e-06 2.11068e-05 9.09623e-06 1.54261e-05 4.51576e-05 0.00018696 9.42381e-05 2.37605e-05 0.000157205 0.000419452 0.00168799 0.00113675 0.000286183 0.00150313 0.00306491 0.00840726 0.0097389 0.00305811 0.0189948 0.00899304 0.0123938 0.0208238 0.0256091 0.0401746 0.0267028 0.0281064 0.0329416 0.0402646 0.0583967 0.0466088 0.0432739 0.0437545 0.0464247 0.0654297 0.0537797 0.0516248 0.0643208 0.0503943 0.0619087 0.0471612 0.0596155 0.08125 0.0632592 0.066255 0.0525261 0.0606096 0.0814719 0.0757158 0.0723715 0.06164 0.0563459 0.0616915 0.0773454 0.075035 0.0671638 0.0470885 0.0462094 0.061937 0.0768697 0.0710035 0.0534165 0.0467591 0.055758 0.0836932 0.076042 0.0673054 0.0526198 0.0584957 0.09045 0.0790035 0.0792256 0.062359 0.0614082 0.0896741 0.0751777 0.0904629 0.0904429 0.0668417 0.0672334 0.113374 0.125157 0.0844717 0.0864072 0.0835644 0.15479 0.143873 0.118091 0.105639 0.123669 0.175301 0.118354 0.136301 0.142433 0.145906 0.123807 0.0751768 0.106393 0.153464 0.125338 0.0902327 0.0575147 0.077419 0.132722 0.0992324 0.0825791 0.0557013 0.0712693 0.113615 0.085131 0.0847119 0.0624381 0.0743651 0.105989 0.0776466 0.0967566 0.0771743 0.10348 0.0831812 0.103961 0.062559 0.0832609 0.0821526 0.103537 0.0741073 0.0550687 0.0783802 0.0897242 0.105182 0.0696247 0.0541273 0.0785056 0.105241 0.113038 0.0696624 0.0601004 0.0884243 0.125975 0.129025 0.0816638 0.0870299 0.124131 0.127478 0.138282 0.115562 0.126982 0.143236 0.098054 0.114872 0.125548 0.136482 0.117395 0.0699728 0.0886402 0.0969683 0.112433 0.0969669 0.0612863 0.0808255 0.074183 0.0825825 0.0830702 0.0707137 0.0858758 0.063006 0.0586552 0.0738655 0.073569 0.0857923 0.0582589 0.0497732 0.0622885 0.0667425 0.0759338 0.0549051 0.0429981 0.0469074 0.0530837 0.0610777 0.0492938 0.0346074 0.0313797 0.0444846 0.0492951 0.0419389 0.0331211 0.0285769 0.0444947 0.0487961 0.0440249 0.0495087 0.0401585 0.0494995 0.0562027 0.0576764 0.0699954 0.0527612 0.0498921 0.061776 0.0650773 0.0756637 0.0574957 0.0467457 0.0612837 0.060096 0.0625046 0.051308 0.0548318 0.0663849 0.0496603 0.0436156 0.0438723 0.0498371 0.0621592 0.0471826 0.0340203 0.0294367 0.0299057 0.0499887 0.0434893 0.0236829 0.0139526 0.00958651 0.0177416 0.0338982 0.00948923 0.00327212 0.00149852 0.00273397 0.00863925 0.0017141 0.000442726 0.000170342 0.000266131 0.00100975 0.000200361 5.01939e-05 1.45741e-05 9.36795e-05 2.50479e-06 0 9.87066e-07 1.70061e-06 3.04789e-05 1.9848e-05 5.55805e-07 1.3864e-07 0 0 6.53546e-06 3.6265e-06 0 3.51489e-07 6.76521e-05 4.05577e-05 0 9.45885e-06 0.000960551 0.00082837 0 0.000144341 0.0136354 0.0198621 0 0.0038128 0.0464168 0.0431824 0.0507292 0.0545902 0.0695785 0.0629575 0.0598079 0.0560049 0.0646865 0.0877613 0.0876664 0.079486 0.0678119 0.0694317 0.104306 0.10486 0.108951 0.109688 0.0745502 0.0837585 0.0734227 0.113618 0.12378 0.0744462 0.0742509 0.076573 0.108144 0.117287 0.0814292 0.0782306 0.0849555 0.102551 0.0914187 0.0882831 0.0844777 0.0933057 0.0804485 0.0670139 0.0779178 0.0890179 0.0960573 0.0749306 0.0603782 0.0708133 0.0986192 0.0968149 0.0860356 0.0661474 0.0754779 0.111807 0.104828 0.105205 0.0819032 0.0796244 0.130199 0.129627 0.154919 0.135964 0.0811168 0.0998684 0.0855552 0.156941 0.155333 0.0825963 0.0989185 0.0990735 0.180718 0.152029 0.102304 0.122108 0.124643 0.194143 0.126757 0.123074 0.136379 0.142766 0.141813 0.0938731 0.113777 0.131914 0.131542 0.104184 0.0795577 0.100693 0.129824 0.119202 0.0991372 0.0803671 0.101928 0.139846 0.126535 0.119296 0.0893193 0.105542 0.154657 0.156555 0.191271 0.156455 0.154509 0.105019 0.0893747 0.118801 0.125011 0.139002 0.105584 0.0801979 0.0964099 0.112526 0.12531 0.101285 0.0762128 0.0928163 0.116476 0.121104 0.0947173 0.0791859 0.106717 0.129511 0.123315 0.0965415 0.101335 0.148427 0.125613 0.120022 0.111685 0.131015 0.168346 0.105123 0.0995164 0.107837 0.147355 0.14702 0.088711 0.0868513 0.0848333 0.145505 0.142358 0.0834274 0.0971357 0.0754213 0.131744 0.15039 0.126996 0.12826 0.0794298 0.0803971 0.101444 0.100585 0.108778 0.0780539 0.0644904 0.0817636 0.0876027 0.0930286 0.0734458 0.0566851 0.0664959 0.0760777 0.0764119 0.065419 0.0509121 0.0533285 0.0674849 0.0624354 0.0575572 0.0551297 0.0573889 0.0640072 0.0568085 0.0589251 0.07699 0.0755318 0.0685662 0.0602697 0.0655938 0.102185 0.0943021 0.0734034 0.0697095 0.0701187 0.116266 0.109574 0.0735619 0.0831474 0.0714706 0.107725 0.107747 0.105936 0.103945 0.0740819 0.0680439 0.0816625 0.0878998 0.0907097 0.0705422 0.0636153 0.0729778 0.0828415 0.074587 0.0719602 0.0655781 0.0763714 0.0553797 0 0 0.0200946 0.0135525 0.0067485 0 0.00188649 0.00118959 0.000443803 0 0.000128669 8.87441e-05 2.9546e-05 0 7.19058e-06 3.01892e-06 3.92297e-07 0.00172369 0.00423897 0 0.000697512 0.00835665 0.00170107 0 0.0072246 0.000102481 0.000166834 0 3.56045e-05 0.000767011 0.000116432 0 0.000493435 0.0279537 0.0407377 0.0458719 0 0.0211952 0.0465121 0.0218781 0 0.0501065 0.0619071 0.0622574 0.0622581 0.0666406 0 0.0729327 0.083624 0.10708 0 0.0818032 0.100759 0.0827297 0.0695339 0.0804939 0 0.0802384 0.0825144 0.128808 0 0.0908435 0.126848 0.0792833 0.0805629 0.0920881 0 0.131382 0.0713748 0.125631 0 0.129152 8.59805e-06 1.23917e-05 0 2.76378e-06 5.96736e-05 3.289e-06 0 3.44401e-05 0.111149 0.0743888 0.0818179 0 0.10216 0.126442 0.0707547 0.133818 0.13234 0 0.082559 0.0762806 0.119903 0.112804 0 0.0918173 0.0751067 0.0658695 0 0.0815422 0.0721053 0.0868738 0.11135 0.100368 0 0.0724069 0.0707435 0.0574407 0 0.0665327 0.0802535 0.102894 0.0950589 0.0893105 0 0.0602436 0.0709316 0.0622804 0 0.0627032 0.102382 0.10024 0.0758351 0.0837765 0 0.0620366 0.0724522 0.0837331 0 0.0732336 0.124289 0.0854578 0.0725369 0.0916426 0 0.068655 0.0743516 0.108661 0 0.0888976 0.145604 0.0757578 0.0774815 0.100197 0 0.0752921 0.0713774 0.137276 0 0.0982036 0.166217 0.0704978 0.0917866 0.107493 0 0.0899033 0.0681519 0.161018 0 0.105028 0.157245 0.0678801 0.166312 0.166156 0 0.160413 0.0664518 0.153732 0 0.160767 0.09983 0.0843451 0.155228 0.150795 0 0.140507 0.0771457 0.0960506 0 0.136857 0.00509995 0.00722169 0.0130239 0.0208221 0.0228647 0.0119258 0.0322671 0.027825 0.0278407 0.037121 0.0530647 0.0442624 0.000465056 0.000892075 0.00269429 0.00591633 0.00159654 0.000748808 0.0136726 0.00673978 0.00416871 0.00640495 0.0110551 0.0246811 0.10172 0.114207 0.159676 0.150918 0 0.142814 0.0920598 0.0865413 0 0.135561 0.0277829 0.0225379 0.0274863 0.0383911 0.0418285 0.0416488 0.0414255 0.0686677 0.0633502 0.0547106 0.0543437 0.0370885 0.039529 0.0532023 0.0619928 0.0534239 0.0425763 0.0804128 0.0694423 0.0657962 0.133669 0.146481 0.140663 0.151535 0 0.13948 0.124975 0.103403 0 0.136491 0.0781886 0.0404256 0.0783476 0.0696271 0.0871542 0.0761348 0.0410483 0.053211 0.0668683 0.0675754 0.0780555 0.0404065 0.0801237 0.0903596 0.0698859 0.0867889 0.051104 0.0642158 0.0755826 0.0940157 0.183757 0.128065 0.105711 0.137551 0 0.11088 0.134482 0.141788 0 0.129263 0.142389 0.0437833 0.142096 0.101739 0.0804213 0.0393859 0.140927 0.0957728 0.103571 0.209667 0.0968108 0.0936248 0.133855 0 0.0915425 0.105809 0.173627 0 0.124437 0.0727879 0.0585166 0.0623681 0.0725729 0.0781287 0.0649679 0.0530236 0.0938551 0.103872 0.077744 0.143213 0.0402768 0.0806368 0.10345 0.0959123 0.0646926 0.0431995 0.139395 0.0940522 0.0918093 0.235855 0.0832877 0.0976964 0.135314 0 0.0905744 0.0873105 0.1963 0 0.131398 0.270136 0.0796652 0.101824 0.137763 0 0.0980286 0.0813094 0.229507 0 0.135523 0.261823 0.072651 0.261387 0 0.101946 0.0795671 0.268628 0 0.137933 0.148722 0.046361 0.0658001 0.0920198 0.0959466 0.0610115 0.0548392 0.145192 0.0944467 0.0859878 0.0682025 0.0677094 0.087862 0.0954714 0.0831564 0.0506584 0.0533935 0.0565357 0.0633499 0.0555904 0.167262 0.0650792 0.0654707 0.0890067 0.103066 0.0663558 0.0807143 0.157794 0.105824 0.0869618 0.0771669 0.0753172 0.067705 0.0740472 0.0889965 0.0362981 0.0439382 0.0536622 0.0565278 0.043837 0.18174 0.107723 0.0851739 0.102975 0.12925 0.0958707 0.123706 0.152323 0.13182 0.107735 0.0878462 0.0650297 0.0517818 0.0622061 0.0824395 0.0403216 0.0425661 0.0619874 0.0592596 0.0511551 3.62922e-05 7.87124e-05 0.000283225 0.000581757 8.71477e-05 5.07706e-05 0.00252801 0.000814991 0.000398171 0.000567706 0.000974568 0.00484246 0.0982424 0.0564609 0.0533034 0.0687966 0.0777833 0.0489424 0.0469592 0.0785547 0.0686674 0.064707 0.154316 0.141962 0.144707 0.14296 0.150857 0.146493 0.124499 0.119933 0.131313 0.14147 0.108099 0.0507944 0.0604271 0.0782598 0.0779027 0.057089 0.0458101 0.0976644 0.0739406 0.0745424 0.110411 0.106423 0.17969 0.16816 0.12752 0.1544 0.083442 0.0900782 0.104875 0.15593 0.115041 0.0457243 0.0739917 0.0907495 0.0794039 0.0698653 0.0422234 0.108117 0.0771018 0.0859408 0.0886634 0.0652691 0.155083 0.159216 0.100068 0.134225 0.0562449 0.0820369 0.0921378 0.142328 0.1089 0.0460875 0.115042 0.122604 0.0867022 0.105825 0.0424631 0.103049 0.0849652 0.113617 1.80492e-06 7.47526e-06 2.66224e-05 4.799e-05 6.71639e-06 3.94014e-06 0.000264782 7.91779e-05 1.93833e-05 4.27804e-05 7.36224e-05 0.000486779 0.0740561 0.0203555 0.0734601 0.063853 0.0591084 0.019229 0.0819337 0.0591892 0.0663918 0.0850721 0.0201683 0.0594602 0.0663184 0.0602163 0.0540699 0.0217417 0.0912839 0.0622379 0.0607834 0.100774 0.0241287 0.0558638 0.0617681 0.0658459 0.0538219 0.0273267 0.103495 0.070691 0.05983 0.12434 0.0329162 0.0585464 0.0635674 0.0815834 0.057425 0.0381318 0.118038 0.0892896 0.0627564 0.142641 0.0503822 0.0724068 0.0763475 0.116035 0.0737013 0.0563833 0.117531 0.120869 0.0783173 0.131268 0.0640274 0.10912 0.110323 0.143542 0.104184 0.058899 0.0928614 0.124534 0.107548 0.0940539 0.0522242 0.130683 0.13518 0.118023 0.111426 0.041295 0.0692485 0.0940249 0.116599 0.00472778 0.00466647 0.0101035 0.0130923 0.0127604 0.0212568 0.0108346 0.0177342 0.0296 0.0251657 0.0164075 0.0102636 0.0206572 0.0245827 0.0268747 0.0306414 0.0137331 0.0323298 0.0368513 0.0341069 0.0740081 0.0345052 0.111982 0.120174 0.0800656 0.093691 0.0278694 0.0627724 0.0696646 0.0993695 0.0311065 0.0134029 0.0305807 0.0344025 0.0356335 0.039352 0.0149576 0.0373938 0.0385832 0.0430694 0.0415753 0.0180909 0.0347869 0.0466647 0.0458824 0.0370626 0.0150255 0.0404026 0.0448346 0.0385992 0.0108159 0.00513699 0.00517613 0.0147175 0.0140986 0.000802384 0.0010527 0.00297127 0.00437051 0.00319709 0.031883 0.0204386 0.0324744 0.0474415 0.0361945 0.0353325 0.0189963 0.0455494 0.051201 0.0483624 0.0724153 0.0254827 0.0823309 0.0897064 0.0596112 0.0714475 0.0218144 0.0654512 0.0553387 0.0769712 0.0355812 0.0239368 0.0404681 0.0464679 0.054584 0.020215 0.0182096 0.0271507 0.0384633 0.0239508 0.0381848 0.0262337 0.0318714 0.0371467 0.0555641 0.0171812 0.0143632 0.0242214 0.031241 0.0208801 0.0560157 0.020041 0.0667305 0.0528408 0.0608879 0.0732545 0.0229395 0.0619972 0.0678019 0.0564881 0.0453801 0.0237296 0.0319339 0.0371587 0.0529283 0.0254398 0.0157214 0.0295233 0.0353799 0.02996 0.0467378 0.0197217 0.0588771 0.0516543 0.0517926 0.0668758 0.0228383 0.0509602 0.0565709 0.0564807 0.055564 0.0229329 0.0413882 0.0468963 0.0545288 0.0373671 0.0186015 0.04308 0.045901 0.042482 0 7.33597e-07 2.77753e-06 0 5.73094e-07 1.34017e-06 0 7.07284e-08 0.000100319 0.000150561 0.000508393 0.000839337 0.000410384 0.00323294 0.00116515 0.000863038 0.00329957 0.00480982 1.08329e-05 1.84691e-05 6.71846e-05 0.000112024 4.20344e-05 0.000557598 0.000171581 0.000104655 0.000411584 0.000905762 6.74685e-07 1.9464e-06 9.8414e-06 1.4756e-05 5.11486e-06 7.61847e-05 1.75454e-05 5.92399e-06 4.48916e-05 0.000116738 
</DataArray>
<DataArray type="Float64" Name="wall variable 1" format="ascii">
0 0.2 0.2 0 0.2 0.2 0.2 0 0.2 0.2 0.2 0 0.2 0.2 0.2 0 0.2 0.2 0.2 0 0.2 0.2 0.2 0 0.2 0.2 0.2 0 0.2 0.2 0.2 0 0.2 0.2 0.2 0 0.2 0.2 0.2 0 0.2 0.2 0.2 0 0.2 0.2 0.2 0 0.2 0.2 0.2 0 0.2 0.2 0.2 0 0.2 0.2 0.2 0 0.2 0.2 0.2 0 0.2 0.2 0.2 0 0.2 0.2 0.2 0 0.2 0.2 0.2 0 0.2 0.2 0.2 0 0.2 0.2 0.2 0 0.2 0.2 0.2 0 0.2 0.2 0.2 0 0.2 0.2 0.2 0 0.2 0.2 0.2 0 0.2 0.2 0.2 0 0.2 0.2 0.2 0 0.2 0.2 0.2 0 0.2 0.2 0.2 0 0.2 0.2 0.2 0 0.2 0.2 0.2 0 0.2 0.2 0.2 0 0.2 0.2 0.2 0 0.2 0.2 0.2 0 0.2 0.2 0.2 0 0.2 0.2 0.2 0 0.2 0.2 0.2 0 0.2 0.2 0.2 0 0.2 0.2 0.2 0 0.2 0.2 0.2 0 0.2 0.2 0.2 0 0.2 0.2 0.2 0 0.2 0.2 0.2 0 0.2 0.2 0.2 0 0.2 0.2 0.2 0 0.2 0.2 0.2 0 0.2 0.2 0.2 0 0.2 0.2 0.2 0 0.2 0.2 0.2 0 0 0.2 0.2 0 0.2 0.2 0.2 0 0.2 0.2 0.2 0.2 0.2 0.2 0.2 0.2 0.2 0.2 0.2 0.2 0.2 0.2 0.2 0.2 0.2 0.2 0.2 0.2 0.2 0.2 0.2 0.2 0.2 0.2 0.2 0.2 0.2 0.2 0.2 0.2 0.2 0.2 0.2 0.2 0.2 0.2 0.2 0.2 0.2 0.2 0.2 0.2 0.2 0.2 0.2 0.2 0.2 0.2 0.2 0.2 0.2 0.2 0.2 0.2 0.2 0.2 0.2 0.2 0.2 0.2 0.2 0.2 0.2 0.2 0.2 0.2 0.2 0.2 0.2 0.2 0.2 0.2 0.2 0.2 0.2 0.2 0.200001 0.2 0.2 0.2 0.200001 0.2 0.2 0.2 0.200002 0.2 0.2 0.2 0.200002 0.2 0.2 0.2 0.200002 0.2 0.2 0.2 0.200002 0.2 0.2 0.2 0.200001 0.2 0.2 0.2 0.200001 0.2 0.2 0.2 0.2 0.2 0.2 0.2 0.2 0.2 0.2 0.2 0.2 0.2 0.2 0.2 0.2 0.2 0.2 0.2 0.2 0.2 0.2 0.2 0.2 0.2 0.2 0.2 0.2 0.2 0.2 0.2 0.2 0.2 0.2 0.2 0.2 0.2 0.2 0.2 0.2 0.2 0.2 0.2 0.2 0.2 0.2 0.2 0.2 0.2 0.2 0.2 0.2 0.2 0.2 0.2 0.2 0.2 0.2 0.2 0.2 0.2 0.2 0.2 0.2 0.2 0.2 0.2 0.2 0.2 0.2 0.2 0.2 0.2 0.2 0.2 0.2 0.2 0.2 0.2 0.2 0.2 0.2 0.2 0.2 0.2 0.2 0 0.2 0.2 0.2 0.2 0 0.2 0.2 0.2 0.2 0.2 0.2 0.2 0.2 0.2 0.2 0.2 0.2 0.2 0.2 0.2 0.2 0.2 0.2 0.2 0.2 0.2 0.2 0.2 0.2 0.2 0.2 0.2 0.2 0.2 0.2 0.2 0.2 0.2 0.2 0.2 0.2 0.2 0.2 0.2 0.2 0.2 0.2 0.2 0.2 0.2 0.2 0.2 0.2 0.2 0.2 0.2 0.2 0.2 0.2 0.2 0.2 0.2 0.2 0.2 0.2 0.2 0.2 0.200001 0.2 0.2 0.2 0.200001 0.2 0.2 0.2 0.200003 0.2 0.2 0.2 0.200004 0.2 0.2 0.2 0.200006 0.2 0.200001 0.2 0.200007 0.2 0.200001 0.2 0.200007 0.2 0.200002 0.2 0.200008 0.2 0.200002 0.2 0.200007 0.2 0.200002 0.2 0.200007 0.2 0.200002 0.2 0.200006 0.2 0.200001 0.2 0.200004 0.2 0.200001 0.2 0.200003 0.2 0.2 0.2 0.200001 0.2 0.2 0.2 0.200001 0.2 0.2 0.2 0.200001 0.2 0.2 0.2 0.2 0.2 0.2 0.2 0.2 0.2 0.2 0.2 0.2 0.2 0.2 0.2 0.2 0.2 0.2 0.2 0.2 0.2 0.2 0.2 0.2 0.2 0.2 0.2 0.2 0.2 0.2 0.2 0.2 0.2 0.2 0.2 0.2 0.2 0.2 0.2 0.2 0.2 0.2 0.2 0.2 0.2 0.2 0.2 0.2 0.2 0.2 0.2 0.2 0.2 0.2 0.2 0.2 0.2 0.2 0.2 0.2 0.2 0.2 0.2 0.2 0.2 0.2 0.2 0.2 0.2 0.2 0.2 0 0.2 0.2 0.2 0.2 0 0.2 0.2 0.2 0.2 0.2 0.2 0.2 0.2 0.2 0.2 0.2 0.2 0.2 0.2 0.2 0.2 0.2 0.2 0.2 0.2 0.2 0.2 0.2 0.2 0.2 0.2 0.2 0.2 0.2 0.2 0.2 0.2 0.2 0.2 0.2 0.2 0.2 0.2 0.2 0.2 0.2 0.2 0.2 0.2 0.2 0.2 0.2 0.2 0.2 0.2 0.2 0.2 0.2 0.2 0.200001 0.2 0.2 0.2 0.200002 0.2 0.2 0.2 0.200005 0.2 0.200001 0.200001 0.200011 0.2 0.200001 0.200001 0.200024 0.200001 0.200003 0.200001 0.200031 0.200001 0.200004 0.200001 0.200024 0.200001 0.200006 0.200001 0.200019 0.200001 0.200007 0.2 0.200017 0.200001 0.200007 0.2 0.200016 0.2 0.200008 0.2 0.200015 0.2 0.200007 0.2 0.200014 0.2 0.200007 0.200001 0.200013 0.2 0.200006 0.200001 0.200012 0.200001 0.200004 0.200001 0.200011 0.200001 0.200003 0.2 0.20001 0.200001 0.200001 0.2 0.200008 0.2 0.200001 0.2 0.200005 0.2 0.200001 0.2 0.200003 0.2 0.2 0.2 0.200002 0.2 0.2 0.2 0.200001 0.2 0.2 0.2 0.200001 0.2 0.2 0.2 0.2 0.2 0.2 0.2 0.2 0.2 0.2 0.2 0.2 0.2 0.2 0.2 0.2 0.2 0.2 0.2 0.2 0.2 0.2 0.2 0.2 0.2 0.2 0.2 0.2 0.2 0.2 0.2 0.2 0.2 0.2 0.2 0.2 0.2 0.2 0.2 0.2 0.2 0.2 0.2 0.2 0.2 0.2 0.2 0.2 0.2 0.2 0.2 0.2 0.2 0.2 0.2 0 0.2 0.2 0.2 0.2 0 0.2 0.2 0.2 0.2 0.2 0.2 0.2 0.2 0.2 0.2 0.2 0.2 0.2 0.2 0.2 0.2 0.2 0.2 0.2 0.2 0.2 0.2 0.2 0.2 0.2 0.2 0.2 0.2 0.2 0.2 0.2 0.2 0.2 0.2 0.200001 0.2 0.2 0.2 0.2 0.2 0.2 0.2 0.200001 0.2 0.2 0.2 0.200001 0.2 0.2 0.200001 0.200002 0.2 0.2 0.200001 0.200005 0.200001 0.200001 0.200001 0.200009 0.200001 0.200002 0.200003 0.200016 0.200001 0.200005 0.200005 0.200035 0.200003 0.200011 0.200003 0.200084 0.200005 0.200024 0.200004 0.2001 0.200003 0.200031 0.200004 0.200054 0.200004 0.200024 0.200002 0.200035 0.200004 0.200019 0.200001 0.20003 0.200002 0.200017 0.2 0.200026 0.200001 0.200016 0.2 0.200025 0.2 0.200015 0.200001 0.200023 0.2 0.200014 0.200002 0.200022 0.200001 0.200013 0.200003 0.200021 0.200002 0.200012 0.200003 0.200022 0.200003 0.200011 0.200001 0.200032 0.200003 0.20001 0.200001 0.20004 0.200001 0.200008 0.200001 0.200025 0.200001 0.200005 0.2 0.200013 0.200001 0.200003 0.2 0.200008 0.2 0.200002 0.2 0.200005 0.2 0.200001 0.2 0.200003 0.2 0.200001 0.2 0.200002 0.2 0.2 0.2 0.200001 0.2 0.2 0.2 0.2 0.2 0.2 0.2 0.2 0.2 0.2 0.2 0.2 0.2 0.2 0.2 0.2 0.2 0.2 0.2 0.2 0.2 0.2 0.2 0.2 0.2 0.2 0.2 0.2 0.2 0.2 0.2 0.2 0.2 0.2 0.2 0.2 0.2 0.2 0.2 0.2 0.2 0.2 0.2 0.2 0.2 0.2 0.2 0 0.2 0.2 0.2 0.2 0 0.2 0.2 0.2 0.2 0.2 0.2 0.2 0.2 0.2 0.2 0.2 0.2 0.2 0.2 0.2 0.2 0.2 0.2 0.2 0.2 0.2 0.2 0.200001 0.2 0.2 0.2 0.200001 0.2 0.2 0.2 0.200002 0.2 0.2 0.2 0.200003 0.2 0.200001 0.2 0.200003 0.2 0.2 0.2 0.200003 0.2 0.200001 0.200001 0.200003 0.2 0.200001 0.200002 0.200006 0.200001 0.200002 0.200003 0.20001 0.200002 0.200005 0.200004 0.200016 0.200003 0.200009 0.200008 0.200027 0.200004 0.200016 0.200014 0.200061 0.200008 0.200035 0.200008 0.200172 0.200014 0.200084 0.200009 0.200215 0.200008 0.2001 0.200007 0.200091 0.200009 0.200054 0.200004 0.200051 0.200007 0.200035 0.200001 0.200038 0.200004 0.20003 0.2 0.200033 0.200001 0.200026 0.200001 0.200033 0.2 0.200025 0.200002 0.20003 0.200001 0.200023 0.200005 0.200029 0.200002 0.200022 0.200007 0.20003 0.200005 0.200021 0.200008 0.200034 0.200007 0.200022 0.200004 0.200064 0.200008 0.200032 0.200003 0.200094 0.200004 0.20004 0.200002 0.200053 0.200003 0.200025 0.200002 0.200027 0.200002 0.200013 0.200001 0.200016 0.200002 0.200008 0.200001 0.200011 0.200001 0.200005 0.200002 0.200007 0.200001 0.200003 0.200001 0.200004 0.200002 0.200002 0.2 0.200002 0.200001 0.200001 0.2 0.200001 0.2 0.2 0.2 0.200001 0.2 0.2 0.2 0.200002 0.2 0.2 0.2 0.200003 0.2 0.2 0.2 0.200002 0.2 0.2 0.2 0.200001 0.2 0.2 0.2 0.200001 0.2 0.2 0.2 0.2 0.2 0.2 0.2 0.2 0.2 0.2 0.2 0.2 0.2 0.2 0.2 0.2 0.2 0.2 0.2 0 0.2 0.2 0.2 0.2 0 0.2 0.2 0.2 0.2 0.2 0.2 0.2 0.2 0.2 0.2 0.2 0.2 0.2 0.2 0.2 0.2 0.2 0.200001 0.2 0.2 0.2 0.200001 0.200001 0.200001 0.200001 0.2 0.200003 0.200001 0.200001 0.2 0.200005 0.2 0.200002 0.2 0.200009 0.2 0.200003 0.2 0.200011 0.2 0.200003 0.200001 0.20001 0.2 0.200003 0.200004 0.200007 0.200001 0.200003 0.200006 0.200008 0.200004 0.200006 0.200006 0.200014 0.200006 0.20001 0.200008 0.200022 0.200006 0.200016 0.200013 0.200031 0.200008 0.200027 0.200021 0.20007 0.200013 0.200061 0.20002 0.200221 0.200021 0.200172 0.200019 0.200337 0.20002 0.200215 0.200015 0.200136 0.200019 0.200091 0.200008 0.200059 0.200015 0.200051 0.200004 0.200041 0.200008 0.200038 0.200001 0.20004 0.200004 0.200033 0.200001 0.200052 0.200001 0.200033 0.200005 0.200036 0.200001 0.20003 0.200009 0.20003 0.200005 0.200029 0.200012 0.200032 0.200009 0.20003 0.200015 0.200045 0.200012 0.200034 0.200006 0.200103 0.200015 0.200064 0.200005 0.200149 0.200006 0.200094 0.200005 0.200078 0.200005 0.200053 0.200004 0.20004 0.200005 0.200027 0.200003 0.200023 0.200004 0.200016 0.200004 0.200017 0.200003 0.200011 0.200004 0.20001 0.200004 0.200007 0.200003 0.200004 0.200004 0.200004 0.200001 0.200002 0.200003 0.200002 0.2 0.200003 0.200001 0.200001 0.2 0.200006 0.2 0.200001 0.2 0.200008 0.2 0.200002 0.2 0.200008 0.2 0.200003 0.2 0.200005 0.2 0.200002 0.200001 0.200004 0.2 0.200001 0.200001 0.200002 0.200001 0.200001 0.2 0.2 0.200001 0.2 0.2 0.2 0.2 0.2 0.2 0.2 0.2 0.2 0.2 0.2 0.2 0.2 0.2 0 0.2 0.2 0.2 0.2 0.2 0 0.2 0.2 0.2 0.2 0.077992 0.2 0.2 0.2 0.126438 0.2 0.2 0.2 0.2 0.134402 0.2 0.2 0.2 0.200001 0.136064 0.2 0.200001 0.2 0.200002 0.136372 0.2 0.200001 0.200002 0.200001 0.200003 0.136354 0.200002 0.200003 0.200003 0.200002 0.136257 0.200003 0.200002 0.200005 0.200001 0.136145 0.200005 0.200001 0.200009 0.200002 0.136035 0.200012 0.200002 0.200011 0.200002 0.135935 0.200012 0.200002 0.20001 0.200002 0.13585 0.200006 0.200002 0.200007 0.200008 0.135786 0.200005 0.200008 0.200008 0.200012 0.135754 0.200012 0.200014 0.200013 0.135767 0.200008 0.200013 0.200022 0.200011 0.135845 0.20001 0.200011 0.200031 0.200011 0.13601 0.20001 0.200011 0.20007 0.200015 0.13629 0.200021 0.200015 0.200221 0.200031 0.136715 0.20009 0.200031 0.200337 0.200047 0.137296 0.200248 0.200047 0.200136 0.200026 0.138006 0.200212 0.200026 0.200059 0.200015 0.138812 0.200065 0.200015 0.200041 0.20001 0.139607 0.20003 0.20001 0.20004 0.200004 0.140257 0.200022 0.200004 0.200052 0.200006 0.200017 0.140622 0.20002 0.200006 0.200036 0.200012 0.200019 0.140622 0.200012 0.20003 0.200015 0.200021 0.140255 0.200015 0.200032 0.200018 0.200027 0.139607 0.200018 0.200045 0.200025 0.200057 0.138813 0.200025 0.200103 0.200011 0.200123 0.13801 0.200011 0.200149 0.200009 0.200108 0.137292 0.200009 0.200078 0.200006 0.200052 0.136711 0.200006 0.20004 0.200005 0.200014 0.13629 0.200005 0.200023 0.200007 0.200008 0.13601 0.200007 0.200017 0.20001 0.200008 0.135845 0.20001 0.20001 0.20001 0.200006 0.135767 0.20001 0.200004 0.200006 0.200003 0.135754 0.200006 0.200002 0.200002 0.200002 0.135786 0.200002 0.200003 0.200001 0.200005 0.135849 0.200001 0.200006 0.200003 0.20001 0.135934 0.200003 0.200008 0.200003 0.200011 0.136036 0.200003 0.200008 0.2 0.200005 0.136146 0.2 0.200005 0.200001 0.200003 0.136256 0.200001 0.200004 0.200003 0.200002 0.136354 0.200003 0.200002 0.200002 0.200001 0.136372 0.200002 0.2 0.200001 0.2 0.136065 0.200001 0.2 0.2 0.2 0.134402 0.2 0.2 0.2 0.2 0.126438 0.2 0.2 0.2 0.077992 0.2 0 0.2 0.2 0.2 0.2 0.2 0.2 0.2 0 0.2 0.2 0.2 0.2 0.174923 0.2 0.2 0.2 0.183206 0.2 0.2 0.2 0.200001 0.184469 0.2 0.200001 0.2 0.200003 0.184612 0.2 0.200002 0.200003 0.200002 0.200006 0.184355 0.200004 0.200006 0.200005 0.200012 0.18421 0.200003 0.200012 0.200012 0.20001 0.184034 0.200015 0.20001 0.20002 0.200004 0.183856 0.200061 0.200004 0.200043 0.200016 0.18369 0.2001 0.200016 0.200055 0.200019 0.183536 0.200053 0.200019 0.200049 0.200002 0.183403 0.200015 0.200002 0.200018 0.200025 0.183282 0.20001 0.200025 0.200013 0.200031 0.183179 0.200007 0.200031 0.20002 0.200035 0.183096 0.200017 0.200035 0.200036 0.200028 0.18304 0.200044 0.200028 0.200057 0.200019 0.183017 0.200019 0.200157 0.200013 0.18303 0.200188 0.200013 0.200458 0.20002 0.183095 0.200399 0.20002 0.200725 0.200064 0.183262 0.200457 0.200064 0.200187 0.200057 0.18331 0.200232 0.200057 0.200057 0.200044 0.18342 0.200042 0.200044 0.200045 0.200044 0.183551 0.200034 0.200044 0.200064 0.20004 0.183664 0.200058 0.20004 0.200129 0.200044 0.200135 0.183734 0.20014 0.200044 0.20006 0.200047 0.200054 0.183726 0.200047 0.200036 0.200045 0.200026 0.18366 0.200045 0.200032 0.200048 0.200016 0.183555 0.200048 0.200054 0.200049 0.200032 0.183433 0.200049 0.200188 0.200005 0.200145 0.183335 0.200005 0.200345 0.200034 0.200286 0.183201 0.200034 0.200204 0.20002 0.2003 0.18308 0.20002 0.200114 0.200011 0.200178 0.183029 0.200011 0.20005 0.200022 0.200044 0.183017 0.200022 0.200031 0.20003 0.200017 0.18304 0.20003 0.200016 0.200026 0.200006 0.183095 0.200026 0.200007 0.200016 0.200008 0.183176 0.200016 0.200005 0.200007 0.200005 0.183275 0.200007 0.200013 0.200007 0.200016 0.183394 0.200007 0.200031 0.200031 0.200052 0.183532 0.200031 0.200042 0.200019 0.20009 0.183687 0.200019 0.20004 0.200002 0.200063 0.183855 0.200002 0.20002 0.200009 0.200018 0.18403 0.200009 0.200014 0.200013 0.200005 0.184208 0.200013 0.200007 0.200008 0.200006 0.184359 0.200008 0.200002 0.200005 0.200002 0.184626 0.200005 0.2 0.200001 0.2 0.184471 0.200001 0.2 0.2 0.2 0.183206 0.2 0.2 0.2 0.174923 0.2 0 0.2 0.2 0.2 0.2 0.2 0.13535 0 0 0.2 0.191011 0 0.2 0.2 0.193434 0 0.2 0.2 0.19357 0 0.2 0.200001 0.193288 0 0.200003 0.20001 0.200012 0.200029 0.192828 0.200009 0.200029 0.20002 0.200085 0.192299 0.20002 0.200085 0.200072 0.200222 0.19166 0.200055 0.200222 0.200322 0.200094 0.190955 0.200424 0.200094 0.200274 0.200172 0.190224 0.200145 0.200172 0.200131 0.200084 0.189474 0.200062 0.200084 0.200069 0.200002 0.188729 0.200004 0.200002 0.200021 0.200064 0.188011 0.200014 0.200064 0.200018 0.200093 0.187265 0.200019 0.200093 0.200038 0.200159 0.186553 0.200025 0.200159 0.200135 0.200512 0.185891 0.200109 0.200512 0.200866 0.20018 0.185305 0.200867 0.20018 0.200696 0.200254 0.184805 0.200267 0.200254 0.200626 0.200042 0.184416 0.200089 0.200042 0.200571 0.200058 0.184204 0.200015 0.200058 0.200128 0.20015 0.183954 0.200012 0.20015 0.200054 0.200195 0.183761 0.200016 0.200195 0.200067 0.200321 0.183659 0.200041 0.200321 0.200218 0.20086 0.183637 0.200097 0.20086 0.201691 0.200864 0.200097 0.183654 0.200864 0.200217 0.200329 0.200044 0.183632 0.200329 0.200062 0.200198 0.200015 0.183635 0.200198 0.200038 0.200155 0.200018 0.183688 0.200155 0.200046 0.200095 0.200009 0.183793 0.200095 0.200141 0.200004 0.200016 0.183962 0.200004 0.200326 0.200145 0.200097 0.184119 0.200145 0.200358 0.200302 0.200243 0.184395 0.200302 0.200582 0.200193 0.200841 0.184803 0.200193 0.200845 0.200487 0.200104 0.185305 0.200487 0.20013 0.200148 0.200022 0.185891 0.200148 0.200036 0.200082 0.200015 0.186551 0.200082 0.200013 0.200053 0.200014 0.187257 0.200053 0.200006 0.200017 0.200003 0.187985 0.200017 0.200014 0.200019 0.200014 0.188724 0.200019 0.20004 0.20012 0.200063 0.189474 0.20012 0.200096 0.200182 0.200134 0.190224 0.200182 0.200254 0.200102 0.200421 0.19095 0.200102 0.200317 0.200202 0.200052 0.191637 0.200202 0.20008 0.200062 0.200018 0.192288 0.200062 0.200036 0.200029 0.192833 0.200186 0.200029 0.200096 0.193308 0 0 0.200015 0.2 0.193571 0 0.200001 0.2 0.193434 0 0.2 0.2 0.191011 0 0.2 0.2 0.13535 0.2 0.200003 0 0.19357 0.200002 0.200001 0 0.193571 0.2 0.2 0 0.193434 0.2 0.2 0 0.193434 0.20002 0.20001 0.200073 0 0.193288 0.200003 0.200015 0 0.193308 0.200073 0.192828 0.200009 0.20017 0 0.200018 0.192833 0.200186 0 0.200287 0.20017 0.192299 0.20002 0.200308 0 0.200052 0.192288 0.200287 0 0.200273 0.200308 0.19166 0.200055 0.200297 0 0.200421 0.191637 0.200273 0 0.200469 0.2 0.2 0 0.191011 0.2 0.2 0 0.191011 0.200134 0.19095 0.200469 0 0.200152 0.200297 0.190955 0.200424 0.200449 0 0.200449 0.190224 0.200145 0.200146 0 0.200063 0.190224 0.200152 0 0.200046 0.200146 0.189474 0.200062 0.200025 0 0.200014 0.189474 0.200046 0 0.200001 0.200025 0.188729 0.200004 0.200037 0 0.200003 0.188724 0.200001 0 0.200067 0.200037 0.188011 0.200014 0.200246 0 0.200014 0.187985 0.200067 0 0.200207 0.200246 0.187265 0.200019 0.200502 0 0.200015 0.187257 0.200207 0 0.200436 0.200502 0.186553 0.200025 0.200752 0 0.200022 0.186551 0.200436 0 0.20068 0.200752 0.185891 0.200109 0.20059 0 0.200104 0.185891 0.20068 0 0.200535 0.20059 0.185305 0.200867 0.200853 0 0.200841 0.185305 0.200535 0 0.200914 0.200853 0.184805 0.200267 0.20021 0 0.200243 0.184803 0.200914 0 0.200272 0.200006 0.184612 0.200002 0.200014 0.20002 0.200001 0.200006 0.184626 0.200045 0.200003 0.200096 0.20005 0.2 0.184469 0.2 0.200006 0.2 0.2 0.200002 0.184471 0.200004 0.200002 0.2 0.200045 0.20021 0.184416 0.200089 0.200017 0 0.200097 0.184395 0.200272 0 0.200052 0.200014 0.184355 0.200004 0.200032 0.200012 0.200005 0.184359 0.20005 0.200036 0.20005 0.200032 0.18421 0.200003 0.200051 0.20002 0.200018 0.184208 0.20005 0.20008 0.200023 0.200017 0.184204 0.200015 0.200493 0 0.200016 0.184119 0.200052 0 0.200088 0.200063 0.18403 0.200023 0.200317 0.200018 0.200051 0.184034 0.200015 0.200028 0.200072 0.200028 0.183856 0.200061 0.200014 0.200322 0.20009 0.183855 0.200018 0.200254 0.200072 0.200493 0.183954 0.200012 0.201533 0 0.200009 0.183962 0.200088 0 0.200636 0.200379 0.183734 0.200385 0.201691 0.200135 0.183726 0.200451 0.200217 0.200385 0.201533 0.183761 0.200016 0.202685 0 0.200018 0.183793 0.200636 0 0.201506 0.200052 0.183687 0.200072 0.200096 0.200049 0.200014 0.18369 0.2001 0.200068 0.200274 0.200446 0.183664 0.20014 0.200379 0.200218 0.200054 0.18366 0.200403 0.200062 0.200451 0.202685 0.183659 0.200041 0.203789 0 0.200015 0.183688 0.201506 0 0.202591 0.203789 0.183637 0.200097 0.203598 0 0.200044 0.183635 0.202591 0 0.203734 0.203598 0.183654 0.20357 0 0.200097 0.183632 0.203734 0 0.20357 0.200422 0.183551 0.200058 0.200446 0.200067 0.200026 0.183555 0.200345 0.200038 0.200403 0.200068 0.183536 0.200053 0.200027 0.200131 0.200016 0.183532 0.200049 0.20004 0.200003 0.200382 0.18342 0.200034 0.200422 0.200054 0.200016 0.183433 0.200231 0.200046 0.200345 0.200027 0.183403 0.200015 0.200017 0.200069 0.200005 0.183394 0.200003 0.200014 0.200027 0.200183 0.18331 0.200042 0.200382 0.200128 0.200032 0.183335 0.200021 0.200141 0.200231 0.200017 0.183282 0.20001 0.200102 0.200021 0.200008 0.183275 0.200027 0.200006 0.200069 0.2 0.183206 0.2 0.2 0.2 0.2 0.2 0.183206 0.2 0.2 0.2 0.200004 0.200102 0.183179 0.200007 0.200145 0.200018 0.200006 0.183176 0.200069 0.200013 0.200115 0.200011 0.183262 0.200232 0.200183 0.200571 0.200145 0.183201 0.200078 0.200326 0.200021 0.200145 0.183096 0.200017 0.20017 0.200038 0.200017 0.183095 0.200115 0.200036 0.20014 0.200084 0.183095 0.200457 0.200011 0.200626 0.200286 0.18308 0.200138 0.200358 0.200078 0.20017 0.18304 0.200044 0.200114 0.200135 0.200044 0.18304 0.20014 0.20013 0.200089 0.200018 0.18303 0.200399 0.200084 0.200696 0.2003 0.183029 0.200028 0.200582 0.200138 0.200114 0.183017 0.200188 0.200018 0.200866 0.200178 0.183017 0.200089 0.200845 0.200028 0.2 0.174923 0.2 0.2 0.2 0.2 0.2 0.174923 0.2 0.2 0.2 0.2 0.200012 0.140622 0.200015 0.200129 0.200017 0.140622 0.200027 0.20006 0.200015 0.200024 0.140257 0.20002 0.200012 0.200064 0.200019 0.140255 0.200036 0.200036 0.200027 0.200036 0.139607 0.200022 0.200024 0.200045 0.200021 0.139607 0.200045 0.200032 0.200036 0.200052 0.138812 0.20003 0.200036 0.200057 0.200027 0.138813 0.200048 0.200054 0.200045 0.200046 0.138006 0.200065 0.200052 0.200187 0.200057 0.13801 0.200011 0.200188 0.200048 0.200055 0.137296 0.200212 0.200046 0.200725 0.200123 0.137292 0.200009 0.200345 0.200011 0.200036 0.136715 0.200248 0.200055 0.200458 0.200108 0.136711 0.200006 0.200204 0.200009 0.200001 0.136372 0.200001 0.200003 0.200002 0.200002 0.136372 0.200003 0.200007 0.200004 0.200003 0.136354 0.200002 0.200004 0.200005 0.200003 0.136354 0.200004 0.200014 0.200001 0.20002 0.13629 0.20009 0.200036 0.200157 0.200052 0.13629 0.200006 0.200114 0.200006 0.200004 0.136257 0.200003 0.200002 0.200012 0.200005 0.136256 0.200001 0.20002 0.200001 0.200011 0.136146 0.200001 0.20004 0.200006 0.200002 0.136145 0.200005 0.200001 0.20002 0.200001 0.136065 0.200001 0.200002 0.200003 0.2 0.136064 0.2 0.200001 0.2 0.20001 0.136036 0.200006 0.200042 0.200006 0.200001 0.136035 0.200012 0.200005 0.200043 0.200016 0.13601 0.200021 0.20002 0.200057 0.200014 0.13601 0.200009 0.20005 0.200006 0.200005 0.135935 0.200012 0.200003 0.200055 0.200005 0.135934 0.200006 0.200031 0.200001 0.200003 0.13585 0.200006 0.200004 0.200049 0.200002 0.135849 0.200001 0.200013 0.200004 0.200008 0.135845 0.200016 0.200031 0.200009 0.200022 0.135845 0.20001 0.200016 0.200036 0.200004 0.135786 0.200005 0.200018 0.200018 0.200003 0.135786 0.200004 0.200005 0.200011 0.200008 0.135767 0.200017 0.200016 0.200016 0.200023 0.135767 0.20001 0.200022 0.20002 0.200018 0.135754 0.200008 0.200023 0.200013 0.200006 0.135754 0.200011 0.200007 0.200017 0 0.13535 0.2 0 0.2 0.2 0 0.13535 0.2 0.134402 0.2 0.2 0.2 0.2 0.134402 0.2 0.2 0.200001 0.2 0.126438 0.2 0.2 0.2 0.2 0.126438 0.2 0.2 0.2 0.2 0.077992 0.2 0.2 0.2 0.2 0.077992 0.2 0.2 0.2 
</DataArray>
<DataArray type="Float64" Name="wall variable 2" format="ascii">
0 4.05687e-19 4.84349e-19 0 7.45182e-18 1.00908e-17 0 0 1.38527e-16 2.24445e-16 0 0 1.88312e-15 3.22718e-15 0 0 1.65373e-14 3.18562e-15 0 0 9.11374e-15 0 0 0 1.09395e-13 0 0 0 0 0 0 0 0 0 1.96721e-13 0 0 0 9.21381e-13 0 4.54041e-13 0 8.08317e-13 0 0 0 0 0 0 0 8.2923e-13 0 0 0 2.28511e-11 0 0 0 1.17932e-10 0 0 0 3.67434e-10 0 0 0 8.70421e-10 0 0 0 1.90419e-09 0 0 0 4.57334e-09 0 0 0 1.33666e-08 0 0 0 4.31933e-08 0 0 0 1.19099e-07 0 0 0 2.23892e-07 0 0 0 2.46007e-07 0 1.41074e-07 0 9.44542e-08 0 2.6576e-07 0 0 0 2.16303e-07 0 0 0 1.02458e-07 0 0 0 3.0827e-08 0 0 0 6.9235e-09 0 0 0 1.66357e-09 0 0 0 6.31527e-10 0 0 0 3.68785e-10 0 0 0 2.66388e-10 0 0 0 1.69961e-10 0 0 0 7.08978e-11 0 0 0 1.55877e-11 0 0 0 0 0 0 0 0 0 5.55592e-14 0 0 0 1.41112e-12 0 6.38415e-13 0 2.55366e-13 0 6.97698e-13 0 0 0 2.7527e-13 0 0 0 1.16268e-13 0 0 0 0 0 0 0 0 0 3.43126e-14 0 0 1.04202e-14 6.09853e-15 0 0 1.17795e-15 6.13445e-16 0 0 6.35665e-17 4.04038e-17 0 0 3.44928e-18 2.53989e-18 0 0 1.04213e-17 1.14813e-17 0 0 2.20378e-16 2.83563e-16 0 0 4.00301e-15 5.76884e-15 0 0 1.47938e-14 0 0 0 0 0 0 3.41543e-13 0 0 2.16676e-13 1.76155e-11 0 0 3.66875e-11 5.96632e-11 0 0 1.08785e-10 1.02012e-10 0 0 1.35332e-10 1.18649e-10 0 0 1.10385e-10 1.48823e-10 0 0 1.42361e-10 3.54472e-10 0 0 5.13728e-10 1.56064e-09 0 0 2.94149e-09 7.63172e-09 0 0 1.57088e-08 2.9527e-08 0 0 6.0436e-08 8.4023e-08 0 0 1.58783e-07 1.93946e-07 0 0 3.28344e-07 4.37674e-07 0 0 7.13386e-07 1.12371e-06 0 0 1.94008e-06 3.29156e-06 0 0 5.97277e-06 9.87991e-06 0 0 1.76002e-05 2.60847e-05 0 0 4.21164e-05 5.31768e-05 0 0 6.89395e-05 8.02979e-05 0 0 6.75068e-05 9.02308e-05 3.70155e-05 0 2.39099e-05 7.54725e-05 7.34307e-05 0 0 4.6233e-05 6.6191e-05 0 0 2.01231e-05 3.53186e-05 0 0 6.23459e-06 1.19434e-05 0 0 1.55401e-06 2.96454e-06 0 0 4.22597e-07 6.83632e-07 0 0 1.75231e-07 1.85228e-07 0 0 1.13069e-07 9.81375e-08 0 0 8.23062e-08 1.00192e-07 0 0 4.96568e-08 8.33295e-08 0 0 2.0949e-08 4.12609e-08 0 0 5.84168e-09 1.19266e-08 0 0 1.14639e-09 2.17104e-09 0 0 2.08326e-10 2.77391e-10 0 0 6.53863e-11 1.69519e-11 0 0 5.57962e-11 0 0 0 7.71511e-11 2.83281e-11 0 1.53448e-11 8.32221e-11 1.25576e-10 0 0 4.49893e-11 1.08619e-10 0 0 1.95786e-12 2.93671e-12 0 0 1.42982e-13 2.48027e-13 0 0 0 0 0 0 0 0 1.17653e-14 1.26952e-14 0 0 1.77485e-15 1.21937e-15 0 0 8.66744e-17 7.02e-17 2.96508e-16 2.74518e-16 0 0 5.31801e-15 7.07077e-15 0 0 0 0 0 0 0 0 1.77877e-13 1.23104e-13 0 0 3.4356e-11 2.14045e-11 0 0 4.48099e-10 2.36713e-10 0 0 2.58881e-09 2.01639e-09 0 0 6.85919e-09 6.19139e-09 0 0 7.55243e-09 1.03645e-08 0 0 2.46707e-09 1.12825e-08 0 0 2.27264e-09 1.21813e-08 0 0 2.04951e-08 2.52464e-08 0 0 1.2313e-07 1.09183e-07 0 0 6.61051e-07 5.5834e-07 0 0 2.59051e-06 2.24267e-06 0 0 6.81657e-06 6.51231e-06 0 0 1.4028e-05 1.52755e-05 0 0 3.00249e-05 3.45994e-05 0 0 7.47778e-05 8.34926e-05 0 0 0.000183534 0.000203677 0 0 0.000388461 0.000467197 0 0 0.000638284 0.000925072 0 0 0.000701522 0.00144917 0 0 0.000486454 0.00181951 0.000287194 0 0.000115953 0.00191154 0.000610419 0 0 0.0016972 0.000733938 0 0 0.00123786 0.000563754 0 0 0.000687284 0.000262206 0 0 0.000271483 8.17526e-05 0 0 8.31082e-05 2.16718e-05 0 0 2.69834e-05 6.22476e-06 0 0 1.26245e-05 3.74727e-06 0 0 8.51964e-06 4.12967e-06 0 0 6.20135e-06 3.49833e-06 0 0 3.70666e-06 1.72969e-06 0 0 1.53858e-06 4.87251e-07 0 0 4.12828e-07 8.75443e-08 0 0 7.62066e-08 1.22947e-08 0 0 1.34302e-08 0 0 0 4.72351e-09 0 0 5.27467e-10 5.00064e-09 0 0 4.32055e-09 7.88358e-09 5.85732e-09 0 1.35461e-09 8.98575e-09 6.51405e-09 0 0 5.60493e-09 2.37894e-09 0 0 1.1675e-09 3.20397e-10 0 0 1.7738e-10 3.66646e-12 0 0 2.45644e-12 0 0 0 0 0 2.02786e-14 7.04451e-15 0 0 0 2.07009e-15 2.00463e-15 5.85341e-15 4.11189e-15 0 0 0 2.44607e-15 0 0 0 0 2.67544e-13 2.15034e-13 0 0 8.02953e-11 6.9254e-11 0 0 2.01401e-09 1.72376e-09 0 0 2.03594e-08 1.68145e-08 0 0 1.15078e-07 9.54039e-08 0 0 3.15904e-07 2.93662e-07 0 0 3.34457e-07 4.90819e-07 6.6766e-08 0 3.47212e-08 5.10804e-07 0 0 0 4.73536e-07 0 0 5.22255e-07 8.15191e-07 0 0 3.59479e-06 3.32802e-06 0 0 1.9322e-05 1.72091e-05 0 0 7.274e-05 6.80026e-05 0 0 0.000176059 0.000188973 0 0 0.000331843 0.00042564 0 0 0.000638335 0.000918007 0 0 0.00125716 0.00191698 0 0 0.00188545 0.00330157 0 0 0.00206875 0.00457162 0 0 0.00192623 0.00554266 0 0 0.00135312 0.00601507 0 0 0.000656894 0.00609206 0.000644903 0 4.47043e-07 0.00595928 0.00125066 0 0 0.00563412 0.00181876 0 0 0.00507405 0.00212977 0 0 0.00407895 0.00177903 0 0 0.00262854 0.000944852 0 0 0.00131119 0.000361941 0 0 0.00062251 0.000134116 0 0 0.000350505 9.59523e-05 0 0 0.000243976 0.000103926 0 0 0.000175364 9.04736e-05 0 0 0.000105902 4.74692e-05 0 0 4.52261e-05 1.36649e-05 0 0 1.21843e-05 2.3999e-06 0 0 2.1609e-06 3.17568e-07 0 0 3.77086e-07 0 0 0 1.57728e-07 0 0 9.48445e-08 2.15404e-07 0 0 2.69949e-07 3.81195e-07 2.70387e-07 0 1.00372e-07 4.42753e-07 3.03472e-07 0 0 2.84181e-07 1.15372e-07 0 0 9.40731e-08 2.03836e-08 0 0 1.64049e-08 1.24277e-09 0 0 9.70298e-10 7.96834e-12 0 0 7.29084e-12 0 0 0 0 0 0 1.89686e-14 1.64606e-14 0 0 0 0 0 0 3.48834e-16 0 0 0 6.23545e-11 7.82287e-11 0 0 3.19189e-09 3.11037e-09 0 0 5.61711e-08 5.17422e-08 0 0 6.0957e-07 5.33879e-07 0 0 3.72153e-06 3.20772e-06 0 0 1.0601e-05 1.01735e-05 0 0 1.12387e-05 1.71632e-05 5.3245e-06 0 7.32955e-07 1.79501e-05 0 0 0 1.51016e-05 0 0 8.56786e-06 2.10604e-05 0 0 7.29086e-05 7.32107e-05 0 0 0.000337953 0.000329582 0 0 0.000946265 0.001043 0 0 0.00160015 0.00225516 0 0 0.00229494 0.00415406 0 0 0.00358242 0.00762727 0 0 0.00545434 0.0129635 0 0 0.00518618 0.0154807 0 0 0.00316568 0.0133885 0 0 0.00223772 0.0114327 0 0 0.00124533 0.0100775 0.000215495 0 0.000440014 0.00910777 0.000935342 0 0 0.00859247 0.00156848 0 0 0.00834091 0.00227636 0 0 0.00838315 0.00303573 0 0 0.00839665 0.0034052 0 0 0.00802277 0.00284911 0 0 0.00722571 0.00194697 0 0 0.00592333 0.00112377 0 0 0.00414552 0.000923268 0 0 0.00289903 0.000935663 0 0 0.00207682 0.000919874 0 0 0.00137475 0.000640613 0 0 0.000705206 0.000235453 0 0 0.000226651 4.61268e-05 0 0 4.36619e-05 5.57154e-06 0 0 8.21052e-06 0 0 0 4.38783e-06 0 0 5.03828e-06 7.56569e-06 0 0 1.05233e-05 1.4071e-05 9.43508e-06 0 3.17295e-06 1.58664e-05 1.03801e-05 0 0 1.00629e-05 3.827e-06 0 0 3.28734e-06 6.39552e-07 0 0 5.56737e-07 5.646e-08 0 0 5.18599e-08 1.49081e-09 0 0 1.76515e-09 3.08899e-12 0 0 3.87073e-12 0 0 0 0 0 0 0 1.15536e-14 0 0 1.91972e-12 4.31441e-12 0 0 1.24208e-09 2.01559e-09 0 0 5.43192e-08 5.6777e-08 0 0 1.02334e-06 1.00823e-06 0 0 1.21387e-05 1.13334e-05 0 0 7.60662e-05 6.99236e-05 0 0 0.000201798 0.000211925 0 0 0.000199962 0.000346552 0.000116532 0 3.60761e-05 0.000387236 0 0 0 0.000328273 0 0 4.13787e-05 0.00036661 0 0 0.000703405 0.000871638 0 0 0.0020941 0.00243846 0 0 0.00335876 0.00460744 0 0 0.00406598 0.00682329 0 0 0.0049976 0.0100654 0 0 0.00702156 0.0167789 0 0 0.0100824 0.0281142 0 0 0.00958452 0.0308516 0 0 0.00494869 0.0213168 0 0 0.00300008 0.01531 0 0 0.00157446 0.0121258 6.79665e-05 0 0.000695699 0.0103224 0.00126585 0 0 0.0096658 0.00197909 0 0 0.009398 0.00264459 0 0 0.00998804 0.00352 0 0 0.0111832 0.00432743 0 0 0.0128268 0.00428466 0 0 0.015988 0.00428512 0 0 0.0182691 0.00316735 0 0 0.0135935 0.00277015 0 0 0.00896315 0.00262274 0 0 0.00639202 0.00267859 0 0 0.00481057 0.0025004 0 0 0.00336265 0.00155524 0 0 0.00170776 0.000467041 0 0 0.000489716 4.6299e-05 0 0 0.000124009 0 0 0 9.36772e-05 0 0 0.000137351 0.000186227 0 0 0.000205642 0.000318756 0.000171079 0 2.82189e-05 0.000326818 0.000199924 0 0 0.000212919 7.9934e-05 0 0 7.32793e-05 1.31931e-05 0 0 1.22507e-05 1.10133e-06 0 0 1.09158e-06 3.49441e-08 0 0 5.55776e-08 1.42026e-10 0 0 2.25919e-10 1.04112e-12 0 0 0 0 0 0 3.1518e-12 0 0 2.3558e-10 4.85211e-10 0 0 1.92959e-08 2.17562e-08 0 0 5.43997e-07 5.92293e-07 0 0 1.08458e-05 1.1455e-05 0 0 0.000130228 0.00013059 0 0 0.000678958 0.000681759 0 0 0.00127931 0.00157526 0 0 0.00107421 0.00224979 0.000481568 0 0.000415703 0.00286659 0.000225948 0 0 0.00295003 0 0 0 0.00288307 0 0 0.00209178 0.00376456 0 0 0.00435158 0.00567225 0 0 0.00533013 0.00738738 0 0 0.00580794 0.00893908 0 0 0.00647331 0.0118012 0 0 0.0082186 0.0199301 0 0 0.0116148 0.0382954 0 0 0.0143179 0.0455813 0 0 0.00967126 0.0281522 0 0 0.00533494 0.0178215 0 0 0.00284496 0.0130902 0 0 0.00176734 0.0108913 0.00205253 0 0.000779029 0.0106482 0.00289202 0 0 0.00987423 0.00348952 0 0 0.0106339 0.00456484 0 0 0.0127071 0.00626703 0 0 0.0163484 0.00679254 0 0 0.0243842 0.00571411 0 0 0.0302718 0.00425253 0 0 0.0204342 0.00417672 0 0 0.0123386 0.00409484 0 0 0.00854059 0.00429122 0 0 0.0068452 0.00426885 0 0 0.00562686 0.00345258 0 0 0.00404852 0.00170873 0 0 0.00210508 0 0 0 0.000998853 0 0 4.22617e-05 0.0011344 0 0 0.00126017 0.00201482 9.03264e-05 0 0.00101316 0.00250227 0.000915794 0 0 0.00216213 0.00126524 0 0 0.00160089 0.000723756 0 0 0.000727275 0.000146951 0 0 0.000146184 1.25438e-05 0 0 1.3048e-05 6.34173e-07 0 0 6.91415e-07 1.18947e-08 0 0 1.8214e-08 8.31255e-11 0 0 0 0 0 1.76943e-10 0 1.1586e-10 1.26743e-09 3.5518e-09 0 0 1.17527e-07 1.03771e-07 0 0 8.86167e-08 2.7162e-06 2.95011e-06 0 0 2.91834e-06 5.25738e-05 5.8354e-05 0 0 5.69159e-05 0.000534543 0.000538142 0 0 0.000425827 0.000551717 0.00195443 0.0018622 0 0 0 0.00299214 0.00331267 0 0 0 0.00260308 0.00431147 0 0 0 0.00101708 0.00607761 0.000532063 0 0 0 0.00752638 0.000783493 0 0 0 0.00741892 0 0 0 0.00290236 0.00616984 0 0 0 0.00520112 0.00703506 0 0 0.00594952 0.00807776 0 0 0 0.00647418 0.00885114 0 0 0 0.00662377 0.010659 0 0 0 0.00662179 0.018357 0 0 0 0.00890838 0.040378 0 0 0 0.0175739 0.0568011 0 0 0 0.0190704 0.0358069 0 0 0 0.00796478 0.0204044 0 0 0 0.00402886 0.0138146 0 0 0 0.00335925 0.0115288 0 0 0 0.00317678 0.0132951 0.00445835 0 8.74583e-05 0 0 0.0103644 0.00436443 0 0 0 0.0109049 0.00446438 0 0 0 0.0136366 0.00535383 0 0 0 0.0193831 0.00903202 0 0 0 0.0313971 0.0115012 0 0 0 0.0370134 0.00568447 0 0 0 0.0225242 0.0037524 0 0 0 0.012882 0.00405834 0 0 0 0.00857227 0.00489382 0 0 0 0.00720543 0.00536004 0 0 0 0.00625174 0.00520841 0 0 0 0.00491702 0.00414706 0 0 0 0.00341462 0.00242695 0 0 0 0.00309736 0 0 0 0.00109003 0.00469558 0 0 0 0.00321394 0.0060033 0 0 0 0.00164298 0.00556727 0.000311821 0 0 0 0.00423598 0.00223989 0 0 0 0.00342691 0.00298655 0 0 0 0.002017 0.00211996 0.000444015 0 0 0.000617234 0.000624706 0.000493584 0 0 6.84067e-05 6.62906e-05 6.72034e-05 0 0 3.77768e-06 4.14805e-06 3.63385e-06 0 0 1.83957e-07 1.15175e-07 0 2.6566e-09 0 0 0 0 0 0 2.93183e-10 3.79657e-10 0 0 1.41551e-08 9.52797e-09 0 0 6.30053e-07 6.07513e-07 0 0 7.97342e-07 2.43907e-05 2.84641e-05 0 0 3.22413e-05 0.000555426 0.00058799 0 0 0.000653474 0.00171681 0.00313709 0.00266574 0 0 0.00189448 0.00584013 0.00544333 0 0 8.26535e-06 0.00705286 0.00818904 0 0 0 0.00641742 0.00997382 0 0 0 0.00192034 0.0162845 0.00469409 0 0 0 0.0208718 0.0071117 0 0 0 0.0209205 0 0 0 0.00225248 0.0113129 0 0 0.00166757 0.00926113 0.00963626 0 0 0.000897929 0.0106073 0.0106774 0 0 0 0.011295 0.012067 0 0 0 0.011275 0.0148816 0 0 0.00798725 0.0303446 0 0 0 0.00250154 0.0645028 0 0 0 0.0125853 0.0899652 0 0 0 0.0222642 0.041066 0 0 0 0.0126675 0.0190077 0 0 0 0.011363 0.0140727 0 0.00127809 0 0.0115362 0.0144685 0 0.00428802 0 0.0115519 0.0195771 0.0123654 0 0.00775653 0 0 0.0138033 0.0123994 0 0.00403215 0 0.0122901 0.0122147 0 0.000793982 0 0.0135794 0.0123085 0 0 0 0.0202721 0.0124415 0 0 0 0.0438739 0.0088579 0 0 0 0.0607104 0 0 0 0.0054584 0.0409017 0 0 0 0.00380428 0.0252953 0.00493974 0 0 0 0.0138506 0.00927101 0 0 0 0.0111306 0.0100713 0 0 0 0.00923832 0.00980937 0.000482993 0 0 0.00715538 0.00846298 0.00286972 0 0 0.00536946 0.00434666 0.000148754 0 0 0.00904027 0 0 0 0.00649826 0.0154488 0 0 0 0.0122167 0.0169925 0 0 0 0.00706909 0.0151099 0.000100404 0 0 0 0.00989706 0.00520707 0 0 0 0.00867727 0.00661544 0 0 0 0.00635003 0.00682626 0.000836142 0 0 0.003344 0.00399047 0.00337503 0 0 0.000571407 0.000551711 0.000675695 0 0 2.58418e-05 2.43626e-05 3.07809e-05 0 0 7.71641e-07 7.00746e-07 0 7.07824e-09 0 1.01831e-08 1.14517e-08 0 0 0 0 0 0 0 0 0 1.40286e-09 0 0 0 2.00682e-07 0 0 0 1.73967e-05 0 0 0 0.00218596 0.0091778 0.00967507 0 0 0.00639952 0.0141837 0.0105494 0 0 0.00872962 0.020879 0.019259 0 0 0.0154362 0.033761 0.0408352 0.0191743 0 0 0 0.0416204 0.028966 0 0 0 0.0326602 0.0191486 0 0 0 0.0282506 0 0 0 0.00400528 0.0136955 0 0 0.00582015 0.0170024 0.0108204 0 0 0.00751052 0.0216019 0.0143597 0 0 0.00820505 0.0284289 0.0250592 0 0 0.0203689 0.0514356 0.0656448 0.0251126 0.000556209 0 0 0.066463 0.0336893 0 0 0 0.0706438 0.00897415 0 0 0 0.0758529 0 0 0 0.0229195 0.0347078 0 0 5.98722e-05 0.0277524 0.0186773 0 0 0 0.0302119 0.0170886 0 0 0 0.0370103 0.029441 0 0.00706769 0.0128278 0.0604835 0.0853422 0.0606806 0.0126228 0.0143262 0 0.0293248 0.0379176 0 0.00693465 0 0.0162053 0.0316285 0 0 0 0.0151814 0.0293491 0.0032507 0 0 0.0198366 0.0239794 0.00217485 0 0 0.0394812 0.00605233 0 0 0 0.0550373 0 0 0 0.0242338 0.0512864 0 0 0 0.0390517 0.0602489 0 0 0 0.0272324 0.0650797 0.0495695 0.0196163 0.000520817 0 0.0247837 0.0272452 0.00723525 0 0 0.0137939 0.0208836 0.00632173 0 0 0.008813 0.017641 0.00674202 0 0 0.00593699 0.0095231 0.00104993 0 0 0.0119033 0 0 0 0.0103828 0.0201726 0 0 0 0.0263986 0.0269824 0 0 0 0.0315086 0.0395638 0 0 0 0.0209123 0.0404499 0.0315954 0.0148096 0 0 0.0203023 0.0174937 0.00812448 0 0 0.0156734 0.0126449 0 0 0 0.0289857 0.0155234 0 0 0 0.0012333 0.00203925 0 0 0 4.31954e-05 0 0 0 6.19004e-07 0 0 0 5.13297e-10 0 0 0 0.000134925 0 0.000569101 0 0 0 0 0 9.31909e-07 0 1.04202e-05 0 0 0.0133036 0 0 0 0.0105173 0.00285575 0.00944059 0 0 0.0248084 0.0114978 0 0 0 0 0.0122981 0.0357647 0 0 0.0342341 0.0173899 0 0 0 0 0.0144587 0.0414369 0 0 0.0440216 0.0143258 0 0 0 0.0503963 0.00623857 0.041047 0 0.0525999 0 0 0 1.12715e-08 0 8.06231e-08 0 0 0.0265443 0.000767113 0 0 0.0283432 0.0434793 0.0060673 0.050344 0.0509011 0 0 0.00176814 0.0268415 0.0263514 0 0.0169162 4.63921e-05 0 0 0.0142169 0 0.0035579 0.0157068 0.00789446 0 0.0085797 0.00162163 0 0 0 0 0.0127926 0.00548315 0 0 0 0.0115612 0.00127663 0 0 0.0182746 0.0224689 0 0 0 0 0.0169217 0.0235583 0 0 0.0435096 0.0199366 0 0 0 0 0.0168284 0.0406607 0 0 0.0614894 0.0131315 0 0 0 0 0.0122103 0.0568185 0 0 0.0720902 0.00601501 0 0 0 0 0.00581498 0.0676753 0 0 0.0611614 0 0.0715614 0.0690519 0 0.0708189 0 0.0574164 0 0.0724444 0 0.00451082 0.0375091 0.0303478 0 0.0360224 0.00251854 0 0 0.0368612 0.00350882 0.00279053 0 0 0 0.000325446 0 0.00936664 0.0174276 0 0 0 0.000149649 0.000157854 0 0 4.16408e-06 0.000158244 0 0.00198774 0.00259074 0.0016896 0 0 0 0.0175294 0.0219997 0 0 0.020198 0.00714063 0 0 0.0110209 0.0109367 0.00572679 0 0 0 0.000872262 0.00772469 0.0176456 0 0 0.0153823 0.00681405 0 0 0 0.00635678 0.00575717 0.016066 0 0 0.0100503 0.0414909 0.011385 0 0 0.0101868 0.0239351 0 0 0 0.0178534 0.00367648 0.0104637 0 0.00791901 0.0171589 0.00590207 0.00557966 0 0 0.0126729 0.00399556 0.0176597 0.00573386 0 0.0235386 0.00361336 0 0 0.0186608 0.0722801 0.0342263 0 0 0 0 0.0376987 0.0304936 0 0 0.0445829 0 0.0449648 0 0.0210105 0 0.0507615 0 0 0.119352 0.01736 0.00276376 0 0 0 0.0287071 0.0795138 0 0 0.0198938 0.00315303 0 0 0.016552 0 0.00454603 0.0245889 0.016013 0 0.0503068 0 0.0215988 0 0 0.0106748 0 0.0500632 0 0 0.149957 0.00241028 0.00580655 0 0 0.00284522 0.0155667 0.11855 0 0 0.164883 0 0 0 0 0.00661908 0.00248471 0.147588 0 0 0.146887 0 0.146226 0 0 0 0.163778 0 0 0.0507337 0 0.011225 0 0 0.00542037 0.00408375 0.0478835 0 0 0 0.00632294 0.0208175 0.00953861 0 0.0110052 0.00329228 0 0 0.00387638 0.0496636 0.0041433 0.00666953 0 0 0.00166677 0.0128015 0.0397297 0 0 0 0.011553 0.00911613 0 0 0 0.0063844 0 0 0 0.0394008 0.0167751 0.00879347 0 0 0.00894537 0.0267325 0.0164223 0 0 0.00960181 0.0122062 0 0 0 0 0.00739032 0.0131814 0 0 3.0493e-06 3.40374e-06 0 0 3.1373e-06 3.40609e-06 0 0.000106313 0.000109452 0.000110443 7.286e-05 0 0.0253285 0.00969477 0 0 0 0 0.00763564 0.0219187 0 0 0.00876598 0.0348398 0.0446634 0 0 0.0379445 0.0213991 0 0 0 0.0305029 0.00613688 0.00360919 0 0 0.00402069 0.00548552 0.0266659 0 0 0 0.0113073 0.0669052 0 0 0.0460381 0.00400184 0 0 0.0148216 0.0321998 0.00275506 0.0110371 0 0 0.0112498 0.00266956 0.0282965 0 0 0 0.00119281 0.0512949 0.0149231 0 0.0430094 0.000621621 0 0 0.0236482 0.0263654 0.000349757 0.0318475 0.00478906 0 0.0303824 0.000763216 0.0223952 0 0.00898728 3.45388e-08 4.92675e-08 0 0 6.2239e-08 5.79213e-08 0 2.17208e-06 1.64747e-06 2.56039e-06 2.51889e-06 0 0.00778562 0 0.00864901 0 0.00830165 0.000145003 0.0108508 0 0 0.00970286 7.60012e-05 0.00931366 0 0 0.00682544 0.000341133 0.0122614 0 0 0.01154 0.000287528 0.00810498 0 0 0.00665918 0.000977515 0.0137022 0 0 0.0139768 0.00128265 0.00941972 0 0 0.00815511 0.00317319 0.0139234 0 0 0.0164735 0.00529398 0.0171272 0 0 0.0164355 0.00868735 0.0103869 0 0 0.0249585 0.0117348 0.0427481 0 0 0.033988 0.00922455 0.00459795 0 0 0.0155506 0.00660421 0.050447 0 0 0.0320809 0.0034428 0.00190591 0 0 0.00148346 0.00061737 0 0 0 0.00111923 0.00131367 0.00404812 0 0 0.00379222 0.0011951 0.000795223 0 0 0.00308969 0.00121361 0.00420516 0 0 0.0107386 0.00231901 0.0279849 0 0 0.019182 0.00142432 0.00510877 0 0 0.00449105 0.00121997 0.0028067 0 0 0.00565241 0.000983372 0.00226862 0 9.58615e-05 0.00877709 0.00128434 0 0 0.00371058 0.00304736 0.00109436 0.00565202 0 0 0 0.000741145 0.00175448 0 0 0.000196284 0.000110495 0 0 0 0.00877804 0.0016588 0 0 0.00517678 0.00101564 0.00159285 0.00952768 0.0021353 0 0.00973114 0.00128984 0.0119472 0 0 0.00955385 0.000957031 0.00672423 0 0 0 0.00262528 0.00983015 0.00176125 0 0.00456551 0.00186276 0 0 0.00125046 0 0.00394546 0.00465085 0 0 0.000246228 0.00180331 0 0 0 0.00539645 0.000993758 0.00853985 0 0 0.0107399 0.00124928 0.00604027 0 0 0.00443672 0.00341892 0.00147705 0 0 0.000195138 0.00182101 0.00484257 0 0 0.00351001 0.0013549 0.00910271 0 0 0.0109936 0.00171857 0.0039771 0 0 0.00976699 0.0025326 0.0025623 0 0 0.00189424 0.00178553 0.00794438 0 0 0 0 0 0 0 0 0 1.92668e-11 1.06793e-05 7.27822e-06 0 0 0 0 0.000127153 0.00022358 0 0 3.60125e-07 3.02575e-07 0 0 0 0 8.24228e-06 1.16713e-05 0 0 5.59348e-09 7.40673e-09 0 0 0 0 2.17623e-07 2.48803e-07 0 0 
</DataArray>
</CellData>
</Piece>
</UnstructuredGrid>
</VTKFile>
