<VTKFile type="UnstructuredGrid" version="0.1">
<UnstructuredGrid>
<Piece  NumberOfPoints="    3321" NumberOfCells="    2568">
<Points>
<DataArray type="Float64" NumberOfComponents="3" format="ascii">
-0.162227 -9.09468 0 
-0.161881 -9.08985 0 
-0.161531 -9.08408 0 
-0.161145 -9.07731 0 
-0.160651 -9.06947 0 
-0.159939 -9.06052 0 
-0.158877 -9.05047 0 
-0.157329 -9.03937 0 
-0.155166 -9.02735 0 
-0.152282 -9.01456 0 
-0.148594 -9.0012 0 
-0.144049 -8.98749 0 
-0.138618 -8.97364 0 
-0.132296 -8.95987 0 
-0.125095 -8.94637 0 
-0.117039 -8.93335 0 
-0.108163 -8.92095 0 
-0.0985057 -8.90935 0 
-0.088112 -8.89867 0 
-0.0770303 -8.88905 0 
-0.0653147 -8.88063 0 
-0.0530284 -8.87351 0 
-0.0402484 -8.86782 0 
-0.0270698 -8.86366 0 
-0.0136087 -8.86112 0 
-4.07321e-07 -8.86027 0 
0.0136078 -8.86112 0 
0.027069 -8.86366 0 
0.0402476 -8.86782 0 
0.0530276 -8.87351 0 
0.0653139 -8.88063 0 
0.0770295 -8.88905 0 
0.0881112 -8.89867 0 
0.0985048 -8.90935 0 
0.108162 -8.92095 0 
0.117038 -8.93335 0 
0.125094 -8.94637 0 
0.132295 -8.95987 0 
0.138617 -8.97364 0 
0.144048 -8.98749 0 
0.148593 -9.0012 0 
0.152281 -9.01456 0 
0.155165 -9.02735 0 
0.157328 -9.03937 0 
0.158876 -9.05047 0 
0.159938 -9.06052 0 
0.16065 -9.06947 0 
0.161144 -9.07731 0 
0.16153 -9.08408 0 
0.16188 -9.08985 0 
0.162226 -9.09468 0 
-1.2446 -9.00084 0 
-1.23968 -8.91192 0 
-1.23185 -8.80204 0 
-1.22041 -8.67806 0 
-1.20475 -8.546 0 
-1.18454 -8.41026 0 
-1.15967 -8.27383 0 
-1.1302 -8.13871 0 
-1.09624 -8.00625 0 
-1.05795 -7.87741 0 
-1.01547 -7.75295 0 
-0.968952 -7.63349 0 
-0.918571 -7.51959 0 
-0.864496 -7.41172 0 
-0.806912 -7.31036 0 
-0.746007 -7.21593 0 
-0.681975 -7.1288 0 
-0.61501 -7.04936 0 
-0.545306 -6.97794 0 
-0.473055 -6.91491 0 
-0.398456 -6.86061 0 
-0.32173 -6.8154 0 
-0.243139 -6.77966 0 
-0.16302 -6.75378 0 
-0.0818003 -6.73809 0 
-4.07321e-07 -6.73284 0 
0.0817995 -6.73809 0 
0.163019 -6.75378 0 
0.243139 -6.77966 0 
0.321729 -6.8154 0 
0.398456 -6.86061 0 
0.473054 -6.91491 0 
0.545305 -6.97794 0 
0.615009 -7.04936 0 
0.681974 -7.1288 0 
0.746006 -7.21593 0 
0.806911 -7.31036 0 
0.864496 -7.41172 0 
0.91857 -7.51959 0 
0.968951 -7.63349 0 
1.01546 -7.75295 0 
1.05795 -7.87741 0 
1.09624 -8.00625 0 
1.13019 -8.13871 0 
1.15967 -8.27383 0 
1.18454 -8.41026 0 
1.20475 -8.546 0 
1.22041 -8.67806 0 
1.23185 -8.80204 0 
1.23968 -8.91192 0 
1.2446 -9.00084 0 
-2.48081 -8.9543 0 
-2.47175 -8.75768 0 
-2.4558 -8.51315 0 
-2.43149 -8.24386 0 
-2.39803 -7.96468 0 
-2.35523 -7.68387 0 
-2.30316 -7.40593 0 
-2.24203 -7.13351 0 
-2.17211 -6.86838 0 
-2.0937 -6.61188 0 
-2.0071 -6.36516 0 
-1.91267 -6.12922 0 
-1.81075 -5.90499 0 
-1.70175 -5.69334 0 
-1.58606 -5.49509 0 
-1.4641 -5.31097 0 
-1.33631 -5.1417 0 
-1.20312 -4.98791 0 
-1.06497 -4.85023 0 
-0.922297 -4.72921 0 
-0.775556 -4.62544 0 
-0.625226 -4.53945 0 
-0.471837 -4.47181 0 
-0.316004 -4.42302 0 
-0.158449 -4.39354 0 
-4.07321e-07 -4.38368 0 
0.158448 -4.39354 0 
0.316003 -4.42302 0 
0.471836 -4.47181 0 
0.625225 -4.53945 0 
0.775555 -4.62544 0 
0.922296 -4.72921 0 
1.06497 -4.85023 0 
1.20312 -4.98791 0 
1.33631 -5.1417 0 
1.4641 -5.31097 0 
1.58606 -5.49509 0 
1.70175 -5.69334 0 
1.81075 -5.90499 0 
1.91266 -6.12922 0 
2.0071 -6.36516 0 
2.0937 -6.61188 0 
2.17211 -6.86838 0 
2.24203 -7.13351 0 
2.30315 -7.40593 0 
2.35523 -7.68387 0 
2.39803 -7.96468 0 
2.43149 -8.24386 0 
2.4558 -8.51315 0 
2.47175 -8.75768 0 
2.48081 -8.9543 0 
-3.72263 -8.92566 0 
-3.71048 -8.61114 0 
-3.68722 -8.22305 0 
-3.65073 -7.80405 0 
-3.60018 -7.37624 0 
-3.53551 -6.94989 0 
-3.45692 -6.53007 0 
-3.36474 -6.11972 0 
-3.25936 -5.72096 0 
-3.1412 -5.33552 0 
-3.01073 -4.965 0 
-2.86847 -4.61084 0 
-2.71497 -4.27442 0 
-2.55083 -3.95705 0 
-2.37666 -3.65994 0 
-2.19312 -3.38421 0 
-2.00089 -3.13093 0 
-1.80064 -2.90107 0 
-1.59309 -2.69552 0 
-1.37894 -2.51513 0 
-1.15891 -2.3607 0 
-0.933775 -2.23298 0 
-0.704345 -2.13268 0 
-0.471535 -2.06047 0 
-0.236374 -2.0169 0 
-4.07321e-07 -2.00233 0 
0.236373 -2.0169 0 
0.471534 -2.06047 0 
0.704344 -2.13268 0 
0.933774 -2.23298 0 
1.15891 -2.3607 0 
1.37894 -2.51513 0 
1.59309 -2.69552 0 
1.80064 -2.90107 0 
2.00089 -3.13093 0 
2.19312 -3.38421 0 
2.37666 -3.65994 0 
2.55083 -3.95705 0 
2.71497 -4.27442 0 
2.86847 -4.61084 0 
3.01073 -4.965 0 
3.1412 -5.33552 0 
3.25936 -5.72096 0 
3.36474 -6.11972 0 
3.45692 -6.53007 0 
3.53551 -6.94989 0 
3.60018 -7.37624 0 
3.65073 -7.80405 0 
3.68722 -8.22305 0 
3.71047 -8.61114 0 
3.72263 -8.92566 0 
-4.96537 -8.90533 0 
-4.95039 -8.46628 0 
-4.91995 -7.93072 0 
-4.87133 -7.36119 0 
-4.80376 -6.78509 0 
-4.71729 -6.21369 0 
-4.61224 -5.65229 0 
-4.48905 -5.10413 0 
-4.34822 -4.57172 0 
-4.19033 -4.05724 0 
-4.01598 -3.56273 0 
-3.82588 -3.09015 0 
-3.62076 -2.64131 0 
-3.40143 -2.21797 0 
-3.16871 -1.82175 0 
-2.92351 -1.45418 0 
-2.66673 -1.11666 0 
-2.39931 -0.810503 0 
-2.12223 -0.536909 0 
-1.83645 -0.296988 0 
-1.54299 -0.0917668 0 
-1.2429 0.0777957 0 
-0.937276 0.210813 0 
-0.627344 0.306494 0 
-0.314435 0.364193 0 
-4.07321e-07 0.383476 0 
0.314434 0.364193 0 
0.627343 0.306494 0 
0.937275 0.210813 0 
1.24289 0.0777957 0 
1.54299 -0.0917668 0 
1.83645 -0.296988 0 
2.12223 -0.536909 0 
2.39931 -0.810503 0 
2.66673 -1.11666 0 
2.92351 -1.45418 0 
3.16871 -1.82175 0 
3.40143 -2.21797 0 
3.62076 -2.64131 0 
3.82588 -3.09015 0 
4.01598 -3.56273 0 
4.19032 -4.05724 0 
4.34822 -4.57172 0 
4.48905 -5.10413 0 
4.61224 -5.65229 0 
4.71729 -6.21369 0 
4.80376 -6.78509 0 
4.87133 -7.36119 0 
4.91995 -7.93072 0 
4.95039 -8.46628 0 
4.96537 -8.90533 0 
-6.20825 -8.88993 0 
-6.19057 -8.32167 0 
-6.15293 -7.63677 0 
-6.09218 -6.91677 0 
-6.00758 -6.19286 0 
-5.89931 -5.47679 0 
-5.7678 -4.77404 0 
-5.6136 -4.08819 0 
-5.43733 -3.42215 0 
-5.23969 -2.77862 0 
-5.02146 -2.16013 0 
-4.78351 -1.56909 0 
-4.52676 -1.00781 0 
-4.25222 -0.478466 0 
-3.96095 0.0168896 0 
-3.65406 0.476346 0 
-3.33272 0.898128 0 
-2.99811 1.2806 0 
-2.65146 1.62226 0 
-2.29404 1.92173 0 
-1.92713 2.17775 0 
-1.55205 2.38915 0 
-1.17023 2.55489 0 
-0.783165 2.67404 0 
-0.392502 2.74586 0 
-4.07321e-07 2.76986 0 
0.392501 2.74586 0 
0.783164 2.67404 0 
1.17023 2.55489 0 
1.55205 2.38915 0 
1.92713 2.17775 0 
2.29404 1.92173 0 
2.65146 1.62226 0 
2.99811 1.2806 0 
3.33271 0.898128 0 
3.65406 0.476346 0 
3.96095 0.0168896 0 
4.25222 -0.478466 0 
4.52676 -1.00781 0 
4.78351 -1.56909 0 
5.02146 -2.16013 0 
5.23969 -2.77862 0 
5.43733 -3.42215 0 
5.6136 -4.08819 0 
5.7678 -4.77404 0 
5.89931 -5.47679 0 
6.00758 -6.19286 0 
6.09218 -6.91677 0 
6.15293 -7.63677 0 
6.19057 -8.32167 0 
6.20825 -8.88993 0 
-7.45112 -8.87777 0 
-7.43081 -8.17684 0 
-7.38596 -7.34165 0 
-7.31304 -6.47147 0 
-7.2114 -5.60014 0 
-7.08133 -4.73965 0 
-6.92337 -3.89568 0 
-6.73815 -3.07219 0 
-6.52643 -2.27257 0 
-6.28904 -1.5 0 
-6.02693 -0.757513 0 
-5.74113 -0.048024 0 
-5.43275 0.625703 0 
-5.10301 1.26105 0 
-4.75318 1.85554 0 
-4.3846 2.40687 0 
-3.99869 2.91292 0 
-3.59688 3.3717 0 
-3.18068 3.78143 0 
-2.75161 4.14044 0 
-2.31124 4.44725 0 
-1.86119 4.7005 0 
-1.40316 4.89895 0 
-0.938969 5.04157 0 
-0.470559 5.1275 0 
-4.0732e-07 5.15621 0 
0.470558 5.1275 0 
0.938968 5.04157 0 
1.40316 4.89895 0 
1.86119 4.7005 0 
2.31124 4.44725 0 
2.75161 4.14044 0 
3.18068 3.78143 0 
3.59688 3.3717 0 
3.99868 2.91292 0 
4.3846 2.40687 0 
4.75318 1.85554 0 
5.10301 1.26105 0 
5.43275 0.625703 0 
5.74113 -0.048024 0 
6.02693 -0.757513 0 
6.28904 -1.5 0 
6.52643 -2.27257 0 
6.73815 -3.07219 0 
6.92336 -3.89568 0 
7.08133 -4.73965 0 
7.2114 -5.60014 0 
7.31304 -6.47147 0 
7.38596 -7.34165 0 
7.43081 -8.17684 0 
7.45112 -8.87777 0 
-8.69378 -8.86789 0 
-8.67087 -8.03166 0 
-8.61879 -7.04575 0 
-8.53367 -6.02569 0 
-8.41499 -5.00727 0 
-8.26311 -4.00254 0 
-8.07868 -3.01747 0 
-7.86244 -2.05641 0 
-7.61527 -1.12325 0 
-7.33814 -0.221685 0 
-7.03215 0.644742 0 
-6.6985 1.47264 0 
-6.3385 2.25878 0 
-5.95356 3.00009 0 
-5.54518 3.69368 0 
-5.11493 4.33687 0 
-4.66446 4.92715 0 
-4.19548 5.46223 0 
-3.70973 5.93999 0 
-3.20903 6.35853 0 
-2.69522 6.71611 0 
-2.17022 7.01118 0 
-1.63601 7.24234 0 
-1.09472 7.40841 0 
-0.548589 7.50845 0 
-4.06341e-07 7.54187 0 
0.548588 7.50845 0 
1.09472 7.40841 0 
1.63601 7.24234 0 
2.17022 7.01118 0 
2.69522 6.71611 0 
3.20903 6.35853 0 
3.70973 5.93999 0 
4.19548 5.46223 0 
4.66446 4.92715 0 
5.11493 4.33687 0 
5.54518 3.69368 0 
5.95356 3.00009 0 
6.3385 2.25878 0 
6.6985 1.47264 0 
7.03215 0.644742 0 
7.33814 -0.221685 0 
7.61527 -1.12325 0 
7.86244 -2.05641 0 
8.07868 -3.01747 0 
8.26311 -4.00254 0 
8.41498 -5.00727 0 
8.53367 -6.02569 0 
8.61879 -7.04575 0 
8.67087 -8.03166 0 
8.69377 -8.86789 0 
-9.9352 -8.85972 0 
-9.90972 -7.88624 0 
-9.85036 -6.74953 0 
-9.75299 -5.58006 0 
-9.61717 -4.41493 0 
-9.44342 -3.2663 0 
-9.23245 -2.14042 0 
-8.98513 -1.04209 0 
-8.70245 0.024299 0 
-8.38554 1.05454 0 
-8.03566 2.0446 0 
-7.65417 2.99061 0 
-7.24259 3.88886 0 
-6.80251 4.73585 0 
-6.33566 5.52828 0 
-5.84383 6.26308 0 
-5.32891 6.93737 0 
-4.79286 7.54853 0 
-4.2377 8.09416 0 
-3.66551 8.57207 0 
-3.07841 8.98029 0 
-2.4786 9.31706 0 
-1.86837 9.58084 0 
-1.25014 9.77029 0 
-0.626453 9.88441 0 
4.59888e-07 9.92253 0 
0.626452 9.88441 0 
1.25014 9.77029 0 
1.86837 9.58084 0 
2.4786 9.31706 0 
3.07841 8.98029 0 
3.66551 8.57207 0 
4.2377 8.09416 0 
4.79286 7.54853 0 
5.32891 6.93737 0 
5.84383 6.26308 0 
6.33566 5.52828 0 
6.80251 4.73585 0 
7.24259 3.88886 0 
7.65417 2.99061 0 
8.03566 2.0446 0 
8.38554 1.05454 0 
8.70245 0.0242989 0 
8.98513 -1.04209 0 
9.23245 -2.14042 0 
9.44342 -3.2663 0 
9.61717 -4.41493 0 
9.75299 -5.58006 0 
9.85036 -6.74953 0 
9.90972 -7.88624 0 
9.9352 -8.85972 0 
-11.1696 -8.85309 0 
-11.1415 -7.74153 0 
-11.0746 -6.45493 0 
-10.9645 -5.13709 0 
-10.8109 -3.82661 0 
-10.6151 -2.5354 0 
-10.3771 -1.27045 0 
-10.0981 -0.0367047 0 
-9.77939 1.16091 0 
-9.42233 2.31771 0 
-9.02832 3.42921 0 
-8.59892 4.4911 0 
-8.13582 5.49926 0 
-7.64084 6.4498 0 
-7.11589 7.33902 0 
-6.56299 8.16349 0 
-5.98426 8.92 0 
-5.38189 9.60561 0 
-4.75816 10.2176 0 
-4.11539 10.7536 0 
-3.45599 11.2114 0 
-2.78242 11.5889 0 
-2.09727 11.8846 0 
-1.40323 12.0969 0 
-0.703148 12.2248 0 
-2.85665e-07 12.2675 0 
0.703147 12.2248 0 
1.40323 12.0969 0 
2.09727 11.8846 0 
2.78242 11.5889 0 
3.45599 11.2114 0 
4.11539 10.7536 0 
4.75816 10.2176 0 
5.38189 9.60561 0 
5.98425 8.92 0 
6.56299 8.16349 0 
7.11589 7.33902 0 
7.64084 6.4498 0 
8.13582 5.49926 0 
8.59892 4.4911 0 
9.02831 3.42921 0 
9.42233 2.31771 0 
9.77939 1.16091 0 
10.0981 -0.0367028 0 
10.3771 -1.27045 0 
10.6151 -2.5354 0 
10.8109 -3.82661 0 
10.9645 -5.13709 0 
11.0746 -6.45493 0 
11.1415 -7.74153 0 
11.1696 -8.85309 0 
-12.3648 -8.84865 0 
-12.3334 -7.60128 0 
-12.2567 -6.16989 0 
-12.1305 -4.71053 0 
-11.9551 -3.26259 0 
-11.7329 -1.83839 0 
-11.4632 -0.445186 0 
-11.1485 0.911956 0 
-10.7905 2.22769 0 
-10.3907 3.49713 0 
-9.95083 4.71562 0 
-9.47281 5.87868 0 
-8.9585 6.98206 0 
-8.40987 8.02167 0 
-7.82904 8.99367 0 
-7.21818 9.89445 0 
-6.57957 10.7206 0 
-5.91558 11.4691 0 
-5.22866 12.137 0 
-4.52131 12.7217 0 
-3.79611 13.221 0 
-3.05575 13.6327 0 
-2.30298 13.955 0 
-1.54071 14.1864 0 
-0.771987 14.3257 0 
-1.09992e-06 14.3722 0 
0.771986 14.3257 0 
1.54071 14.1864 0 
2.30298 13.955 0 
3.05575 13.6327 0 
3.79611 13.221 0 
4.52131 12.7217 0 
5.22866 12.137 0 
5.91558 11.4691 0 
6.57957 10.7206 0 
7.21817 9.89445 0 
7.82904 8.99367 0 
8.40987 8.02167 0 
8.9585 6.98206 0 
9.47282 5.87868 0 
9.95083 4.71561 0 
10.3907 3.49713 0 
10.7905 2.22769 0 
11.1485 0.911953 0 
11.4632 -0.445182 0 
11.7329 -1.83839 0 
11.9551 -3.26259 0 
12.1305 -4.71053 0 
12.2567 -6.16989 0 
12.3334 -7.60128 0 
12.3648 -8.84865 0 
-10.8723 -4.31248 0 
-12.0695 -4.14767 0 
12.0697 -4.14933 0 
10.872 -4.31076 0 
-11.0135 -5.67471 0 
-12.2098 -5.5564 0 
12.21 -5.55863 0 
11.0133 -5.67239 0 
-10.6846 -2.96632 0 
-11.8834 -2.75431 0 
11.8836 -2.75551 0 
10.6844 -2.96508 0 
-11.3853 -2.04892 0 
-10.7471 -0.996065 0 
10.7481 -0.995341 0 
11.3842 -2.04957 0 
-11.1397 -0.685466 0 
-10.4432 0.268979 0 
10.4415 0.2675 0 
11.1415 -0.684095 0 
-10.8459 0.6434 0 
-10.1024 1.49646 0 
10.1033 1.4974 0 
10.8449 0.642515 0 
-11.1072 -7.02844 0 
-12.3033 -6.95569 0 
12.3034 -6.95861 0 
11.107 -7.02542 0 
9.72843 2.68606 0 
10.5026 1.92812 0 
-10.5011 1.92652 0 
-9.72981 2.68771 0 
-10.1132 3.16283 0 
-9.3213 3.83393 0 
9.32174 3.83454 0 
10.1128 3.16224 0 
-9.6809 4.34235 0 
-8.88123 4.9361 0 
8.88131 4.93623 0 
9.68081 4.34222 0 
-9.21095 5.46566 0 
-8.40673 5.98484 0 
8.40641 5.98427 0 
9.21131 5.46623 0 
-8.70421 6.52623 0 
-7.90058 6.97849 0 
7.90111 6.97956 0 
8.70361 6.52516 0 
-8.16227 7.51792 0 
-7.36508 7.91541 0 
7.36506 7.91537 0 
8.16229 7.51796 0 
-7.59052 8.44254 0 
-6.79933 8.78653 0 
6.79883 8.78522 0 
7.59109 8.44386 0 
-6.99022 9.29451 0 
-6.20629 9.59064 0 
6.20621 9.59039 0 
6.99032 9.29476 0 
-6.36402 10.0711 0 
-5.58785 10.3242 0 
5.58803 10.3249 0 
6.3638 10.0704 0 
-5.71452 10.7697 0 
-4.94606 10.984 0 
4.9464 10.9854 0 
5.71412 10.7683 0 
-10.4072 -4.02443 0 
-9.87076 -3.00109 0 
9.87062 -3.00117 0 
10.4073 -4.02436 0 
-10.5273 -5.29583 0 
-10.0782 -4.18908 0 
10.0776 -4.18937 0 
10.5279 -5.2956 0 
-5.04435 11.3881 0 
-4.28311 11.5671 0 
4.28352 11.5691 0 
5.04386 11.3861 0 
-10.2395 -2.76862 0 
-9.62979 -1.83966 0 
9.63008 -1.83943 0 
10.2392 -2.76883 0 
-10.0204 -1.54049 0 
-9.36223 -0.702594 0 
9.36283 -0.702052 0 
10.0197 -1.54099 0 
-4.35561 11.9219 0 
-3.60173 12.0732 0 
3.60175 12.0733 0 
4.35559 11.9218 0 
9.0626 0.403314 0 
9.75658 -0.344196 0 
-9.75741 -0.343446 0 
-9.06186 0.402533 0 
-9.44828 0.812399 0 
-8.73285 1.47666 0 
8.73167 1.47523 0 
9.44961 0.813794 0 
-3.65204 12.3739 0 
-2.90347 12.495 0 
2.90322 12.4932 0 
3.65235 12.3758 0 
-0.66563 11.0921 0 
-0.000245572 11.1045 0 
0.000260193 10.9864 0 
0.665646 11.093 0 
-2.93571 12.7402 0 
-2.19139 12.8329 0 
2.19124 12.8314 0 
2.93592 12.7418 0 
8.37154 2.51215 0 
9.09976 1.92561 0 
-9.10032 1.92629 0 
-8.37104 2.51147 0 
-1.33052 10.9997 0 
-0.662164 10.9714 0 
0.662191 10.9722 0 
1.33058 11.0008 0 
-2.2094 13.0194 0 
-1.46822 13.085 0 
1.46813 13.0837 0 
2.20953 13.0207 0 
-1.47597 13.2103 0 
-0.736829 13.2498 0 
0.736789 13.2487 0 
1.47604 13.2115 0 
-0.739892 13.3581 0 
-0.000242134 13.3261 0 
0.000259225 13.2205 0 
0.73984 13.3571 0 
-1.99158 10.8269 0 
-1.32292 10.8769 0 
1.32298 10.8778 0 
1.99169 10.8281 0 
-8.71231 2.98932 0 
-7.98014 3.50743 0 
7.98032 3.50773 0 
8.7121 2.98903 0 
-2.64608 10.5742 0 
-1.97522 10.6573 0 
1.97508 10.656 0 
2.64627 10.5756 0 
-8.29047 4.00208 0 
-7.55752 4.45583 0 
7.55734 4.45551 0 
8.29067 4.00241 0 
-3.29141 10.2427 0 
-2.61674 10.3511 0 
2.61652 10.3495 0 
3.29169 10.2443 0 
-7.8355 4.95873 0 
-7.10565 5.35489 0 
7.10621 5.35603 0 
7.83486 4.95758 0 
-10.5967 -6.56929 0 
-10.255 -5.39755 0 
10.2574 -5.39666 0 
10.5941 -6.56991 0 
-7.34879 5.85368 0 
-6.62662 6.20292 0 
6.62667 6.20305 0 
7.34872 5.85354 0 
-3.92506 9.8336 0 
-3.24557 9.96885 0 
3.24523 9.96685 0 
3.92548 9.83562 0 
-6.83511 6.68849 0 
-6.11972 6.99166 0 
6.11933 6.99063 0 
6.83556 6.68952 0 
-4.54512 9.35071 0 
-3.85891 9.51034 0 
3.85928 9.51217 0 
4.54466 9.34887 0 
-6.29556 7.45806 0 
-5.58767 7.71987 0 
5.58763 7.71977 0 
6.2956 7.45816 0 
-5.14823 8.79143 0 
-4.45529 8.98206 0 
4.45561 8.98337 0 
5.14785 8.79011 0 
-5.73249 8.15983 0 
-5.03222 8.38433 0 
5.03241 8.385 0 
5.73227 8.15915 0 
-10.613 -7.80373 0 
-10.4033 -6.6161 0 
10.4015 -6.61654 0 
10.6149 -7.80351 0 
-0.232354 -9.08562 0.0
-0.232043 -9.08126 0.0
-1.20206 -8.92113 0.0
-1.20649 -9.00116 0.0
-0.231371 -9.06942 0.0
-1.19466 -8.81558 0.0
-1.2017 -8.91447 0.0
-0.231686 -9.07461 0.0
-0.230332 -9.05552 0.0
-1.18367 -8.6962 0.0
-1.19397 -8.80778 0.0
-0.230679 -9.06162 0.0
-0.228867 -9.03995 0.0
-1.16856 -8.56882 0.0
-1.18265 -8.68768 0.0
-0.229311 -9.04701 0.0
-0.226872 -9.02301 0.0
-1.14901 -8.43777 0.0
-1.1672 -8.55994 0.0
-0.227513 -9.03107 0.0
-0.22423 -9.00497 0.0
-1.12494 -8.30599 0.0
-1.14732 -8.42878 0.0
-0.225186 -9.01401 0.0
-0.220829 -8.98603 0.0
-1.09641 -8.17543 0.0
-1.12293 -8.29704 0.0
-0.222223 -8.99602 0.0
-0.216567 -8.96641 0.0
-1.06354 -8.04741 0.0
-1.09409 -8.16663 0.0
-0.218514 -8.97723 0.0
-0.211363 -8.94632 0.0
-1.02646 -7.92288 0.0
-1.06093 -8.03884 0.0
-0.213959 -8.95783 0.0
-0.205156 -8.926 0.0
-0.985341 -7.80257 0.0
-1.02357 -7.91459 0.0
-0.208475 -8.93802 0.0
-0.197911 -8.90567 0.0
-0.940324 -7.68708 0.0
-0.982186 -7.79459 0.0
-0.202002 -8.91802 0.0
-0.189614 -8.88558 0.0
-0.891571 -7.57693 0.0
-0.936914 -7.67945 0.0
-0.194501 -8.89804 0.0
-0.180271 -8.86594 0.0
-0.839251 -7.47261 0.0
-0.887918 -7.56968 0.0
-0.18596 -8.87833 0.0
-0.169904 -8.84696 0.0
-0.783539 -7.37455 0.0
-0.835365 -7.46577 0.0
-0.176385 -8.8591 0.0
-0.158546 -8.82884 0.0
-0.724617 -7.28316 0.0
-0.779432 -7.36816 0.0
-0.165796 -8.84056 0.0
-0.146241 -8.81176 0.0
-0.662672 -7.19882 0.0
-0.7203 -7.27724 0.0
-0.15423 -8.82291 0.0
-0.133035 -8.79588 0.0
-0.597889 -7.12189 0.0
-0.658158 -7.19339 0.0
-0.141727 -8.80633 0.0
-0.118981 -8.78136 0.0
-0.530456 -7.05271 0.0
-0.59319 -7.11698 0.0
-0.128336 -8.79097 0.0
-0.104135 -8.76833 0.0
-0.460558 -6.9916 0.0
-0.525584 -7.04833 0.0
-0.114109 -8.77698 0.0
-0.0885584 -8.75693 0.0
-0.388386 -6.93891 0.0
-0.455525 -6.98779 0.0
-0.0991025 -8.76452 0.0
-0.0723212 -8.7473 0.0
-0.314153 -6.895 0.0
-0.383206 -6.93568 0.0
-0.0833788 -8.7537 0.0
-0.0555088 -8.73955 0.0
-0.238111 -6.86021 0.0
-0.308842 -6.89237 0.0
-0.0670108 -8.74467 0.0
-0.0382261 -8.73381 0.0
-0.160581 -6.83492 0.0
-0.232689 -6.85821 0.0
-0.0500869 -8.73755 0.0
-0.0206028 -8.73018 0.0
-0.0819753 -6.81945 0.0
-0.155073 -6.83357 0.0
-0.0327178 -8.73246 0.0
-0.00279177 -8.72874 0.0
-0.00279177 -6.81404 0.0
-0.0764117 -6.81878 0.0
-0.0150392 -8.7295 0.0
0.0150384 -8.7295 0.0
0.0764109 -6.81878 0.0
0.00279095 -6.81404 0.0
0.00279095 -8.72874 0.0
0.032717 -8.73246 0.0
0.155072 -6.83357 0.0
0.0819745 -6.81945 0.0
0.020602 -8.73018 0.0
0.0500861 -8.73755 0.0
0.232688 -6.85821 0.0
0.160581 -6.83492 0.0
0.0382253 -8.73381 0.0
0.0670099 -8.74467 0.0
0.308841 -6.89237 0.0
0.23811 -6.86021 0.0
0.0555079 -8.73955 0.0
0.083378 -8.7537 0.0
0.383206 -6.93568 0.0
0.314152 -6.895 0.0
0.0723204 -8.7473 0.0
0.0991017 -8.76452 0.0
0.455524 -6.98779 0.0
0.388385 -6.93891 0.0
0.0885576 -8.75693 0.0
0.114108 -8.77698 0.0
0.525583 -7.04833 0.0
0.460557 -6.9916 0.0
0.104135 -8.76833 0.0
0.128335 -8.79097 0.0
0.593189 -7.11698 0.0
0.530455 -7.05271 0.0
0.118981 -8.78136 0.0
0.141726 -8.80633 0.0
0.658157 -7.19339 0.0
0.597889 -7.12189 0.0
0.133034 -8.79588 0.0
0.154229 -8.82291 0.0
0.7203 -7.27724 0.0
0.662671 -7.19882 0.0
0.14624 -8.81176 0.0
0.165796 -8.84056 0.0
0.779431 -7.36816 0.0
0.724616 -7.28316 0.0
0.158545 -8.82884 0.0
0.176384 -8.8591 0.0
0.835364 -7.46577 0.0
0.783538 -7.37455 0.0
0.169903 -8.84696 0.0
0.18596 -8.87833 0.0
0.887917 -7.56968 0.0
0.83925 -7.47261 0.0
0.18027 -8.86594 0.0
0.194501 -8.89804 0.0
0.936913 -7.67945 0.0
0.89157 -7.57693 0.0
0.189613 -8.88558 0.0
0.202001 -8.91802 0.0
0.982186 -7.79459 0.0
0.940323 -7.68708 0.0
0.19791 -8.90567 0.0
0.208474 -8.93802 0.0
1.02357 -7.91459 0.0
0.98534 -7.80257 0.0
0.205155 -8.926 0.0
0.213958 -8.95783 0.0
1.06093 -8.03884 0.0
1.02646 -7.92288 0.0
0.211362 -8.94632 0.0
0.218513 -8.97723 0.0
1.09409 -8.16663 0.0
1.06353 -8.04741 0.0
0.216567 -8.96641 0.0
0.222222 -8.99602 0.0
1.12293 -8.29704 0.0
1.09641 -8.17543 0.0
0.220828 -8.98603 0.0
0.225185 -9.01401 0.0
1.14732 -8.42878 0.0
1.12494 -8.30599 0.0
0.224229 -9.00497 0.0
0.227512 -9.03107 0.0
1.1672 -8.55994 0.0
1.14901 -8.43777 0.0
0.226871 -9.02301 0.0
0.22931 -9.04701 0.0
1.18265 -8.68768 0.0
1.16856 -8.56882 0.0
0.228866 -9.03995 0.0
0.230678 -9.06162 0.0
1.19397 -8.80778 0.0
1.18367 -8.6962 0.0
0.230331 -9.05552 0.0
0.231685 -9.07461 0.0
1.2017 -8.91447 0.0
1.19466 -8.81558 0.0
0.23137 -9.06942 0.0
0.232354 -9.08562 0.0
1.20649 -9.00116 0.0
1.20206 -8.92113 0.0
0.232042 -9.08126 0.0
-1.31381 -8.99074 0.0
-1.30938 -8.91071 0.0
-2.41825 -8.7719 0.0
-2.4264 -8.94886 0.0
-1.30845 -8.89395 0.0
-1.30141 -8.79505 0.0
-2.40297 -8.53505 0.0
-2.41732 -8.75513 0.0
-1.29965 -8.77554 0.0
-1.28935 -8.66396 0.0
-2.37932 -8.27318 0.0
-2.40121 -8.51554 0.0
-1.28691 -8.64304 0.0
-1.27282 -8.52419 0.0
-2.34677 -8.001 0.0
-2.37688 -8.25226 0.0
-1.26972 -8.50272 0.0
-1.25152 -8.38055 0.0
-2.30514 -7.7268 0.0
-2.34367 -7.97953 0.0
-1.24776 -8.35902 0.0
-1.22538 -8.23624 0.0
-2.25452 -7.45513 0.0
-2.30138 -7.70528 0.0
-1.22094 -8.21496 0.0
-1.19442 -8.09335 0.0
-2.19507 -7.18867 0.0
-2.25008 -7.43385 0.0
-1.18932 -8.07251 0.0
-1.15876 -7.95329 0.0
-2.12705 -6.92921 0.0
-2.18997 -7.16782 0.0
-1.153 -7.93302 0.0
-1.11854 -7.81707 0.0
-2.05072 -6.6781 0.0
-2.12129 -6.90894 0.0
-1.11214 -7.79749 0.0
-1.07391 -7.68547 0.0
-1.96638 -6.43646 0.0
-2.04432 -6.65851 0.0
-1.06688 -7.66667 0.0
-1.02502 -7.55916 0.0
-1.87436 -6.20531 0.0
-1.95936 -6.41766 0.0
-1.0174 -7.54121 0.0
-0.97206 -7.43869 0.0
-1.77502 -5.98556 0.0
-1.86674 -6.18736 0.0
-0.963871 -7.42168 0.0
-0.915204 -7.32461 0.0
-1.66873 -5.77807 0.0
-1.76683 -5.96855 0.0
-0.906474 -7.3086 0.0
-0.854648 -7.21737 0.0
-1.55588 -5.58362 0.0
-1.66 -5.76205 0.0
-0.845407 -7.20243 0.0
-0.790593 -7.11743 0.0
-1.43688 -5.40298 0.0
-1.54664 -5.56868 0.0
-0.780874 -7.10361 0.0
-0.723246 -7.0252 0.0
-1.31215 -5.23681 0.0
-1.42716 -5.38916 0.0
-0.713081 -7.01256 0.0
-0.652813 -6.94106 0.0
-1.18211 -5.08576 0.0
-1.30198 -5.22417 0.0
-0.642236 -6.92965 0.0
-0.579502 -6.86538 0.0
-1.0472 -4.95043 0.0
-1.17154 -5.07435 0.0
-0.568546 -6.85525 0.0
-0.50352 -6.79852 0.0
-0.907838 -4.83139 0.0
-1.03624 -4.94031 0.0
-0.492218 -6.78972 0.0
-0.42508 -6.74085 0.0
-0.764469 -4.7292 0.0
-0.896536 -4.82259 0.0
-0.413468 -6.73342 0.0
-0.344414 -6.69273 0.0
-0.617561 -4.64439 0.0
-0.752858 -4.72177 0.0
-0.332533 -6.68672 0.0
-0.261801 -6.65456 0.0
-0.467629 -4.5775 0.0
-0.605679 -4.63838 0.0
-0.249695 -6.65001 0.0
-0.177588 -6.62672 0.0
-0.315273 -4.52904 0.0
-0.455523 -4.57294 0.0
-0.165312 -6.62367 0.0
-0.0922139 -6.60955 0.0
-0.161198 -4.49945 0.0
-0.302997 -4.52598 0.0
-0.0798304 -6.60801 0.0
-0.00621049 -6.60328 0.0
-0.00621049 -4.48904 0.0
-0.148814 -4.49791 0.0
0.00620967 -6.60328 0.0
0.0798296 -6.60801 0.0
0.148813 -4.49791 0.0
0.00620967 -4.48904 0.0
0.0922131 -6.60955 0.0
0.165311 -6.62367 0.0
0.302996 -4.52598 0.0
0.161197 -4.49945 0.0
0.177587 -6.62672 0.0
0.249695 -6.65001 0.0
0.455522 -4.57294 0.0
0.315272 -4.52904 0.0
0.2618 -6.65456 0.0
0.332532 -6.68672 0.0
0.605678 -4.63838 0.0
0.467628 -4.5775 0.0
0.344413 -6.69273 0.0
0.413467 -6.73342 0.0
0.752857 -4.72177 0.0
0.61756 -4.64439 0.0
0.425079 -6.74085 0.0
0.492218 -6.78972 0.0
0.896535 -4.82259 0.0
0.764469 -4.7292 0.0
0.503519 -6.79852 0.0
0.568545 -6.85525 0.0
1.03624 -4.94031 0.0
0.907837 -4.83139 0.0
0.579502 -6.86538 0.0
0.642235 -6.92965 0.0
1.17153 -5.07435 0.0
1.0472 -4.95043 0.0
0.652812 -6.94106 0.0
0.71308 -7.01256 0.0
1.30198 -5.22417 0.0
1.18211 -5.08576 0.0
0.723245 -7.0252 0.0
0.780873 -7.10361 0.0
1.42716 -5.38916 0.0
1.31215 -5.23681 0.0
0.790592 -7.11743 0.0
0.845407 -7.20243 0.0
1.54664 -5.56868 0.0
1.43688 -5.40298 0.0
0.854647 -7.21737 0.0
0.906473 -7.3086 0.0
1.66 -5.76205 0.0
1.55588 -5.58362 0.0
0.915203 -7.32461 0.0
0.96387 -7.42168 0.0
1.76683 -5.96855 0.0
1.66873 -5.77807 0.0
0.972059 -7.43869 0.0
1.0174 -7.54121 0.0
1.86674 -6.18736 0.0
1.77502 -5.98556 0.0
1.02502 -7.55916 0.0
1.06688 -7.66667 0.0
1.95936 -6.41766 0.0
1.87436 -6.20531 0.0
1.0739 -7.68547 0.0
1.11214 -7.79749 0.0
2.04431 -6.65851 0.0
1.96638 -6.43646 0.0
1.11854 -7.81707 0.0
1.153 -7.93302 0.0
2.12129 -6.90894 0.0
2.05071 -6.6781 0.0
1.15876 -7.95329 0.0
1.18932 -8.07251 0.0
2.18997 -7.16782 0.0
2.12705 -6.92921 0.0
1.19442 -8.09335 0.0
1.22094 -8.21496 0.0
2.25008 -7.43385 0.0
2.19507 -7.18867 0.0
1.22538 -8.23624 0.0
1.24776 -8.35902 0.0
2.30138 -7.70528 0.0
2.25452 -7.45513 0.0
1.25152 -8.38055 0.0
1.26972 -8.50272 0.0
2.34367 -7.97953 0.0
2.30514 -7.7268 0.0
1.27282 -8.52419 0.0
1.28691 -8.64304 0.0
2.37688 -8.25226 0.0
2.34677 -8.001 0.0
1.28935 -8.66396 0.0
1.29965 -8.77554 0.0
2.40121 -8.51554 0.0
2.37932 -8.27318 0.0
1.30141 -8.79505 0.0
1.30845 -8.89395 0.0
2.41732 -8.75513 0.0
2.40297 -8.53505 0.0
1.30938 -8.91071 0.0
1.31381 -8.99074 0.0
2.4264 -8.94886 0.0
2.41825 -8.7719 0.0
-2.53898 -8.76279 0.0
-3.65383 -8.63091 0.0
-3.66477 -8.91397 0.0
-2.54713 -8.93975 0.0
-2.52302 -8.51363 0.0
-3.63129 -8.25254 0.0
-3.65222 -8.60183 0.0
-2.53737 -8.73371 0.0
-2.4984 -8.23775 0.0
-3.59572 -7.84193 0.0
-3.62856 -8.21902 0.0
-2.52029 -8.48012 0.0
-2.46448 -7.95114 0.0
-3.54641 -7.42154 0.0
-3.5919 -7.80657 0.0
-2.49459 -8.20239 0.0
-2.42101 -7.66258 0.0
-3.48326 -7.002 0.0
-3.54147 -7.38572 0.0
-2.45954 -7.91532 0.0
-2.36806 -7.37685 0.0
-3.40645 -6.58858 0.0
-3.47718 -6.96642 0.0
-2.41493 -7.627 0.0
-2.30583 -7.0967 0.0
-3.31627 -6.18429 0.0
-3.39923 -6.55361 0.0
-2.36084 -7.34188 0.0
-2.23457 -6.82398 0.0
-3.21309 -5.7913 0.0
-3.30794 -6.15018 0.0
-2.29749 -7.06259 0.0
-2.15457 -6.56005 0.0
-3.09732 -5.41133 0.0
-3.20366 -5.75822 0.0
-2.22514 -6.7909 0.0
-2.06615 -6.3061 0.0
-2.96941 -5.04595 0.0
-3.08684 -5.37943 0.0
-2.14408 -6.52815 0.0
-1.96965 -6.06316 0.0
-2.82988 -4.69662 0.0
-2.95792 -5.01537 0.0
-2.05465 -6.27551 0.0
-1.86546 -5.83221 0.0
-2.67926 -4.3647 0.0
-2.81741 -4.66747 0.0
-1.95718 -6.03401 0.0
-1.75396 -5.61412 0.0
-2.51814 -4.05146 0.0
-2.66587 -4.33709 0.0
-1.85207 -5.8046 0.0
-1.63558 -5.40974 0.0
-2.34712 -3.7581 0.0
-2.50387 -4.02551 0.0
-1.7397 -5.58817 0.0
-1.51073 -5.21984 0.0
-2.16685 -3.48576 0.0
-2.33203 -3.73391 0.0
-1.62049 -5.38554 0.0
-1.37987 -5.04514 0.0
-1.97799 -3.23545 0.0
-2.151 -3.46341 0.0
-1.49488 -5.19749 0.0
-1.24344 -4.88632 0.0
-1.78121 -3.00816 0.0
-1.96143 -3.21504 0.0
-1.36331 -5.02473 0.0
-1.1019 -4.744 0.0
-1.5772 -2.80476 0.0
-1.764 -2.98975 0.0
-1.22623 -4.86792 0.0
-0.955689 -4.61877 0.0
-1.36667 -2.6261 0.0
-1.5594 -2.78845 0.0
-1.08409 -4.72768 0.0
-0.805289 -4.51121 0.0
-1.15031 -2.47295 0.0
-1.34833 -2.61194 0.0
-0.937356 -4.60461 0.0
-0.651187 -4.4219 0.0
-0.928881 -2.34607 0.0
-1.13151 -2.46102 0.0
-0.786485 -4.49928 0.0
-0.493928 -4.35137 0.0
-0.703185 -2.24616 0.0
-0.909672 -2.33642 0.0
-0.631978 -4.41225 0.0
-0.334137 -4.30016 0.0
-0.474115 -2.17387 0.0
-0.683644 -2.23886 0.0
-0.474387 -4.34407 0.0
-0.172548 -4.26874 0.0
-0.24268 -2.12976 0.0
-0.454325 -2.16897 0.0
-0.314347 -4.29527 0.0
-0.00999919 -4.2574 0.0
-0.00999919 -2.11418 0.0
-0.222735 -2.1273 0.0
-0.152603 -4.26628 0.0
0.152602 -4.26628 0.0
0.222734 -2.1273 0.0
0.00999838 -2.11418 0.0
0.00999838 -4.2574 0.0
0.314346 -4.29527 0.0
0.454324 -2.16897 0.0
0.242679 -2.12976 0.0
0.172547 -4.26874 0.0
0.474386 -4.34407 0.0
0.683643 -2.23886 0.0
0.474114 -2.17387 0.0
0.334136 -4.30016 0.0
0.631977 -4.41225 0.0
0.909671 -2.33642 0.0
0.703184 -2.24616 0.0
0.493927 -4.35137 0.0
0.786484 -4.49928 0.0
1.1315 -2.46102 0.0
0.928881 -2.34607 0.0
0.651187 -4.4219 0.0
0.937355 -4.60461 0.0
1.34833 -2.61194 0.0
1.15031 -2.47295 0.0
0.805289 -4.51121 0.0
1.08409 -4.72768 0.0
1.5594 -2.78845 0.0
1.36667 -2.6261 0.0
0.955689 -4.61877 0.0
1.22623 -4.86792 0.0
1.764 -2.98975 0.0
1.5772 -2.80476 0.0
1.10189 -4.744 0.0
1.36331 -5.02473 0.0
1.96143 -3.21504 0.0
1.78121 -3.00816 0.0
1.24344 -4.88632 0.0
1.49488 -5.19749 0.0
2.151 -3.46341 0.0
1.97799 -3.23545 0.0
1.37987 -5.04514 0.0
1.62049 -5.38554 0.0
2.33203 -3.73391 0.0
2.16685 -3.48576 0.0
1.51073 -5.21984 0.0
1.7397 -5.58817 0.0
2.50387 -4.02551 0.0
2.34712 -3.7581 0.0
1.63558 -5.40974 0.0
1.85207 -5.8046 0.0
2.66587 -4.33709 0.0
2.51814 -4.05146 0.0
1.75396 -5.61412 0.0
1.95718 -6.03401 0.0
2.81741 -4.66747 0.0
2.67926 -4.3647 0.0
1.86546 -5.83221 0.0
2.05465 -6.27551 0.0
2.95791 -5.01537 0.0
2.82988 -4.69662 0.0
1.96965 -6.06316 0.0
2.14408 -6.52815 0.0
3.08683 -5.37943 0.0
2.96941 -5.04595 0.0
2.06615 -6.3061 0.0
2.22514 -6.7909 0.0
3.20366 -5.75822 0.0
3.09732 -5.41133 0.0
2.15457 -6.56005 0.0
2.29749 -7.06259 0.0
3.30794 -6.15018 0.0
3.21309 -5.7913 0.0
2.23457 -6.82398 0.0
2.36084 -7.34188 0.0
3.39923 -6.55361 0.0
3.31627 -6.18429 0.0
2.30583 -7.0967 0.0
2.41493 -7.627 0.0
3.47718 -6.96642 0.0
3.40645 -6.58858 0.0
2.36806 -7.37685 0.0
2.45954 -7.91532 0.0
3.54147 -7.38572 0.0
3.48326 -7.002 0.0
2.42101 -7.66258 0.0
2.49459 -8.20239 0.0
3.5919 -7.80657 0.0
3.54641 -7.42154 0.0
2.46448 -7.95114 0.0
2.52029 -8.48012 0.0
3.62856 -8.21902 0.0
3.59572 -7.84193 0.0
2.4984 -8.23775 0.0
2.53737 -8.73371 0.0
3.65222 -8.60183 0.0
3.63129 -8.25254 0.0
2.52302 -8.51363 0.0
2.53898 -8.76279 0.0
2.54713 -8.93975 0.0
3.66477 -8.91397 0.0
3.65383 -8.63091 0.0
-3.77657 -8.62251 0.0
-4.89249 -8.49213 0.0
-4.90597 -8.88728 0.0
-3.7875 -8.90557 0.0
-3.75349 -8.23094 0.0
-4.86294 -7.96784 0.0
-4.89034 -8.44985 0.0
-3.77441 -8.58022 0.0
-3.71699 -7.80569 0.0
-4.81554 -7.40712 0.0
-4.85929 -7.91969 0.0
-3.74984 -8.18278 0.0
-3.6663 -7.37051 0.0
-4.74952 -6.83847 0.0
-4.81033 -7.35697 0.0
-3.71179 -7.75554 0.0
-3.60127 -6.93642 0.0
-4.66487 -6.27383 0.0
-4.74269 -6.7881 0.0
-3.65947 -7.32013 0.0
-3.52209 -6.50877 0.0
-4.56187 -5.71877 0.0
-4.65642 -6.22402 0.0
-3.59282 -6.88661 0.0
-3.42907 -6.09063 0.0
-4.44095 -5.17661 0.0
-4.55182 -5.66995 0.0
-3.51203 -6.45995 0.0
-3.32261 -5.68418 0.0
-4.30258 -4.64987 0.0
-4.42933 -5.12904 0.0
-3.41745 -6.04307 0.0
-3.20312 -5.2912 0.0
-4.14733 -4.14074 0.0
-4.28944 -4.60378 0.0
-3.30946 -5.63809 0.0
-3.07107 -4.9133 0.0
-3.9758 -3.65127 0.0
-4.13271 -4.09632 0.0
-3.18849 -5.24678 0.0
-2.927 -4.55198 0.0
-3.78867 -3.18335 0.0
-3.95976 -3.60868 0.0
-3.05503 -4.87072 0.0
-2.77146 -4.20863 0.0
-3.58667 -2.73883 0.0
-3.77127 -3.14278 0.0
-2.90961 -4.5114 0.0
-2.60504 -3.88458 0.0
-3.37058 -2.31941 0.0
-3.56799 -2.70042 0.0
-2.75278 -4.17022 0.0
-2.4284 -3.58109 0.0
-3.14125 -1.92672 0.0
-3.35069 -2.28332 0.0
-2.58515 -3.84849 0.0
-2.24218 -3.29929 0.0
-2.89953 -1.56226 0.0
-3.12021 -1.89308 0.0
-2.40736 -3.54744 0.0
-2.04707 -3.04028 0.0
-2.64633 -1.22743 0.0
-2.87743 -1.5312 0.0
-2.22008 -3.26823 0.0
-1.84378 -2.80504 0.0
-2.38258 -0.92353 0.0
-2.62326 -1.19907 0.0
-2.024 -3.01192 0.0
-1.63301 -2.5945 0.0
-2.10923 -0.651749 0.0
-2.35861 -0.897983 0.0
-1.81981 -2.77949 0.0
-1.41549 -2.40952 0.0
-1.82725 -0.413187 0.0
-2.08445 -0.629117 0.0
-1.60822 -2.57187 0.0
-1.19196 -2.25091 0.0
-1.53763 -0.208865 0.0
-1.80174 -0.393564 0.0
-1.38998 -2.38989 0.0
-0.963186 -2.11943 0.0
-1.24139 -0.0397348 0.0
-1.51148 -0.192341 0.0
-1.16581 -2.23438 0.0
-0.730011 -2.01582 0.0
-0.939649 0.0933241 0.0
-1.21471 -0.0263914 0.0
-0.936498 -2.10609 0.0
-0.493355 -1.94075 0.0
-0.633583 0.189524 0.0
-0.912521 0.103411 0.0
-0.702883 -2.00574 0.0
-0.254255 -1.89477 0.0
-0.32451 0.248218 0.0
-0.606129 0.19629 0.0
-0.4659 -1.93398 0.0
-0.0138629 -1.87826 0.0
-0.0138629 0.268969 0.0
-0.296854 0.251614 0.0
-0.226599 -1.89137 0.0
0.226598 -1.89137 0.0
0.296853 0.251614 0.0
0.0138621 0.268969 0.0
0.0138621 -1.87826 0.0
0.4659 -1.93398 0.0
0.606128 0.19629 0.0
0.32451 0.248218 0.0
0.254254 -1.89477 0.0
0.702883 -2.00574 0.0
0.91252 0.103411 0.0
0.633582 0.189524 0.0
0.493354 -1.94075 0.0
0.936497 -2.10609 0.0
1.21471 -0.0263914 0.0
0.939648 0.0933241 0.0
0.73001 -2.01582 0.0
1.16581 -2.23438 0.0
1.51148 -0.192341 0.0
1.24139 -0.0397348 0.0
0.963185 -2.11943 0.0
1.38998 -2.38989 0.0
1.80174 -0.393564 0.0
1.53763 -0.208865 0.0
1.19195 -2.25091 0.0
1.60822 -2.57187 0.0
2.08445 -0.629117 0.0
1.82725 -0.413187 0.0
1.41549 -2.40952 0.0
1.81981 -2.77949 0.0
2.35861 -0.897983 0.0
2.10923 -0.651749 0.0
1.63301 -2.5945 0.0
2.024 -3.01192 0.0
2.62325 -1.19907 0.0
2.38258 -0.92353 0.0
1.84378 -2.80504 0.0
2.22008 -3.26823 0.0
2.87743 -1.5312 0.0
2.64633 -1.22743 0.0
2.04707 -3.04028 0.0
2.40736 -3.54744 0.0
3.12021 -1.89308 0.0
2.89953 -1.56226 0.0
2.24218 -3.29929 0.0
2.58515 -3.84849 0.0
3.35069 -2.28332 0.0
3.14125 -1.92672 0.0
2.4284 -3.58109 0.0
2.75277 -4.17022 0.0
3.56799 -2.70042 0.0
3.37058 -2.31941 0.0
2.60504 -3.88458 0.0
2.9096 -4.5114 0.0
3.77127 -3.14278 0.0
3.58667 -2.73883 0.0
2.77146 -4.20863 0.0
3.05503 -4.87072 0.0
3.95976 -3.60868 0.0
3.78867 -3.18335 0.0
2.927 -4.55198 0.0
3.18849 -5.24678 0.0
4.13271 -4.09632 0.0
3.9758 -3.65127 0.0
3.07107 -4.9133 0.0
3.30946 -5.63809 0.0
4.28944 -4.60378 0.0
4.14733 -4.14074 0.0
3.20311 -5.2912 0.0
3.41745 -6.04307 0.0
4.42933 -5.12904 0.0
4.30258 -4.64987 0.0
3.32261 -5.68418 0.0
3.51203 -6.45995 0.0
4.55182 -5.66995 0.0
4.44095 -5.17661 0.0
3.42907 -6.09063 0.0
3.59282 -6.88661 0.0
4.65642 -6.22402 0.0
4.56187 -5.71877 0.0
3.52209 -6.50877 0.0
3.65947 -7.32013 0.0
4.74269 -6.7881 0.0
4.66487 -6.27383 0.0
3.60126 -6.93642 0.0
3.71179 -7.75554 0.0
4.81033 -7.35697 0.0
4.74952 -6.83847 0.0
3.6663 -7.37051 0.0
3.74984 -8.18278 0.0
4.85929 -7.91969 0.0
4.81554 -7.40712 0.0
3.71699 -7.80569 0.0
3.77441 -8.58022 0.0
4.89034 -8.44985 0.0
4.86294 -7.96784 0.0
3.75349 -8.23094 0.0
3.77656 -8.62251 0.0
3.7875 -8.90557 0.0
4.90597 -8.88728 0.0
4.89249 -8.49213 0.0
-5.01587 -8.48406 0.0
-6.13203 -8.3539 0.0
-6.14794 -8.86534 0.0
-5.02935 -8.8792 0.0
-4.98582 -7.94608 0.0
-6.09551 -7.68152 0.0
-6.12938 -8.29793 0.0
-5.01322 -8.42809 0.0
-4.93749 -7.37049 0.0
-6.03625 -6.97051 0.0
-6.09093 -7.61851 0.0
-4.98124 -7.88306 0.0
-4.87005 -6.787 0.0
-5.95349 -6.25399 0.0
-6.02963 -6.90551 0.0
-4.93086 -7.30549 0.0
-4.78349 -6.20778 0.0
-5.84731 -5.54457 0.0
-5.94476 -6.18904 0.0
-4.86132 -6.72205 0.0
-4.67811 -5.63847 0.0
-5.71812 -4.84805 0.0
-5.83647 -5.48052 0.0
-4.77266 -6.14373 0.0
-4.55433 -5.08243 0.0
-5.56643 -4.16807 0.0
-5.70521 -4.78534 0.0
-4.6652 -5.57576 0.0
-4.41266 -4.54219 0.0
-5.39286 -3.50758 0.0
-5.5515 -4.10701 0.0
-4.53941 -5.02136 0.0
-4.25367 -4.02 0.0
-5.19809 -2.86925 0.0
-5.37597 -3.44843 0.0
-4.39578 -4.48303 0.0
-4.07798 -3.51794 0.0
-4.98291 -2.25559 0.0
-5.17931 -2.81224 0.0
-4.23489 -3.96299 0.0
-3.88629 -3.03797 0.0
-4.74815 -1.66901 0.0
-4.96231 -2.20095 0.0
-4.05738 -3.4633 0.0
-3.67934 -2.58196 0.0
-4.49474 -1.1118 0.0
-4.72581 -1.61696 0.0
-3.86395 -2.98591 0.0
-3.45795 -2.15168 0.0
-4.22366 -0.586124 0.0
-4.47075 -1.06253 0.0
-3.65535 -2.53269 0.0
-3.22295 -1.74879 0.0
-3.93597 -0.0940075 0.0
-4.19811 -0.539827 0.0
-3.43239 -2.10538 0.0
-2.97526 -1.37483 0.0
-3.63275 0.362645 0.0
-3.90895 -0.0508655 0.0
-3.19594 -1.70564 0.0
-2.71578 -1.03124 0.0
-3.31517 0.78207 0.0
-3.60438 0.402466 0.0
-2.94688 -1.33501 0.0
-2.44548 -0.719352 0.0
-2.98439 1.16264 0.0
-3.28554 0.818415 0.0
-2.68615 -0.994893 0.0
-2.16533 -0.44039 0.0
-2.64164 1.50286 0.0
-2.95362 1.19537 0.0
-2.41471 -0.686624 0.0
-1.87633 -0.195479 0.0
-2.28816 1.80137 0.0
-2.60984 1.53184 0.0
-2.13352 -0.411409 0.0
-1.57949 0.0143331 0.0
-1.92521 2.0569 0.0
-2.25543 1.82648 0.0
-1.8436 -0.170366 0.0
-1.27587 0.188075 0.0
-1.55412 2.2683 0.0
-1.89168 2.07803 0.0
-1.54596 0.0354683 0.0
-0.96661 0.324846 0.0
-1.17627 2.43452 0.0
-1.51991 2.28535 0.0
-1.24167 0.20513 0.0
-0.652919 0.423845 0.0
-0.793157 2.55464 0.0
-1.14152 2.4474 0.0
-0.931857 0.337731 0.0
-0.336143 0.484411 0.0
-0.406403 2.62791 0.0
-0.758 2.56328 0.0
-0.617761 0.432483 0.0
-0.0177457 0.506101 0.0
-0.0177457 2.65384 0.0
-0.370997 2.63225 0.0
-0.300737 0.488746 0.0
0.300736 0.488746 0.0
0.370996 2.63225 0.0
0.0177449 2.65384 0.0
0.0177449 0.506101 0.0
0.617761 0.432483 0.0
0.757999 2.56328 0.0
0.406402 2.62791 0.0
0.336142 0.484411 0.0
0.931856 0.337731 0.0
1.14151 2.4474 0.0
0.793157 2.55464 0.0
0.652918 0.423845 0.0
1.24167 0.20513 0.0
1.51991 2.28535 0.0
1.17627 2.43452 0.0
0.96661 0.324846 0.0
1.54596 0.0354683 0.0
1.89168 2.07803 0.0
1.55412 2.2683 0.0
1.27587 0.188075 0.0
1.8436 -0.170366 0.0
2.25543 1.82648 0.0
1.92521 2.0569 0.0
1.57949 0.0143331 0.0
2.13352 -0.411409 0.0
2.60984 1.53184 0.0
2.28816 1.80137 0.0
1.87632 -0.195479 0.0
2.41471 -0.686624 0.0
2.95362 1.19537 0.0
2.64164 1.50286 0.0
2.16533 -0.44039 0.0
2.68615 -0.994893 0.0
3.28554 0.818415 0.0
2.98439 1.16264 0.0
2.44548 -0.719352 0.0
2.94688 -1.33501 0.0
3.60438 0.402466 0.0
3.31517 0.78207 0.0
2.71578 -1.03124 0.0
3.19594 -1.70564 0.0
3.90895 -0.0508655 0.0
3.63275 0.362645 0.0
2.97525 -1.37483 0.0
3.43239 -2.10538 0.0
4.19811 -0.539827 0.0
3.93597 -0.0940075 0.0
3.22295 -1.74879 0.0
3.65535 -2.53269 0.0
4.47075 -1.06253 0.0
4.22366 -0.586124 0.0
3.45795 -2.15168 0.0
3.86395 -2.98591 0.0
4.72581 -1.61696 0.0
4.49474 -1.1118 0.0
3.67934 -2.58196 0.0
4.05738 -3.4633 0.0
4.96231 -2.20095 0.0
4.74815 -1.66901 0.0
3.88629 -3.03797 0.0
4.23489 -3.96299 0.0
5.17931 -2.81224 0.0
4.98291 -2.25559 0.0
4.07798 -3.51794 0.0
4.39578 -4.48303 0.0
5.37597 -3.44843 0.0
5.19809 -2.86925 0.0
4.25367 -4.02 0.0
4.53941 -5.02136 0.0
5.5515 -4.10701 0.0
5.39286 -3.50758 0.0
4.41266 -4.54219 0.0
4.6652 -5.57576 0.0
5.70521 -4.78534 0.0
5.56643 -4.16807 0.0
4.55433 -5.08243 0.0
4.77265 -6.14373 0.0
5.83647 -5.48052 0.0
5.71812 -4.84805 0.0
4.67811 -5.63847 0.0
4.86132 -6.72205 0.0
5.94475 -6.18904 0.0
5.84731 -5.54457 0.0
4.78349 -6.20778 0.0
4.93086 -7.30549 0.0
6.02963 -6.90551 0.0
5.95349 -6.25399 0.0
4.87005 -6.787 0.0
4.98124 -7.88306 0.0
6.09093 -7.61851 0.0
6.03625 -6.97051 0.0
4.93749 -7.37049 0.0
5.01322 -8.42809 0.0
6.12938 -8.29793 0.0
6.0955 -7.68152 0.0
4.98582 -7.94608 0.0
5.01587 -8.48406 0.0
5.02935 -8.8792 0.0
6.14794 -8.86534 0.0
6.13203 -8.3539 0.0
-6.2557 -8.34601 0.0
-7.37191 -8.21566 0.0
-7.39019 -8.8465 0.0
-6.27161 -8.85745 0.0
-6.21868 -7.65965 0.0
-7.3284 -7.39405 0.0
-7.36877 -8.14571 0.0
-6.25256 -8.27606 0.0
-6.15849 -6.93368 0.0
-7.25726 -6.5329 0.0
-7.32289 -7.31607 0.0
-6.21317 -7.58167 0.0
-6.07429 -6.20231 0.0
-7.15773 -5.66886 0.0
-7.2492 -6.45305 0.0
-6.15043 -6.85383 0.0
-5.96619 -5.47833 0.0
-7.03001 -4.8149 0.0
-7.14707 -5.58935 0.0
-6.06364 -6.1228 0.0
-5.8346 -4.76756 0.0
-6.8746 -3.97704 0.0
-7.01677 -4.73661 0.0
-5.95295 -5.40003 0.0
-5.68005 -4.07368 0.0
-6.69214 -3.15928 0.0
-6.85884 -3.90043 0.0
-5.81883 -4.69095 0.0
-5.50316 -3.39967 0.0
-6.48336 -2.36504 0.0
-6.6739 -3.0847 0.0
-5.66181 -3.9991 0.0
-5.30465 -2.74825 0.0
-6.24908 -1.59749 0.0
-6.46272 -2.2928 0.0
-5.48253 -3.32743 0.0
-5.0853 -2.12198 0.0
-5.99023 -0.859631 0.0
-6.22613 -1.52787 0.0
-5.28171 -2.67863 0.0
-4.84597 -1.52333 0.0
-5.70783 -0.154369 0.0
-5.96506 -0.792909 0.0
-5.06013 -2.05526 0.0
-4.58761 -0.954611 0.0
-5.403 0.515549 0.0
-5.68054 -0.0908055 0.0
-4.81868 -1.45976 0.0
-4.3112 -0.418045 0.0
-5.07691 1.14752 0.0
-5.37368 0.575707 0.0
-4.55829 -0.894452 0.0
-4.01784 0.0842939 0.0
-4.73084 1.73908 0.0
-5.04569 1.20403 0.0
-4.27998 -0.361526 0.0
-3.70863 0.550465 0.0
-4.36612 2.28794 0.0
-4.69784 1.79174 0.0
-3.98483 0.136955 0.0
-3.38476 0.978667 0.0
-3.98413 2.79198 0.0
-4.33145 2.33654 0.0
-3.67397 0.599064 0.0
-3.04742 1.36724 0.0
-3.58631 3.24923 0.0
-3.94794 2.83633 0.0
-3.34856 1.02302 0.0
-2.69785 1.71466 0.0
-3.17415 3.65791 0.0
-3.54873 3.28916 0.0
-3.00983 1.40716 0.0
-2.33733 2.01952 0.0
-2.74914 4.01636 0.0
-3.1353 3.69325 0.0
-2.65901 1.75 0.0
-1.96715 2.28055 0.0
-2.31285 4.32311 0.0
-2.70919 4.04698 0.0
-2.29738 2.05013 0.0
-1.58866 2.49657 0.0
-1.86688 4.57678 0.0
-2.27193 4.34886 0.0
-1.92623 2.3063 0.0
-1.20328 2.66651 0.0
-1.41292 4.77616 0.0
-1.82514 4.59755 0.0
-1.54692 2.51734 0.0
-0.81253 2.78943 0.0
-0.952754 4.9202 0.0
-1.37053 4.79185 0.0
-1.16089 2.6822 0.0
-0.418058 2.86458 0.0
-0.488309 5.00806 0.0
-0.909878 4.93072 0.0
-0.769655 2.79994 0.0
-0.0216358 2.89145 0.0
-0.0216358 5.03917 0.0
-0.445138 5.01333 0.0
-0.374887 2.86985 0.0
0.374886 2.86985 0.0
0.445138 5.01333 0.0
0.021635 5.03917 0.0
0.021635 2.89145 0.0
0.769654 2.79994 0.0
0.909877 4.93072 0.0
0.488309 5.00806 0.0
0.418057 2.86458 0.0
1.16089 2.6822 0.0
1.37052 4.79185 0.0
0.952753 4.9202 0.0
0.812529 2.78943 0.0
1.54692 2.51734 0.0
1.82514 4.59755 0.0
1.41292 4.77616 0.0
1.20328 2.66651 0.0
1.92623 2.3063 0.0
2.27193 4.34886 0.0
1.86688 4.57678 0.0
1.58866 2.49657 0.0
2.29738 2.05013 0.0
2.70918 4.04698 0.0
2.31285 4.32311 0.0
1.96715 2.28055 0.0
2.65901 1.75 0.0
3.1353 3.69325 0.0
2.74914 4.01636 0.0
2.33733 2.01952 0.0
3.00983 1.40716 0.0
3.54873 3.28916 0.0
3.17415 3.65791 0.0
2.69785 1.71466 0.0
3.34856 1.02302 0.0
3.94794 2.83633 0.0
3.58631 3.24923 0.0
3.04742 1.36724 0.0
3.67397 0.599064 0.0
4.33145 2.33654 0.0
3.98413 2.79198 0.0
3.38476 0.978667 0.0
3.98483 0.136955 0.0
4.69784 1.79174 0.0
4.36612 2.28794 0.0
3.70863 0.550465 0.0
4.27998 -0.361526 0.0
5.04569 1.20403 0.0
4.73084 1.73908 0.0
4.01784 0.0842939 0.0
4.55829 -0.894452 0.0
5.37368 0.575707 0.0
5.07691 1.14752 0.0
4.3112 -0.418045 0.0
4.81868 -1.45976 0.0
5.68053 -0.0908055 0.0
5.403 0.515549 0.0
4.5876 -0.954611 0.0
5.06013 -2.05526 0.0
5.96506 -0.792909 0.0
5.70783 -0.154369 0.0
4.84597 -1.52333 0.0
5.28171 -2.67863 0.0
6.22613 -1.52787 0.0
5.99023 -0.859631 0.0
5.0853 -2.12198 0.0
5.48253 -3.32743 0.0
6.46272 -2.2928 0.0
6.24908 -1.59749 0.0
5.30465 -2.74825 0.0
5.66181 -3.9991 0.0
6.6739 -3.0847 0.0
6.48335 -2.36504 0.0
5.50316 -3.39967 0.0
5.81883 -4.69095 0.0
6.85883 -3.90043 0.0
6.69214 -3.15928 0.0
5.68005 -4.07368 0.0
5.95295 -5.40003 0.0
7.01677 -4.73661 0.0
6.8746 -3.97704 0.0
5.8346 -4.76756 0.0
6.06363 -6.1228 0.0
7.14707 -5.58935 0.0
7.03001 -4.8149 0.0
5.96619 -5.47833 0.0
6.15043 -6.85383 0.0
7.2492 -6.45305 0.0
7.15773 -5.66886 0.0
6.07429 -6.20231 0.0
6.21317 -7.58167 0.0
7.32289 -7.31607 0.0
7.25726 -6.5329 0.0
6.15849 -6.93368 0.0
6.25256 -8.27606 0.0
7.36877 -8.14571 0.0
7.3284 -7.39405 0.0
6.21868 -7.65965 0.0
6.2557 -8.34601 0.0
6.27161 -8.85745 0.0
7.39019 -8.8465 0.0
7.3719 -8.21566 0.0
-7.49571 -8.20789 0.0
-8.61177 -8.07723 0.0
-8.63238 -8.82983 0.0
-7.51399 -8.83872 0.0
-7.45173 -7.37208 0.0
-8.56128 -7.10576 0.0
-8.60815 -7.99308 0.0
-7.49209 -8.12374 0.0
-7.37964 -6.49594 0.0
-8.47821 -6.09475 0.0
-8.55482 -7.0128 0.0
-7.44527 -7.27911 0.0
-7.27866 -5.61707 0.0
-8.36189 -5.08348 0.0
-8.46871 -6.00007 0.0
-7.37013 -6.40126 0.0
-7.14901 -4.74857 0.0
-8.21261 -4.08517 0.0
-8.34929 -4.98942 0.0
-7.26607 -5.52301 0.0
-6.99119 -3.89646 0.0
-8.03098 -3.10607 0.0
-8.19696 -3.99263 0.0
-7.13336 -4.65603 0.0
-6.80587 -3.0648 0.0
-7.81773 -2.15059 0.0
-8.01234 -3.01555 0.0
-6.97256 -3.80594 0.0
-6.59377 -2.25703 0.0
-7.57372 -1.22264 0.0
-7.79618 -2.06249 0.0
-6.78431 -2.97669 0.0
-6.35574 -1.47637 0.0
-7.29992 -0.325895 0.0
-7.54934 -1.1373 0.0
-6.56938 -2.17169 0.0
-6.09272 -0.725901 0.0
-6.99741 0.536128 0.0
-7.2728 -0.243656 0.0
-6.32862 -1.39414 0.0
-5.80574 -0.00854801 0.0
-6.66738 1.36005 0.0
-6.96766 0.614941 0.0
-6.06297 -0.647088 0.0
-5.49595 0.672886 0.0
-6.31112 2.14265 0.0
-6.63512 1.43513 0.0
-5.77348 0.0665316 0.0
-5.16453 1.31575 0.0
-5.93003 2.88088 0.0
-6.27647 2.21371 0.0
-5.4613 0.743939 0.0
-4.81279 1.91754 0.0
-5.52559 3.57187 0.0
-5.89313 2.94763 0.0
-5.12764 1.3825 0.0
-4.44207 2.47593 0.0
-5.09936 4.21293 0.0
-5.48659 3.63406 0.0
-4.77378 1.97973 0.0
-4.05378 2.98876 0.0
-4.65298 4.80156 0.0
-5.0584 4.27031 0.0
-4.40111 2.53331 0.0
-3.64939 3.45402 0.0
-4.18813 5.33549 0.0
-4.61022 4.85392 0.0
-4.01102 3.04111 0.0
-3.2304 3.8699 0.0
-3.70655 5.8126 0.0
-4.14372 5.38261 0.0
-3.60499 3.50114 0.0
-2.79836 4.23472 0.0
-3.21004 6.23099 0.0
-3.66067 5.85431 0.0
-3.18452 3.9116 0.0
-2.35483 4.54696 0.0
-2.70042 6.58894 0.0
-3.16285 6.26711 0.0
-2.75116 4.27083 0.0
-1.90146 4.80525 0.0
-2.17959 6.88487 0.0
-2.65209 6.61931 0.0
-2.3065 4.57734 0.0
-1.43995 5.00836 0.0
-1.64952 7.1174 0.0
-2.13031 6.90936 0.0
-1.85218 4.82975 0.0
-0.972142 5.1552 0.0
-1.11232 7.28536 0.0
-1.59948 7.1359 0.0
-1.38991 5.02685 0.0
-0.499973 5.24493 0.0
-0.570201 7.38779 0.0
-1.06172 7.29774 0.0
-0.921542 5.16759 0.0
-0.025529 5.27698 0.0
-0.025529 7.42408 0.0
-0.519259 7.394 0.0
-0.449031 5.25114 0.0
0.449031 5.25114 0.0
0.519258 7.394 0.0
0.0255281 7.42408 0.0
0.0255281 5.27698 0.0
0.921541 5.16759 0.0
1.06172 7.29774 0.0
0.5702 7.38779 0.0
0.499972 5.24493 0.0
1.38991 5.02685 0.0
1.59948 7.1359 0.0
1.11232 7.28536 0.0
0.972141 5.1552 0.0
1.85218 4.82975 0.0
2.13031 6.90936 0.0
1.64952 7.1174 0.0
1.43995 5.00836 0.0
2.3065 4.57734 0.0
2.65209 6.61931 0.0
2.17958 6.88487 0.0
1.90146 4.80525 0.0
2.75116 4.27083 0.0
3.16284 6.26711 0.0
2.70042 6.58894 0.0
2.35483 4.54696 0.0
3.18452 3.9116 0.0
3.66067 5.85431 0.0
3.21004 6.23099 0.0
2.79836 4.23472 0.0
3.60499 3.50114 0.0
4.14372 5.38261 0.0
3.70655 5.8126 0.0
3.2304 3.8699 0.0
4.01102 3.04111 0.0
4.61021 4.85392 0.0
4.18813 5.33549 0.0
3.64939 3.45402 0.0
4.4011 2.53331 0.0
5.0584 4.27031 0.0
4.65298 4.80156 0.0
4.05378 2.98876 0.0
4.77378 1.97973 0.0
5.48659 3.63406 0.0
5.09936 4.21293 0.0
4.44207 2.47593 0.0
5.12764 1.3825 0.0
5.89313 2.94763 0.0
5.52559 3.57187 0.0
4.81279 1.91754 0.0
5.4613 0.743939 0.0
6.27647 2.21371 0.0
5.93003 2.88088 0.0
5.16453 1.31575 0.0
5.77348 0.0665316 0.0
6.63512 1.43513 0.0
6.31112 2.14265 0.0
5.49595 0.672886 0.0
6.06297 -0.647088 0.0
6.96766 0.614941 0.0
6.66737 1.36005 0.0
5.80574 -0.00854801 0.0
6.32862 -1.39414 0.0
7.2728 -0.243656 0.0
6.99741 0.536128 0.0
6.09272 -0.725901 0.0
6.56938 -2.17169 0.0
7.54934 -1.1373 0.0
7.29992 -0.325895 0.0
6.35573 -1.47637 0.0
6.78431 -2.97669 0.0
7.79618 -2.06249 0.0
7.57372 -1.22264 0.0
6.59376 -2.25703 0.0
6.97256 -3.80594 0.0
8.01234 -3.01555 0.0
7.81773 -2.15059 0.0
6.80586 -3.0648 0.0
7.13336 -4.65603 0.0
8.19696 -3.99263 0.0
8.03098 -3.10607 0.0
6.99119 -3.89646 0.0
7.26607 -5.52301 0.0
8.34929 -4.98942 0.0
8.21261 -4.08517 0.0
7.14901 -4.74857 0.0
7.37013 -6.40126 0.0
8.46871 -6.00007 0.0
8.36189 -5.08348 0.0
7.27866 -5.61707 0.0
7.44527 -7.27911 0.0
8.55482 -7.0128 0.0
8.47821 -6.09475 0.0
7.37964 -6.49594 0.0
7.49209 -8.12374 0.0
8.60815 -7.99308 0.0
8.56128 -7.10576 0.0
7.45173 -7.37208 0.0
7.49571 -8.20789 0.0
7.51399 -8.83872 0.0
8.63238 -8.82983 0.0
8.61177 -8.07723 0.0
-8.73559 -8.06953 0.0
-9.85056 -7.93865 0.0
-9.87349 -8.81478 0.0
-8.7562 -8.82213 0.0
-8.68462 -7.08374 0.0
-9.79303 -6.81714 0.0
-9.84646 -7.84018 0.0
-8.73149 -7.97106 0.0
-8.6006 -6.05773 0.0
-9.69798 -5.65665 0.0
-9.78562 -6.70918 0.0
-8.6772 -6.97578 0.0
-8.48281 -5.03166 0.0
-9.56478 -4.49856 0.0
-9.68702 -5.54717 0.0
-8.58963 -5.94824 0.0
-8.33159 -4.01882 0.0
-9.39388 -3.35621 0.0
-9.55025 -4.38998 0.0
-8.46828 -4.92308 0.0
-8.14755 -3.02549 0.0
-9.18595 -2.23615 0.0
-9.37582 -3.24945 0.0
-8.31354 -3.91206 0.0
-7.93143 -2.05612 0.0
-8.94185 -1.14324 0.0
-9.16444 -2.13174 0.0
-8.12604 -2.92108 0.0
-7.6841 -1.11466 0.0
-8.66257 -0.0818664 0.0
-8.91698 -1.04162 0.0
-7.90656 -1.9545 0.0
-7.40655 -0.204823 0.0
-8.34921 0.943782 0.0
-8.63443 0.0165629 0.0
-7.65597 -1.01623 0.0
-7.09986 0.669809 0.0
-8.00302 1.92968 0.0
-8.31791 1.03863 0.0
-7.37525 -0.109975 0.0
-6.76525 1.50581 0.0
-7.62536 2.87198 0.0
-7.96869 2.02058 0.0
-7.06553 0.760703 0.0
-6.40403 2.29992 0.0
-7.21771 3.76699 0.0
-7.58813 2.95857 0.0
-6.72802 1.5924 0.0
-6.01761 3.04904 0.0
-6.78166 4.61122 0.0
-7.17773 3.84893 0.0
-6.36405 2.38186 0.0
-5.60749 3.75024 0.0
-6.31892 5.40139 0.0
-6.7391 4.68819 0.0
-5.97504 3.12601 0.0
-5.17527 4.40082 0.0
-5.83128 6.13441 0.0
-6.27393 5.47309 0.0
-5.5625 3.82195 0.0
-4.72259 4.99823 0.0
-5.32059 6.80743 0.0
-5.78402 6.20057 0.0
-5.12802 4.46698 0.0
-4.25117 5.54016 0.0
-4.78882 7.41783 0.0
-5.27126 6.86779 0.0
-4.67326 5.05859 0.0
-3.76278 6.02447 0.0
-4.23795 7.96322 0.0
-4.73759 7.47215 0.0
-4.19995 5.59448 0.0
-3.25922 6.44922 0.0
-3.67005 8.4414 0.0
-4.18503 8.01128 0.0
-3.70986 6.07253 0.0
-2.74237 6.81266 0.0
-3.08724 8.85042 0.0
-3.61563 8.48302 0.0
-3.2048 6.49083 0.0
-2.21414 7.11321 0.0
-2.49168 9.1885 0.0
-3.03151 8.88541 0.0
-2.68664 6.84765 0.0
-1.67654 7.34946 0.0
-1.88566 9.45411 0.0
-2.43487 9.21671 0.0
-2.15732 7.14142 0.0
-1.13169 7.52021 0.0
-1.27157 9.64591 0.0
-1.82798 9.4754 0.0
-1.61886 7.37075 0.0
-0.581857 7.62451 0.0
-0.651934 9.76288 0.0
-1.21325 9.66017 0.0
-1.07337 7.53447 0.0
-0.0294195 7.66174 0.0
-0.0294187 9.80433 0.0
-0.593226 9.77003 0.0
-0.523149 7.63166 0.0
0.523149 7.63166 0.0
0.593226 9.77003 0.0
0.0294195 9.80433 0.0
0.0294187 7.66174 0.0
1.07337 7.53447 0.0
1.21325 9.66017 0.0
0.651933 9.76288 0.0
0.581856 7.62451 0.0
1.61886 7.37075 0.0
1.82798 9.4754 0.0
1.27157 9.64591 0.0
1.13169 7.52021 0.0
2.15732 7.14142 0.0
2.43487 9.21671 0.0
1.88566 9.45411 0.0
1.67654 7.34946 0.0
2.68664 6.84765 0.0
3.03151 8.88541 0.0
2.49168 9.1885 0.0
2.21414 7.11321 0.0
3.2048 6.49083 0.0
3.61563 8.48302 0.0
3.08723 8.85042 0.0
2.74237 6.81266 0.0
3.70985 6.07253 0.0
4.18503 8.01128 0.0
3.67005 8.4414 0.0
3.25922 6.44922 0.0
4.19995 5.59448 0.0
4.73759 7.47215 0.0
4.23795 7.96322 0.0
3.76278 6.02447 0.0
4.67326 5.05859 0.0
5.27126 6.86779 0.0
4.78882 7.41783 0.0
4.25117 5.54016 0.0
5.12801 4.46698 0.0
5.78402 6.20057 0.0
5.32059 6.80743 0.0
4.72259 4.99823 0.0
5.56249 3.82195 0.0
6.27392 5.47309 0.0
5.83128 6.13441 0.0
5.17527 4.40082 0.0
5.97504 3.12601 0.0
6.73909 4.68819 0.0
6.31892 5.40139 0.0
5.60749 3.75024 0.0
6.36405 2.38186 0.0
7.17773 3.84893 0.0
6.78166 4.61122 0.0
6.01761 3.04904 0.0
6.72802 1.5924 0.0
7.58813 2.95857 0.0
7.21771 3.76699 0.0
6.40403 2.29992 0.0
7.06553 0.760703 0.0
7.96869 2.02058 0.0
7.62536 2.87198 0.0
6.76525 1.50581 0.0
7.37525 -0.109975 0.0
8.31791 1.03863 0.0
8.00302 1.92968 0.0
7.09986 0.669809 0.0
7.65596 -1.01623 0.0
8.63443 0.0165628 0.0
8.34921 0.943782 0.0
7.40655 -0.204823 0.0
7.90656 -1.9545 0.0
8.91697 -1.04162 0.0
8.66256 -0.0818665 0.0
7.6841 -1.11466 0.0
8.12604 -2.92108 0.0
9.16444 -2.13174 0.0
8.94185 -1.14324 0.0
7.93143 -2.05612 0.0
8.31354 -3.91206 0.0
9.37582 -3.24945 0.0
9.18595 -2.23615 0.0
8.14755 -3.02549 0.0
8.46828 -4.92308 0.0
9.55025 -4.38998 0.0
9.39388 -3.35621 0.0
8.33159 -4.01882 0.0
8.58963 -5.94824 0.0
9.68702 -5.54717 0.0
9.56478 -4.49856 0.0
8.48281 -5.03166 0.0
8.6772 -6.97578 0.0
9.78561 -6.70918 0.0
9.69798 -5.65665 0.0
8.60059 -6.05773 0.0
8.73149 -7.97106 0.0
9.84646 -7.84018 0.0
9.79303 -6.81714 0.0
8.68462 -7.08374 0.0
8.73559 -8.06953 0.0
8.7562 -8.82213 0.0
9.87349 -8.81478 0.0
9.85056 -7.93865 0.0
-9.97401 -7.93104 0.0
-10.607 -7.85678 0.0
-11.0826 -7.80081 0.0
-11.1079 -8.80121 0.0
-9.99694 -8.80718 0.0
-10.5717 -7.75187 0.0
-9.93876 -7.82613 0.0
-9.88533 -6.8031 0.0
-10.383 -6.68301 0.0
-10.3753 -6.56543 0.0
-9.87769 -6.68552 0.0
-9.79006 -5.63299 0.0
-10.2418 -5.46874 0.0
-10.5494 -6.5233 0.0
-10.2303 -5.34927 0.0
-9.77856 -5.51352 0.0
-9.65632 -4.46491 0.0
-10.0712 -4.26164 0.0
-10.4754 -5.25771 0.0
-10.0558 -4.14285 0.0
-9.64088 -4.34611 0.0
-9.48451 -3.31235 0.0
-9.86911 -3.07365 0.0
-10.3519 -3.99466 0.0
-10.1816 -2.74741 0.0
-9.84976 -2.95663 0.0
-9.46516 -3.19532 0.0
-9.27528 -2.18203 0.0
-9.63288 -1.91134 0.0
-9.96114 -1.52726 0.0
-9.60959 -1.79652 0.0
-9.25199 -2.06721 0.0
-9.0294 -1.07871 0.0
-9.3688 -0.773161 0.0
-9.6974 -0.33803 0.0
-9.34174 -0.661263 0.0
-9.00234 -0.966809 0.0
-8.74793 -0.00705997 0.0
-9.0714 0.33335 0.0
-9.38836 0.810801 0.0
-9.04058 0.441921 0.0
-8.71711 0.101511 0.0
-8.43189 1.02873 0.0
-8.74447 1.40864 0.0
-9.04085 1.91798 0.0
-8.71013 1.51331 0.0
-8.39755 1.1334 0.0
-8.08266 2.02446 0.0
-8.3845 2.44463 0.0
-8.65385 2.97509 0.0
-8.3467 2.54502 0.0
-8.04486 2.12485 0.0
-7.70152 2.97625 0.0
-7.99489 3.4414 0.0
-8.23318 3.98222 0.0
-7.95388 3.53703 0.0
-7.66051 3.07189 0.0
-7.29009 3.88031 0.0
-7.57352 4.39059 0.0
-7.77963 4.93371 0.0
-7.52944 4.48111 0.0
-7.24601 3.97083 0.0
-6.84994 4.73312 0.0
-7.12276 5.29026 0.0
-7.29458 5.82421 0.0
-7.07576 5.3753 0.0
-6.80294 4.81817 0.0
-6.38277 5.53136 0.0
-6.64463 6.13853 0.0
-6.78261 6.65475 0.0
-6.59496 6.21774 0.0
-6.3331 5.61057 0.0
-5.89045 6.27188 0.0
-6.13876 6.9276 0.0
-6.24485 7.42045 0.0
-6.08659 7.00068 0.0
-5.83829 6.34496 0.0
-5.37486 6.95183 0.0
-5.60774 7.65608 0.0
-5.68363 8.1187 0.0
-5.55328 7.72274 0.0
-5.3204 7.01849 0.0
-4.83796 7.56853 0.0
-5.05338 8.32076 0.0
-4.99684 8.38074 0.0
-4.78141 7.62851 0.0
-4.28177 8.11958 0.0
-4.4776 8.91869 0.0
-5.10125 8.74712 0.0
-4.41918 8.97176 0.0
-4.22336 8.17264 0.0
-3.70838 8.60276 0.0
-3.88244 9.44721 0.0
-4.50003 9.30355 0.0
-3.82235 9.49315 0.0
-3.64829 8.6487 0.0
-3.1199 9.0161 0.0
-3.27035 9.90581 0.0
-3.88189 9.78409 0.0
-3.20886 9.94442 0.0
-3.05841 9.05472 0.0
-2.51858 9.35781 0.0
-2.64291 10.2885 0.0
-3.25012 10.1908 0.0
-2.58023 10.3196 0.0
-2.4559 9.38894 0.0
-1.90669 9.62633 0.0
-2.00286 10.5952 0.0
-2.60663 10.5204 0.0
-1.93925 10.6184 0.0
-1.84309 9.64959 0.0
-1.28668 9.8201 0.0
-1.35218 10.816 0.0
-1.95397 10.771 0.0
-1.28807 10.8303 0.0
-1.22257 9.83443 0.0
-0.661252 9.93714 0.0
-0.693393 10.9154 0.0
-1.29491 10.9409 0.0
-0.628388 10.9249 0.0
-0.596247 9.94666 0.0
-0.0324398 9.98096 0.0
-0.032206 10.9384 0.0
-0.0326612 11.0447 0.0
-0.631507 11.0335 0.0
0.0332412 10.9355 0.0
0.0330075 9.97801 0.0
0.596814 9.9437 0.0
0.628979 10.9227 0.0
0.632089 11.0314 0.0
0.69342 10.9162 0.0
0.661254 9.93718 0.0
1.22257 9.83448 0.0
1.28813 10.8312 0.0
1.29497 10.9419 0.0
1.35224 10.8169 0.0
1.28668 9.82015 0.0
1.84309 9.64964 0.0
1.93913 10.6173 0.0
1.95408 10.7722 0.0
2.00275 10.594 0.0
1.9067 9.62633 0.0
2.45591 9.38893 0.0
2.58004 10.3181 0.0
2.60681 10.5216 0.0
2.64273 10.287 0.0
2.5186 9.35781 0.0
3.05842 9.05472 0.0
3.20857 9.94262 0.0
3.25038 10.1923 0.0
3.27007 9.90401 0.0
3.11992 9.0161 0.0
3.64831 8.6487 0.0
3.82271 9.49479 0.0
3.88228 9.78589 0.0
3.88276 9.44886 0.0
3.70836 8.60277 0.0
4.22334 8.17265 0.0
4.41945 8.97294 0.0
4.4996 9.30189 0.0
4.47787 8.91987 0.0
4.28176 8.11958 0.0
4.7814 7.62852 0.0
4.99699 8.38134 0.0
5.10089 8.74594 0.0
5.05355 8.32136 0.0
4.83795 7.56853 0.0
5.32039 7.01849 0.0
5.55325 7.72265 0.0
5.68342 8.11809 0.0
5.60771 7.65599 0.0
5.37486 6.95183 0.0
5.83829 6.34496 0.0
6.08624 6.99976 0.0
6.24489 7.42054 0.0
6.13842 6.92668 0.0
5.89047 6.27188 0.0
6.33311 5.61056 0.0
6.59503 6.21786 0.0
6.78302 6.65568 0.0
6.64468 6.13865 0.0
6.38276 5.53136 0.0
6.80293 4.81817 0.0
7.07626 5.37633 0.0
7.29452 5.82409 0.0
7.12324 5.29129 0.0
6.84992 4.73313 0.0
7.24599 3.97084 0.0
7.52926 4.48083 0.0
7.77904 4.93269 0.0
7.57337 4.3903 0.0
7.29009 3.88031 0.0
7.66052 3.07188 0.0
7.95405 3.53729 0.0
8.23337 3.9825 0.0
7.99505 3.44166 0.0
7.70151 2.97625 0.0
8.04485 2.12485 0.0
8.34714 2.54565 0.0
8.65365 2.97483 0.0
8.38493 2.44526 0.0
8.08264 2.02447 0.0
8.39754 1.13341 0.0
8.70906 1.51203 0.0
9.04034 1.91738 0.0
8.74344 1.40733 0.0
8.43192 1.02871 0.0
8.71714 0.101486 0.0
9.04128 0.4426 0.0
9.38959 0.812032 0.0
9.07205 0.334071 0.0
8.74791 -0.00704309 0.0
9.00232 -0.966792 0.0
9.34226 -0.660759 0.0
9.69663 -0.338689 0.0
9.36932 -0.772659 0.0
9.02939 -1.07869 0.0
9.25198 -2.06719 0.0
9.60985 -1.7963 0.0
9.96052 -1.52771 0.0
9.63314 -1.91113 0.0
9.27527 -2.18202 0.0
9.46515 -3.19531 0.0
9.84963 -2.9567 0.0
10.1813 -2.74758 0.0
9.86899 -3.07373 0.0
9.48451 -3.31235 0.0
9.64088 -4.34611 0.0
10.0553 -4.14311 0.0
10.352 -3.9946 0.0
10.0707 -4.26192 0.0
9.65633 -4.46493 0.0
9.77857 -5.51354 0.0
10.2325 -5.34849 0.0
10.476 -5.25753 0.0
10.244 -5.46786 0.0
9.79003 -5.63291 0.0
9.87766 -6.68544 0.0
10.3737 -6.56574 0.0
10.5471 -6.52378 0.0
10.3814 -6.68346 0.0
9.88534 -6.80316 0.0
9.93877 -7.82619 0.0
10.5735 -7.75173 0.0
9.97401 -7.93104 0.0
9.99694 -8.80718 0.0
11.1079 -8.80121 0.0
11.0826 -7.80081 0.0
10.6087 -7.85658 0.0
-12.2764 -7.6672 0.0
-12.3047 -8.78983 0.0
-11.229 -8.79383 0.0
-11.2037 -7.79342 0.0
-11.1985 -7.70064 0.0
-11.1676 -7.05886 0.0
-12.2441 -6.99338 0.0
-12.2712 -7.57441 0.0
-11.1286 -6.40623 0.0
-11.0736 -5.70403 0.0
-12.1503 -5.59755 0.0
-12.1925 -6.1497 0.0
-11.0152 -5.082 0.0
-10.9322 -4.33984 0.0
-12.0097 -4.19152 0.0
-12.0646 -4.6981 0.0
-10.8581 -3.76584 0.0
-10.7444 -2.99159 0.0
-11.8234 -2.80078 0.0
-11.8879 -3.25823 0.0
-11.3275 -2.02168 0.0
-10.6343 -2.45951 0.0
-10.4201 -1.32106 0.0
-10.7532 -1.07411 0.0
-11.0804 -0.666651 0.0
-10.7271 -0.94619 0.0
-10.394 -1.19314 0.0
-10.1429 -0.0827658 0.0
-10.4535 0.19235 0.0
-10.7855 0.654195 0.0
-10.4231 0.317216 0.0
-10.1125 0.0421005 0.0
-9.82569 1.11995 0.0
-10.1164 1.42195 0.0
-10.4406 1.93014 0.0
-10.0818 1.54309 0.0
-9.79109 1.24109 0.0
-9.46973 2.28222 0.0
-9.74647 2.61522 0.0
-10.053 3.15959 0.0
-9.70795 2.73198 0.0
-9.43121 2.39898 0.0
-9.0766 3.39933 0.0
-9.34029 3.76358 0.0
-9.62154 4.33313 0.0
-9.2979 3.87556 0.0
-9.03421 3.51131 0.0
-8.64776 4.46701 0.0
-8.90183 4.86751 0.0
-9.15263 5.45076 0.0
-8.85588 4.97417 0.0
-8.6018 4.57366 0.0
-8.18502 5.48101 0.0
-8.42883 5.91803 0.0
-8.64719 6.50622 0.0
-8.37945 6.01896 0.0
-8.13564 5.58194 0.0
-7.69015 6.43743 0.0
-7.92392 6.91325 0.0
-8.1068 7.49356 0.0
-7.87128 7.00807 0.0
-7.63751 6.53225 0.0
-7.16505 7.33255 0.0
-7.38933 7.8513 0.0
-7.53663 8.41401 0.0
-7.33373 7.9396 0.0
-7.10946 7.42085 0.0
-6.61185 8.16287 0.0
-6.82456 8.72361 0.0
-6.93799 9.26224 0.0
-6.76619 8.80506 0.0
-6.55348 8.24432 0.0
-6.03262 8.92518 0.0
-6.23245 9.52876 0.0
-6.31349 10.0354 0.0
-6.17153 9.60304 0.0
-5.9717 8.99947 0.0
-5.42957 9.61651 0.0
-5.61494 10.2633 0.0
-5.66571 10.731 0.0
-5.5517 10.3301 0.0
-5.36634 9.68335 0.0
-4.80498 10.2342 0.0
-4.97409 10.9239 0.0
-4.99724 11.3467 0.0
-4.90878 10.983 0.0
-4.73967 10.2933 0.0
-4.16118 10.7757 0.0
-4.31213 11.5078 0.0
-4.31022 11.8783 0.0
-4.24497 11.559 0.0
-4.09402 10.8268 0.0
-3.50056 11.2388 0.0
-3.63173 12.0144 0.0
-3.60829 12.3281 0.0
-3.56302 12.0574 0.0
-3.43185 11.2818 0.0
-2.82564 11.6216 0.0
-2.93459 12.4371 0.0
-2.89358 12.6925 0.0
-2.86456 12.4718 0.0
-2.75562 11.6563 0.0
-2.13898 11.9224 0.0
-2.22369 12.7759 0.0
-2.16882 12.9699 0.0
-2.15262 12.802 0.0
-2.06791 11.9486 0.0
-1.44327 12.1397 0.0
-1.50176 13.0289 0.0
-1.4369 13.1592 0.0
-1.42993 13.0464 0.0
-1.37144 12.1572 0.0
-0.741363 12.2723 0.0
-0.771676 13.1948 0.0
-0.702404 13.3022 0.0
-0.699647 13.2047 0.0
-0.669334 12.2822 0.0
-0.0365015 12.3207 0.0
-0.0362679 13.1783 0.0
-0.0367192 13.2733 0.0
0.037355 13.1757 0.0
0.0371215 12.318 0.0
0.669954 12.2796 0.0
0.700232 13.201 0.0
0.702978 13.2986 0.0
0.771654 13.1937 0.0
0.741376 12.2723 0.0
1.37145 12.1572 0.0
1.42986 13.0453 0.0
1.43698 13.1602 0.0
1.5017 13.0278 0.0
1.44329 12.1397 0.0
2.06792 11.9486 0.0
2.1525 12.8006 0.0
2.16896 12.971 0.0
2.22357 12.7745 0.0
2.139 11.9224 0.0
2.75563 11.6563 0.0
2.86435 12.4701 0.0
2.89378 12.6938 0.0
2.93438 12.4354 0.0
2.82566 11.6216 0.0
3.43187 11.2818 0.0
3.56306 12.0575 0.0
3.6086 12.3298 0.0
3.63174 12.0145 0.0
3.50056 11.2388 0.0
4.09402 10.8268 0.0
4.24534 11.5608 0.0
4.3102 11.8782 0.0
4.31247 11.5096 0.0
4.16116 10.7757 0.0
4.73965 10.2933 0.0
4.90906 10.9843 0.0
4.99678 11.345 0.0
4.97438 10.9252 0.0
4.80496 10.2342 0.0
5.36632 9.68335 0.0
5.55185 10.3307 0.0
5.66533 10.7298 0.0
5.61509 10.2638 0.0
5.42956 9.61652 0.0
5.97169 8.99947 0.0
6.17145 9.60282 0.0
6.31328 10.0349 0.0
6.23238 9.52853 0.0
6.03262 8.92518 0.0
6.55348 8.24432 0.0
6.76574 8.80388 0.0
6.93808 9.26246 0.0
6.82413 8.72242 0.0
6.61187 8.16286 0.0
7.10948 7.42084 0.0
7.33374 7.93956 0.0
7.53717 8.41519 0.0
7.38931 7.85126 0.0
7.16505 7.33255 0.0
7.63751 6.53225 0.0
7.87176 7.00904 0.0
8.10681 7.49359 0.0
7.92438 6.91422 0.0
7.69013 6.43743 0.0
8.13562 5.58195 0.0
8.37914 6.01846 0.0
8.64663 6.50526 0.0
8.42855 5.91751 0.0
8.18503 5.48101 0.0
8.60181 4.57366 0.0
8.85596 4.97427 0.0
9.15297 5.45127 0.0
8.9019 4.86763 0.0
8.64775 4.46701 0.0
9.03421 3.51131 0.0
9.29829 3.87611 0.0
9.62146 4.33302 0.0
9.34067 3.76413 0.0
9.07659 3.39934 0.0
9.4312 2.39899 0.0
9.70669 2.7305 0.0
10.0526 3.15906 0.0
9.74527 2.61369 0.0
9.46977 2.28218 0.0
9.79113 1.24106 0.0
10.0826 1.5439 0.0
10.442 1.93155 0.0
10.1172 1.42282 0.0
9.82567 1.11998 0.0
10.1125 0.0421277 0.0
10.4216 0.31591 0.0
10.7846 0.653424 0.0
10.4521 0.190967 0.0
10.143 -0.0828147 0.0
10.394 -1.19319 0.0
10.728 -0.945589 0.0
11.082 -0.665467 0.0
10.754 -1.07342 0.0
10.4201 -1.32103 0.0
10.6343 -2.45948 0.0
11.3265 -2.02223 0.0
11.6895 -1.90404 0.0
11.3757 -2.0941 0.0
10.6834 -2.53134 0.0
10.7458 -2.91806 0.0
11.8251 -2.72944 0.0
12.0111 -4.12136 0.0
11.9081 -3.32329 0.0
10.8782 -3.83091 0.0
10.9333 -4.26665 0.0
12.1514 -5.52872 0.0
12.0799 -4.76543 0.0
11.0304 -5.14934 0.0
11.0744 -5.63111 0.0
12.2448 -6.92751 0.0
12.2027 -6.21766 0.0
11.1388 -6.47419 0.0
11.168 -6.98763 0.0
11.2037 -7.79342 0.0
11.229 -8.79383 0.0
12.3047 -8.78983 0.0
12.2764 -7.6672 0.0
-10.9334 -4.2682 0.0
-10.8782 -3.83092 0.0
-11.908 -3.3233 0.0
-12.0109 -4.11988 0.0
10.932 -4.33831 0.0
11.0152 -5.08201 0.0
12.0646 -4.6981 0.0
12.0098 -4.19302 0.0
-11.0745 -5.6332 0.0
-11.0304 -5.14935 0.0
-12.0798 -4.76544 0.0
-12.1512 -5.52672 0.0
11.0734 -5.70195 0.0
11.1285 -6.40623 0.0
12.1924 -6.1497 0.0
12.1504 -5.59957 0.0
-10.7459 -2.91918 0.0
-10.6834 -2.53135 0.0
-11.3766 -2.09352 0.0
-11.6894 -1.90404 0.0
-11.8249 -2.72837 0.0
10.7442 -2.99048 0.0
10.8581 -3.76585 0.0
11.8879 -3.25823 0.0
11.8235 -2.80186 0.0
-11.6902 -1.77991 0.0
-11.3773 -1.96939 0.0
-10.803 -1.02182 0.0
-11.1563 -0.742281 0.0
-11.4475 -0.526029 0.0
11.158 -0.741081 0.0
10.8039 -1.0212 0.0
11.3764 -1.97001 0.0
11.6902 -1.77995 0.0
11.4475 -0.526059 0.0
-11.4186 -0.391478 0.0
-11.1274 -0.60773 0.0
-10.5006 0.251271 0.0
-10.8629 0.58825 0.0
-11.1354 0.82995 0.0
10.862 0.587507 0.0
10.499 0.249993 0.0
11.129 -0.606442 0.0
11.4185 -0.39142 0.0
11.1353 0.830001 0.0
-11.1022 0.960548 0.0
-10.8298 0.718848 0.0
-10.1606 1.48661 0.0
-10.5195 1.87365 0.0
-10.7799 2.14471 0.0
10.5209 1.87507 0.0
10.1615 1.48742 0.0
10.8289 0.718024 0.0
11.1022 0.960518 0.0
10.78 2.14468 0.0
-11.1681 -6.99037 0.0
-11.1388 -6.4742 0.0
-12.2027 -6.21767 0.0
-12.2446 -6.92489 0.0
11.1673 -7.05613 0.0
11.1984 -7.70064 0.0
12.2711 -7.57441 0.0
12.2441 -6.99601 0.0
10.1328 3.1119 0.0
9.78689 2.68334 0.0
10.4837 2.0012 0.0
10.7427 2.27081 0.0
10.3829 3.41331 0.0
-10.7428 2.27077 0.0
-10.4823 1.99971 0.0
-9.78817 2.68479 0.0
-10.1333 3.1124 0.0
-10.3829 3.41327 0.0
-10.3418 3.53452 0.0
-10.0922 3.23365 0.0
-9.3794 3.83764 0.0
-9.70304 4.29521 0.0
-9.94598 4.63115 0.0
9.70297 4.29509 0.0
9.37981 3.83817 0.0
10.0917 3.2331 0.0
10.3418 3.53451 0.0
9.94599 4.63114 0.0
-9.9012 4.74709 0.0
-9.65826 4.41115 0.0
-8.93855 4.94553 0.0
-9.2353 5.42212 0.0
-9.47098 5.79385 0.0
9.23563 5.42264 0.0
8.93863 4.94564 0.0
9.65818 4.41103 0.0
9.9012 4.74709 0.0
9.47098 5.79385 0.0
-9.42258 5.90416 0.0
-9.1869 5.53244 0.0
-8.4631 5.99971 0.0
-8.73083 6.48696 0.0
-8.95969 6.8972 0.0
8.73028 6.486 0.0
8.4628 5.9992 0.0
9.18721 5.53296 0.0
9.42257 5.90417 0.0
8.95968 6.89721 0.0
-8.9079 7.00147 0.0
-8.67904 6.59123 0.0
-7.95577 6.99826 0.0
-8.19129 7.48375 0.0
-8.41413 7.93712 0.0
8.19133 7.48377 0.0
7.95627 6.99922 0.0
8.67852 6.59025 0.0
8.90791 7.00146 0.0
8.41415 7.93711 0.0
-8.35918 8.03496 0.0
-8.13633 7.58159 0.0
-7.41886 7.93933 0.0
-7.62176 8.41374 0.0
-7.83642 8.90976 0.0
7.62227 8.41493 0.0
7.41885 7.93929 0.0
8.13635 7.58162 0.0
8.35918 8.03496 0.0
7.83642 8.90977 0.0
-7.77842 9.00087 0.0
-7.56375 8.50485 0.0
-6.85168 8.81444 0.0
-7.02348 9.27162 0.0
-7.22864 9.81157 0.0
7.02355 9.27185 0.0
6.85121 8.81327 0.0
7.56425 8.50604 0.0
7.77839 9.00088 0.0
7.22862 9.81158 0.0
-7.16783 9.89557 0.0
-6.96268 9.35562 0.0
-6.25714 9.62214 0.0
-6.39909 10.0545 0.0
-6.59309 10.6391 0.0
6.39889 10.054 0.0
6.25706 9.62192 0.0
6.96276 9.35585 0.0
7.16783 9.89557 0.0
6.59308 10.6391 0.0
-6.5297 10.7157 0.0
-6.3357 10.1311 0.0
-5.63715 10.359 0.0
-5.75116 10.7599 0.0
-5.93211 11.3893 0.0
5.7508 10.7587 0.0
5.63732 10.3595 0.0
6.33552 10.1305 0.0
6.5297 10.7157 0.0
5.93212 11.3893 0.0
-5.86637 11.4582 0.0
-5.68542 10.8288 0.0
-4.9938 11.0217 0.0
-5.08226 11.3854 0.0
-5.24814 12.0594 0.0
5.08183 11.3836 0.0
4.99412 11.0229 0.0
5.68507 10.8276 0.0
5.86639 11.4582 0.0
5.24815 12.0593 0.0
-10.7708 -3.77235 0.0
-10.4075 -3.95039 0.0
-9.92471 -3.02938 0.0
-10.2566 -2.82016 0.0
-10.5946 -2.61026 0.0
-10.6571 -2.99809 0.0
10.2563 -2.82034 0.0
9.92458 -3.02945 0.0
10.4076 -3.95032 0.0
10.7708 -3.77235 0.0
10.6569 -2.99697 0.0
10.5946 -2.61026 0.0
-10.9266 -5.07902 0.0
-10.5331 -5.22188 0.0
-10.1289 -4.22581 0.0
-10.425 -4.07762 0.0
-10.7883 -3.89958 0.0
-10.8436 -4.33686 0.0
10.4251 -4.07754 0.0
10.1284 -4.22605 0.0
10.5336 -5.22166 0.0
10.9265 -5.079 0.0
10.8434 -4.3353 0.0
10.7883 -3.89956 0.0
-5.18029 12.1203 0.0
-5.01441 11.4463 0.0
-4.3293 11.6074 0.0
-4.39455 11.9267 0.0
-4.54367 12.6466 0.0
4.39455 11.9266 0.0
4.32969 11.6092 0.0
5.01399 11.4445 0.0
5.18031 12.1203 0.0
4.5437 12.6466 0.0
-10.5728 -2.48561 0.0
-10.2348 -2.69551 0.0
-9.68609 -1.85944 0.0
-10.0376 -1.59018 0.0
-10.3586 -1.34716 0.0
10.037 -1.59065 0.0
9.68636 -1.85924 0.0
10.2346 -2.6957 0.0
10.5728 -2.48562 0.0
10.3587 -1.34716 0.0
-10.3331 -1.22558 0.0
-10.0121 -1.46861 0.0
-9.41979 -0.714507 0.0
-9.77545 -0.391274 0.0
-10.082 -0.115207 0.0
9.77471 -0.391965 0.0
9.42034 -0.714036 0.0
10.0115 -1.46908 0.0
10.3332 -1.2256 0.0
10.0821 -0.115221 0.0
-4.47398 12.6993 0.0
-4.32486 11.9794 0.0
-3.64637 12.1156 0.0
-3.69164 12.3863 0.0
-3.82131 13.1486 0.0
3.69193 12.3879 0.0
3.64638 12.1157 0.0
4.32484 11.9794 0.0
4.47398 12.6993 0.0
3.82131 13.1486 0.0
9.46908 0.76837 0.0
9.12077 0.398938 0.0
9.74535 -0.273821 0.0
10.0527 0.00292286 0.0
9.76588 1.08077 0.0
-10.0527 0.00294006 0.0
-9.74608 -0.273127 0.0
-9.12009 0.398254 0.0
-9.46787 0.767134 0.0
-9.76587 1.08079 0.0
-9.73285 1.19499 0.0
-9.43485 0.881335 0.0
-8.79096 1.47917 0.0
-9.12169 1.88384 0.0
-9.41149 2.23611 0.0
9.12116 1.88326 0.0
8.78988 1.47791 0.0
9.43602 0.882618 0.0
9.73282 1.19502 0.0
9.41147 2.23614 0.0
-3.74998 13.1929 0.0
-3.62032 12.4306 0.0
-2.94661 12.5396 0.0
-2.97562 12.7603 0.0
-3.08365 13.5635 0.0
2.97579 12.7616 0.0
2.94636 12.5379 0.0
3.62058 12.4323 0.0
3.74996 13.1929 0.0
3.08363 13.5635 0.0
-0.666924 12.1701 0.0
-0.633159 11.1506 0.0
-0.0343123 11.1618 0.0
-0.0340916 12.2085 0.0
0.0332872 11.1589 0.0
0.0337423 11.0526 0.0
0.63259 11.1485 0.0
0.66634 12.1672 0.0
0.0335079 12.2056 0.0
-3.01098 13.5992 0.0
-2.90295 12.796 0.0
-2.23307 12.8794 0.0
-2.24927 13.0472 0.0
-2.33349 13.8892 0.0
2.24937 13.0484 0.0
2.23291 12.878 0.0
2.90312 12.7974 0.0
3.01096 13.5992 0.0
2.33347 13.8892 0.0
8.73567 2.95025 0.0
8.42916 2.52107 0.0
9.08457 1.99318 0.0
9.37488 2.34607 0.0
9.02026 3.34642 0.0
-9.37486 2.34608 0.0
-9.08506 1.9938 0.0
-8.42871 2.52046 0.0
-8.73585 2.95053 0.0
-9.02025 3.34643 0.0
-1.36466 12.0452 0.0
-1.29921 11.0577 0.0
-0.697694 11.0322 0.0
-0.700814 11.1408 0.0
-0.73458 12.1603 0.0
0.700829 11.1417 0.0
0.697719 11.033 0.0
1.29927 11.0587 0.0
1.36465 12.0452 0.0
0.734579 12.1603 0.0
-2.25975 13.9162 0.0
-2.17553 13.0742 0.0
-1.50847 13.1332 0.0
-1.51544 13.246 0.0
-1.57371 14.1245 0.0
1.51549 13.2471 0.0
1.50838 13.1321 0.0
2.17563 13.0753 0.0
2.25974 13.9162 0.0
1.57369 14.1245 0.0
-1.49919 14.1425 0.0
-1.44093 13.2641 0.0
-0.775703 13.2996 0.0
-0.77846 13.3971 0.0
-0.807345 14.2679 0.0
0.778399 13.3961 0.0
0.775653 13.2986 0.0
1.44098 13.2651 0.0
1.49918 14.1425 0.0
0.80733 14.2679 0.0
-0.732108 14.2781 0.0
-0.703222 13.4073 0.0
-0.0375372 13.3784 0.0
-0.0373203 14.3199 0.0
0.0364778 13.3757 0.0
0.036929 13.2807 0.0
0.702552 13.4036 0.0
0.731483 14.2754 0.0
0.0366947 14.3172 0.0
-2.05718 11.839 0.0
-1.96205 10.887 0.0
-1.36026 10.932 0.0
-1.3671 11.0426 0.0
-1.43254 12.0301 0.0
1.36716 11.0436 0.0
1.36031 10.9329 0.0
1.96216 10.8881 0.0
2.05718 11.839 0.0
1.43254 12.0301 0.0
-8.98022 3.4517 0.0
-8.69582 3.05579 0.0
-8.03686 3.5221 0.0
-8.31616 3.96728 0.0
-8.59376 4.4074 0.0
8.31635 3.96757 0.0
8.03703 3.52236 0.0
8.69564 3.05552 0.0
8.98023 3.45169 0.0
8.59377 4.40739 0.0
-2.74073 11.5485 0.0
-2.61803 10.6352 0.0
-2.01425 10.71 0.0
-2.02897 10.8626 0.0
-2.1241 11.8146 0.0
2.02906 10.8637 0.0
2.01411 10.7088 0.0
2.61818 10.6364 0.0
2.74072 11.5485 0.0
2.12408 11.8146 0.0
-8.5504 4.50765 0.0
-8.27279 4.06753 0.0
-7.61313 4.47591 0.0
-7.86332 4.92851 0.0
-8.13361 5.415 0.0
7.86274 4.92748 0.0
7.61297 4.47562 0.0
8.27297 4.06783 0.0
8.55039 4.50765 0.0
8.13361 5.415 0.0
-3.41281 11.1761 0.0
-3.2647 10.3042 0.0
-2.65749 10.4018 0.0
-2.6839 10.6026 0.0
-2.80661 11.5159 0.0
2.68405 10.6038 0.0
2.65728 10.4004 0.0
3.26493 10.3057 0.0
3.4128 11.1761 0.0
2.80659 11.5159 0.0
-8.0871 5.50983 0.0
-7.81681 5.02335 0.0
-7.15994 5.37989 0.0
-7.37877 5.8288 0.0
-7.64162 6.36531 0.0
7.37873 5.82867 0.0
7.16046 5.38091 0.0
7.81625 5.0223 0.0
8.08712 5.50982 0.0
7.64163 6.3653 0.0
-11.039 -6.39398 0.0
-10.6089 -6.4969 0.0
-10.3013 -5.44234 0.0
-10.5464 -5.35078 0.0
-10.9399 -5.20793 0.0
-10.984 -5.69178 0.0
10.547 -5.35066 0.0
10.3035 -5.44162 0.0
10.6066 -6.49754 0.0
11.039 -6.39406 0.0
10.9839 -5.68978 0.0
10.9399 -5.20801 0.0
-7.59216 6.45436 0.0
-7.32932 5.91785 0.0
-6.67936 6.23217 0.0
-6.86701 6.66918 0.0
-7.11971 7.25466 0.0
6.86741 6.67011 0.0
6.67942 6.23229 0.0
7.32926 5.91773 0.0
7.59217 6.45436 0.0
7.11971 7.25466 0.0
-4.0709 10.7236 0.0
-3.8996 9.89562 0.0
-3.28806 10.0173 0.0
-3.32932 10.2638 0.0
-3.47744 11.1356 0.0
3.32955 10.2653 0.0
3.28774 10.0156 0.0
3.89996 9.89744 0.0
4.07088 10.7236 0.0
3.47742 11.1356 0.0
-7.06743 7.33762 0.0
-6.81473 6.75214 0.0
-6.17088 7.025 0.0
-6.32914 7.44476 0.0
-6.56982 8.07964 0.0
6.32916 7.44486 0.0
6.17052 7.02408 0.0
6.81512 6.75308 0.0
7.06742 7.33763 0.0
6.56981 8.07965 0.0
-4.7125 10.1931 0.0
-4.52076 9.41291 0.0
-3.90317 9.55658 0.0
-3.96271 9.84751 0.0
-4.13401 10.6755 0.0
3.9631 9.84932 0.0
3.90353 9.55822 0.0
4.52037 9.41124 0.0
4.71251 10.1931 0.0
4.13402 10.6755 0.0
-6.51495 8.15618 0.0
-6.27427 7.5213 0.0
-5.63716 7.75693 0.0
-5.7675 8.15289 0.0
-5.99409 8.83704 0.0
5.7673 8.15228 0.0
5.63713 7.75684 0.0
6.2743 7.52139 0.0
6.51495 8.15618 0.0
5.99409 8.83704 0.0
-5.33526 9.58673 0.0
-5.12496 8.85397 0.0
-4.50131 9.02554 0.0
-4.58216 9.35733 0.0
-4.7739 10.1375 0.0
4.58177 9.35566 0.0
4.50162 9.02671 0.0
5.12463 8.85278 0.0
5.33527 9.58673 0.0
4.77391 10.1375 0.0
-5.93683 8.90686 0.0
-5.71024 8.22271 0.0
-5.07999 8.42476 0.0
-5.1844 8.79115 0.0
-5.3947 9.52391 0.0
5.18407 8.78996 0.0
5.08017 8.42536 0.0
5.71004 8.22209 0.0
5.93683 8.90686 0.0
5.3947 9.5239 0.0
-11.1082 -7.68012 0.0
-10.6326 -7.7361 0.0
-10.4439 -6.66723 0.0
-10.6179 -6.6251 0.0
-11.048 -6.52218 0.0
-11.0773 -7.03834 0.0
10.6156 -6.6256 0.0
10.4422 -6.66757 0.0
10.6343 -7.73584 0.0
11.1082 -7.68006 0.0
11.0772 -7.03556 0.0
11.048 -6.52212 0.0
</DataArray>
</Points>
<Cells>
<DataArray type="Int32" Name="connectivity" format="ascii">
0 1 754 753 1 52 755 754 52 51 756 755 51 0 753 756 2 53 758 757 53 52 759 758 52 1 760 759 1 2 757 760 3 54 762 761 54 53 763 762 53 2 764 763 2 3 761 764 4 55 766 765 55 54 767 766 54 3 768 767 3 4 765 768 5 56 770 769 56 55 771 770 55 4 772 771 4 5 769 772 6 57 774 773 57 56 775 774 56 5 776 775 5 6 773 776 7 58 778 777 58 57 779 778 57 6 780 779 6 7 777 780 8 59 782 781 59 58 783 782 58 7 784 783 7 8 781 784 9 60 786 785 60 59 787 786 59 8 788 787 8 9 785 788 10 61 790 789 61 60 791 790 60 9 792 791 9 10 789 792 11 62 794 793 62 61 795 794 61 10 796 795 10 11 793 796 12 63 798 797 63 62 799 798 62 11 800 799 11 12 797 800 13 64 802 801 64 63 803 802 63 12 804 803 12 13 801 804 14 65 806 805 65 64 807 806 64 13 808 807 13 14 805 808 15 66 810 809 66 65 811 810 65 14 812 811 14 15 809 812 16 67 814 813 67 66 815 814 66 15 816 815 15 16 813 816 17 68 818 817 68 67 819 818 67 16 820 819 16 17 817 820 18 69 822 821 69 68 823 822 68 17 824 823 17 18 821 824 19 70 826 825 70 69 827 826 69 18 828 827 18 19 825 828 20 71 830 829 71 70 831 830 70 19 832 831 19 20 829 832 21 72 834 833 72 71 835 834 71 20 836 835 20 21 833 836 22 73 838 837 73 72 839 838 72 21 840 839 21 22 837 840 23 74 842 841 74 73 843 842 73 22 844 843 22 23 841 844 24 75 846 845 75 74 847 846 74 23 848 847 23 24 845 848 25 76 850 849 76 75 851 850 75 24 852 851 24 25 849 852 26 77 854 853 77 76 855 854 76 25 856 855 25 26 853 856 27 78 858 857 78 77 859 858 77 26 860 859 26 27 857 860 28 79 862 861 79 78 863 862 78 27 864 863 27 28 861 864 29 80 866 865 80 79 867 866 79 28 868 867 28 29 865 868 30 81 870 869 81 80 871 870 80 29 872 871 29 30 869 872 31 82 874 873 82 81 875 874 81 30 876 875 30 31 873 876 32 83 878 877 83 82 879 878 82 31 880 879 31 32 877 880 33 84 882 881 84 83 883 882 83 32 884 883 32 33 881 884 34 85 886 885 85 84 887 886 84 33 888 887 33 34 885 888 35 86 890 889 86 85 891 890 85 34 892 891 34 35 889 892 36 87 894 893 87 86 895 894 86 35 896 895 35 36 893 896 37 88 898 897 88 87 899 898 87 36 900 899 36 37 897 900 38 89 902 901 89 88 903 902 88 37 904 903 37 38 901 904 39 90 906 905 90 89 907 906 89 38 908 907 38 39 905 908 40 91 910 909 91 90 911 910 90 39 912 911 39 40 909 912 41 92 914 913 92 91 915 914 91 40 916 915 40 41 913 916 42 93 918 917 93 92 919 918 92 41 920 919 41 42 917 920 43 94 922 921 94 93 923 922 93 42 924 923 42 43 921 924 44 95 926 925 95 94 927 926 94 43 928 927 43 44 925 928 45 96 930 929 96 95 931 930 95 44 932 931 44 45 929 932 46 97 934 933 97 96 935 934 96 45 936 935 45 46 933 936 47 98 938 937 98 97 939 938 97 46 940 939 46 47 937 940 48 99 942 941 99 98 943 942 98 47 944 943 47 48 941 944 49 100 946 945 100 99 947 946 99 48 948 947 48 49 945 948 50 101 950 949 101 100 951 950 100 49 952 951 49 50 949 952 51 52 954 953 52 103 955 954 103 102 956 955 102 51 953 956 52 53 958 957 53 104 959 958 104 103 960 959 103 52 957 960 53 54 962 961 54 105 963 962 105 104 964 963 104 53 961 964 54 55 966 965 55 106 967 966 106 105 968 967 105 54 965 968 55 56 970 969 56 107 971 970 107 106 972 971 106 55 969 972 56 57 974 973 57 108 975 974 108 107 976 975 107 56 973 976 57 58 978 977 58 109 979 978 109 108 980 979 108 57 977 980 58 59 982 981 59 110 983 982 110 109 984 983 109 58 981 984 59 60 986 985 60 111 987 986 111 110 988 987 110 59 985 988 60 61 990 989 61 112 991 990 112 111 992 991 111 60 989 992 61 62 994 993 62 113 995 994 113 112 996 995 112 61 993 996 62 63 998 997 63 114 999 998 114 113 1000 999 113 62 997 1000 63 64 1002 1001 64 115 1003 1002 115 114 1004 1003 114 63 1001 1004 64 65 1006 1005 65 116 1007 1006 116 115 1008 1007 115 64 1005 1008 65 66 1010 1009 66 117 1011 1010 117 116 1012 1011 116 65 1009 1012 66 67 1014 1013 67 118 1015 1014 118 117 1016 1015 117 66 1013 1016 67 68 1018 1017 68 119 1019 1018 119 118 1020 1019 118 67 1017 1020 68 69 1022 1021 69 120 1023 1022 120 119 1024 1023 119 68 1021 1024 69 70 1026 1025 70 121 1027 1026 121 120 1028 1027 120 69 1025 1028 70 71 1030 1029 71 122 1031 1030 122 121 1032 1031 121 70 1029 1032 71 72 1034 1033 72 123 1035 1034 123 122 1036 1035 122 71 1033 1036 72 73 1038 1037 73 124 1039 1038 124 123 1040 1039 123 72 1037 1040 73 74 1042 1041 74 125 1043 1042 125 124 1044 1043 124 73 1041 1044 74 75 1046 1045 75 126 1047 1046 126 125 1048 1047 125 74 1045 1048 75 76 1050 1049 76 127 1051 1050 127 126 1052 1051 126 75 1049 1052 76 77 1054 1053 77 128 1055 1054 128 127 1056 1055 127 76 1053 1056 77 78 1058 1057 78 129 1059 1058 129 128 1060 1059 128 77 1057 1060 78 79 1062 1061 79 130 1063 1062 130 129 1064 1063 129 78 1061 1064 79 80 1066 1065 80 131 1067 1066 131 130 1068 1067 130 79 1065 1068 80 81 1070 1069 81 132 1071 1070 132 131 1072 1071 131 80 1069 1072 81 82 1074 1073 82 133 1075 1074 133 132 1076 1075 132 81 1073 1076 82 83 1078 1077 83 134 1079 1078 134 133 1080 1079 133 82 1077 1080 83 84 1082 1081 84 135 1083 1082 135 134 1084 1083 134 83 1081 1084 84 85 1086 1085 85 136 1087 1086 136 135 1088 1087 135 84 1085 1088 85 86 1090 1089 86 137 1091 1090 137 136 1092 1091 136 85 1089 1092 86 87 1094 1093 87 138 1095 1094 138 137 1096 1095 137 86 1093 1096 87 88 1098 1097 88 139 1099 1098 139 138 1100 1099 138 87 1097 1100 88 89 1102 1101 89 140 1103 1102 140 139 1104 1103 139 88 1101 1104 89 90 1106 1105 90 141 1107 1106 141 140 1108 1107 140 89 1105 1108 90 91 1110 1109 91 142 1111 1110 142 141 1112 1111 141 90 1109 1112 91 92 1114 1113 92 143 1115 1114 143 142 1116 1115 142 91 1113 1116 92 93 1118 1117 93 144 1119 1118 144 143 1120 1119 143 92 1117 1120 93 94 1122 1121 94 145 1123 1122 145 144 1124 1123 144 93 1121 1124 94 95 1126 1125 95 146 1127 1126 146 145 1128 1127 145 94 1125 1128 95 96 1130 1129 96 147 1131 1130 147 146 1132 1131 146 95 1129 1132 96 97 1134 1133 97 148 1135 1134 148 147 1136 1135 147 96 1133 1136 97 98 1138 1137 98 149 1139 1138 149 148 1140 1139 148 97 1137 1140 98 99 1142 1141 99 150 1143 1142 150 149 1144 1143 149 98 1141 1144 99 100 1146 1145 100 151 1147 1146 151 150 1148 1147 150 99 1145 1148 100 101 1150 1149 101 152 1151 1150 152 151 1152 1151 151 100 1149 1152 103 154 1154 1153 154 153 1155 1154 153 102 1156 1155 102 103 1153 1156 104 155 1158 1157 155 154 1159 1158 154 103 1160 1159 103 104 1157 1160 105 156 1162 1161 156 155 1163 1162 155 104 1164 1163 104 105 1161 1164 106 157 1166 1165 157 156 1167 1166 156 105 1168 1167 105 106 1165 1168 107 158 1170 1169 158 157 1171 1170 157 106 1172 1171 106 107 1169 1172 108 159 1174 1173 159 158 1175 1174 158 107 1176 1175 107 108 1173 1176 109 160 1178 1177 160 159 1179 1178 159 108 1180 1179 108 109 1177 1180 110 161 1182 1181 161 160 1183 1182 160 109 1184 1183 109 110 1181 1184 111 162 1186 1185 162 161 1187 1186 161 110 1188 1187 110 111 1185 1188 112 163 1190 1189 163 162 1191 1190 162 111 1192 1191 111 112 1189 1192 113 164 1194 1193 164 163 1195 1194 163 112 1196 1195 112 113 1193 1196 114 165 1198 1197 165 164 1199 1198 164 113 1200 1199 113 114 1197 1200 115 166 1202 1201 166 165 1203 1202 165 114 1204 1203 114 115 1201 1204 116 167 1206 1205 167 166 1207 1206 166 115 1208 1207 115 116 1205 1208 117 168 1210 1209 168 167 1211 1210 167 116 1212 1211 116 117 1209 1212 118 169 1214 1213 169 168 1215 1214 168 117 1216 1215 117 118 1213 1216 119 170 1218 1217 170 169 1219 1218 169 118 1220 1219 118 119 1217 1220 120 171 1222 1221 171 170 1223 1222 170 119 1224 1223 119 120 1221 1224 121 172 1226 1225 172 171 1227 1226 171 120 1228 1227 120 121 1225 1228 122 173 1230 1229 173 172 1231 1230 172 121 1232 1231 121 122 1229 1232 123 174 1234 1233 174 173 1235 1234 173 122 1236 1235 122 123 1233 1236 124 175 1238 1237 175 174 1239 1238 174 123 1240 1239 123 124 1237 1240 125 176 1242 1241 176 175 1243 1242 175 124 1244 1243 124 125 1241 1244 126 177 1246 1245 177 176 1247 1246 176 125 1248 1247 125 126 1245 1248 127 178 1250 1249 178 177 1251 1250 177 126 1252 1251 126 127 1249 1252 128 179 1254 1253 179 178 1255 1254 178 127 1256 1255 127 128 1253 1256 129 180 1258 1257 180 179 1259 1258 179 128 1260 1259 128 129 1257 1260 130 181 1262 1261 181 180 1263 1262 180 129 1264 1263 129 130 1261 1264 131 182 1266 1265 182 181 1267 1266 181 130 1268 1267 130 131 1265 1268 132 183 1270 1269 183 182 1271 1270 182 131 1272 1271 131 132 1269 1272 133 184 1274 1273 184 183 1275 1274 183 132 1276 1275 132 133 1273 1276 134 185 1278 1277 185 184 1279 1278 184 133 1280 1279 133 134 1277 1280 135 186 1282 1281 186 185 1283 1282 185 134 1284 1283 134 135 1281 1284 136 187 1286 1285 187 186 1287 1286 186 135 1288 1287 135 136 1285 1288 137 188 1290 1289 188 187 1291 1290 187 136 1292 1291 136 137 1289 1292 138 189 1294 1293 189 188 1295 1294 188 137 1296 1295 137 138 1293 1296 139 190 1298 1297 190 189 1299 1298 189 138 1300 1299 138 139 1297 1300 140 191 1302 1301 191 190 1303 1302 190 139 1304 1303 139 140 1301 1304 141 192 1306 1305 192 191 1307 1306 191 140 1308 1307 140 141 1305 1308 142 193 1310 1309 193 192 1311 1310 192 141 1312 1311 141 142 1309 1312 143 194 1314 1313 194 193 1315 1314 193 142 1316 1315 142 143 1313 1316 144 195 1318 1317 195 194 1319 1318 194 143 1320 1319 143 144 1317 1320 145 196 1322 1321 196 195 1323 1322 195 144 1324 1323 144 145 1321 1324 146 197 1326 1325 197 196 1327 1326 196 145 1328 1327 145 146 1325 1328 147 198 1330 1329 198 197 1331 1330 197 146 1332 1331 146 147 1329 1332 148 199 1334 1333 199 198 1335 1334 198 147 1336 1335 147 148 1333 1336 149 200 1338 1337 200 199 1339 1338 199 148 1340 1339 148 149 1337 1340 150 201 1342 1341 201 200 1343 1342 200 149 1344 1343 149 150 1341 1344 151 202 1346 1345 202 201 1347 1346 201 150 1348 1347 150 151 1345 1348 151 152 1350 1349 152 203 1351 1350 203 202 1352 1351 202 151 1349 1352 154 205 1354 1353 205 204 1355 1354 204 153 1356 1355 153 154 1353 1356 155 206 1358 1357 206 205 1359 1358 205 154 1360 1359 154 155 1357 1360 156 207 1362 1361 207 206 1363 1362 206 155 1364 1363 155 156 1361 1364 157 208 1366 1365 208 207 1367 1366 207 156 1368 1367 156 157 1365 1368 158 209 1370 1369 209 208 1371 1370 208 157 1372 1371 157 158 1369 1372 159 210 1374 1373 210 209 1375 1374 209 158 1376 1375 158 159 1373 1376 160 211 1378 1377 211 210 1379 1378 210 159 1380 1379 159 160 1377 1380 161 212 1382 1381 212 211 1383 1382 211 160 1384 1383 160 161 1381 1384 162 213 1386 1385 213 212 1387 1386 212 161 1388 1387 161 162 1385 1388 163 214 1390 1389 214 213 1391 1390 213 162 1392 1391 162 163 1389 1392 164 215 1394 1393 215 214 1395 1394 214 163 1396 1395 163 164 1393 1396 165 216 1398 1397 216 215 1399 1398 215 164 1400 1399 164 165 1397 1400 166 217 1402 1401 217 216 1403 1402 216 165 1404 1403 165 166 1401 1404 167 218 1406 1405 218 217 1407 1406 217 166 1408 1407 166 167 1405 1408 168 219 1410 1409 219 218 1411 1410 218 167 1412 1411 167 168 1409 1412 169 220 1414 1413 220 219 1415 1414 219 168 1416 1415 168 169 1413 1416 170 221 1418 1417 221 220 1419 1418 220 169 1420 1419 169 170 1417 1420 171 222 1422 1421 222 221 1423 1422 221 170 1424 1423 170 171 1421 1424 172 223 1426 1425 223 222 1427 1426 222 171 1428 1427 171 172 1425 1428 173 224 1430 1429 224 223 1431 1430 223 172 1432 1431 172 173 1429 1432 174 225 1434 1433 225 224 1435 1434 224 173 1436 1435 173 174 1433 1436 175 226 1438 1437 226 225 1439 1438 225 174 1440 1439 174 175 1437 1440 176 227 1442 1441 227 226 1443 1442 226 175 1444 1443 175 176 1441 1444 177 228 1446 1445 228 227 1447 1446 227 176 1448 1447 176 177 1445 1448 178 229 1450 1449 229 228 1451 1450 228 177 1452 1451 177 178 1449 1452 179 230 1454 1453 230 229 1455 1454 229 178 1456 1455 178 179 1453 1456 180 231 1458 1457 231 230 1459 1458 230 179 1460 1459 179 180 1457 1460 181 232 1462 1461 232 231 1463 1462 231 180 1464 1463 180 181 1461 1464 182 233 1466 1465 233 232 1467 1466 232 181 1468 1467 181 182 1465 1468 183 234 1470 1469 234 233 1471 1470 233 182 1472 1471 182 183 1469 1472 184 235 1474 1473 235 234 1475 1474 234 183 1476 1475 183 184 1473 1476 185 236 1478 1477 236 235 1479 1478 235 184 1480 1479 184 185 1477 1480 186 237 1482 1481 237 236 1483 1482 236 185 1484 1483 185 186 1481 1484 187 238 1486 1485 238 237 1487 1486 237 186 1488 1487 186 187 1485 1488 188 239 1490 1489 239 238 1491 1490 238 187 1492 1491 187 188 1489 1492 189 240 1494 1493 240 239 1495 1494 239 188 1496 1495 188 189 1493 1496 190 241 1498 1497 241 240 1499 1498 240 189 1500 1499 189 190 1497 1500 191 242 1502 1501 242 241 1503 1502 241 190 1504 1503 190 191 1501 1504 192 243 1506 1505 243 242 1507 1506 242 191 1508 1507 191 192 1505 1508 193 244 1510 1509 244 243 1511 1510 243 192 1512 1511 192 193 1509 1512 194 245 1514 1513 245 244 1515 1514 244 193 1516 1515 193 194 1513 1516 195 246 1518 1517 246 245 1519 1518 245 194 1520 1519 194 195 1517 1520 196 247 1522 1521 247 246 1523 1522 246 195 1524 1523 195 196 1521 1524 197 248 1526 1525 248 247 1527 1526 247 196 1528 1527 196 197 1525 1528 198 249 1530 1529 249 248 1531 1530 248 197 1532 1531 197 198 1529 1532 199 250 1534 1533 250 249 1535 1534 249 198 1536 1535 198 199 1533 1536 200 251 1538 1537 251 250 1539 1538 250 199 1540 1539 199 200 1537 1540 201 252 1542 1541 252 251 1543 1542 251 200 1544 1543 200 201 1541 1544 202 253 1546 1545 253 252 1547 1546 252 201 1548 1547 201 202 1545 1548 202 203 1550 1549 203 254 1551 1550 254 253 1552 1551 253 202 1549 1552 205 256 1554 1553 256 255 1555 1554 255 204 1556 1555 204 205 1553 1556 206 257 1558 1557 257 256 1559 1558 256 205 1560 1559 205 206 1557 1560 207 258 1562 1561 258 257 1563 1562 257 206 1564 1563 206 207 1561 1564 208 259 1566 1565 259 258 1567 1566 258 207 1568 1567 207 208 1565 1568 209 260 1570 1569 260 259 1571 1570 259 208 1572 1571 208 209 1569 1572 210 261 1574 1573 261 260 1575 1574 260 209 1576 1575 209 210 1573 1576 211 262 1578 1577 262 261 1579 1578 261 210 1580 1579 210 211 1577 1580 212 263 1582 1581 263 262 1583 1582 262 211 1584 1583 211 212 1581 1584 213 264 1586 1585 264 263 1587 1586 263 212 1588 1587 212 213 1585 1588 214 265 1590 1589 265 264 1591 1590 264 213 1592 1591 213 214 1589 1592 215 266 1594 1593 266 265 1595 1594 265 214 1596 1595 214 215 1593 1596 216 267 1598 1597 267 266 1599 1598 266 215 1600 1599 215 216 1597 1600 217 268 1602 1601 268 267 1603 1602 267 216 1604 1603 216 217 1601 1604 218 269 1606 1605 269 268 1607 1606 268 217 1608 1607 217 218 1605 1608 219 270 1610 1609 270 269 1611 1610 269 218 1612 1611 218 219 1609 1612 220 271 1614 1613 271 270 1615 1614 270 219 1616 1615 219 220 1613 1616 221 272 1618 1617 272 271 1619 1618 271 220 1620 1619 220 221 1617 1620 222 273 1622 1621 273 272 1623 1622 272 221 1624 1623 221 222 1621 1624 223 274 1626 1625 274 273 1627 1626 273 222 1628 1627 222 223 1625 1628 224 275 1630 1629 275 274 1631 1630 274 223 1632 1631 223 224 1629 1632 225 276 1634 1633 276 275 1635 1634 275 224 1636 1635 224 225 1633 1636 226 277 1638 1637 277 276 1639 1638 276 225 1640 1639 225 226 1637 1640 227 278 1642 1641 278 277 1643 1642 277 226 1644 1643 226 227 1641 1644 228 279 1646 1645 279 278 1647 1646 278 227 1648 1647 227 228 1645 1648 229 280 1650 1649 280 279 1651 1650 279 228 1652 1651 228 229 1649 1652 230 281 1654 1653 281 280 1655 1654 280 229 1656 1655 229 230 1653 1656 231 282 1658 1657 282 281 1659 1658 281 230 1660 1659 230 231 1657 1660 232 283 1662 1661 283 282 1663 1662 282 231 1664 1663 231 232 1661 1664 233 284 1666 1665 284 283 1667 1666 283 232 1668 1667 232 233 1665 1668 234 285 1670 1669 285 284 1671 1670 284 233 1672 1671 233 234 1669 1672 235 286 1674 1673 286 285 1675 1674 285 234 1676 1675 234 235 1673 1676 236 287 1678 1677 287 286 1679 1678 286 235 1680 1679 235 236 1677 1680 237 288 1682 1681 288 287 1683 1682 287 236 1684 1683 236 237 1681 1684 238 289 1686 1685 289 288 1687 1686 288 237 1688 1687 237 238 1685 1688 239 290 1690 1689 290 289 1691 1690 289 238 1692 1691 238 239 1689 1692 240 291 1694 1693 291 290 1695 1694 290 239 1696 1695 239 240 1693 1696 241 292 1698 1697 292 291 1699 1698 291 240 1700 1699 240 241 1697 1700 242 293 1702 1701 293 292 1703 1702 292 241 1704 1703 241 242 1701 1704 243 294 1706 1705 294 293 1707 1706 293 242 1708 1707 242 243 1705 1708 244 295 1710 1709 295 294 1711 1710 294 243 1712 1711 243 244 1709 1712 245 296 1714 1713 296 295 1715 1714 295 244 1716 1715 244 245 1713 1716 246 297 1718 1717 297 296 1719 1718 296 245 1720 1719 245 246 1717 1720 247 298 1722 1721 298 297 1723 1722 297 246 1724 1723 246 247 1721 1724 248 299 1726 1725 299 298 1727 1726 298 247 1728 1727 247 248 1725 1728 249 300 1730 1729 300 299 1731 1730 299 248 1732 1731 248 249 1729 1732 250 301 1734 1733 301 300 1735 1734 300 249 1736 1735 249 250 1733 1736 251 302 1738 1737 302 301 1739 1738 301 250 1740 1739 250 251 1737 1740 252 303 1742 1741 303 302 1743 1742 302 251 1744 1743 251 252 1741 1744 253 304 1746 1745 304 303 1747 1746 303 252 1748 1747 252 253 1745 1748 253 254 1750 1749 254 305 1751 1750 305 304 1752 1751 304 253 1749 1752 256 307 1754 1753 307 306 1755 1754 306 255 1756 1755 255 256 1753 1756 257 308 1758 1757 308 307 1759 1758 307 256 1760 1759 256 257 1757 1760 258 309 1762 1761 309 308 1763 1762 308 257 1764 1763 257 258 1761 1764 259 310 1766 1765 310 309 1767 1766 309 258 1768 1767 258 259 1765 1768 260 311 1770 1769 311 310 1771 1770 310 259 1772 1771 259 260 1769 1772 261 312 1774 1773 312 311 1775 1774 311 260 1776 1775 260 261 1773 1776 262 313 1778 1777 313 312 1779 1778 312 261 1780 1779 261 262 1777 1780 263 314 1782 1781 314 313 1783 1782 313 262 1784 1783 262 263 1781 1784 264 315 1786 1785 315 314 1787 1786 314 263 1788 1787 263 264 1785 1788 265 316 1790 1789 316 315 1791 1790 315 264 1792 1791 264 265 1789 1792 266 317 1794 1793 317 316 1795 1794 316 265 1796 1795 265 266 1793 1796 267 318 1798 1797 318 317 1799 1798 317 266 1800 1799 266 267 1797 1800 268 319 1802 1801 319 318 1803 1802 318 267 1804 1803 267 268 1801 1804 269 320 1806 1805 320 319 1807 1806 319 268 1808 1807 268 269 1805 1808 270 321 1810 1809 321 320 1811 1810 320 269 1812 1811 269 270 1809 1812 271 322 1814 1813 322 321 1815 1814 321 270 1816 1815 270 271 1813 1816 272 323 1818 1817 323 322 1819 1818 322 271 1820 1819 271 272 1817 1820 273 324 1822 1821 324 323 1823 1822 323 272 1824 1823 272 273 1821 1824 274 325 1826 1825 325 324 1827 1826 324 273 1828 1827 273 274 1825 1828 275 326 1830 1829 326 325 1831 1830 325 274 1832 1831 274 275 1829 1832 276 327 1834 1833 327 326 1835 1834 326 275 1836 1835 275 276 1833 1836 277 328 1838 1837 328 327 1839 1838 327 276 1840 1839 276 277 1837 1840 278 329 1842 1841 329 328 1843 1842 328 277 1844 1843 277 278 1841 1844 279 330 1846 1845 330 329 1847 1846 329 278 1848 1847 278 279 1845 1848 280 331 1850 1849 331 330 1851 1850 330 279 1852 1851 279 280 1849 1852 281 332 1854 1853 332 331 1855 1854 331 280 1856 1855 280 281 1853 1856 282 333 1858 1857 333 332 1859 1858 332 281 1860 1859 281 282 1857 1860 283 334 1862 1861 334 333 1863 1862 333 282 1864 1863 282 283 1861 1864 284 335 1866 1865 335 334 1867 1866 334 283 1868 1867 283 284 1865 1868 285 336 1870 1869 336 335 1871 1870 335 284 1872 1871 284 285 1869 1872 286 337 1874 1873 337 336 1875 1874 336 285 1876 1875 285 286 1873 1876 287 338 1878 1877 338 337 1879 1878 337 286 1880 1879 286 287 1877 1880 288 339 1882 1881 339 338 1883 1882 338 287 1884 1883 287 288 1881 1884 289 340 1886 1885 340 339 1887 1886 339 288 1888 1887 288 289 1885 1888 290 341 1890 1889 341 340 1891 1890 340 289 1892 1891 289 290 1889 1892 291 342 1894 1893 342 341 1895 1894 341 290 1896 1895 290 291 1893 1896 292 343 1898 1897 343 342 1899 1898 342 291 1900 1899 291 292 1897 1900 293 344 1902 1901 344 343 1903 1902 343 292 1904 1903 292 293 1901 1904 294 345 1906 1905 345 344 1907 1906 344 293 1908 1907 293 294 1905 1908 295 346 1910 1909 346 345 1911 1910 345 294 1912 1911 294 295 1909 1912 296 347 1914 1913 347 346 1915 1914 346 295 1916 1915 295 296 1913 1916 297 348 1918 1917 348 347 1919 1918 347 296 1920 1919 296 297 1917 1920 298 349 1922 1921 349 348 1923 1922 348 297 1924 1923 297 298 1921 1924 299 350 1926 1925 350 349 1927 1926 349 298 1928 1927 298 299 1925 1928 300 351 1930 1929 351 350 1931 1930 350 299 1932 1931 299 300 1929 1932 301 352 1934 1933 352 351 1935 1934 351 300 1936 1935 300 301 1933 1936 302 353 1938 1937 353 352 1939 1938 352 301 1940 1939 301 302 1937 1940 303 354 1942 1941 354 353 1943 1942 353 302 1944 1943 302 303 1941 1944 304 355 1946 1945 355 354 1947 1946 354 303 1948 1947 303 304 1945 1948 304 305 1950 1949 305 356 1951 1950 356 355 1952 1951 355 304 1949 1952 307 358 1954 1953 358 357 1955 1954 357 306 1956 1955 306 307 1953 1956 308 359 1958 1957 359 358 1959 1958 358 307 1960 1959 307 308 1957 1960 309 360 1962 1961 360 359 1963 1962 359 308 1964 1963 308 309 1961 1964 310 361 1966 1965 361 360 1967 1966 360 309 1968 1967 309 310 1965 1968 311 362 1970 1969 362 361 1971 1970 361 310 1972 1971 310 311 1969 1972 312 363 1974 1973 363 362 1975 1974 362 311 1976 1975 311 312 1973 1976 313 364 1978 1977 364 363 1979 1978 363 312 1980 1979 312 313 1977 1980 314 365 1982 1981 365 364 1983 1982 364 313 1984 1983 313 314 1981 1984 315 366 1986 1985 366 365 1987 1986 365 314 1988 1987 314 315 1985 1988 316 367 1990 1989 367 366 1991 1990 366 315 1992 1991 315 316 1989 1992 317 368 1994 1993 368 367 1995 1994 367 316 1996 1995 316 317 1993 1996 318 369 1998 1997 369 368 1999 1998 368 317 2000 1999 317 318 1997 2000 319 370 2002 2001 370 369 2003 2002 369 318 2004 2003 318 319 2001 2004 320 371 2006 2005 371 370 2007 2006 370 319 2008 2007 319 320 2005 2008 321 372 2010 2009 372 371 2011 2010 371 320 2012 2011 320 321 2009 2012 322 373 2014 2013 373 372 2015 2014 372 321 2016 2015 321 322 2013 2016 323 374 2018 2017 374 373 2019 2018 373 322 2020 2019 322 323 2017 2020 324 375 2022 2021 375 374 2023 2022 374 323 2024 2023 323 324 2021 2024 325 376 2026 2025 376 375 2027 2026 375 324 2028 2027 324 325 2025 2028 326 377 2030 2029 377 376 2031 2030 376 325 2032 2031 325 326 2029 2032 327 378 2034 2033 378 377 2035 2034 377 326 2036 2035 326 327 2033 2036 328 379 2038 2037 379 378 2039 2038 378 327 2040 2039 327 328 2037 2040 329 380 2042 2041 380 379 2043 2042 379 328 2044 2043 328 329 2041 2044 330 381 2046 2045 381 380 2047 2046 380 329 2048 2047 329 330 2045 2048 331 382 2050 2049 382 381 2051 2050 381 330 2052 2051 330 331 2049 2052 332 383 2054 2053 383 382 2055 2054 382 331 2056 2055 331 332 2053 2056 333 384 2058 2057 384 383 2059 2058 383 332 2060 2059 332 333 2057 2060 334 385 2062 2061 385 384 2063 2062 384 333 2064 2063 333 334 2061 2064 335 386 2066 2065 386 385 2067 2066 385 334 2068 2067 334 335 2065 2068 336 387 2070 2069 387 386 2071 2070 386 335 2072 2071 335 336 2069 2072 337 388 2074 2073 388 387 2075 2074 387 336 2076 2075 336 337 2073 2076 338 389 2078 2077 389 388 2079 2078 388 337 2080 2079 337 338 2077 2080 339 390 2082 2081 390 389 2083 2082 389 338 2084 2083 338 339 2081 2084 340 391 2086 2085 391 390 2087 2086 390 339 2088 2087 339 340 2085 2088 341 392 2090 2089 392 391 2091 2090 391 340 2092 2091 340 341 2089 2092 342 393 2094 2093 393 392 2095 2094 392 341 2096 2095 341 342 2093 2096 343 394 2098 2097 394 393 2099 2098 393 342 2100 2099 342 343 2097 2100 344 395 2102 2101 395 394 2103 2102 394 343 2104 2103 343 344 2101 2104 345 396 2106 2105 396 395 2107 2106 395 344 2108 2107 344 345 2105 2108 346 397 2110 2109 397 396 2111 2110 396 345 2112 2111 345 346 2109 2112 347 398 2114 2113 398 397 2115 2114 397 346 2116 2115 346 347 2113 2116 348 399 2118 2117 399 398 2119 2118 398 347 2120 2119 347 348 2117 2120 349 400 2122 2121 400 399 2123 2122 399 348 2124 2123 348 349 2121 2124 350 401 2126 2125 401 400 2127 2126 400 349 2128 2127 349 350 2125 2128 351 402 2130 2129 402 401 2131 2130 401 350 2132 2131 350 351 2129 2132 352 403 2134 2133 403 402 2135 2134 402 351 2136 2135 351 352 2133 2136 353 404 2138 2137 404 403 2139 2138 403 352 2140 2139 352 353 2137 2140 354 405 2142 2141 405 404 2143 2142 404 353 2144 2143 353 354 2141 2144 355 406 2146 2145 406 405 2147 2146 405 354 2148 2147 354 355 2145 2148 355 356 2150 2149 356 407 2151 2150 407 406 2152 2151 406 355 2149 2152 358 409 2154 2153 409 408 2155 2154 408 357 2156 2155 357 358 2153 2156 359 410 2158 2157 410 409 2159 2158 409 358 2160 2159 358 359 2157 2160 360 411 2162 2161 411 410 2163 2162 410 359 2164 2163 359 360 2161 2164 361 412 2166 2165 412 411 2167 2166 411 360 2168 2167 360 361 2165 2168 362 413 2170 2169 413 412 2171 2170 412 361 2172 2171 361 362 2169 2172 363 414 2174 2173 414 413 2175 2174 413 362 2176 2175 362 363 2173 2176 364 415 2178 2177 415 414 2179 2178 414 363 2180 2179 363 364 2177 2180 365 416 2182 2181 416 415 2183 2182 415 364 2184 2183 364 365 2181 2184 366 417 2186 2185 417 416 2187 2186 416 365 2188 2187 365 366 2185 2188 367 418 2190 2189 418 417 2191 2190 417 366 2192 2191 366 367 2189 2192 368 419 2194 2193 419 418 2195 2194 418 367 2196 2195 367 368 2193 2196 369 420 2198 2197 420 419 2199 2198 419 368 2200 2199 368 369 2197 2200 370 421 2202 2201 421 420 2203 2202 420 369 2204 2203 369 370 2201 2204 371 422 2206 2205 422 421 2207 2206 421 370 2208 2207 370 371 2205 2208 372 423 2210 2209 423 422 2211 2210 422 371 2212 2211 371 372 2209 2212 373 424 2214 2213 424 423 2215 2214 423 372 2216 2215 372 373 2213 2216 374 425 2218 2217 425 424 2219 2218 424 373 2220 2219 373 374 2217 2220 375 426 2222 2221 426 425 2223 2222 425 374 2224 2223 374 375 2221 2224 376 427 2226 2225 427 426 2227 2226 426 375 2228 2227 375 376 2225 2228 377 428 2230 2229 428 427 2231 2230 427 376 2232 2231 376 377 2229 2232 378 429 2234 2233 429 428 2235 2234 428 377 2236 2235 377 378 2233 2236 379 430 2238 2237 430 429 2239 2238 429 378 2240 2239 378 379 2237 2240 380 431 2242 2241 431 430 2243 2242 430 379 2244 2243 379 380 2241 2244 381 432 2246 2245 432 431 2247 2246 431 380 2248 2247 380 381 2245 2248 382 433 2250 2249 433 432 2251 2250 432 381 2252 2251 381 382 2249 2252 383 434 2254 2253 434 433 2255 2254 433 382 2256 2255 382 383 2253 2256 384 435 2258 2257 435 434 2259 2258 434 383 2260 2259 383 384 2257 2260 385 436 2262 2261 436 435 2263 2262 435 384 2264 2263 384 385 2261 2264 386 437 2266 2265 437 436 2267 2266 436 385 2268 2267 385 386 2265 2268 387 438 2270 2269 438 437 2271 2270 437 386 2272 2271 386 387 2269 2272 388 439 2274 2273 439 438 2275 2274 438 387 2276 2275 387 388 2273 2276 389 440 2278 2277 440 439 2279 2278 439 388 2280 2279 388 389 2277 2280 390 441 2282 2281 441 440 2283 2282 440 389 2284 2283 389 390 2281 2284 391 442 2286 2285 442 441 2287 2286 441 390 2288 2287 390 391 2285 2288 392 443 2290 2289 443 442 2291 2290 442 391 2292 2291 391 392 2289 2292 393 444 2294 2293 444 443 2295 2294 443 392 2296 2295 392 393 2293 2296 394 445 2298 2297 445 444 2299 2298 444 393 2300 2299 393 394 2297 2300 395 446 2302 2301 446 445 2303 2302 445 394 2304 2303 394 395 2301 2304 396 447 2306 2305 447 446 2307 2306 446 395 2308 2307 395 396 2305 2308 397 448 2310 2309 448 447 2311 2310 447 396 2312 2311 396 397 2309 2312 398 449 2314 2313 449 448 2315 2314 448 397 2316 2315 397 398 2313 2316 399 450 2318 2317 450 449 2319 2318 449 398 2320 2319 398 399 2317 2320 400 451 2322 2321 451 450 2323 2322 450 399 2324 2323 399 400 2321 2324 401 452 2326 2325 452 451 2327 2326 451 400 2328 2327 400 401 2325 2328 402 453 2330 2329 453 452 2331 2330 452 401 2332 2331 401 402 2329 2332 403 454 2334 2333 454 453 2335 2334 453 402 2336 2335 402 403 2333 2336 404 455 2338 2337 455 454 2339 2338 454 403 2340 2339 403 404 2337 2340 405 456 2342 2341 456 455 2343 2342 455 404 2344 2343 404 405 2341 2344 406 457 2346 2345 457 456 2347 2346 456 405 2348 2347 405 406 2345 2348 406 407 2350 2349 407 458 2351 2350 458 457 2352 2351 457 406 2349 2352 409 749 2354 2353 749 460 2355 2354 460 459 2356 2355 459 408 2357 2356 408 409 2353 2357 749 409 2359 2358 409 410 2360 2359 410 750 2361 2360 750 749 2358 2361 750 410 2363 2362 410 411 2364 2363 411 718 2365 2364 718 717 2366 2365 717 750 2362 2366 718 411 2368 2367 411 412 2369 2368 412 634 2370 2369 634 633 2371 2370 633 718 2367 2371 634 412 2373 2372 412 413 2374 2373 413 630 2375 2374 630 629 2376 2375 629 634 2372 2376 641 630 2378 2377 630 413 2379 2378 413 414 2380 2379 414 642 2381 2380 642 641 2377 2381 645 642 2383 2382 642 414 2384 2383 414 415 2385 2384 415 646 2386 2385 646 645 2382 2386 655 646 2388 2387 646 415 2389 2388 415 416 2390 2389 416 656 2391 2390 656 655 2387 2391 657 656 2393 2392 656 416 2394 2393 416 417 2395 2394 417 658 2396 2395 658 657 2392 2396 675 658 2398 2397 658 417 2399 2398 417 418 2400 2399 418 676 2401 2400 676 675 2397 2401 697 676 2403 2402 676 418 2404 2403 418 419 2405 2404 419 698 2406 2405 698 697 2402 2406 705 698 2408 2407 698 419 2409 2408 419 420 2410 2409 420 706 2411 2410 706 705 2407 2411 713 706 2413 2412 706 420 2414 2413 420 421 2415 2414 421 714 2416 2415 714 713 2412 2416 721 714 2418 2417 714 421 2419 2418 421 422 2420 2419 422 722 2421 2420 722 721 2417 2421 729 722 2423 2422 722 422 2424 2423 422 423 2425 2424 423 730 2426 2425 730 729 2422 2426 737 730 2428 2427 730 423 2429 2428 423 424 2430 2429 424 738 2431 2430 738 737 2427 2431 745 738 2433 2432 738 424 2434 2433 424 425 2435 2434 425 746 2436 2435 746 745 2432 2436 746 425 2438 2437 425 426 2439 2438 426 742 2440 2439 742 741 2441 2440 741 746 2437 2441 742 426 2443 2442 426 427 2444 2443 427 734 2445 2444 734 733 2446 2445 733 742 2442 2446 734 427 2448 2447 427 428 2449 2448 428 726 2450 2449 726 725 2451 2450 725 734 2447 2451 726 428 2453 2452 428 429 2454 2453 429 710 2455 2454 710 709 2456 2455 709 726 2452 2456 710 429 2458 2457 429 430 2459 2458 430 702 2460 2459 702 701 2461 2460 701 710 2457 2461 702 430 2463 2462 430 431 2464 2463 431 694 2465 2464 694 693 2466 2465 693 702 2462 2466 694 431 2468 2467 431 432 2469 2468 432 678 2470 2469 678 677 2471 2470 677 694 2467 2471 678 432 2473 2472 432 433 2474 2473 433 667 2475 2474 667 666 2476 2475 666 665 2477 2476 665 678 2472 2477 667 433 2479 2478 433 434 2480 2479 434 679 2481 2480 679 668 2482 2481 668 667 2478 2482 679 434 2484 2483 434 435 2485 2484 435 695 2486 2485 695 680 2487 2486 680 679 2483 2487 695 435 2489 2488 435 436 2490 2489 436 703 2491 2490 703 696 2492 2491 696 695 2488 2492 703 436 2494 2493 436 437 2495 2494 437 711 2496 2495 711 704 2497 2496 704 703 2493 2497 711 437 2499 2498 437 438 2500 2499 438 727 2501 2500 727 712 2502 2501 712 711 2498 2502 727 438 2504 2503 438 439 2505 2504 439 735 2506 2505 735 728 2507 2506 728 727 2503 2507 735 439 2509 2508 439 440 2510 2509 440 743 2511 2510 743 736 2512 2511 736 735 2508 2512 743 440 2514 2513 440 441 2515 2514 441 747 2516 2515 747 744 2517 2516 744 743 2513 2517 747 441 2519 2518 441 442 2520 2519 442 739 2521 2520 739 748 2522 2521 748 747 2518 2522 739 442 2524 2523 442 443 2525 2524 443 731 2526 2525 731 740 2527 2526 740 739 2523 2527 731 443 2529 2528 443 444 2530 2529 444 723 2531 2530 723 732 2532 2531 732 731 2528 2532 723 444 2534 2533 444 445 2535 2534 445 715 2536 2535 715 724 2537 2536 724 723 2533 2537 715 445 2539 2538 445 446 2540 2539 446 707 2541 2540 707 716 2542 2541 716 715 2538 2542 707 446 2544 2543 446 447 2545 2544 447 699 2546 2545 699 708 2547 2546 708 707 2543 2547 699 447 2549 2548 447 448 2550 2549 448 673 2551 2550 673 700 2552 2551 700 699 2548 2552 673 448 2554 2553 448 449 2555 2554 449 659 2556 2555 659 674 2557 2556 674 673 2553 2557 659 449 2559 2558 449 450 2560 2559 450 653 2561 2560 653 660 2562 2561 660 659 2558 2562 653 450 2564 2563 450 451 2565 2564 451 647 2566 2565 647 654 2567 2566 654 653 2563 2567 647 451 2569 2568 451 452 2570 2569 452 643 2571 2570 643 648 2572 2571 648 647 2568 2572 643 452 2574 2573 452 453 2575 2574 453 631 2576 2575 631 644 2577 2576 644 643 2573 2577 631 453 2579 2578 453 454 2580 2579 454 635 2581 2580 635 632 2582 2581 632 631 2578 2582 635 454 2584 2583 454 455 2585 2584 455 719 2586 2585 719 636 2587 2586 636 635 2583 2587 719 455 2589 2588 455 456 2590 2589 456 751 2591 2590 751 720 2592 2591 720 719 2588 2592 751 456 2594 2593 456 457 2595 2594 457 752 2596 2595 752 751 2593 2596 457 458 2598 2597 458 509 2599 2598 509 508 2600 2599 508 752 2601 2600 752 457 2597 2601 511 510 2603 2602 510 459 2604 2603 459 460 2605 2604 460 511 2602 2605 460 585 2607 2606 585 586 2608 2607 586 511 2609 2608 511 460 2606 2609 461 565 2611 2610 565 566 2612 2611 566 512 2613 2612 512 461 2610 2613 462 561 2615 2614 561 562 2616 2615 562 513 2617 2616 513 462 2614 2617 463 569 2619 2618 569 570 2620 2619 570 514 2621 2620 514 463 2618 2621 573 464 2623 2622 464 465 2624 2623 465 574 2625 2624 574 573 2622 2625 577 574 2627 2626 574 465 2628 2627 465 466 2629 2628 466 578 2630 2629 578 577 2626 2630 581 578 2632 2631 578 466 2633 2632 466 467 2634 2633 467 582 2635 2634 582 581 2631 2635 591 582 2637 2636 582 467 2638 2637 467 468 2639 2638 468 592 2640 2639 592 591 2636 2640 593 592 2642 2641 592 468 2643 2642 468 469 2644 2643 469 594 2645 2644 594 593 2641 2645 597 594 2647 2646 594 469 2648 2647 469 470 2649 2648 470 598 2650 2649 598 597 2646 2650 601 598 2652 2651 598 470 2653 2652 470 471 2654 2653 471 602 2655 2654 602 601 2651 2655 605 602 2657 2656 602 471 2658 2657 471 472 2659 2658 472 606 2660 2659 606 605 2656 2660 609 606 2662 2661 606 472 2663 2662 472 473 2664 2663 473 610 2665 2664 610 609 2661 2665 613 610 2667 2666 610 473 2668 2667 473 474 2669 2668 474 614 2670 2669 614 613 2666 2670 617 614 2672 2671 614 474 2673 2672 474 475 2674 2673 475 618 2675 2674 618 617 2671 2675 621 618 2677 2676 618 475 2678 2677 475 476 2679 2678 476 622 2680 2679 622 621 2676 2680 625 622 2682 2681 622 476 2683 2682 476 477 2684 2683 477 626 2685 2684 626 625 2681 2685 637 626 2687 2686 626 477 2688 2687 477 478 2689 2688 478 638 2690 2689 638 637 2686 2690 649 638 2692 2691 638 478 2693 2692 478 479 2694 2693 479 650 2695 2694 650 649 2691 2695 661 650 2697 2696 650 479 2698 2697 479 480 2699 2698 480 662 2700 2699 662 661 2696 2700 669 662 2702 2701 662 480 2703 2702 480 481 2704 2703 481 670 2705 2704 670 669 2701 2705 681 670 2707 2706 670 481 2708 2707 481 482 2709 2708 482 682 2710 2709 682 681 2706 2710 685 682 2712 2711 682 482 2713 2712 482 483 2714 2713 483 686 2715 2714 686 685 2711 2715 689 686 2717 2716 686 483 2718 2717 483 484 2719 2718 484 691 2720 2719 691 690 2721 2720 690 689 2716 2721 691 484 2723 2722 484 485 2724 2723 485 687 2725 2724 687 692 2726 2725 692 691 2722 2726 687 485 2728 2727 485 486 2729 2728 486 683 2730 2729 683 688 2731 2730 688 687 2727 2731 683 486 2733 2732 486 487 2734 2733 487 671 2735 2734 671 684 2736 2735 684 683 2732 2736 671 487 2738 2737 487 488 2739 2738 488 663 2740 2739 663 672 2741 2740 672 671 2737 2741 663 488 2743 2742 488 489 2744 2743 489 651 2745 2744 651 664 2746 2745 664 663 2742 2746 651 489 2748 2747 489 490 2749 2748 490 639 2750 2749 639 652 2751 2750 652 651 2747 2751 639 490 2753 2752 490 491 2754 2753 491 627 2755 2754 627 640 2756 2755 640 639 2752 2756 627 491 2758 2757 491 492 2759 2758 492 623 2760 2759 623 628 2761 2760 628 627 2757 2761 623 492 2763 2762 492 493 2764 2763 493 619 2765 2764 619 624 2766 2765 624 623 2762 2766 619 493 2768 2767 493 494 2769 2768 494 615 2770 2769 615 620 2771 2770 620 619 2767 2771 615 494 2773 2772 494 495 2774 2773 495 611 2775 2774 611 616 2776 2775 616 615 2772 2776 611 495 2778 2777 495 496 2779 2778 496 607 2780 2779 607 612 2781 2780 612 611 2777 2781 607 496 2783 2782 496 497 2784 2783 497 603 2785 2784 603 608 2786 2785 608 607 2782 2786 603 497 2788 2787 497 498 2789 2788 498 599 2790 2789 599 604 2791 2790 604 603 2787 2791 599 498 2793 2792 498 499 2794 2793 499 595 2795 2794 595 600 2796 2795 600 599 2792 2796 595 499 2798 2797 499 500 2799 2798 500 589 2800 2799 589 596 2801 2800 596 595 2797 2801 589 500 2803 2802 500 501 2804 2803 501 583 2805 2804 583 590 2806 2805 590 589 2802 2806 583 501 2808 2807 501 502 2809 2808 502 579 2810 2809 579 584 2811 2810 584 583 2807 2811 579 502 2813 2812 502 503 2814 2813 503 575 2815 2814 575 580 2816 2815 580 579 2812 2816 575 503 2818 2817 503 504 2819 2818 504 576 2820 2819 576 575 2817 2820 555 576 2822 2821 576 504 2823 2822 504 572 2824 2823 572 571 2825 2824 571 555 2821 2825 563 556 2827 2826 556 505 2828 2827 505 564 2829 2828 564 563 2826 2829 567 557 2831 2830 557 506 2832 2831 506 568 2833 2832 568 567 2830 2833 587 558 2835 2834 558 507 2836 2835 507 588 2837 2836 588 587 2834 2837 508 509 2839 2838 509 560 2840 2839 560 559 2841 2840 559 508 2838 2841 561 463 2843 2842 463 514 2844 2843 514 562 2845 2844 562 561 2842 2845 564 506 2847 2846 506 557 2848 2847 557 563 2849 2848 563 564 2846 2849 565 462 2851 2850 462 513 2852 2851 513 566 2853 2852 566 565 2850 2853 568 507 2855 2854 507 558 2856 2855 558 567 2857 2856 567 568 2854 2857 569 464 2859 2858 464 573 2860 2859 573 515 2861 2860 515 570 2862 2861 570 569 2858 2862 572 505 2864 2863 505 556 2865 2864 556 571 2866 2865 571 572 2863 2866 515 573 2868 2867 573 574 2869 2868 574 577 2870 2869 577 516 2871 2870 516 515 2867 2871 580 575 2873 2872 575 576 2874 2873 576 555 2875 2874 555 554 2876 2875 554 580 2872 2876 516 577 2878 2877 577 578 2879 2878 578 581 2880 2879 581 517 2881 2880 517 516 2877 2881 584 579 2883 2882 579 580 2884 2883 580 554 2885 2884 554 553 2886 2885 553 584 2882 2886 517 581 2888 2887 581 582 2889 2888 582 591 2890 2889 591 518 2891 2890 518 517 2887 2891 590 583 2893 2892 583 584 2894 2893 584 553 2895 2894 553 552 2896 2895 552 590 2892 2896 585 461 2898 2897 461 512 2899 2898 512 586 2900 2899 586 585 2897 2900 588 508 2902 2901 508 559 2903 2902 559 587 2904 2903 587 588 2901 2904 596 589 2906 2905 589 590 2907 2906 590 552 2908 2907 552 551 2909 2908 551 596 2905 2909 518 591 2911 2910 591 592 2912 2911 592 593 2913 2912 593 519 2914 2913 519 518 2910 2914 519 593 2916 2915 593 594 2917 2916 594 597 2918 2917 597 520 2919 2918 520 519 2915 2919 600 595 2921 2920 595 596 2922 2921 596 551 2923 2922 551 550 2924 2923 550 600 2920 2924 520 597 2926 2925 597 598 2927 2926 598 601 2928 2927 601 521 2929 2928 521 520 2925 2929 604 599 2931 2930 599 600 2932 2931 600 550 2933 2932 550 549 2934 2933 549 604 2930 2934 521 601 2936 2935 601 602 2937 2936 602 605 2938 2937 605 522 2939 2938 522 521 2935 2939 608 603 2941 2940 603 604 2942 2941 604 549 2943 2942 549 548 2944 2943 548 608 2940 2944 522 605 2946 2945 605 606 2947 2946 606 609 2948 2947 609 523 2949 2948 523 522 2945 2949 612 607 2951 2950 607 608 2952 2951 608 548 2953 2952 548 547 2954 2953 547 612 2950 2954 523 609 2956 2955 609 610 2957 2956 610 613 2958 2957 613 524 2959 2958 524 523 2955 2959 616 611 2961 2960 611 612 2962 2961 612 547 2963 2962 547 546 2964 2963 546 616 2960 2964 524 613 2966 2965 613 614 2967 2966 614 617 2968 2967 617 525 2969 2968 525 524 2965 2969 620 615 2971 2970 615 616 2972 2971 616 546 2973 2972 546 545 2974 2973 545 620 2970 2974 525 617 2976 2975 617 618 2977 2976 618 621 2978 2977 621 526 2979 2978 526 525 2975 2979 624 619 2981 2980 619 620 2982 2981 620 545 2983 2982 545 544 2984 2983 544 624 2980 2984 526 621 2986 2985 621 622 2987 2986 622 625 2988 2987 625 527 2989 2988 527 526 2985 2989 628 623 2991 2990 623 624 2992 2991 624 544 2993 2992 544 543 2994 2993 543 628 2990 2994 527 625 2996 2995 625 626 2997 2996 626 637 2998 2997 637 528 2999 2998 528 527 2995 2999 640 627 3001 3000 627 628 3002 3001 628 543 3003 3002 543 542 3004 3003 542 640 3000 3004 463 629 3006 3005 629 630 3007 3006 630 641 3008 3007 641 464 3009 3008 464 569 3010 3009 569 463 3005 3010 644 631 3012 3011 631 632 3013 3012 632 505 3014 3013 505 572 3015 3014 572 504 3016 3015 504 644 3011 3016 462 633 3018 3017 633 634 3019 3018 634 629 3020 3019 629 463 3021 3020 463 561 3022 3021 561 462 3017 3022 632 635 3024 3023 635 636 3025 3024 636 506 3026 3025 506 564 3027 3026 564 505 3028 3027 505 632 3023 3028 528 637 3030 3029 637 638 3031 3030 638 649 3032 3031 649 529 3033 3032 529 528 3029 3033 652 639 3035 3034 639 640 3036 3035 640 542 3037 3036 542 541 3038 3037 541 652 3034 3038 464 641 3040 3039 641 642 3041 3040 642 645 3042 3041 645 465 3043 3042 465 464 3039 3043 648 643 3045 3044 643 644 3046 3045 644 504 3047 3046 504 503 3048 3047 503 648 3044 3048 465 645 3050 3049 645 646 3051 3050 646 655 3052 3051 655 466 3053 3052 466 465 3049 3053 654 647 3055 3054 647 648 3056 3055 648 503 3057 3056 503 502 3058 3057 502 654 3054 3058 529 649 3060 3059 649 650 3061 3060 650 661 3062 3061 661 530 3063 3062 530 529 3059 3063 664 651 3065 3064 651 652 3066 3065 652 541 3067 3066 541 540 3068 3067 540 664 3064 3068 660 653 3070 3069 653 654 3071 3070 654 502 3072 3071 502 501 3073 3072 501 660 3069 3073 466 655 3075 3074 655 656 3076 3075 656 657 3077 3076 657 467 3078 3077 467 466 3074 3078 467 657 3080 3079 657 658 3081 3080 658 675 3082 3081 675 468 3083 3082 468 467 3079 3083 674 659 3085 3084 659 660 3086 3085 660 501 3087 3086 501 500 3088 3087 500 674 3084 3088 530 661 3090 3089 661 662 3091 3090 662 669 3092 3091 669 531 3093 3092 531 530 3089 3093 672 663 3095 3094 663 664 3096 3095 664 540 3097 3096 540 539 3098 3097 539 672 3094 3098 483 665 3100 3099 665 666 3101 3100 666 484 3102 3101 484 483 3099 3102 666 667 3104 3103 667 668 3105 3104 668 485 3106 3105 485 484 3107 3106 484 666 3103 3107 531 669 3109 3108 669 670 3110 3109 670 681 3111 3110 681 532 3112 3111 532 531 3108 3112 684 671 3114 3113 671 672 3115 3114 672 539 3116 3115 539 538 3117 3116 538 684 3113 3117 700 673 3119 3118 673 674 3120 3119 674 500 3121 3120 500 499 3122 3121 499 700 3118 3122 468 675 3124 3123 675 676 3125 3124 676 697 3126 3125 697 469 3127 3126 469 468 3123 3127 482 677 3129 3128 677 678 3130 3129 678 665 3131 3130 665 483 3132 3131 483 482 3128 3132 668 679 3134 3133 679 680 3135 3134 680 486 3136 3135 486 485 3137 3136 485 668 3133 3137 532 681 3139 3138 681 682 3140 3139 682 685 3141 3140 685 533 3142 3141 533 532 3138 3142 688 683 3144 3143 683 684 3145 3144 684 538 3146 3145 538 537 3147 3146 537 688 3143 3147 533 685 3149 3148 685 686 3150 3149 686 689 3151 3150 689 534 3152 3151 534 533 3148 3152 692 687 3154 3153 687 688 3155 3154 688 537 3156 3155 537 536 3157 3156 536 692 3153 3157 534 689 3159 3158 689 690 3160 3159 690 535 3161 3160 535 534 3158 3161 690 691 3163 3162 691 692 3164 3163 692 536 3165 3164 536 535 3166 3165 535 690 3162 3166 481 693 3168 3167 693 694 3169 3168 694 677 3170 3169 677 482 3171 3170 482 481 3167 3171 680 695 3173 3172 695 696 3174 3173 696 487 3175 3174 487 486 3176 3175 486 680 3172 3176 469 697 3178 3177 697 698 3179 3178 698 705 3180 3179 705 470 3181 3180 470 469 3177 3181 708 699 3183 3182 699 700 3184 3183 700 499 3185 3184 499 498 3186 3185 498 708 3182 3186 480 701 3188 3187 701 702 3189 3188 702 693 3190 3189 693 481 3191 3190 481 480 3187 3191 696 703 3193 3192 703 704 3194 3193 704 488 3195 3194 488 487 3196 3195 487 696 3192 3196 470 705 3198 3197 705 706 3199 3198 706 713 3200 3199 713 471 3201 3200 471 470 3197 3201 716 707 3203 3202 707 708 3204 3203 708 498 3205 3204 498 497 3206 3205 497 716 3202 3206 479 709 3208 3207 709 710 3209 3208 710 701 3210 3209 701 480 3211 3210 480 479 3207 3211 704 711 3213 3212 711 712 3214 3213 712 489 3215 3214 489 488 3216 3215 488 704 3212 3216 471 713 3218 3217 713 714 3219 3218 714 721 3220 3219 721 472 3221 3220 472 471 3217 3221 724 715 3223 3222 715 716 3224 3223 716 497 3225 3224 497 496 3226 3225 496 724 3222 3226 461 717 3228 3227 717 718 3229 3228 718 633 3230 3229 633 462 3231 3230 462 565 3232 3231 565 461 3227 3232 636 719 3234 3233 719 720 3235 3234 720 507 3236 3235 507 568 3237 3236 568 506 3238 3237 506 636 3233 3238 472 721 3240 3239 721 722 3241 3240 722 729 3242 3241 729 473 3243 3242 473 472 3239 3243 732 723 3245 3244 723 724 3246 3245 724 496 3247 3246 496 495 3248 3247 495 732 3244 3248 478 725 3250 3249 725 726 3251 3250 726 709 3252 3251 709 479 3253 3252 479 478 3249 3253 712 727 3255 3254 727 728 3256 3255 728 490 3257 3256 490 489 3258 3257 489 712 3254 3258 473 729 3260 3259 729 730 3261 3260 730 737 3262 3261 737 474 3263 3262 474 473 3259 3263 740 731 3265 3264 731 732 3266 3265 732 495 3267 3266 495 494 3268 3267 494 740 3264 3268 477 733 3270 3269 733 734 3271 3270 734 725 3272 3271 725 478 3273 3272 478 477 3269 3273 728 735 3275 3274 735 736 3276 3275 736 491 3277 3276 491 490 3278 3277 490 728 3274 3278 474 737 3280 3279 737 738 3281 3280 738 745 3282 3281 745 475 3283 3282 475 474 3279 3283 748 739 3285 3284 739 740 3286 3285 740 494 3287 3286 494 493 3288 3287 493 748 3284 3288 476 741 3290 3289 741 742 3291 3290 742 733 3292 3291 733 477 3293 3292 477 476 3289 3293 736 743 3295 3294 743 744 3296 3295 744 492 3297 3296 492 491 3298 3297 491 736 3294 3298 475 745 3300 3299 745 746 3301 3300 746 741 3302 3301 741 476 3303 3302 476 475 3299 3303 744 747 3305 3304 747 748 3306 3305 748 493 3307 3306 493 492 3308 3307 492 744 3304 3308 460 749 3310 3309 749 750 3311 3310 750 717 3312 3311 717 461 3313 3312 461 585 3314 3313 585 460 3309 3314 720 751 3316 3315 751 752 3317 3316 752 508 3318 3317 508 588 3319 3318 588 507 3320 3319 507 720 3315 3320 
</DataArray>
<DataArray type="Int32" Name="offsets" format="ascii">
4 8 12 16 20 24 28 32 36 40 44 48 52 56 60 64 68 72 76 80 84 88 92 96 100 104 108 112 116 120 124 128 132 136 140 144 148 152 156 160 164 168 172 176 180 184 188 192 196 200 204 208 212 216 220 224 228 232 236 240 244 248 252 256 260 264 268 272 276 280 284 288 292 296 300 304 308 312 316 320 324 328 332 336 340 344 348 352 356 360 364 368 372 376 380 384 388 392 396 400 404 408 412 416 420 424 428 432 436 440 444 448 452 456 460 464 468 472 476 480 484 488 492 496 500 504 508 512 516 520 524 528 532 536 540 544 548 552 556 560 564 568 572 576 580 584 588 592 596 600 604 608 612 616 620 624 628 632 636 640 644 648 652 656 660 664 668 672 676 680 684 688 692 696 700 704 708 712 716 720 724 728 732 736 740 744 748 752 756 760 764 768 772 776 780 784 788 792 796 800 804 808 812 816 820 824 828 832 836 840 844 848 852 856 860 864 868 872 876 880 884 888 892 896 900 904 908 912 916 920 924 928 932 936 940 944 948 952 956 960 964 968 972 976 980 984 988 992 996 1000 1004 1008 1012 1016 1020 1024 1028 1032 1036 1040 1044 1048 1052 1056 1060 1064 1068 1072 1076 1080 1084 1088 1092 1096 1100 1104 1108 1112 1116 1120 1124 1128 1132 1136 1140 1144 1148 1152 1156 1160 1164 1168 1172 1176 1180 1184 1188 1192 1196 1200 1204 1208 1212 1216 1220 1224 1228 1232 1236 1240 1244 1248 1252 1256 1260 1264 1268 1272 1276 1280 1284 1288 1292 1296 1300 1304 1308 1312 1316 1320 1324 1328 1332 1336 1340 1344 1348 1352 1356 1360 1364 1368 1372 1376 1380 1384 1388 1392 1396 1400 1404 1408 1412 1416 1420 1424 1428 1432 1436 1440 1444 1448 1452 1456 1460 1464 1468 1472 1476 1480 1484 1488 1492 1496 1500 1504 1508 1512 1516 1520 1524 1528 1532 1536 1540 1544 1548 1552 1556 1560 1564 1568 1572 1576 1580 1584 1588 1592 1596 1600 1604 1608 1612 1616 1620 1624 1628 1632 1636 1640 1644 1648 1652 1656 1660 1664 1668 1672 1676 1680 1684 1688 1692 1696 1700 1704 1708 1712 1716 1720 1724 1728 1732 1736 1740 1744 1748 1752 1756 1760 1764 1768 1772 1776 1780 1784 1788 1792 1796 1800 1804 1808 1812 1816 1820 1824 1828 1832 1836 1840 1844 1848 1852 1856 1860 1864 1868 1872 1876 1880 1884 1888 1892 1896 1900 1904 1908 1912 1916 1920 1924 1928 1932 1936 1940 1944 1948 1952 1956 1960 1964 1968 1972 1976 1980 1984 1988 1992 1996 2000 2004 2008 2012 2016 2020 2024 2028 2032 2036 2040 2044 2048 2052 2056 2060 2064 2068 2072 2076 2080 2084 2088 2092 2096 2100 2104 2108 2112 2116 2120 2124 2128 2132 2136 2140 2144 2148 2152 2156 2160 2164 2168 2172 2176 2180 2184 2188 2192 2196 2200 2204 2208 2212 2216 2220 2224 2228 2232 2236 2240 2244 2248 2252 2256 2260 2264 2268 2272 2276 2280 2284 2288 2292 2296 2300 2304 2308 2312 2316 2320 2324 2328 2332 2336 2340 2344 2348 2352 2356 2360 2364 2368 2372 2376 2380 2384 2388 2392 2396 2400 2404 2408 2412 2416 2420 2424 2428 2432 2436 2440 2444 2448 2452 2456 2460 2464 2468 2472 2476 2480 2484 2488 2492 2496 2500 2504 2508 2512 2516 2520 2524 2528 2532 2536 2540 2544 2548 2552 2556 2560 2564 2568 2572 2576 2580 2584 2588 2592 2596 2600 2604 2608 2612 2616 2620 2624 2628 2632 2636 2640 2644 2648 2652 2656 2660 2664 2668 2672 2676 2680 2684 2688 2692 2696 2700 2704 2708 2712 2716 2720 2724 2728 2732 2736 2740 2744 2748 2752 2756 2760 2764 2768 2772 2776 2780 2784 2788 2792 2796 2800 2804 2808 2812 2816 2820 2824 2828 2832 2836 2840 2844 2848 2852 2856 2860 2864 2868 2872 2876 2880 2884 2888 2892 2896 2900 2904 2908 2912 2916 2920 2924 2928 2932 2936 2940 2944 2948 2952 2956 2960 2964 2968 2972 2976 2980 2984 2988 2992 2996 3000 3004 3008 3012 3016 3020 3024 3028 3032 3036 3040 3044 3048 3052 3056 3060 3064 3068 3072 3076 3080 3084 3088 3092 3096 3100 3104 3108 3112 3116 3120 3124 3128 3132 3136 3140 3144 3148 3152 3156 3160 3164 3168 3172 3176 3180 3184 3188 3192 3196 3200 3204 3208 3212 3216 3220 3224 3228 3232 3236 3240 3244 3248 3252 3256 3260 3264 3268 3272 3276 3280 3284 3288 3292 3296 3300 3304 3308 3312 3316 3320 3324 3328 3332 3336 3340 3344 3348 3352 3356 3360 3364 3368 3372 3376 3380 3384 3388 3392 3396 3400 3404 3408 3412 3416 3420 3424 3428 3432 3436 3440 3444 3448 3452 3456 3460 3464 3468 3472 3476 3480 3484 3488 3492 3496 3500 3504 3508 3512 3516 3520 3524 3528 3532 3536 3540 3544 3548 3552 3556 3560 3564 3568 3572 3576 3580 3584 3588 3592 3596 3600 3604 3608 3612 3616 3620 3624 3628 3632 3636 3640 3644 3648 3652 3656 3660 3664 3668 3672 3676 3680 3684 3688 3692 3696 3700 3704 3708 3712 3716 3720 3724 3728 3732 3736 3740 3744 3748 3752 3756 3760 3764 3768 3772 3776 3780 3784 3788 3792 3796 3800 3804 3808 3812 3816 3820 3824 3828 3832 3836 3840 3844 3848 3852 3856 3860 3864 3868 3872 3876 3880 3884 3888 3892 3896 3900 3904 3908 3912 3916 3920 3924 3928 3932 3936 3940 3944 3948 3952 3956 3960 3964 3968 3972 3976 3980 3984 3988 3992 3996 4000 4004 4008 4012 4016 4020 4024 4028 4032 4036 4040 4044 4048 4052 4056 4060 4064 4068 4072 4076 4080 4084 4088 4092 4096 4100 4104 4108 4112 4116 4120 4124 4128 4132 4136 4140 4144 4148 4152 4156 4160 4164 4168 4172 4176 4180 4184 4188 4192 4196 4200 4204 4208 4212 4216 4220 4224 4228 4232 4236 4240 4244 4248 4252 4256 4260 4264 4268 4272 4276 4280 4284 4288 4292 4296 4300 4304 4308 4312 4316 4320 4324 4328 4332 4336 4340 4344 4348 4352 4356 4360 4364 4368 4372 4376 4380 4384 4388 4392 4396 4400 4404 4408 4412 4416 4420 4424 4428 4432 4436 4440 4444 4448 4452 4456 4460 4464 4468 4472 4476 4480 4484 4488 4492 4496 4500 4504 4508 4512 4516 4520 4524 4528 4532 4536 4540 4544 4548 4552 4556 4560 4564 4568 4572 4576 4580 4584 4588 4592 4596 4600 4604 4608 4612 4616 4620 4624 4628 4632 4636 4640 4644 4648 4652 4656 4660 4664 4668 4672 4676 4680 4684 4688 4692 4696 4700 4704 4708 4712 4716 4720 4724 4728 4732 4736 4740 4744 4748 4752 4756 4760 4764 4768 4772 4776 4780 4784 4788 4792 4796 4800 4804 4808 4812 4816 4820 4824 4828 4832 4836 4840 4844 4848 4852 4856 4860 4864 4868 4872 4876 4880 4884 4888 4892 4896 4900 4904 4908 4912 4916 4920 4924 4928 4932 4936 4940 4944 4948 4952 4956 4960 4964 4968 4972 4976 4980 4984 4988 4992 4996 5000 5004 5008 5012 5016 5020 5024 5028 5032 5036 5040 5044 5048 5052 5056 5060 5064 5068 5072 5076 5080 5084 5088 5092 5096 5100 5104 5108 5112 5116 5120 5124 5128 5132 5136 5140 5144 5148 5152 5156 5160 5164 5168 5172 5176 5180 5184 5188 5192 5196 5200 5204 5208 5212 5216 5220 5224 5228 5232 5236 5240 5244 5248 5252 5256 5260 5264 5268 5272 5276 5280 5284 5288 5292 5296 5300 5304 5308 5312 5316 5320 5324 5328 5332 5336 5340 5344 5348 5352 5356 5360 5364 5368 5372 5376 5380 5384 5388 5392 5396 5400 5404 5408 5412 5416 5420 5424 5428 5432 5436 5440 5444 5448 5452 5456 5460 5464 5468 5472 5476 5480 5484 5488 5492 5496 5500 5504 5508 5512 5516 5520 5524 5528 5532 5536 5540 5544 5548 5552 5556 5560 5564 5568 5572 5576 5580 5584 5588 5592 5596 5600 5604 5608 5612 5616 5620 5624 5628 5632 5636 5640 5644 5648 5652 5656 5660 5664 5668 5672 5676 5680 5684 5688 5692 5696 5700 5704 5708 5712 5716 5720 5724 5728 5732 5736 5740 5744 5748 5752 5756 5760 5764 5768 5772 5776 5780 5784 5788 5792 5796 5800 5804 5808 5812 5816 5820 5824 5828 5832 5836 5840 5844 5848 5852 5856 5860 5864 5868 5872 5876 5880 5884 5888 5892 5896 5900 5904 5908 5912 5916 5920 5924 5928 5932 5936 5940 5944 5948 5952 5956 5960 5964 5968 5972 5976 5980 5984 5988 5992 5996 6000 6004 6008 6012 6016 6020 6024 6028 6032 6036 6040 6044 6048 6052 6056 6060 6064 6068 6072 6076 6080 6084 6088 6092 6096 6100 6104 6108 6112 6116 6120 6124 6128 6132 6136 6140 6144 6148 6152 6156 6160 6164 6168 6172 6176 6180 6184 6188 6192 6196 6200 6204 6208 6212 6216 6220 6224 6228 6232 6236 6240 6244 6248 6252 6256 6260 6264 6268 6272 6276 6280 6284 6288 6292 6296 6300 6304 6308 6312 6316 6320 6324 6328 6332 6336 6340 6344 6348 6352 6356 6360 6364 6368 6372 6376 6380 6384 6388 6392 6396 6400 6404 6408 6412 6416 6420 6424 6428 6432 6436 6440 6444 6448 6452 6456 6460 6464 6468 6472 6476 6480 6484 6488 6492 6496 6500 6504 6508 6512 6516 6520 6524 6528 6532 6536 6540 6544 6548 6552 6556 6560 6564 6568 6572 6576 6580 6584 6588 6592 6596 6600 6604 6608 6612 6616 6620 6624 6628 6632 6636 6640 6644 6648 6652 6656 6660 6664 6668 6672 6676 6680 6684 6688 6692 6696 6700 6704 6708 6712 6716 6720 6724 6728 6732 6736 6740 6744 6748 6752 6756 6760 6764 6768 6772 6776 6780 6784 6788 6792 6796 6800 6804 6808 6812 6816 6820 6824 6828 6832 6836 6840 6844 6848 6852 6856 6860 6864 6868 6872 6876 6880 6884 6888 6892 6896 6900 6904 6908 6912 6916 6920 6924 6928 6932 6936 6940 6944 6948 6952 6956 6960 6964 6968 6972 6976 6980 6984 6988 6992 6996 7000 7004 7008 7012 7016 7020 7024 7028 7032 7036 7040 7044 7048 7052 7056 7060 7064 7068 7072 7076 7080 7084 7088 7092 7096 7100 7104 7108 7112 7116 7120 7124 7128 7132 7136 7140 7144 7148 7152 7156 7160 7164 7168 7172 7176 7180 7184 7188 7192 7196 7200 7204 7208 7212 7216 7220 7224 7228 7232 7236 7240 7244 7248 7252 7256 7260 7264 7268 7272 7276 7280 7284 7288 7292 7296 7300 7304 7308 7312 7316 7320 7324 7328 7332 7336 7340 7344 7348 7352 7356 7360 7364 7368 7372 7376 7380 7384 7388 7392 7396 7400 7404 7408 7412 7416 7420 7424 7428 7432 7436 7440 7444 7448 7452 7456 7460 7464 7468 7472 7476 7480 7484 7488 7492 7496 7500 7504 7508 7512 7516 7520 7524 7528 7532 7536 7540 7544 7548 7552 7556 7560 7564 7568 7572 7576 7580 7584 7588 7592 7596 7600 7604 7608 7612 7616 7620 7624 7628 7632 7636 7640 7644 7648 7652 7656 7660 7664 7668 7672 7676 7680 7684 7688 7692 7696 7700 7704 7708 7712 7716 7720 7724 7728 7732 7736 7740 7744 7748 7752 7756 7760 7764 7768 7772 7776 7780 7784 7788 7792 7796 7800 7804 7808 7812 7816 7820 7824 7828 7832 7836 7840 7844 7848 7852 7856 7860 7864 7868 7872 7876 7880 7884 7888 7892 7896 7900 7904 7908 7912 7916 7920 7924 7928 7932 7936 7940 7944 7948 7952 7956 7960 7964 7968 7972 7976 7980 7984 7988 7992 7996 8000 8004 8008 8012 8016 8020 8024 8028 8032 8036 8040 8044 8048 8052 8056 8060 8064 8068 8072 8076 8080 8084 8088 8092 8096 8100 8104 8108 8112 8116 8120 8124 8128 8132 8136 8140 8144 8148 8152 8156 8160 8164 8168 8172 8176 8180 8184 8188 8192 8196 8200 8204 8208 8212 8216 8220 8224 8228 8232 8236 8240 8244 8248 8252 8256 8260 8264 8268 8272 8276 8280 8284 8288 8292 8296 8300 8304 8308 8312 8316 8320 8324 8328 8332 8336 8340 8344 8348 8352 8356 8360 8364 8368 8372 8376 8380 8384 8388 8392 8396 8400 8404 8408 8412 8416 8420 8424 8428 8432 8436 8440 8444 8448 8452 8456 8460 8464 8468 8472 8476 8480 8484 8488 8492 8496 8500 8504 8508 8512 8516 8520 8524 8528 8532 8536 8540 8544 8548 8552 8556 8560 8564 8568 8572 8576 8580 8584 8588 8592 8596 8600 8604 8608 8612 8616 8620 8624 8628 8632 8636 8640 8644 8648 8652 8656 8660 8664 8668 8672 8676 8680 8684 8688 8692 8696 8700 8704 8708 8712 8716 8720 8724 8728 8732 8736 8740 8744 8748 8752 8756 8760 8764 8768 8772 8776 8780 8784 8788 8792 8796 8800 8804 8808 8812 8816 8820 8824 8828 8832 8836 8840 8844 8848 8852 8856 8860 8864 8868 8872 8876 8880 8884 8888 8892 8896 8900 8904 8908 8912 8916 8920 8924 8928 8932 8936 8940 8944 8948 8952 8956 8960 8964 8968 8972 8976 8980 8984 8988 8992 8996 9000 9004 9008 9012 9016 9020 9024 9028 9032 9036 9040 9044 9048 9052 9056 9060 9064 9068 9072 9076 9080 9084 9088 9092 9096 9100 9104 9108 9112 9116 9120 9124 9128 9132 9136 9140 9144 9148 9152 9156 9160 9164 9168 9172 9176 9180 9184 9188 9192 9196 9200 9204 9208 9212 9216 9220 9224 9228 9232 9236 9240 9244 9248 9252 9256 9260 9264 9268 9272 9276 9280 9284 9288 9292 9296 9300 9304 9308 9312 9316 9320 9324 9328 9332 9336 9340 9344 9348 9352 9356 9360 9364 9368 9372 9376 9380 9384 9388 9392 9396 9400 9404 9408 9412 9416 9420 9424 9428 9432 9436 9440 9444 9448 9452 9456 9460 9464 9468 9472 9476 9480 9484 9488 9492 9496 9500 9504 9508 9512 9516 9520 9524 9528 9532 9536 9540 9544 9548 9552 9556 9560 9564 9568 9572 9576 9580 9584 9588 9592 9596 9600 9604 9608 9612 9616 9620 9624 9628 9632 9636 9640 9644 9648 9652 9656 9660 9664 9668 9672 9676 9680 9684 9688 9692 9696 9700 9704 9708 9712 9716 9720 9724 9728 9732 9736 9740 9744 9748 9752 9756 9760 9764 9768 9772 9776 9780 9784 9788 9792 9796 9800 9804 9808 9812 9816 9820 9824 9828 9832 9836 9840 9844 9848 9852 9856 9860 9864 9868 9872 9876 9880 9884 9888 9892 9896 9900 9904 9908 9912 9916 9920 9924 9928 9932 9936 9940 9944 9948 9952 9956 9960 9964 9968 9972 9976 9980 9984 9988 9992 9996 10000 10004 10008 10012 10016 10020 10024 10028 10032 10036 10040 10044 10048 10052 10056 10060 10064 10068 10072 10076 10080 10084 10088 10092 10096 10100 10104 10108 10112 10116 10120 10124 10128 10132 10136 10140 10144 10148 10152 10156 10160 10164 10168 10172 10176 10180 10184 10188 10192 10196 10200 10204 10208 10212 10216 10220 10224 10228 10232 10236 10240 10244 10248 10252 10256 10260 10264 10268 10272 
</DataArray>
<DataArray type="UInt8" Name="types" format="ascii">
7 7 7 7 7 7 7 7 7 7 7 7 7 7 7 7 7 7 7 7 7 7 7 7 7 7 7 7 7 7 7 7 7 7 7 7 7 7 7 7 7 7 7 7 7 7 7 7 7 7 7 7 7 7 7 7 7 7 7 7 7 7 7 7 7 7 7 7 7 7 7 7 7 7 7 7 7 7 7 7 7 7 7 7 7 7 7 7 7 7 7 7 7 7 7 7 7 7 7 7 7 7 7 7 7 7 7 7 7 7 7 7 7 7 7 7 7 7 7 7 7 7 7 7 7 7 7 7 7 7 7 7 7 7 7 7 7 7 7 7 7 7 7 7 7 7 7 7 7 7 7 7 7 7 7 7 7 7 7 7 7 7 7 7 7 7 7 7 7 7 7 7 7 7 7 7 7 7 7 7 7 7 7 7 7 7 7 7 7 7 7 7 7 7 7 7 7 7 7 7 7 7 7 7 7 7 7 7 7 7 7 7 7 7 7 7 7 7 7 7 7 7 7 7 7 7 7 7 7 7 7 7 7 7 7 7 7 7 7 7 7 7 7 7 7 7 7 7 7 7 7 7 7 7 7 7 7 7 7 7 7 7 7 7 7 7 7 7 7 7 7 7 7 7 7 7 7 7 7 7 7 7 7 7 7 7 7 7 7 7 7 7 7 7 7 7 7 7 7 7 7 7 7 7 7 7 7 7 7 7 7 7 7 7 7 7 7 7 7 7 7 7 7 7 7 7 7 7 7 7 7 7 7 7 7 7 7 7 7 7 7 7 7 7 7 7 7 7 7 7 7 7 7 7 7 7 7 7 7 7 7 7 7 7 7 7 7 7 7 7 7 7 7 7 7 7 7 7 7 7 7 7 7 7 7 7 7 7 7 7 7 7 7 7 7 7 7 7 7 7 7 7 7 7 7 7 7 7 7 7 7 7 7 7 7 7 7 7 7 7 7 7 7 7 7 7 7 7 7 7 7 7 7 7 7 7 7 7 7 7 7 7 7 7 7 7 7 7 7 7 7 7 7 7 7 7 7 7 7 7 7 7 7 7 7 7 7 7 7 7 7 7 7 7 7 7 7 7 7 7 7 7 7 7 7 7 7 7 7 7 7 7 7 7 7 7 7 7 7 7 7 7 7 7 7 7 7 7 7 7 7 7 7 7 7 7 7 7 7 7 7 7 7 7 7 7 7 7 7 7 7 7 7 7 7 7 7 7 7 7 7 7 7 7 7 7 7 7 7 7 7 7 7 7 7 7 7 7 7 7 7 7 7 7 7 7 7 7 7 7 7 7 7 7 7 7 7 7 7 7 7 7 7 7 7 7 7 7 7 7 7 7 7 7 7 7 7 7 7 7 7 7 7 7 7 7 7 7 7 7 7 7 7 7 7 7 7 7 7 7 7 7 7 7 7 7 7 7 7 7 7 7 7 7 7 7 7 7 7 7 7 7 7 7 7 7 7 7 7 7 7 7 7 7 7 7 7 7 7 7 7 7 7 7 7 7 7 7 7 7 7 7 7 7 7 7 7 7 7 7 7 7 7 7 7 7 7 7 7 7 7 7 7 7 7 7 7 7 7 7 7 7 7 7 7 7 7 7 7 7 7 7 7 7 7 7 7 7 7 7 7 7 7 7 7 7 7 7 7 7 7 7 7 7 7 7 7 7 7 7 7 7 7 7 7 7 7 7 7 7 7 7 7 7 7 7 7 7 7 7 7 7 7 7 7 7 7 7 7 7 7 7 7 7 7 7 7 7 7 7 7 7 7 7 7 7 7 7 7 7 7 7 7 7 7 7 7 7 7 7 7 7 7 7 7 7 7 7 7 7 7 7 7 7 7 7 7 7 7 7 7 7 7 7 7 7 7 7 7 7 7 7 7 7 7 7 7 7 7 7 7 7 7 7 7 7 7 7 7 7 7 7 7 7 7 7 7 7 7 7 7 7 7 7 7 7 7 7 7 7 7 7 7 7 7 7 7 7 7 7 7 7 7 7 7 7 7 7 7 7 7 7 7 7 7 7 7 7 7 7 7 7 7 7 7 7 7 7 7 7 7 7 7 7 7 7 7 7 7 7 7 7 7 7 7 7 7 7 7 7 7 7 7 7 7 7 7 7 7 7 7 7 7 7 7 7 7 7 7 7 7 7 7 7 7 7 7 7 7 7 7 7 7 7 7 7 7 7 7 7 7 7 7 7 7 7 7 7 7 7 7 7 7 7 7 7 7 7 7 7 7 7 7 7 7 7 7 7 7 7 7 7 7 7 7 7 7 7 7 7 7 7 7 7 7 7 7 7 7 7 7 7 7 7 7 7 7 7 7 7 7 7 7 7 7 7 7 7 7 7 7 7 7 7 7 7 7 7 7 7 7 7 7 7 7 7 7 7 7 7 7 7 7 7 7 7 7 7 7 7 7 7 7 7 7 7 7 7 7 7 7 7 7 7 7 7 7 7 7 7 7 7 7 7 7 7 7 7 7 7 7 7 7 7 7 7 7 7 7 7 7 7 7 7 7 7 7 7 7 7 7 7 7 7 7 7 7 7 7 7 7 7 7 7 7 7 7 7 7 7 7 7 7 7 7 7 7 7 7 7 7 7 7 7 7 7 7 7 7 7 7 7 7 7 7 7 7 7 7 7 7 7 7 7 7 7 7 7 7 7 7 7 7 7 7 7 7 7 7 7 7 7 7 7 7 7 7 7 7 7 7 7 7 7 7 7 7 7 7 7 7 7 7 7 7 7 7 7 7 7 7 7 7 7 7 7 7 7 7 7 7 7 7 7 7 7 7 7 7 7 7 7 7 7 7 7 7 7 7 7 7 7 7 7 7 7 7 7 7 7 7 7 7 7 7 7 7 7 7 7 7 7 7 7 7 7 7 7 7 7 7 7 7 7 7 7 7 7 7 7 7 7 7 7 7 7 7 7 7 7 7 7 7 7 7 7 7 7 7 7 7 7 7 7 7 7 7 7 7 7 7 7 7 7 7 7 7 7 7 7 7 7 7 7 7 7 7 7 7 7 7 7 7 7 7 7 7 7 7 7 7 7 7 7 7 7 7 7 7 7 7 7 7 7 7 7 7 7 7 7 7 7 7 7 7 7 7 7 7 7 7 7 7 7 7 7 7 7 7 7 7 7 7 7 7 7 7 7 7 7 7 7 7 7 7 7 7 7 7 7 7 7 7 7 7 7 7 7 7 7 7 7 7 7 7 7 7 7 7 7 7 7 7 7 7 7 7 7 7 7 7 7 7 7 7 7 7 7 7 7 7 7 7 7 7 7 7 7 7 7 7 7 7 7 7 7 7 7 7 7 7 7 7 7 7 7 7 7 7 7 7 7 7 7 7 7 7 7 7 7 7 7 7 7 7 7 7 7 7 7 7 7 7 7 7 7 7 7 7 7 7 7 7 7 7 7 7 7 7 7 7 7 7 7 7 7 7 7 7 7 7 7 7 7 7 7 7 7 7 7 7 7 7 7 7 7 7 7 7 7 7 7 7 7 7 7 7 7 7 7 7 7 7 7 7 7 7 7 7 7 7 7 7 7 7 7 7 7 7 7 7 7 7 7 7 7 7 7 7 7 7 7 7 7 7 7 7 7 7 7 7 7 7 7 7 7 7 7 7 7 7 7 7 7 7 7 7 7 7 7 7 7 7 7 7 7 7 7 7 7 7 7 7 7 7 7 7 7 7 7 7 7 7 7 7 7 7 7 7 7 7 7 7 7 7 7 7 7 7 7 7 7 7 7 7 7 7 7 7 7 7 7 7 7 7 7 7 7 7 7 7 7 7 7 7 7 7 7 7 7 7 7 7 7 7 7 7 7 7 7 7 7 7 7 7 7 7 7 7 7 7 7 7 7 7 7 7 7 7 7 7 7 7 7 7 7 7 7 7 7 7 7 7 7 7 7 7 7 7 7 7 7 7 7 7 7 7 7 7 7 7 7 7 7 7 7 7 7 7 7 7 7 7 7 7 7 7 7 7 7 7 7 7 7 7 7 7 7 7 7 7 7 7 7 7 7 7 7 7 7 7 7 7 7 7 7 7 7 7 7 7 7 7 7 7 7 7 7 7 7 7 7 7 7 7 7 7 7 7 7 7 7 7 7 7 7 7 7 7 7 7 7 7 7 7 7 7 7 7 7 7 7 7 7 7 7 7 7 7 7 7 7 7 7 7 7 7 7 7 7 7 7 7 7 7 7 7 7 7 7 7 7 7 7 7 7 7 7 7 7 7 7 7 7 7 7 7 7 7 7 7 7 7 7 7 7 7 7 7 7 7 7 7 7 7 7 7 7 7 7 7 7 7 7 7 7 7 7 7 7 7 7 7 7 7 7 7 7 7 7 7 7 7 7 7 7 7 7 7 7 7 7 7 7 7 7 7 7 7 7 7 7 7 7 7 7 7 7 7 7 7 7 7 7 7 7 7 7 7 7 7 7 7 7 7 7 7 7 7 7 7 7 7 7 7 7 7 7 7 7 7 7 7 7 7 7 7 7 7 7 7 7 7 7 7 7 7 7 7 7 7 7 7 7 7 7 7 7 7 7 7 7 7 7 7 7 7 7 7 7 7 7 7 7 7 7 7 7 7 7 7 7 7 7 7 7 7 7 7 7 7 7 7 7 7 7 7 7 7 7 7 7 7 7 7 7 7 7 7 7 7 7 7 7 7 7 7 7 7 7 7 7 7 7 7 7 7 7 7 7 7 7 7 7 7 7 7 7 7 7 7 7 7 7 7 7 7 7 7 7 7 7 7 7 7 7 7 7 7 7 7 7 7 7 7 7 7 7 7 7 7 7 7 7 7 7 7 7 7 7 7 7 7 7 7 7 7 7 7 7 7 7 7 7 7 7 7 7 7 7 7 7 7 7 7 7 7 7 7 7 7 7 7 7 7 7 7 7 7 7 7 7 7 7 7 7 7 7 7 7 7 7 7 7 7 7 7 7 7 7 7 7 7 7 7 7 7 7 7 7 7 7 7 7 7 7 7 7 7 7 7 7 7 7 7 7 7 7 7 7 7 7 7 7 7 7 7 7 7 7 7 7 7 7 7 7 7 7 7 7 7 7 7 7 7 7 7 7 7 7 7 7 7 7 7 7 7 7 7 7 7 7 7 7 7 7 7 7 7 7 7 7 7 7 7 7 7 7 7 7 7 7 7 7 7 7 7 7 7 7 7 7 7 7 7 7 7 7 7 7 7 7 7 7 7 7 7 7 7 7 7 7 7 7 7 7 7 7 7 7 7 7 7 7 7 7 7 7 7 7 7 7 7 7 7 7 7 7 7 7 7 7 7 7 7 7 7 7 7 7 7 7 7 7 7 7 7 7 7 7 7 7 7 7 7 7 7 7 7 7 7 7 7 7 7 7 7 7 7 7 7 7 7 7 7 7 7 7 7 7 7 7 7 7 7 7 7 7 7 7 7 7 7 7 7 7 7 7 7 7 7 7 7 7 7 7 7 7 7 7 7 7 7 7 7 7 7 7 7 7 7 7 7 7 7 7 7 7 7 7 7 7 7 7 7 7 7 7 7 7 7 7 7 7 7 7 7 7 7 7 7 7 7 7 7 7 7 7 7 7 7 7 7 7 7 7 7 7 7 7 7 7 7 7 7 7 7 7 7 7 7 7 7 7 7 7 7 7 7 7 7 7 7 7 7 7 7 7 7 7 7 7 7 7 7 7 7 7 7 7 7 7 7 7 7 7 7 7 7 7 7 7 7 7 7 7 7 7 7 7 7 7 7 7 7 7 7 7 7 7 7 7 7 7 7 7 7 7 
</DataArray>
</Cells>
<CellData Scalars="wall variable 0">
<DataArray type="Float64" Name="wall length" format="ascii">
0.00463923 1.06105 0.0842657 1.0558 1.07307 0.100842 1.06105 0.00531639 1.09332 0.111869 1.07307 0.0060332 1.12186 0.118314 1.09332 0.00678905 1.15778 0.121505 1.12186 0.00757468 1.19976 0.122543 1.15778 0.00837088 1.24636 0.122191 1.19976 0.00915159 1.29622 0.120935 1.24636 0.00988899 1.3481 0.119068 1.29622 0.0105582 1.40093 0.116768 1.3481 0.0111402 1.4538 0.114147 1.40093 0.0116236 1.5059 0.111279 1.4538 0.0120042 1.55656 0.108224 1.5059 0.012284 1.60518 0.105036 1.55656 0.01247 1.65127 0.101768 1.60518 0.0125727 1.69437 0.0984742 1.65127 0.0126046 1.7341 0.0952164 1.69437 0.0125795 1.77011 0.0920588 1.7341 0.0125114 1.8021 0.08907 1.77011 0.0124142 1.82978 0.0863218 1.8021 0.0123011 1.85288 0.083886 1.82978 0.0121846 1.87117 0.0818332 1.85288 0.012076 1.88441 0.0802275 1.87117 0.0119849 1.89244 0.0791236 1.88441 0.0119195 1.89513 0.0785612 1.89244 0.0118853 1.89244 0.0785612 1.89513 0.0118853 1.88441 0.0791236 1.89244 0.0119195 1.87117 0.0802275 1.88441 0.0119849 1.85288 0.0818332 1.87117 0.012076 1.82978 0.083886 1.85288 0.0121846 1.8021 0.0863218 1.82978 0.0123011 1.77011 0.08907 1.8021 0.0124142 1.7341 0.0920588 1.77011 0.0125114 1.69437 0.0952164 1.7341 0.0125795 1.65127 0.0984742 1.69437 0.0126046 1.60518 0.101768 1.65127 0.0125727 1.55656 0.105036 1.60518 0.01247 1.5059 0.108224 1.55656 0.012284 1.4538 0.111279 1.5059 0.0120042 1.40093 0.114147 1.4538 0.0116236 1.3481 0.116768 1.40093 0.0111402 1.29622 0.119068 1.3481 0.0105582 1.24636 0.120935 1.29622 0.00988899 1.19976 0.122191 1.24636 0.00915159 1.15778 0.122543 1.19976 0.00837088 1.12186 0.121505 1.15778 0.00757468 1.09332 0.118314 1.12186 0.00678905 1.07307 0.111869 1.09332 0.0060332 1.06105 0.100842 1.07307 0.00531639 1.0558 0.0842657 1.06105 0.00463923 0.0842657 1.1998 0.18347 1.19643 0.100842 1.21178 0.220999 1.1998 0.111869 1.23357 0.240383 1.21178 0.118314 1.26426 0.24855 1.23357 0.121505 1.30234 0.250651 1.26426 0.122543 1.34628 0.249539 1.30234 0.122191 1.39471 0.246635 1.34628 0.120935 1.44635 0.242626 1.39471 0.119068 1.50006 0.237851 1.44635 0.116768 1.55481 0.232492 1.50006 0.114147 1.60968 0.226666 1.55481 0.111279 1.66384 0.220463 1.60968 0.108224 1.71654 0.213968 1.66384 0.105036 1.76716 0.207268 1.71654 0.101768 1.81512 0.200458 1.76716 0.0984742 1.85991 0.19364 1.81512 0.0952164 1.90111 0.186928 1.85991 0.0920588 1.93834 0.180447 1.90111 0.08907 1.97126 0.174328 1.93834 0.0863218 1.9996 0.16871 1.97126 0.083886 2.02312 0.163737 1.9996 0.0818332 2.04162 0.159548 2.02312 0.0802275 2.05496 0.156272 2.04162 0.0791236 2.063 0.154019 2.05496 0.0785612 2.06569 0.152872 2.063 0.0785612 2.063 0.152872 2.06569 0.0791236 2.05496 0.154019 2.063 0.0802275 2.04162 0.156272 2.05496 0.0818332 2.02312 0.159548 2.04162 0.083886 1.9996 0.163737 2.02312 0.0863218 1.97126 0.16871 1.9996 0.08907 1.93834 0.174328 1.97126 0.0920588 1.90111 0.180447 1.93834 0.0952164 1.85991 0.186928 1.90111 0.0984742 1.81512 0.19364 1.85991 0.101768 1.76716 0.200458 1.81512 0.105036 1.71654 0.207268 1.76716 0.108224 1.66384 0.213968 1.71654 0.111279 1.60968 0.220463 1.66384 0.114147 1.55481 0.226666 1.60968 0.116768 1.50006 0.232492 1.55481 0.119068 1.44635 0.237851 1.50006 0.120935 1.39471 0.242626 1.44635 0.122191 1.34628 0.246635 1.39471 0.122543 1.30234 0.249539 1.34628 0.121505 1.26426 0.250651 1.30234 0.118314 1.23357 0.24855 1.26426 0.111869 1.21178 0.240383 1.23357 0.100842 1.1998 0.220999 1.21178 0.0842657 1.19643 0.18347 1.1998 1.2043 0.290547 1.20042 0.18347 1.21765 0.347855 1.2043 0.220999 1.24089 0.372126 1.21765 0.240383 1.27267 0.379811 1.24089 0.24855 1.31153 0.379985 1.27267 0.250651 1.35611 0.376626 1.31153 0.249539 1.40518 0.371361 1.35611 0.246635 1.45753 0.364862 1.40518 0.242626 1.51207 0.357426 1.45753 0.237851 1.56775 0.349218 1.51207 0.232492 1.62365 0.340354 1.56775 0.226666 1.67891 0.330944 1.62365 0.220463 1.73277 0.321102 1.67891 0.213968 1.78455 0.310951 1.73277 0.207268 1.83366 0.300631 1.78455 0.200458 1.87957 0.290296 1.83366 0.19364 1.92182 0.280115 1.87957 0.186928 1.96 0.270274 1.92182 0.180447 1.99378 0.260976 1.96 0.174328 2.02286 0.252432 1.99378 0.16871 2.04698 0.24486 2.02286 0.163737 2.06595 0.238476 2.04698 0.159548 2.07961 0.23348 2.06595 0.156272 2.08785 0.230043 2.07961 0.154019 2.09061 0.228292 2.08785 0.152872 2.08785 0.228292 2.09061 0.152872 2.07961 0.230043 2.08785 0.154019 2.06595 0.23348 2.07961 0.156272 2.04698 0.238476 2.06595 0.159548 2.02286 0.24486 2.04698 0.163737 1.99378 0.252432 2.02286 0.16871 1.96 0.260976 1.99378 0.174328 1.92182 0.270274 1.96 0.180447 1.87957 0.280115 1.92182 0.186928 1.83366 0.290296 1.87957 0.19364 1.78455 0.300631 1.83366 0.200458 1.73277 0.310951 1.78455 0.207268 1.67891 0.321102 1.73277 0.213968 1.62365 0.330944 1.67891 0.220463 1.56775 0.340354 1.62365 0.226666 1.51207 0.349218 1.56775 0.232492 1.45753 0.357426 1.51207 0.237851 1.40518 0.364862 1.45753 0.242626 1.35611 0.371361 1.40518 0.246635 1.31153 0.376626 1.35611 0.249539 1.27267 0.379985 1.31153 0.250651 1.24089 0.379811 1.27267 0.24855 1.21765 0.372126 1.24089 0.240383 1.2043 0.347855 1.21765 0.220999 0.18347 1.20042 0.290547 1.2043 1.20511 0.402729 1.20104 0.290547 1.21902 0.477663 1.20511 0.347855 1.24262 0.50449 1.21902 0.372126 1.27451 0.510801 1.24262 0.379811 1.31334 0.508936 1.27451 0.379985 1.35789 0.503457 1.31334 0.376626 1.40695 0.495981 1.35789 0.371361 1.45935 0.487103 1.40695 0.364862 1.51396 0.477079 1.45935 0.357426 1.56975 0.466067 1.51396 0.349218 1.62577 0.454195 1.56975 0.340354 1.68117 0.441596 1.62577 0.330944 1.73517 0.428418 1.68117 0.321102 1.7871 0.414823 1.73517 0.310951 1.83636 0.400996 1.7871 0.300631 1.88241 0.387142 1.83636 0.290296 1.92479 0.373487 1.88241 0.280115 1.9631 0.360282 1.92479 0.270274 1.99698 0.347795 1.9631 0.260976 2.02614 0.336314 1.99698 0.252432 2.05033 0.326132 2.02614 0.24486 2.06935 0.317543 2.05033 0.238476 2.08305 0.310819 2.06935 0.23348 2.09131 0.306191 2.08305 0.230043 2.09407 0.303832 2.09131 0.228292 2.09131 0.303832 2.09407 0.228292 2.08305 0.306191 2.09131 0.230043 2.06935 0.310819 2.08305 0.23348 2.05033 0.317543 2.06935 0.238476 2.02614 0.326132 2.05033 0.24486 1.99698 0.336314 2.02614 0.252432 1.9631 0.347795 1.99698 0.260976 1.92479 0.360282 1.9631 0.270274 1.88241 0.373487 1.92479 0.280115 1.83636 0.387142 1.88241 0.290296 1.7871 0.400996 1.83636 0.300631 1.73517 0.414823 1.7871 0.310951 1.68117 0.428418 1.73517 0.321102 1.62577 0.441596 1.68117 0.330944 1.56975 0.454195 1.62577 0.340354 1.51396 0.466067 1.56975 0.349218 1.45935 0.477079 1.51396 0.357426 1.40695 0.487103 1.45935 0.364862 1.35789 0.495981 1.40695 0.371361 1.31334 0.503457 1.35789 0.376626 1.27451 0.508936 1.31334 0.379985 1.24262 0.510801 1.27451 0.379811 1.21902 0.50449 1.24262 0.372126 1.20511 0.477663 1.21902 0.347855 0.290547 1.20104 0.402729 1.20511 1.20531 0.518494 1.20111 0.402729 1.21949 0.608896 1.20531 0.477663 1.24317 0.636812 1.21949 0.50449 1.275 0.64142 1.24317 0.510801 1.31375 0.637589 1.275 0.508936 1.35824 0.630118 1.31375 0.503457 1.40726 0.620521 1.35824 0.495981 1.45964 0.609316 1.40726 0.487103 1.51426 0.596734 1.45964 0.477079 1.57006 0.582931 1.51426 0.466067 1.62609 0.568057 1.57006 0.454195 1.6815 0.552273 1.62609 0.441596 1.73552 0.535759 1.6815 0.428418 1.78747 0.518722 1.73552 0.414823 1.83675 0.501388 1.78747 0.400996 1.88282 0.484014 1.83675 0.387142 1.92521 0.466885 1.88282 0.373487 1.96353 0.450312 1.92521 0.360282 1.99742 0.434635 1.96353 0.347795 2.02658 0.420214 1.99742 0.336314 2.05077 0.40742 2.02658 0.326132 2.0698 0.396623 2.05077 0.317543 2.0835 0.388167 2.0698 0.310819 2.09176 0.382346 2.0835 0.306191 2.09452 0.379378 2.09176 0.303832 2.09176 0.379378 2.09452 0.303832 2.0835 0.382346 2.09176 0.306191 2.0698 0.388167 2.0835 0.310819 2.05077 0.396623 2.0698 0.317543 2.02658 0.40742 2.05077 0.326132 1.99742 0.420214 2.02658 0.336314 1.96353 0.434635 1.99742 0.347795 1.92521 0.450312 1.96353 0.360282 1.88282 0.466885 1.92521 0.373487 1.83675 0.484014 1.88282 0.387142 1.78747 0.501388 1.83675 0.400996 1.73552 0.518722 1.78747 0.414823 1.6815 0.535759 1.73552 0.428418 1.62609 0.552273 1.6815 0.441596 1.57006 0.568057 1.62609 0.454195 1.51426 0.582931 1.57006 0.466067 1.45964 0.596734 1.51426 0.477079 1.40726 0.609316 1.45964 0.487103 1.35824 0.620521 1.40726 0.495981 1.31375 0.630118 1.35824 0.503457 1.275 0.637589 1.31375 0.508936 1.24317 0.64142 1.275 0.510801 1.21949 0.636812 1.24317 0.50449 1.20531 0.608896 1.21949 0.477663 0.402729 1.20111 0.518494 1.20531 1.20538 0.636901 1.20108 0.518494 1.21971 0.740849 1.20538 0.608896 1.24339 0.768931 1.21971 0.636812 1.27515 0.771743 1.24339 0.64142 1.31384 0.766052 1.27515 0.637589 1.35829 0.756681 1.31384 0.630118 1.40729 0.745017 1.35829 0.620521 1.45965 0.731511 1.40729 0.609316 1.51426 0.71638 1.45965 0.596734 1.57006 0.699792 1.51426 0.582931 1.62609 0.681918 1.57006 0.568057 1.6815 0.662949 1.62609 0.552273 1.73552 0.643102 1.6815 0.535759 1.78747 0.622621 1.73552 0.518722 1.83675 0.601781 1.78747 0.501388 1.88282 0.580888 1.83675 0.484014 1.92521 0.560283 1.88282 0.466885 1.96352 0.540342 1.92521 0.450312 1.99741 0.521475 1.96352 0.434635 2.02657 0.504113 1.99741 0.420214 2.05076 0.488706 2.02657 0.40742 2.06978 0.475699 2.05076 0.396623 2.08348 0.465511 2.06978 0.388167 2.09174 0.458496 2.08348 0.382346 2.0945 0.454919 2.09174 0.379378 2.09174 0.454919 2.0945 0.379378 2.08348 0.458496 2.09174 0.382346 2.06978 0.465511 2.08348 0.388167 2.05076 0.475699 2.06978 0.396623 2.02657 0.488706 2.05076 0.40742 1.99741 0.504113 2.02657 0.420214 1.96352 0.521475 1.99741 0.434635 1.92521 0.540342 1.96352 0.450312 1.88282 0.560283 1.92521 0.466885 1.83675 0.580888 1.88282 0.484014 1.78747 0.601781 1.83675 0.501388 1.73552 0.622621 1.78747 0.518722 1.6815 0.643102 1.73552 0.535759 1.62609 0.662949 1.6815 0.552273 1.57006 0.681918 1.62609 0.568057 1.51426 0.699792 1.57006 0.582931 1.45965 0.71638 1.51426 0.596734 1.40729 0.731511 1.45965 0.609316 1.35829 0.745017 1.40729 0.620521 1.31384 0.756681 1.35829 0.630118 1.27515 0.766052 1.31384 0.637589 1.24339 0.771743 1.27515 0.64142 1.21971 0.768931 1.24339 0.636812 1.20538 0.740849 1.21971 0.608896 0.518494 1.20108 0.636901 1.20538 1.20529 0.757315 1.20092 0.636901 1.2197 0.87315 1.20529 0.740849 1.24335 0.900806 1.2197 0.768931 1.27504 0.901831 1.24335 0.771743 1.31367 0.894372 1.27504 0.766052 1.35807 0.883165 1.31367 0.756681 1.40704 0.869463 1.35807 0.745017 1.45937 0.853669 1.40704 0.731511 1.51395 0.835994 1.45937 0.71638 1.56973 0.816622 1.51395 0.699792 1.62574 0.795749 1.56973 0.681918 1.68113 0.773597 1.62574 0.662949 1.73513 0.750417 1.68113 0.643102 1.78706 0.726495 1.73513 0.622621 1.83631 0.702148 1.78706 0.601781 1.88236 0.677736 1.83631 0.580888 1.92474 0.653658 1.88236 0.560283 1.96304 0.63035 1.92474 0.540342 1.99692 0.608292 1.96304 0.521475 2.02607 0.58799 1.99692 0.504113 2.05025 0.56997 2.02607 0.488706 2.06926 0.554754 2.05025 0.475699 2.08295 0.542832 2.06926 0.465511 2.09121 0.534624 2.08295 0.458496 2.09397 0.530438 2.09121 0.454919 2.09121 0.530438 2.09397 0.454919 2.08295 0.534624 2.09121 0.458496 2.06926 0.542832 2.08295 0.465511 2.05025 0.554754 2.06926 0.475699 2.02607 0.56997 2.05025 0.488706 1.99692 0.58799 2.02607 0.504113 1.96304 0.608292 1.99692 0.521475 1.92474 0.63035 1.96304 0.540342 1.88236 0.653658 1.92474 0.560283 1.83631 0.677736 1.88236 0.580888 1.78706 0.702148 1.83631 0.601781 1.73513 0.726495 1.78706 0.622621 1.68113 0.750417 1.73513 0.643102 1.62574 0.773597 1.68113 0.662949 1.56973 0.795749 1.62574 0.681918 1.51395 0.816622 1.56973 0.699792 1.45937 0.835994 1.51395 0.71638 1.40704 0.853669 1.45937 0.731511 1.35807 0.869463 1.40704 0.745017 1.31367 0.883165 1.35807 0.756681 1.27504 0.894372 1.31367 0.766052 1.24335 0.901831 1.27504 0.771743 1.2197 0.900806 1.24335 0.768931 1.20529 0.87315 1.2197 0.740849 0.636901 1.20092 0.757315 1.20529 1.20437 0.879227 1.19995 0.757315 1.21878 1.00551 1.20437 0.87315 1.24232 1.03235 1.21878 0.900806 1.27386 1.03162 1.24232 0.901831 1.31232 1.02246 1.27386 0.894372 1.35655 1.00944 1.31232 0.883165 1.40533 0.993704 1.35655 0.869463 1.45748 0.975617 1.40533 0.853669 1.51187 0.955394 1.45748 0.835994 1.56745 0.933234 1.51187 0.816622 1.62328 0.909362 1.56745 0.795749 1.67849 0.884028 1.62328 0.773597 1.73231 0.857519 1.67849 0.750417 1.78408 0.83016 1.73231 0.726495 1.83319 0.802315 1.78408 0.702148 1.8791 0.774392 1.83319 0.677736 1.92135 0.746848 1.8791 0.653658 1.95954 0.720183 1.92135 0.63035 1.99332 0.694942 1.95954 0.608292 2.02238 0.671707 1.99332 0.58799 2.0465 0.65108 2.02238 0.56997 2.06545 0.633661 2.0465 0.554754 2.07911 0.620011 2.06545 0.542832 2.08734 0.610611 2.07911 0.534624 2.09009 0.605817 2.08734 0.530438 2.08734 0.605816 2.09009 0.530438 2.07911 0.610611 2.08734 0.534624 2.06545 0.620011 2.07911 0.542832 2.0465 0.633661 2.06545 0.554754 2.02238 0.65108 2.0465 0.56997 1.99332 0.671707 2.02238 0.58799 1.95954 0.694942 1.99332 0.608292 1.92135 0.720183 1.95954 0.63035 1.8791 0.746848 1.92135 0.653658 1.83319 0.774392 1.8791 0.677736 1.78408 0.802315 1.83319 0.702148 1.73231 0.83016 1.78408 0.726495 1.67849 0.857519 1.73231 0.750417 1.62328 0.884028 1.67849 0.773597 1.56745 0.909362 1.62328 0.795749 1.51187 0.933234 1.56745 0.816622 1.45748 0.955394 1.51187 0.835994 1.40533 0.975617 1.45748 0.853669 1.35655 0.993704 1.40533 0.869463 1.31232 1.00944 1.35655 0.883165 1.27386 1.02246 1.31232 0.894372 1.24232 1.03162 1.27386 0.901831 1.21878 1.03235 1.24232 0.900806 1.20437 1.00551 1.21878 0.87315 0.757315 1.19995 0.879227 1.20437 0.684396 0.514281 1.00189 1.19433 0.879227 0.684396 1.00551 0.547598 1.20356 0.547598 1.03235 0.511276 1.19259 0.191586 0.511276 1.03162 0.488107 1.16465 0.278424 0.488107 1.02246 0.474589 1.12811 0.349978 0.411567 0.474589 1.00944 0.466579 1.08764 0.460957 0.466579 0.993704 0.471455 1.04503 0.496507 0.471455 0.975617 0.481263 1.00246 0.519973 0.481263 0.955394 0.5008 0.961241 0.532424 0.5008 0.933234 0.523406 0.922193 0.535095 0.523406 0.909362 0.553286 0.885847 0.529186 0.553286 0.884028 0.584385 0.852437 0.518177 0.584385 0.857519 0.618367 0.822077 0.498225 0.618367 0.83016 0.656621 0.79475 0.472662 0.656621 0.802315 0.693965 0.770359 0.444366 0.693965 0.774392 0.732052 0.748798 0.411735 0.732052 0.746848 0.770333 0.729939 0.770333 0.720183 0.808331 0.71365 0.375362 0.808331 0.694942 0.845628 0.699806 0.335764 0.845628 0.671707 0.883762 0.688286 0.291469 0.883762 0.65108 0.91859 0.678967 0.244882 0.91859 0.633661 0.95176 0.671732 0.198236 0.95176 0.620011 0.975116 0.666348 0.149966 0.975116 0.610611 0.955952 0.664781 0.108337 0.955952 0.605817 0.934993 0.103878 0.661338 0.106208 0.934993 0.605816 0.956721 0.106291 0.669354 0.956721 0.610611 0.975939 0.108428 0.664827 0.975939 0.620011 0.950554 0.152204 0.666386 0.950554 0.633661 0.917134 0.20091 0.671731 0.917134 0.65108 0.881975 0.248144 0.678965 0.881975 0.671707 0.847278 0.291637 0.688284 0.847278 0.694942 0.809523 0.33289 0.699808 0.809523 0.720183 0.770952 0.373524 0.713652 0.770952 0.746848 0.731957 0.411195 0.72994 0.731957 0.774392 0.692986 0.445442 0.748798 0.692986 0.802315 0.65675 0.473544 0.770356 0.65675 0.83016 0.619509 0.496951 0.794752 0.619509 0.857519 0.584052 0.517324 0.82208 0.584052 0.884028 0.553601 0.529218 0.852436 0.553601 0.909362 0.524177 0.533995 0.88585 0.524177 0.933234 0.499102 0.533315 0.922195 0.499102 0.955394 0.48226 0.520756 0.961235 0.48226 0.975617 0.472208 0.494709 1.00246 0.472208 0.993704 0.466929 0.459818 1.04504 0.466929 1.00944 0.474433 0.411356 1.08764 0.474433 1.02246 0.487494 0.350752 1.12811 0.487494 1.03162 0.513765 0.276569 1.16465 0.513765 1.03235 0.545791 0.190834 1.1926 0.545791 1.00551 0.686234 1.20357 0.879227 1.19433 1.00189 0.512443 0.686234 1.12277 1.16255 1.00189 1.16619 0.631157 1.18376 0.571298 1.16619 0.688227 1.18479 0.540965 1.17806 0.729503 1.19049 0.49743 1.19729 0.765041 1.19909 0.451049 1.22301 0.863667 1.13455 0.432892 1.17912 0.471795 0.432892 1.11669 0.430103 1.13705 0.514722 0.430103 1.09621 0.431483 1.09435 0.54544 0.431483 1.07335 0.442906 1.05251 0.564427 0.442906 1.04835 0.457373 1.01236 0.572512 0.457373 1.02145 0.480016 0.974621 0.570651 0.480016 0.992924 0.504257 0.939576 0.562591 0.504257 0.963097 0.532182 0.907473 0.543896 0.532182 0.932328 0.565498 0.878396 0.51831 0.565498 0.901025 0.598434 0.852269 0.489136 0.598434 0.869642 0.632933 0.829059 0.454612 0.632933 0.838689 0.66843 0.808665 0.415471 0.66843 0.808726 0.704419 0.790982 0.372368 0.704419 0.780365 0.740459 0.775898 0.32371 0.740459 0.754258 0.778296 0.763309 0.272265 0.778296 0.73108 0.813279 0.753091 0.220602 0.813279 0.711506 0.847272 0.745137 0.166994 0.847272 0.696167 0.879992 0.739325 0.111889 0.879992 0.685603 0.911171 0.735536 0.0965589 0.911171 0.680215 0.846514 0.0940248 0.735704 0.846514 0.680215 0.910152 0.0966588 0.746961 0.910152 0.685603 0.878837 0.114067 0.735535 0.878837 0.696167 0.845906 0.169524 0.739325 0.845906 0.711506 0.811618 0.223644 0.745136 0.811618 0.73108 0.778383 0.273862 0.753089 0.778383 0.754258 0.742261 0.32182 0.763309 0.742261 0.780365 0.705685 0.369265 0.775903 0.705685 0.808726 0.669027 0.413579 0.790986 0.669027 0.838689 0.632699 0.454234 0.808667 0.632699 0.869642 0.597172 0.490639 0.829058 0.597172 0.901025 0.56546 0.519649 0.852261 0.56546 0.932328 0.533268 0.542848 0.878396 0.533268 0.963097 0.503657 0.562066 0.907484 0.503657 0.992924 0.480153 0.571137 0.939568 0.480153 1.02145 0.458063 0.57168 0.974624 0.458063 1.04835 0.440908 0.565708 1.01237 0.440908 1.07335 0.432689 0.546313 1.05247 0.432689 1.09621 0.42801 0.51556 1.09438 0.42801 1.11669 0.434039 0.472822 1.137 0.434039 1.13455 0.862479 1.17916 0.391922 0.862479 0.383374 1.19908 0.82038 0.787935 1.22301 0.429412 1.19047 0.749963 1.19729 0.472725 1.18478 0.696476 1.17806 0.50343 1.18376 1.00189 1.16255 1.12277 1.16619 0.430932 1.22301 0.786464 1.19049 0.731023 1.19729 0.495958 1.19047 0.47477 1.19729 0.747986 1.18479 0.690272 1.17806 0.538988 1.18478 0.384478 0.863667 0.390735 0.819311 1.19909 0.766145 1.22301 0.449979 1.19908 0.390735 1.17912 0.471795 0.385601 1.25262 0.472822 1.17916 0.391922 1.25262 0.383429 0.385601 1.13705 0.514722 0.384991 1.23183 0.51556 1.137 0.383429 1.23183 0.386244 0.384991 1.09435 0.54544 0.395048 1.20823 0.546313 1.09438 0.386244 1.20823 0.39297 0.506106 1.17806 0.693893 1.18376 0.633832 1.16619 0.568716 1.18376 0.565708 1.05247 0.39297 1.18215 0.409222 0.395048 1.05251 0.564427 0.408505 1.18215 0.408505 1.01236 0.572512 0.430688 1.15385 0.57168 1.01237 0.409222 1.15385 0.430831 0.430688 0.974621 0.570651 0.454754 1.12361 0.571137 0.974624 0.430831 1.12361 0.454131 0.454754 0.939576 0.562591 0.482854 1.09173 0.562066 0.939568 0.454131 1.09173 0.483978 0.482854 0.907473 0.543896 0.516737 1.05855 0.542848 0.907484 0.483978 1.05855 0.516699 0.516737 0.878396 0.51831 0.550419 1.02447 0.519649 0.878396 0.516699 1.02447 0.549118 0.550419 0.852269 0.489136 0.585897 0.989903 0.490639 0.852261 0.549118 0.989903 0.585656 0.585897 0.829059 0.454612 0.622574 0.955344 0.454234 0.829058 0.585656 0.955344 0.623187 0.622574 0.808665 0.415471 0.659924 0.921334 0.413579 0.808667 0.623187 0.921334 0.661219 0.659924 0.790982 0.372368 0.69748 0.888474 0.369265 0.790986 0.661219 0.888474 0.699316 0.428369 1.12811 0.411567 0.417887 0.384478 0.765041 0.411356 1.12811 0.428208 0.766145 0.383374 0.418254 0.44602 1.16465 0.349978 0.428369 0.430932 0.729503 0.350752 1.16465 0.445386 0.731023 0.429412 0.428208 0.69748 0.775898 0.32371 0.737004 0.857417 0.32182 0.775903 0.699316 0.857417 0.737092 0.417887 1.08764 0.460957 0.419645 1.13455 0.459818 1.08764 0.418254 1.13455 0.420432 0.419645 1.04503 0.496507 0.426765 1.11669 0.494709 1.04504 0.420432 1.11669 0.427811 0.737004 0.763309 0.272265 0.773752 0.828866 0.273862 0.763309 0.737092 0.828866 0.772068 0.520756 1.00246 0.427811 1.09621 0.442538 0.426765 1.00246 0.519973 0.444317 1.09621 0.444317 0.961241 0.532424 0.465336 1.07335 0.533315 0.961235 0.442538 1.07335 0.466143 0.773752 0.753091 0.220602 0.80962 0.803546 0.223644 0.753089 0.772068 0.803546 0.808239 0.997677 0.661338 1.02365 0.680215 0.103878 0.669354 0.996825 0.680215 1.02365 0.80962 0.745137 0.166994 0.844312 0.78218 0.169524 0.745136 0.808239 0.78218 0.843148 0.533995 0.922195 0.466143 1.04835 0.494559 0.465336 0.922193 0.535095 0.494231 1.04835 0.968346 0.664781 0.106208 0.997677 0.685603 0.106291 0.664827 0.967432 0.685603 0.996825 0.844312 0.739325 0.111889 0.877547 0.765448 0.114067 0.739325 0.843148 0.765448 0.876524 0.877547 0.735536 0.0965589 0.868241 0.753931 0.0966588 0.735535 0.876524 0.753931 0.869161 0.868241 0.735704 0.937617 0.748057 0.0940248 0.746961 0.869161 0.748058 0.937617 0.93675 0.666348 0.108337 0.968346 0.696167 0.108428 0.666386 0.935717 0.696167 0.967432 0.494231 0.885847 0.529186 0.524671 1.02145 0.529218 0.88585 0.494559 1.02145 0.524324 0.903145 0.671732 0.149966 0.93675 0.711506 0.152204 0.671731 0.901927 0.711506 0.935717 0.524671 0.852437 0.518177 0.558402 0.992924 0.517324 0.852436 0.524324 0.992924 0.559588 0.867792 0.678967 0.198236 0.903145 0.73108 0.20091 0.678965 0.866316 0.73108 0.901927 0.558402 0.822077 0.498225 0.596855 0.963097 0.496951 0.82208 0.559588 0.963097 0.596988 0.473588 1.19259 0.278424 0.44602 0.47477 0.688227 0.276569 1.1926 0.476146 0.690272 0.472725 0.445386 0.596855 0.79475 0.472662 0.634647 0.932328 0.473544 0.794752 0.596988 0.932328 0.633636 0.830967 0.688286 0.244882 0.867792 0.754258 0.248144 0.688284 0.82915 0.754258 0.866316 0.634647 0.770359 0.444366 0.673495 0.901025 0.445442 0.770356 0.633636 0.901025 0.673397 0.791007 0.699806 0.291469 0.830967 0.780365 0.291637 0.699808 0.79269 0.780365 0.82915 0.673495 0.748798 0.411735 0.712826 0.869642 0.411195 0.748798 0.673397 0.869642 0.713461 0.752142 0.71365 0.335764 0.791007 0.808726 0.33289 0.713652 0.753362 0.808726 0.79269 0.712826 0.729939 0.375362 0.752142 0.838689 0.373524 0.72994 0.713461 0.838689 0.753362 0.514281 1.20356 0.191586 0.473588 0.506106 0.631157 0.190834 1.20357 0.512443 0.633832 0.50343 0.476146 
</DataArray>
<DataArray type="Float64" Name="wall variable 0" format="ascii">
0 1.431e-11 1.59471e-11 0 7.16972e-11 8.37207e-11 2.97475e-12 0 3.15731e-10 4.5717e-10 1.43102e-11 0 1.16115e-09 2.20663e-09 7.17018e-11 0 3.22685e-09 9.00699e-09 3.15804e-10 0 9.31581e-09 2.40979e-08 1.16187e-09 0 1.48242e-08 8.12274e-08 3.23239e-09 0 1.81488e-08 1.29361e-07 9.33854e-09 0 1.86781e-08 1.57601e-07 1.48518e-08 0 2.07013e-08 1.57627e-07 1.81635e-08 0 3.15327e-08 1.66038e-07 1.8689e-08 0 5.91052e-08 2.44787e-07 2.076e-08 0 1.09783e-07 4.60697e-07 3.1786e-08 0 1.82595e-07 8.70955e-07 6.00342e-08 0 2.63323e-07 1.47178e-06 1.12414e-07 0 3.3448e-07 2.13393e-06 1.87812e-07 0 4.08694e-07 2.68571e-06 2.7034e-07 0 5.58886e-07 3.2183e-06 3.42497e-07 0 9.21836e-07 4.35064e-06 4.23768e-07 0 1.68366e-06 7.32903e-06 6.05516e-07 0 3.03722e-06 1.40457e-05 1.0755e-06 0 5.008e-06 2.64386e-05 2.11991e-06 0 7.13954e-06 4.3885e-05 3.95895e-06 0 8.45202e-06 6.04026e-05 6.29939e-06 0 8.11046e-06 6.72126e-05 8.13697e-06 0 6.24421e-06 6.01158e-05 8.44476e-06 0 3.88418e-06 4.33952e-05 7.10307e-06 0 2.03118e-06 2.58324e-05 4.95219e-06 0 9.76276e-07 1.33517e-05 2.96913e-06 0 5.04556e-07 6.548e-06 1.605e-06 0 3.4101e-07 3.53648e-06 8.32517e-07 0 3.05204e-07 2.54095e-06 4.65233e-07 0 2.91342e-07 2.39112e-06 3.31639e-07 0 2.49427e-07 2.3264e-06 3.03161e-07 0 1.79646e-07 1.98642e-06 2.88625e-07 0 1.08952e-07 1.41357e-06 2.4452e-07 0 5.75957e-08 8.45465e-07 1.75129e-07 0 2.85881e-08 4.41358e-07 1.06503e-07 0 1.62122e-08 2.17754e-07 5.67099e-08 0 1.38764e-08 1.26183e-07 2.83506e-08 0 1.58934e-08 1.14398e-07 1.61609e-08 0 1.69681e-08 1.37021e-07 1.38745e-08 0 1.36125e-08 1.49161e-07 1.59037e-08 0 5.68877e-09 1.20891e-07 1.69602e-08 0 2.46961e-09 4.41182e-08 1.35807e-08 0 7.57816e-10 1.99075e-08 5.67562e-09 0 1.89393e-10 5.48555e-09 2.46705e-09 0 4.08845e-11 1.25128e-09 7.57452e-10 0 9.13782e-12 2.47209e-10 1.89364e-10 0 0 5.04383e-11 4.08829e-11 0 2.97475e-12 8.37207e-11 8.97782e-11 0 1.43103e-11 4.57171e-10 5.14877e-10 1.59474e-11 7.17039e-11 2.2067e-09 3.07407e-09 8.37286e-11 3.15874e-10 9.00892e-09 1.62894e-08 4.57377e-10 1.16328e-09 2.41261e-08 7.8326e-08 2.21068e-09 3.24241e-09 8.14718e-08 1.87615e-07 9.05058e-09 9.46948e-09 1.31115e-07 3.76413e-07 2.44939e-08 1.51988e-08 1.61183e-07 5.99213e-07 8.32807e-08 1.8692e-08 1.62137e-07 7.30149e-07 1.33205e-07 1.92215e-08 1.70631e-07 6.93969e-07 1.62118e-07 2.13304e-08 2.51182e-07 6.59397e-07 1.62452e-07 3.29633e-08 4.77049e-07 9.09735e-07 1.73832e-07 6.41359e-08 9.28662e-07 1.77347e-06 2.66212e-07 1.27027e-07 1.65837e-06 3.67186e-06 5.34216e-07 2.29236e-07 2.59551e-06 6.89437e-06 1.09558e-06 3.56439e-07 3.53269e-06 1.089e-05 1.99421e-06 4.76768e-07 4.47873e-06 1.43159e-05 3.03773e-06 6.09591e-07 6.24811e-06 1.73406e-05 3.99556e-06 9.17446e-07 1.10442e-05 2.42782e-05 5.29268e-06 1.8478e-06 2.39504e-05 4.72127e-05 8.8088e-06 4.45386e-06 5.50816e-05 0.000114913 1.96421e-05 1.04036e-05 0.000114326 0.000272714 4.86357e-05 2.01671e-05 0.000191878 0.00052791 0.000107213 3.02702e-05 0.000248621 0.000782879 0.000186493 3.46039e-05 0.000245693 0.000888819 0.000246783 3.01039e-05 0.000184191 0.000776686 0.000248169 1.98983e-05 0.000104368 0.000517917 0.000190172 1.01067e-05 4.58168e-05 0.00026192 0.000112012 4.17423e-06 1.71917e-05 0.000105112 5.27012e-05 1.60405e-06 6.87806e-06 3.89012e-05 2.18009e-05 7.14937e-07 3.9214e-06 1.74262e-05 9.22642e-06 4.60887e-07 3.31669e-06 1.22521e-05 4.7617e-06 4.15503e-07 3.17768e-06 1.21623e-05 3.45683e-06 3.95693e-07 2.7199e-06 1.21262e-05 3.24463e-06 3.25259e-07 1.88228e-06 1.00408e-05 3.02384e-06 2.1816e-07 1.05513e-06 6.59293e-06 2.40283e-06 1.2277e-07 5.09658e-07 3.55403e-06 1.58821e-06 6.13537e-08 2.35986e-07 1.68629e-06 8.99043e-07 2.95059e-08 1.31525e-07 7.84471e-07 4.55001e-07 1.65349e-08 1.17112e-07 4.67933e-07 2.21859e-07 1.41601e-08 1.39802e-07 4.7679e-07 1.28651e-07 1.63042e-08 1.52827e-07 6.23531e-07 1.17315e-07 1.74428e-08 1.24292e-07 7.04465e-07 1.40814e-07 1.39098e-08 4.51771e-08 5.88296e-07 1.52341e-07 5.725e-09 2.00809e-08 3.64268e-07 1.21641e-07 2.47696e-09 5.50753e-09 1.79485e-07 4.42449e-08 7.58296e-10 1.25267e-09 4.21361e-08 1.99198e-08 1.89413e-10 2.47272e-10 8.76761e-09 5.4861e-09 4.0885e-11 5.04408e-11 1.57705e-09 1.25129e-09 9.13784e-12 0 2.93128e-10 2.47209e-10 5.14878e-10 4.54515e-10 0 1.59474e-11 3.07411e-09 2.87402e-09 8.97878e-11 8.37296e-11 1.62923e-08 1.90691e-08 5.15203e-10 4.57461e-10 7.84423e-08 1.08037e-07 3.08434e-09 2.21406e-09 1.89685e-07 3.14393e-07 1.65526e-08 9.15427e-09 3.84373e-07 7.79049e-07 8.12951e-08 2.50331e-08 6.27816e-07 1.64686e-06 2.01339e-07 8.74564e-08 7.91796e-07 2.787e-06 4.15709e-07 1.44947e-07 7.70793e-07 3.46673e-06 6.69644e-07 1.80536e-07 7.25557e-07 3.1236e-06 8.04782e-07 1.7928e-07 9.76381e-07 2.62948e-06 7.60827e-07 1.87264e-07 1.90111e-06 3.36008e-06 7.53695e-07 2.86302e-07 4.13915e-06 7.10324e-06 1.15796e-06 6.04534e-07 8.67804e-06 1.75195e-05 2.65564e-06 1.38673e-06 1.5919e-05 3.95308e-05 6.5043e-06 2.93451e-06 2.40885e-05 7.10467e-05 1.36172e-05 5.13403e-06 3.14117e-05 9.85853e-05 2.21915e-05 7.23709e-06 4.26234e-05 0.00011922 2.94853e-05 9.2877e-06 7.57403e-05 0.000165029 3.92945e-05 1.41669e-05 0.000181065 0.000335745 6.88908e-05 3.10597e-05 0.000470989 0.000882227 0.00016776 8.4356e-05 0.00105085 0.00213485 0.000449304 0.000214687 0.0017997 0.00393176 0.00102895 0.000432336 0.0023343 0.00548707 0.00178984 0.00065513 0.00232009 0.00607508 0.00233441 0.000749119 0.00175939 0.005433 0.00232884 0.000650599 0.000991295 0.00383636 0.00177776 0.000425049 0.000413222 0.00202093 0.0010206 0.000206819 0.000138748 0.000774241 0.000440241 7.73006e-05 4.83758e-05 0.000248599 0.000154795 2.53934e-05 2.54458e-05 9.9456e-05 5.55977e-05 9.86308e-06 2.18755e-05 7.2396e-05 2.77225e-05 6.2551e-06 2.21876e-05 7.86246e-05 2.2105e-05 5.98606e-06 1.93769e-05 8.11689e-05 2.23893e-05 5.86655e-06 1.26818e-05 6.4467e-05 2.04904e-05 4.62864e-06 6.2086e-06 3.74165e-05 1.46717e-05 2.77249e-06 2.504e-06 1.68212e-05 8.27791e-06 1.33274e-06 9.90636e-07 6.65377e-06 3.98028e-06 5.72838e-07 5.28377e-07 2.75118e-06 1.77988e-06 2.49668e-07 5.10401e-07 1.6818e-06 8.18809e-07 1.37644e-07 6.6444e-07 1.97328e-06 4.99069e-07 1.25271e-07 7.68396e-07 2.87076e-06 5.24684e-07 1.5413e-07 6.55642e-07 3.37665e-06 6.92727e-07 1.7018e-07 4.04515e-07 2.75772e-06 7.63887e-07 1.3521e-07 1.92403e-07 1.6357e-06 6.16322e-07 4.74115e-08 4.36746e-08 7.72705e-07 3.74175e-07 2.06472e-08 8.8425e-09 2.97719e-07 1.80293e-07 5.533e-09 1.57987e-09 5.74331e-08 4.21643e-08 1.25353e-09 2.93222e-10 9.19726e-09 8.7682e-09 2.47289e-10 5.04413e-11 0 1.54076e-09 1.57707e-09 2.87398e-09 1.98491e-09 0 8.97866e-11 1.90683e-08 1.39156e-08 4.54783e-10 5.15181e-10 1.08098e-07 1.10537e-07 2.88525e-09 3.08613e-09 3.16258e-07 3.816e-07 1.94933e-08 1.66547e-08 7.97699e-07 1.15838e-06 1.14785e-07 8.33438e-08 1.76404e-06 3.21269e-06 3.58671e-07 2.16428e-07 3.25992e-06 7.87806e-06 9.9212e-07 4.89915e-07 4.55661e-06 1.53336e-05 2.32717e-06 8.89384e-07 4.46351e-06 2.01772e-05 4.04766e-06 1.15712e-06 3.63677e-06 1.6977e-05 4.71206e-06 1.05857e-06 4.17504e-06 1.21352e-05 4.04593e-06 9.44637e-07 8.35167e-06 1.41263e-05 3.70541e-06 1.36974e-06 2.20873e-05 3.4641e-05 5.99898e-06 3.36517e-06 5.9242e-05 0.000110819 1.69024e-05 9.80475e-06 0.00013153 0.000308271 5.12892e-05 2.53617e-05 0.000219295 0.000613249 0.000122859 4.95427e-05 0.000288868 0.000868523 0.000209514 7.14216e-05 0.000368233 0.00102367 0.000272816 8.76056e-05 0.000602237 0.00131624 0.000345185 0.000123883 0.00138287 0.00239774 0.000577685 0.000264367 0.00345239 0.00541443 0.00135991 0.000733525 0.0070646 0.0107211 0.00349455 0.00188216 0.0109683 0.0163567 0.00733569 0.00367989 0.0134235 0.0201883 0.0113585 0.00535038 0.0135136 0.02145 0.013609 0.00600624 0.0111325 0.0199774 0.0133935 0.00530327 0.00700594 0.0159268 0.0108195 0.0036003 0.00312918 0.0100771 0.0068237 0.00179242 0.00104676 0.00461068 0.00316272 0.000651645 0.000356717 0.00159745 0.00110349 0.000198465 0.000192727 0.000668632 0.000378282 7.38135e-05 0.000181266 0.000549741 0.000200451 5.13317e-05 0.000200953 0.000663534 0.000185135 5.58774e-05 0.000181001 0.000708019 0.000204422 5.7813e-05 0.000113393 0.000550699 0.000185297 4.4509e-05 4.84999e-05 0.000288573 0.000120231 2.38312e-05 1.56761e-05 0.000105115 5.59861e-05 9.35036e-06 4.8597e-06 3.16127e-05 2.08922e-05 3.12484e-06 2.30747e-06 1.05578e-05 7.45973e-06 1.11518e-06 2.37482e-06 6.50976e-06 3.108e-06 6.00822e-07 3.48573e-06 9.20478e-06 2.09894e-06 6.4159e-07 4.49333e-06 1.5755e-05 2.75682e-06 9.31817e-07 3.97878e-06 1.97294e-05 4.11873e-06 1.10904e-06 2.30838e-06 1.52069e-05 4.44341e-06 8.71882e-07 9.8421e-07 7.85142e-06 3.22721e-06 4.7689e-07 3.41695e-07 3.20692e-06 1.7535e-06 2.06962e-07 6.08961e-08 1.14848e-06 7.90322e-07 4.4709e-08 9.30434e-09 3.55775e-07 2.98635e-07 8.87048e-09 1.54364e-09 4.68114e-08 5.74382e-08 1.58002e-09 2.93221e-10 0 7.03895e-09 9.1972e-09 1.39131e-08 7.07178e-09 0 4.54698e-10 1.10422e-07 4.82761e-08 1.99054e-09 2.88214e-09 3.81782e-07 3.35734e-07 1.42321e-08 1.9503e-08 1.17242e-06 1.2252e-06 1.18875e-07 1.16248e-07 3.40192e-06 4.30094e-06 4.59577e-07 3.80848e-07 9.37648e-06 1.50645e-05 1.72704e-06 1.18929e-06 2.23996e-05 4.91454e-05 6.26796e-06 3.44338e-06 3.79403e-05 0.000120334 1.86437e-05 7.73102e-06 3.88366e-05 0.000171537 3.62292e-05 1.08462e-05 2.6575e-05 0.000132707 3.95976e-05 8.90158e-06 2.35177e-05 7.50504e-05 2.88257e-05 6.23632e-06 4.58016e-05 7.39774e-05 2.32888e-05 7.98234e-06 0.000149738 0.000208731 3.91619e-05 2.29199e-05 0.000498072 0.000825018 0.000131053 8.32178e-05 0.00123008 0.00246034 0.000463968 0.000247973 0.00210022 0.00466412 0.00119216 0.000510888 0.00271465 0.00622214 0.00202407 0.000730685 0.00320467 0.00705353 0.00251909 0.000849459 0.00439752 0.008243 0.00294087 0.00107277 0.00789893 0.011826 0.00436253 0.00202117 0.015191 0.0193284 0.00864138 0.00508239 0.0244704 0.0289187 0.0173571 0.0113731 0.031957 0.0362704 0.0276678 0.0188432 0.0361303 0.0400531 0.0347501 0.024318 0.0369658 0.0411274 0.0372078 0.0262025 0.0340802 0.0396505 0.0360768 0.0240875 0.0264148 0.0353267 0.0315681 0.0183973 0.0153671 0.0271263 0.0236755 0.0107523 0.00626951 0.016233 0.0138302 0.0043784 0.00241402 0.00751468 0.00598501 0.00137221 0.0014862 0.00404953 0.00242643 0.000545436 0.00158986 0.00392572 0.00154581 0.000448009 0.00189678 0.00492047 0.00166951 0.000553663 0.00176164 0.00524555 0.00195717 0.000597755 0.0010989 0.004238 0.00178221 0.000459633 0.000436148 0.00230177 0.00112013 0.000232227 0.000119545 0.000775718 0.000466627 7.87843e-05 2.95839e-05 0.000184364 0.000138626 2.0741e-05 1.22823e-05 4.78266e-05 3.75968e-05 5.80279e-06 1.35413e-05 3.03908e-05 1.40167e-05 3.09591e-06 2.43113e-05 5.70996e-05 1.16906e-05 4.30566e-06 3.77786e-05 0.000124308 2.11168e-05 8.01753e-06 3.5689e-05 0.000168402 3.65997e-05 1.05048e-05 1.85395e-05 0.000119594 3.72574e-05 7.63487e-06 6.25477e-06 4.911e-05 2.2246e-05 3.42075e-06 1.71555e-06 1.51029e-05 9.35078e-06 1.18052e-06 4.32066e-07 4.29389e-06 3.39524e-06 3.6269e-07 5.01742e-08 1.18941e-06 1.16089e-06 6.15782e-08 7.10535e-09 1.74858e-07 3.55025e-07 9.2842e-09 1.54296e-09 0 2.66607e-08 4.67912e-08 4.82096e-08 2.55592e-08 0 1.9877e-09 3.31555e-07 2.12484e-07 7.14028e-09 1.40486e-08 1.21475e-06 9.12988e-07 5.14784e-08 1.17812e-07 4.33417e-06 3.8071e-06 4.07495e-07 4.63296e-07 1.64534e-05 1.75393e-05 1.97862e-06 1.89206e-06 6.47522e-05 8.85166e-05 1.05202e-05 8.31241e-06 0.00021036 0.000402832 5.29232e-05 3.29131e-05 0.000421228 0.00117329 0.000197359 8.99929e-05 0.000446192 0.00171899 0.000421794 0.00013363 0.000259965 0.00128954 0.000436054 9.99457e-05 0.000169992 0.000591507 0.000266835 5.38844e-05 0.000291068 0.000443498 0.000175164 5.48535e-05 0.00105909 0.00123925 0.00027415 0.000168712 0.00369403 0.00484625 0.000978493 0.000701862 0.00853739 0.0120651 0.00365668 0.00222466 0.0133841 0.0190222 0.00881886 0.00449581 0.0164928 0.0229253 0.013221 0.00613905 0.0183626 0.0253344 0.0150497 0.0068552 0.0202489 0.0283061 0.0163459 0.00779796 0.0249182 0.0334026 0.0209152 0.0116245 0.0343923 0.0402275 0.0307292 0.0213607 0.0446996 0.047675 0.0436327 0.0355351 0.0519521 0.0522434 0.0546364 0.047966 0.0562561 0.0537466 0.0596759 0.0554597 0.0586996 0.0541585 0.0590147 0.0577531 0.0586094 0.0532625 0.0562128 0.0549406 0.0522285 0.0509706 0.0514106 0.0468451 0.0386649 0.04476 0.0434132 0.0336002 0.0223455 0.0336329 0.0314542 0.0181855 0.0118231 0.0215565 0.0184145 0.00724457 0.00876714 0.0158518 0.010796 0.00354696 0.0101161 0.0168242 0.00936863 0.00353829 0.0121928 0.0198406 0.0112827 0.00471507 0.0118786 0.0204513 0.0128867 0.00514731 0.00821542 0.0177785 0.0117614 0.00407528 0.0034356 0.0114432 0.00787732 0.00208188 0.000879437 0.00456734 0.00346449 0.000661326 0.000190686 0.00106311 0.000965337 0.000149106 7.58988e-05 0.000238503 0.000215841 3.47161e-05 9.73261e-05 0.000174929 7.70886e-05 1.99908e-05 0.000228506 0.000468905 8.74463e-05 3.91769e-05 0.000421166 0.0012336 0.000217698 9.26671e-05 0.000417785 0.0017007 0.000428653 0.000130763 0.000197021 0.00117144 0.00041625 8.92559e-05 5.3089e-05 0.00040511 0.000209609 3.28174e-05 1.05208e-05 8.9722e-05 6.48192e-05 8.30952e-06 1.92597e-06 1.75881e-05 1.64968e-05 1.87937e-06 2.13382e-07 3.77473e-06 4.31226e-06 4.33993e-07 2.75803e-08 8.34815e-07 1.14903e-06 4.84144e-08 7.0761e-09 0 1.01245e-07 1.74162e-07 2.11517e-07 5.40132e-08 0 7.10685e-09 8.92472e-07 4.721e-07 2.66556e-08 5.02778e-08 3.63041e-06 2.1992e-06 2.48567e-07 3.87767e-07 1.66538e-05 1.16568e-05 1.41091e-06 1.87565e-06 9.19601e-05 7.80946e-05 9.621e-06 1.09389e-05 0.000512014 0.000551105 7.20439e-05 6.74808e-05 0.00198739 0.00292725 0.000460563 0.000336875 0.00417913 0.00793621 0.0019852 0.00104176 0.00462042 0.0107618 0.00436305 0.00158636 0.00248031 0.00880589 0.00426936 0.00112786 0.00123162 0.00409903 0.00240712 0.000489638 0.00166013 0.00234816 0.00128008 0.000369213 0.00538726 0.00517052 0.00166163 0.00109223 0.0153919 0.0159133 0.00551745 0.00473588 0.0282612 0.0304541 0.0175199 0.0135295 0.0380713 0.040077 0.0319329 0.0230581 0.0449954 0.0443851 0.0389851 0.028412 0.0501789 0.0486161 0.0403478 0.0309443 0.0497122 0.0546425 0.0425338 0.0333567 0.0467728 0.0589221 0.0499958 0.0381119 0.0502059 0.0581378 0.0607703 0.0477567 0.0573047 0.0596013 0.0702454 0.0626948 0.0625671 0.0605294 0.0769839 0.0751353 0.0665752 0.0600582 0.0774854 0.0819549 0.071534 0.0606642 0.0718128 0.0838693 0.076252 0.0596113 0.0665624 0.0812141 0.073662 0.0592123 0.0620325 0.0733984 0.0620914 0.0560574 0.0558482 0.0592465 0.0457016 0.0484136 0.0459179 0.0402771 0.0326831 0.0397928 0.0339533 0.0231112 0.0279829 0.036637 0.0286033 0.0164153 0.0311976 0.0388234 0.0321011 0.0187098 0.0355896 0.0418542 0.0376274 0.0237773 0.036511 0.0415589 0.0386743 0.0251295 0.0304535 0.038437 0.0350756 0.0214394 0.0166389 0.0293266 0.0267669 0.0127847 0.00490546 0.0151094 0.0146482 0.00446405 0.00104731 0.00433135 0.00490434 0.000946487 0.000457482 0.00104683 0.0011196 0.000201152 0.00074896 0.00103106 0.000436854 0.00014004 0.00216235 0.00351715 0.000689587 0.000384775 0.00419464 0.00863244 0.00219352 0.00107574 0.00435147 0.0107351 0.00451968 0.00156626 0.00199522 0.00797202 0.00415646 0.0010375 0.000467426 0.00297705 0.00199031 0.000337388 7.25946e-05 0.000573661 0.000517073 6.79871e-05 9.58601e-06 7.85816e-05 9.32271e-05 1.09404e-05 1.3254e-06 1.16538e-05 1.66819e-05 1.8239e-06 1.17649e-07 2.1293e-06 3.58659e-06 2.02415e-07 2.71816e-08 0 2.26979e-07 8.23068e-07 4.57611e-07 9.03224e-08 0 2.58109e-08 2.04662e-06 8.90606e-07 5.88202e-08 2.30516e-07 9.92094e-06 4.49992e-06 6.32101e-07 1.19319e-06 6.28973e-05 3.11006e-05 4.67353e-06 7.71222e-06 0.000484716 0.000295919 4.4273e-05 6.32817e-05 0.00312601 0.00237214 0.00041868 0.000492523 0.0111611 0.0113403 0.00305052 0.00283459 0.021021 0.0250283 0.0128782 0.00884577 0.0250935 0.0312721 0.0235536 0.012642 0.0157459 0.0287759 0.0212356 0.00953546 0.0067899 0.0162776 0.0130639 0.00376664 0.00628551 0.00841225 0.00673011 0.00204411 0.0146713 0.0128701 0.00708928 0.00507457 0.0320324 0.0297007 0.0177388 0.018491 0.048146 0.0463519 0.0407985 0.0393713 0.0595154 0.0551366 0.0598692 0.0557937 0.0709768 0.059357 0.0646198 0.0635712 0.0811098 0.0637596 0.0612138 0.0679363 0.0778799 0.0722902 0.0633719 0.0722689 0.0646511 0.0769783 0.0734681 0.0731462 0.058549 0.068738 0.0851572 0.0711316 0.0614713 0.0646344 0.0898155 0.080389 0.0650845 0.0635254 0.0916651 0.0905816 0.0697608 0.0634733 0.0891377 0.0971094 0.0790577 0.0675727 0.0792598 0.100247 0.0879285 0.0631063 0.0697752 0.0963222 0.0878331 0.0623092 0.0646664 0.0885834 0.0792284 0.0608622 0.0601309 0.0758846 0.0667495 0.0568496 0.0531851 0.058791 0.0547982 0.0546009 0.04618 0.0448083 0.049157 0.0561897 0.049392 0.0431415 0.0516728 0.057274 0.0613462 0.049437 0.056943 0.0584288 0.0680087 0.0576725 0.0620672 0.057475 0.0647662 0.0591068 0.0580034 0.0538134 0.0566048 0.0533303 0.0392112 0.0451282 0.0464941 0.0378777 0.0156868 0.028311 0.0309467 0.0176203 0.00405399 0.0103943 0.0134555 0.0043368 0.00220516 0.00326891 0.00388641 0.000940166 0.00444716 0.00462123 0.00198375 0.000875692 0.012382 0.0150707 0.00439036 0.00321587 0.0211771 0.0287046 0.0147565 0.00932973 0.0236318 0.0313353 0.0249242 0.0125808 0.0130627 0.0252795 0.0210227 0.00885238 0.0031719 0.0117395 0.011247 0.00286145 0.000426176 0.00262023 0.00320997 0.000505341 4.43679e-05 0.000292245 0.000502688 6.35263e-05 4.56167e-06 3.21901e-05 6.31562e-05 7.66974e-06 3.06466e-07 4.74903e-06 9.85601e-06 1.11438e-06 1.05373e-07 0 4.03626e-07 1.91318e-06 8.27941e-07 8.28736e-07 8.39907e-08 0 5.47321e-08 1.03913e-07 5.26717e-07 3.7864e-06 4.90224e-08 1.40034e-06 3.16414e-06 2.14318e-05 3.44501e-06 1.40217e-06 1.21228e-05 2.67891e-05 0.000181212 3.95126e-05 1.41324e-05 0.000138832 0.000282294 0.00161119 0.000495619 0.000176328 0.00195958 0.00150726 0.00244259 0.00924951 0.00336613 0.0122644 0.0105013 0.0134962 0.0265598 0.0108224 0.0380792 0.0352783 0.0338713 0.0437714 0.014856 0.0567478 0.0535841 0.0438279 0.0571403 0.0153782 0.0479895 0.0441762 0.0373432 0.0443388 0.0166644 0.0337258 0.0314934 0.0175821 0.0214687 0.0133953 0.0191032 0.0185252 0.00777341 0.0138543 0.00765825 0.0177392 0.0173119 0.0133116 0.0228012 0.0085078 0.0325408 0.0311846 0.0356143 0.0416633 0.0125499 0.0603952 0.0586325 0.0619768 0.0571455 0.0148674 0.0825008 0.0803837 0.0822026 0.0698186 0.0159594 0.0876144 0.0847544 0.0935548 0.0900036 0.0171648 0.0707783 0.0953602 0.101531 0.0191338 0.0752254 0.070607 0.0986393 0.0950229 0.02378 0.0741805 0.0824892 0.0974682 0.0732893 0.0265287 0.0853226 0.0952234 0.0829842 0.0598165 0.0208716 0.0972485 0.097409 0.084137 0.0598429 0.0168997 0.0989205 0.0971272 0.0921236 0.0639014 0.016355 0.0991109 0.0979749 0.102544 0.0725667 0.0174782 0.101045 0.0931098 0.116878 0.0929846 0.0980716 0.0210515 0.0982064 0.0725922 0.101861 0.0968663 0.0999776 0.0175452 0.0636094 0.0902716 0.0931715 0.0951761 0.0162509 0.0586929 0.0793463 0.0859455 0.0873204 0.0159286 0.0536966 0.0671173 0.077799 0.0788751 0.0167481 0.0519728 0.061878 0.0669908 0.06841 0.0204514 0.0634942 0.0678871 0.0604137 0.0620277 0.0221615 0.0824626 0.0756504 0.0615125 0.0645146 0.0191113 0.0906695 0.0862542 0.0682535 0.0727442 0.0174282 0.0855635 0.0899383 0.0828251 0.0857703 0.0165903 0.0679697 0.0799513 0.078614 0.080747 0.0154791 0.0559182 0.0603427 0.0566126 0.0583882 0.0143554 0.040688 0.0343058 0.0270916 0.0285756 0.0118787 0.0210026 0.0112589 0.00940129 0.00988481 0.00688014 0.0077273 0.00299211 0.00687582 0.00680203 0.00296537 0.00594031 0.00405885 0.0139637 0.0142969 0.00476878 0.016557 0.0162341 0.0309763 0.0331761 0.012905 0.0431244 0.0371354 0.0442385 0.048143 0.0169475 0.0570527 0.043787 0.0538281 0.0571484 0.0157462 0.0437808 0.0339592 0.0360565 0.0392264 0.0154296 0.0268114 0.0137072 0.0114319 0.0138082 0.0116849 0.00959898 0.0025581 0.00150064 0.00186484 0.0041198 0.00173808 0.000279992 0.000142487 0.000166341 0.000448406 0.000179251 2.69212e-05 1.323e-05 1.32494e-05 3.47123e-05 2.20445e-05 3.08289e-06 6.48428e-07 3.53848e-07 2.40188e-07 0 4.01086e-07 3.71802e-06 3.71454e-06 0 0 9.11277e-08 6.16692e-07 9.40996e-07 6.2237e-07 0 9.35233e-08 5.99005e-06 4.73325e-06 0 1.26482e-06 5.79614e-05 5.08582e-05 0 1.28261e-05 0.000775875 0.00144609 0 0.000188983 0.00540979 0.00770991 0.0155312 0.012194 0.0254382 0.0193427 0.0303222 0.0357075 0.0289446 0.0604725 0.0527499 0.0633055 0.0586076 0.0365942 0.0925914 0.0872859 0.0929392 0.0913152 0.0371782 0.0665132 0.0610856 0.074135 0.0688551 0.0312929 0.043822 0.0454992 0.0408895 0.0371352 0.0246571 0.0263043 0.028988 0.0188062 0.0203028 0.0159404 0.0245213 0.025748 0.0223128 0.0252333 0.0149488 0.0393558 0.0377162 0.0465193 0.0419044 0.0195882 0.0649054 0.0617608 0.0726691 0.0578689 0.0236865 0.0900391 0.0865258 0.0982865 0.0788633 0.0268764 0.119914 0.118072 0.141368 0.121528 0.0263728 0.0837752 0.0793982 0.112925 0.106792 0.021675 0.0698407 0.0709645 0.107168 0.0915925 0.0223996 0.0752881 0.0765819 0.106223 0.0684951 0.0242809 0.0848188 0.0846143 0.0861011 0.0556226 0.0203947 0.0865006 0.0853687 0.0797424 0.0570324 0.0185839 0.0895223 0.0872356 0.0861258 0.0671545 0.0220227 0.106086 0.102914 0.108978 0.0874345 0.028445 0.145922 0.144441 0.182569 0.144402 0.145884 0.0315122 0.0874565 0.108656 0.102199 0.105429 0.0284562 0.0670524 0.0848574 0.0841167 0.08654 0.0218708 0.0560949 0.0752935 0.0761544 0.0775911 0.0175584 0.0497513 0.0692434 0.0720843 0.0725134 0.016565 0.0500586 0.0725837 0.0646695 0.0638635 0.0195456 0.0636488 0.0812987 0.0601005 0.0581627 0.0206819 0.0835235 0.0879025 0.0647951 0.0634572 0.018822 0.0993681 0.106311 0.0784534 0.0827784 0.0205677 0.11913 0.139315 0.117147 0.119064 0.0262048 0.0781735 0.0966858 0.0852658 0.0888656 0.0266298 0.0572139 0.0712421 0.0597436 0.0631481 0.0233118 0.0412616 0.0449803 0.0320451 0.0347029 0.0189369 0.0230284 0.0183407 0.0141332 0.0143782 0.0121729 0.0102856 0.00657527 0.0123501 0.0105154 0.00643725 0.0113318 0.0117498 0.0238309 0.0208479 0.0110966 0.0317242 0.0391586 0.0455589 0.0435479 0.0246582 0.0679829 0.0740859 0.0612399 0.0668009 0.0329916 0.0911389 0.0925187 0.0876139 0.0928467 0.0390582 0.0583267 0.0633697 0.0548953 0.0616749 0.0384909 0.0379693 0.0334595 0.0295913 0.0334341 0.025585 0.0203031 0.0111772 0.00695222 0 0 0.00226672 0.000906235 0.000457862 0 0.000167406 6.90063e-05 3.29437e-05 0 1.76695e-05 6.30639e-06 2.78928e-06 4.20957e-07 0 0 2.94065e-06 7.36247e-05 0.000201912 0 3.43492e-05 0.000703464 0.000170909 0 0.000665615 6.83299e-06 1.80363e-05 0 3.069e-06 5.58422e-05 1.24374e-05 0 4.71172e-05 0.00127717 0.00427099 0.00616737 0 0.000726335 0.00751198 0.00235595 0 0.0116533 0.00665249 0.0100514 0.0177489 0.0235634 0 0.0416418 0.0304647 0.0356948 0 0.0513303 0.0326679 0.0263214 0.0404225 0.0501432 0 0.0637132 0.0349375 0.0760496 0 0.069722 0.0735991 0.0319735 0.0633574 0.0692114 0 0.0994449 0.0350381 0.100997 0 0.0981214 9.68082e-07 2.87803e-06 0 3.99479e-07 5.84279e-06 5.96159e-07 0 4.1556e-06 0.0667946 0.0353275 0.0667829 0 0.062551 0.100257 0.0330036 0.0991482 0.0980625 0 0.066495 0.0332439 0.0678247 0.0645767 0 0.0307012 0.0290084 0.0433564 0 0.0271016 0.0437522 0.0281465 0.0363105 0.0347194 0 0.0109763 0.0132331 0.0205305 0 0.0111924 0.0268275 0.01779 0.020726 0.0223226 0 0.0106997 0.00667263 0.011008 0 0.0123247 0.0266098 0.0149858 0.0265086 0.0299522 0 0.0241374 0.0110516 0.0157673 0 0.0276435 0.0428488 0.0171955 0.0432339 0.0492936 0 0.0424686 0.0160109 0.0377505 0 0.0486143 0.0708843 0.018204 0.0588645 0.0668396 0 0.0581584 0.0176598 0.0689617 0 0.0661556 0.0996786 0.019271 0.0798231 0.0843033 0 0.0791068 0.0189596 0.0983833 0 0.083559 0.125966 0.021834 0.127898 0.127701 0 0.125367 0.0216773 0.125056 0 0.125118 0.0837419 0.0228108 0.105533 0.105002 0 0.0978036 0.0219315 0.0826808 0 0.0968618 0.00018325 0.00033829 0.00165207 0.00204543 0.00144244 0.000475738 0.00965906 0.00282595 0.00190914 0.00463766 0.0106941 0.0113576 1.47249e-05 2.90734e-05 0.000186676 0.000245636 5.85431e-05 3.40548e-05 0.00177202 0.000326948 0.000171377 0.000386958 0.000676925 0.00228461 0.0701029 0.0240285 0.0909336 0.0910003 0 0.0820669 0.0208458 0.0634839 0 0.0815845 0.00202303 0.00247189 0.0093696 0.0108684 0.00688594 0.0272683 0.00906769 0.0146048 0.0273314 0.0305622 0.0128859 0.00847421 0.0269379 0.0301184 0.0249514 0.0451522 0.0121399 0.0415843 0.0456293 0.0484758 0.0759677 0.0247337 0.0692069 0.0715256 0 0.0637418 0.0220613 0.0585806 0 0.0641895 0.059822 0.0120988 0.0591585 0.0559497 0.0615772 0.0402937 0.0116333 0.0450408 0.0483851 0.0446664 0.0587558 0.0117412 0.0598228 0.0615922 0.0557207 0.0443006 0.0144075 0.048292 0.0520185 0.0448444 0.0872634 0.0188013 0.0560262 0.06072 0 0.0506345 0.0196045 0.0647994 0 0.0531527 0.105551 0.0106246 0.105436 0.0886572 0.0760369 0.0101765 0.106749 0.0725892 0.0825963 0.0910502 0.0143226 0.0572872 0.0653471 0 0.0501247 0.0146819 0.0749328 0 0.0546981 0.0165661 0.0122802 0.0331003 0.032673 0.0164224 0.0481197 0.014092 0.0455337 0.0462988 0.0515452 0.107706 0.0102431 0.0760396 0.0825687 0.0727217 0.0649285 0.0110844 0.10033 0.0639971 0.0706723 0.097935 0.0139065 0.0674522 0.0797259 0 0.0563314 0.0130495 0.0818671 0 0.064438 0.121837 0.0160826 0.0879408 0.100859 0 0.0673623 0.0136194 0.0948058 0 0.0796641 0.167415 0.0188021 0.167363 0 0.0879663 0.0160572 0.121112 0 0.10089 0.104167 0.0113969 0.0652469 0.0708356 0.0647821 0.0592439 0.0126107 0.0908875 0.0588858 0.0637057 0.0336302 0.0125133 0.021505 0.0220078 0.0335623 0.00588356 0.0047806 0.0141859 0.0117403 0.00623778 0.102521 0.0138002 0.0604805 0.0647091 0.0620048 0.0540876 0.0149375 0.081307 0.055074 0.0572636 0.0191001 0.00725213 0.013853 0.0148814 0.0176853 0.00777106 0.00269966 0.00685704 0.00663297 0.00851704 0.0993365 0.0189388 0.0604527 0.0634736 0.0661998 0.052488 0.019436 0.069187 0.0564395 0.0547195 0.0182275 0.00761207 0.0230494 0.024771 0.0200912 0.0211998 0.00585271 0.0101583 0.0157364 0.022852 1.42471e-06 2.73909e-06 2.16811e-05 2.64739e-05 5.93587e-06 3.81695e-06 0.000182072 2.77311e-05 1.353e-05 3.32738e-05 5.38005e-05 0.000227367 0.0338442 0.010762 0.0420884 0.0450081 0.036671 0.0410641 0.0100101 0.0296793 0.0350527 0.0439442 0.0860228 0.0245431 0.0749391 0.0765597 0.0763532 0.0645464 0.0210497 0.0622806 0.0601985 0.0653337 0.063063 0.0119255 0.0578981 0.0615943 0.0522 0.0566473 0.0114226 0.0609179 0.0512195 0.0602749 0.0743328 0.0212324 0.097677 0.0984039 0.0736517 0.083585 0.0173935 0.064437 0.0622927 0.0843159 0.0862696 0.011784 0.0715648 0.0751455 0.0632174 0.0697224 0.0113431 0.0843576 0.0624614 0.0732117 0.0752135 0.0155493 0.105186 0.106164 0.0715664 0.0935684 0.0141635 0.0726916 0.0684893 0.0943409 0.0909227 0.0121007 0.094523 0.0955891 0.0758175 0.08998 0.011569 0.0889051 0.0751738 0.0909995 1.03913e-07 4.79902e-08 3.78641e-06 4.24248e-06 9.14509e-07 6.76998e-07 2.20444e-05 3.46474e-07 6.48424e-07 4.07651e-06 5.66422e-06 2.5052e-05 
</DataArray>
<DataArray type="Float64" Name="wall variable 1" format="ascii">
0 0.200001 0.200001 0 0.200001 0.200001 0.200001 0 0.200001 0.200001 0.200001 0 0.200001 0.200001 0.200001 0 0.200001 0.200001 0.200001 0 0.200001 0.200001 0.200001 0 0.200001 0.200001 0.200001 0 0.200001 0.200001 0.200001 0 0.200001 0.200001 0.200001 0 0.200001 0.200001 0.200001 0 0.200001 0.200001 0.200001 0 0.200001 0.200001 0.200001 0 0.200001 0.200001 0.200001 0 0.200001 0.200001 0.200001 0 0.200001 0.200001 0.200001 0 0.200001 0.200001 0.200001 0 0.200001 0.200001 0.200001 0 0.200001 0.200001 0.200001 0 0.200001 0.200001 0.200001 0 0.200001 0.200001 0.200001 0 0.200001 0.200001 0.200001 0 0.200001 0.200001 0.200001 0 0.200001 0.200001 0.200001 0 0.200001 0.200001 0.200001 0 0.200001 0.200001 0.200001 0 0.200001 0.200001 0.200001 0 0.200001 0.200001 0.200001 0 0.200001 0.200001 0.200001 0 0.200001 0.200001 0.200001 0 0.200001 0.200001 0.200001 0 0.200001 0.200001 0.200001 0 0.200001 0.200001 0.200001 0 0.200001 0.200001 0.200001 0 0.200001 0.200001 0.200001 0 0.200001 0.200001 0.200001 0 0.200001 0.200001 0.200001 0 0.200001 0.200001 0.200001 0 0.200001 0.200001 0.200001 0 0.200001 0.200001 0.200001 0 0.200001 0.200001 0.200001 0 0.200001 0.200001 0.200001 0 0.200001 0.200001 0.200001 0 0.200001 0.200001 0.200001 0 0.200001 0.200001 0.200001 0 0.200001 0.200001 0.200001 0 0.200001 0.200001 0.200001 0 0.200001 0.200001 0.200001 0 0.200001 0.200001 0.200001 0 0.200001 0.200001 0.200001 0 0 0.200001 0.200001 0 0.200001 0.200001 0.200001 0 0.200001 0.200001 0.200001 0.200001 0.200001 0.200001 0.200001 0.200001 0.200001 0.200001 0.200001 0.200001 0.200001 0.200001 0.200001 0.200001 0.200001 0.200001 0.200001 0.200001 0.200001 0.200001 0.200001 0.200001 0.200001 0.200001 0.200001 0.200001 0.200001 0.200001 0.200001 0.200001 0.200001 0.200001 0.200001 0.200001 0.200001 0.200001 0.200001 0.200001 0.200001 0.200001 0.200001 0.200001 0.200001 0.200001 0.200001 0.200001 0.200001 0.200001 0.200001 0.200001 0.200001 0.200001 0.200001 0.200001 0.200001 0.200001 0.200001 0.200001 0.200001 0.200001 0.200001 0.200001 0.200001 0.200001 0.200001 0.200001 0.200001 0.200001 0.200001 0.200001 0.200001 0.200001 0.200001 0.200001 0.200001 0.200001 0.200001 0.200001 0.200001 0.200001 0.200001 0.200001 0.200001 0.200001 0.200001 0.200001 0.200001 0.200001 0.200001 0.200001 0.200001 0.200001 0.200001 0.200001 0.200001 0.200001 0.200001 0.200001 0.200001 0.200001 0.200001 0.200001 0.200001 0.200001 0.200001 0.200001 0.200001 0.200001 0.200001 0.200001 0.200001 0.200001 0.200001 0.200001 0.200001 0.200001 0.200001 0.200001 0.200001 0.200001 0.200001 0.200001 0.200001 0.200001 0.200001 0.200001 0.200001 0.200001 0.200001 0.200001 0.200001 0.200001 0.200001 0.200001 0.200001 0.200001 0.200001 0.200001 0.200001 0.200001 0.200001 0.200001 0.200001 0.200001 0.200001 0.200001 0.200001 0.200001 0.200001 0.200001 0.200001 0.200001 0.200001 0.200001 0.200001 0.200001 0.200001 0.200001 0.200001 0.200001 0.200001 0.200001 0.200001 0.200001 0.200001 0.200001 0.200001 0.200001 0.200001 0.200001 0.200001 0.200001 0.200001 0.200001 0.200001 0.200001 0.200001 0.200001 0.200001 0.200001 0.200001 0.200001 0.200001 0.200001 0.200001 0.200001 0.200001 0.200001 0.200001 0.200001 0.200001 0 0.200001 0.200001 0.200001 0.200001 0 0.200001 0.200001 0.200001 0.200001 0.200001 0.200001 0.200001 0.200001 0.200001 0.200001 0.200001 0.200001 0.200001 0.200001 0.200001 0.200001 0.200001 0.200001 0.200001 0.200001 0.200001 0.200001 0.200001 0.200001 0.200001 0.200001 0.200001 0.200001 0.200001 0.200001 0.200001 0.200001 0.200001 0.200001 0.200001 0.200001 0.200001 0.200001 0.200001 0.200001 0.200001 0.200001 0.200001 0.200001 0.200001 0.200001 0.200001 0.200001 0.200001 0.200001 0.200001 0.200001 0.200001 0.200001 0.200001 0.200001 0.200001 0.200001 0.200001 0.200001 0.200001 0.200001 0.200001 0.200001 0.200001 0.200001 0.200001 0.200001 0.200001 0.200001 0.200001 0.200001 0.200001 0.200001 0.200001 0.200001 0.200001 0.200001 0.200001 0.200001 0.200001 0.200001 0.200001 0.200001 0.200001 0.200001 0.200002 0.200001 0.200001 0.200001 0.200003 0.200001 0.200001 0.200001 0.200003 0.200001 0.200001 0.200001 0.200003 0.200001 0.200001 0.200001 0.200002 0.200001 0.200001 0.200001 0.200001 0.200001 0.200001 0.200001 0.200001 0.200001 0.200001 0.200001 0.200001 0.200001 0.200001 0.200001 0.200001 0.200001 0.200001 0.200001 0.200001 0.200001 0.200001 0.200001 0.200001 0.200001 0.200001 0.200001 0.200001 0.200001 0.200001 0.200001 0.200001 0.200001 0.200001 0.200001 0.200001 0.200001 0.200001 0.200001 0.200001 0.200001 0.200001 0.200001 0.200001 0.200001 0.200001 0.200001 0.200001 0.200001 0.200001 0.200001 0.200001 0.200001 0.200001 0.200001 0.200001 0.200001 0.200001 0.200001 0.200001 0.200001 0.200001 0.200001 0.200001 0.200001 0.200001 0.200001 0.200001 0.200001 0.200001 0.200001 0.200001 0.200001 0.200001 0.200001 0.200001 0.200001 0.200001 0.200001 0.200001 0.200001 0.200001 0.200001 0.200001 0.200001 0.200001 0.200001 0.200001 0.200001 0.200001 0.200001 0 0.200001 0.200001 0.200001 0.200001 0 0.200001 0.200001 0.200001 0.200001 0.200001 0.200001 0.200001 0.200001 0.200001 0.200001 0.200001 0.200001 0.200001 0.200001 0.200001 0.200001 0.200001 0.200001 0.200001 0.200001 0.200001 0.200001 0.200001 0.200001 0.200001 0.200001 0.200001 0.200001 0.200001 0.200001 0.200001 0.200001 0.200001 0.200001 0.200001 0.200001 0.200001 0.200001 0.200001 0.200001 0.200001 0.200001 0.200001 0.200001 0.200001 0.200001 0.200001 0.200001 0.200001 0.200001 0.200001 0.200001 0.200001 0.200001 0.200001 0.200001 0.200001 0.200001 0.200001 0.200001 0.200001 0.200001 0.200001 0.200001 0.200001 0.200001 0.200001 0.200001 0.200001 0.200001 0.200001 0.200001 0.200001 0.200001 0.200002 0.200001 0.200001 0.200001 0.200003 0.200001 0.200001 0.200001 0.200006 0.200001 0.200001 0.200001 0.20001 0.200001 0.200002 0.200001 0.200012 0.200001 0.200003 0.200001 0.200013 0.200001 0.200003 0.200001 0.200012 0.200001 0.200003 0.200001 0.200009 0.200001 0.200002 0.200001 0.200005 0.200001 0.200001 0.200001 0.200002 0.200001 0.200001 0.200001 0.200001 0.200001 0.200001 0.200001 0.200001 0.200001 0.200001 0.200001 0.200001 0.200001 0.200001 0.200001 0.200001 0.200001 0.200001 0.200001 0.200001 0.200001 0.200001 0.200001 0.200001 0.200001 0.200001 0.200001 0.200001 0.200001 0.200001 0.200001 0.200001 0.200001 0.200001 0.200001 0.200001 0.200001 0.200001 0.200001 0.200001 0.200001 0.200001 0.200001 0.200001 0.200001 0.200001 0.200001 0.200001 0.200001 0.200001 0.200001 0.200001 0.200001 0.200001 0.200001 0.200001 0.200001 0.200001 0.200001 0.200001 0.200001 0.200001 0.200001 0.200001 0.200001 0.200001 0.200001 0.200001 0.200001 0.200001 0.200001 0.200001 0.200001 0.200001 0.200001 0.200001 0.200001 0.200001 0.200001 0.200001 0.200001 0.200001 0.200001 0 0.200001 0.200001 0.200001 0.200001 0 0.200001 0.200001 0.200001 0.200001 0.200001 0.200001 0.200001 0.200001 0.200001 0.200001 0.200001 0.200001 0.200001 0.200001 0.200001 0.200001 0.200001 0.200001 0.200001 0.200001 0.200001 0.200001 0.200001 0.200001 0.200001 0.200001 0.200001 0.200001 0.200001 0.200001 0.200001 0.200001 0.200001 0.200001 0.200001 0.200001 0.200001 0.200001 0.200001 0.200001 0.200001 0.200001 0.200001 0.200001 0.200001 0.200001 0.200001 0.200001 0.200001 0.200001 0.200001 0.200001 0.200001 0.200001 0.200002 0.200001 0.200001 0.200001 0.200003 0.200001 0.200001 0.200001 0.200004 0.200001 0.200001 0.200001 0.200005 0.200001 0.200001 0.200001 0.200007 0.200001 0.200001 0.200002 0.200009 0.200001 0.200002 0.200003 0.200012 0.200002 0.200003 0.200003 0.200018 0.200003 0.200006 0.200002 0.200024 0.200003 0.20001 0.200001 0.200029 0.200002 0.200012 0.200001 0.20003 0.200001 0.200013 0.200002 0.200028 0.200001 0.200012 0.200003 0.200022 0.200002 0.200009 0.200003 0.200014 0.200003 0.200005 0.200002 0.200008 0.200003 0.200002 0.200001 0.200004 0.200002 0.200001 0.200001 0.200002 0.200001 0.200001 0.200001 0.200003 0.200001 0.200001 0.200001 0.200003 0.200001 0.200001 0.200001 0.200003 0.200001 0.200001 0.200001 0.200003 0.200001 0.200001 0.200001 0.200002 0.200001 0.200001 0.200001 0.200001 0.200001 0.200001 0.200001 0.200001 0.200001 0.200001 0.200001 0.200001 0.200001 0.200001 0.200001 0.200001 0.200001 0.200001 0.200001 0.200001 0.200001 0.200001 0.200001 0.200001 0.200001 0.200001 0.200001 0.200001 0.200001 0.200001 0.200001 0.200001 0.200001 0.200001 0.200001 0.200001 0.200001 0.200001 0.200001 0.200001 0.200001 0.200001 0.200001 0.200001 0.200001 0.200001 0.200001 0.200001 0.200001 0.200001 0.200001 0.200001 0.200001 0.200001 0.200001 0 0.200001 0.200001 0.200001 0.200001 0 0.200001 0.200001 0.200001 0.200001 0.200001 0.200001 0.200001 0.200001 0.200001 0.200001 0.200001 0.200001 0.200001 0.200001 0.200001 0.200001 0.200001 0.200001 0.200001 0.200001 0.200001 0.200001 0.200001 0.200001 0.200001 0.200001 0.200001 0.200001 0.200001 0.200001 0.200001 0.200001 0.200001 0.200001 0.200001 0.200001 0.200001 0.200001 0.200001 0.200001 0.200001 0.200001 0.200001 0.200001 0.200001 0.200001 0.200001 0.200001 0.200001 0.200001 0.200002 0.200001 0.200001 0.200001 0.200007 0.200001 0.200002 0.200001 0.200013 0.200001 0.200003 0.200001 0.200018 0.200001 0.200004 0.200001 0.200024 0.200001 0.200005 0.200001 0.200032 0.200001 0.200007 0.200004 0.200032 0.200001 0.200009 0.200008 0.200025 0.200004 0.200012 0.200008 0.20003 0.200008 0.200018 0.200005 0.200043 0.200008 0.200024 0.200001 0.200054 0.200005 0.200029 0.200001 0.200059 0.200001 0.20003 0.200005 0.200053 0.200001 0.200028 0.200008 0.200039 0.200005 0.200022 0.200008 0.200024 0.200008 0.200014 0.200005 0.200014 0.200008 0.200008 0.200001 0.20001 0.200005 0.200004 0.200001 0.200011 0.200001 0.200002 0.200001 0.200013 0.200001 0.200003 0.200001 0.200015 0.200001 0.200003 0.200001 0.200014 0.200001 0.200003 0.200001 0.200012 0.200001 0.200003 0.200001 0.200006 0.200001 0.200002 0.200001 0.200002 0.200001 0.200001 0.200001 0.200001 0.200001 0.200001 0.200001 0.200001 0.200001 0.200001 0.200001 0.200001 0.200001 0.200001 0.200001 0.200001 0.200001 0.200001 0.200001 0.200001 0.200001 0.200001 0.200001 0.200001 0.200001 0.200001 0.200001 0.200001 0.200001 0.200001 0.200001 0.200001 0.200001 0.200001 0.200001 0.200001 0.200001 0.200001 0.200001 0.200001 0.200001 0.200001 0.200001 0.200001 0.200001 0.200001 0.200001 0.200001 0.200001 0.200001 0.200001 0 0.200001 0.200001 0.200001 0.200001 0 0.200001 0.200001 0.200001 0.200001 0.200001 0.200001 0.200001 0.200001 0.200001 0.200001 0.200001 0.200001 0.200001 0.200001 0.200001 0.200001 0.200001 0.200001 0.200001 0.200001 0.200001 0.200001 0.200002 0.200001 0.200001 0.200001 0.200005 0.200001 0.200001 0.200001 0.200008 0.200001 0.200001 0.200001 0.200007 0.200001 0.200001 0.200001 0.200003 0.200001 0.200001 0.200001 0.200001 0.200001 0.200001 0.200002 0.200002 0.200001 0.200001 0.200005 0.200006 0.200002 0.200002 0.200005 0.200016 0.200005 0.200007 0.200003 0.200031 0.200005 0.200013 0.200001 0.200041 0.200003 0.200018 0.200002 0.200053 0.200001 0.200024 0.200001 0.200067 0.200002 0.200032 0.20001 0.200059 0.200001 0.200032 0.200019 0.20003 0.20001 0.200025 0.20002 0.200036 0.200019 0.20003 0.200013 0.200057 0.20002 0.200043 0.200003 0.200085 0.200013 0.200054 0.200003 0.200107 0.200003 0.200059 0.200014 0.200083 0.200003 0.200053 0.200021 0.200053 0.200014 0.200039 0.200019 0.200029 0.200021 0.200024 0.200011 0.200016 0.200019 0.200014 0.200002 0.200017 0.200011 0.20001 0.200002 0.200027 0.200002 0.200011 0.200003 0.200032 0.200002 0.200013 0.200001 0.200038 0.200003 0.200015 0.200002 0.200036 0.200001 0.200014 0.200004 0.200029 0.200002 0.200012 0.200004 0.200015 0.200004 0.200006 0.200002 0.200005 0.200004 0.200002 0.200001 0.200001 0.200002 0.200001 0.200001 0.200001 0.200001 0.200001 0.200001 0.200001 0.200001 0.200001 0.200001 0.200002 0.200001 0.200001 0.200001 0.200007 0.200001 0.200001 0.200001 0.200008 0.200001 0.200001 0.200001 0.200005 0.200001 0.200001 0.200001 0.200002 0.200001 0.200001 0.200001 0.200001 0.200001 0.200001 0.200001 0.200001 0.200001 0.200001 0.200001 0.200001 0.200001 0.200001 0.200001 0.200001 0.200001 0.200001 0.200001 0 0.200001 0.200001 0.200001 0.200001 0 0.200001 0.200001 0.200001 0.200001 0.200001 0.200001 0.200001 0.200001 0.200001 0.200001 0.200001 0.200001 0.200001 0.200001 0.200001 0.200001 0.200001 0.200002 0.200001 0.200001 0.200001 0.200004 0.200004 0.200002 0.200002 0.200002 0.200016 0.200004 0.200005 0.200001 0.200029 0.200002 0.200008 0.200003 0.200028 0.200001 0.200007 0.200001 0.200011 0.200003 0.200003 0.200001 0.200003 0.200001 0.200001 0.200007 0.200002 0.200001 0.200002 0.200015 0.200006 0.200007 0.200006 0.200018 0.200021 0.200015 0.200016 0.200009 0.200057 0.200018 0.200031 0.200004 0.2001 0.200009 0.200041 0.200009 0.200097 0.200004 0.200053 0.200001 0.200096 0.200009 0.200067 0.200016 0.200072 0.200001 0.200059 0.200036 0.200025 0.200016 0.20003 0.200043 0.200027 0.200036 0.200036 0.200037 0.200055 0.200043 0.200057 0.200011 0.200123 0.200037 0.200085 0.200012 0.200265 0.200011 0.200107 0.200039 0.200121 0.200012 0.200083 0.200044 0.200051 0.200039 0.200053 0.200034 0.200022 0.200044 0.200029 0.20002 0.200011 0.200034 0.200016 0.200002 0.200015 0.20002 0.200017 0.200009 0.200034 0.200002 0.200027 0.200013 0.200052 0.200009 0.200032 0.200003 0.200081 0.200013 0.200038 0.200006 0.200095 0.200003 0.200036 0.200016 0.200054 0.200006 0.200029 0.200014 0.200019 0.200016 0.200015 0.200007 0.200005 0.200014 0.200005 0.200002 0.200002 0.200007 0.200001 0.200001 0.200001 0.200002 0.200001 0.200002 0.200002 0.200001 0.200001 0.200004 0.200011 0.200002 0.200002 0.200001 0.200028 0.200004 0.200007 0.200002 0.20003 0.200001 0.200008 0.200004 0.200016 0.200002 0.200005 0.200002 0.200004 0.200004 0.200002 0.200001 0.200001 0.200002 0.200001 0.200001 0.200001 0.200001 0.200001 0.200001 0.200001 0.200001 0.200001 0.200001 0.200001 0.200001 0.200001 0.200001 0 0.200001 0.200001 0.200001 0.200001 0.200001 0 0.200001 0.200001 0.200001 0.200001 0.0061672 0.200001 0.200001 0.200001 0.0701892 0.200001 0.200001 0.200001 0.200001 0.0799515 0.200001 0.200001 0.200001 0.200001 0.0810323 0.200001 0.200001 0.200001 0.200001 0.200006 0.0790192 0.200004 0.200006 0.200004 0.200017 0.0778816 0.200013 0.200017 0.200016 0.200016 0.0765329 0.200017 0.200016 0.200029 0.200009 0.0751821 0.200028 0.200009 0.200028 0.200018 0.0738928 0.20003 0.200018 0.200011 0.200007 0.0726947 0.200009 0.200007 0.200003 0.200001 0.071614 0.200001 0.200001 0.200002 0.200011 0.0706731 0.20001 0.200011 0.200006 0.200032 0.0698895 0.200025 0.200032 0.200021 0.200055 0.0692847 0.200047 0.200055 0.200057 0.200045 0.068884 0.200047 0.200045 0.2001 0.200026 0.0687155 0.200026 0.200097 0.200042 0.0688094 0.200073 0.200042 0.200096 0.200009 0.0691861 0.200099 0.200009 0.200072 0.200016 0.0698453 0.200039 0.200016 0.200025 0.200046 0.0707471 0.200022 0.200046 0.200027 0.200069 0.071795 0.200041 0.200069 0.200055 0.200095 0.0728382 0.200062 0.200095 0.200123 0.200078 0.0736853 0.200092 0.200078 0.200265 0.200081 0.2001 0.0741626 0.200099 0.200081 0.200121 0.200097 0.200092 0.0741626 0.200097 0.200051 0.200069 0.200061 0.0736853 0.200069 0.200022 0.200044 0.200037 0.0728382 0.200044 0.200011 0.200023 0.20002 0.071795 0.200023 0.200015 0.200002 0.200008 0.0707471 0.200002 0.200034 0.20003 0.200049 0.0698452 0.20003 0.200052 0.200047 0.200092 0.069186 0.200047 0.200081 0.200027 0.200074 0.0688094 0.200027 0.200095 0.20004 0.200043 0.0687155 0.20004 0.200054 0.200052 0.200044 0.068884 0.200052 0.200019 0.20003 0.200024 0.0692847 0.20003 0.200005 0.200012 0.20001 0.0698895 0.200012 0.200002 0.200002 0.200002 0.0706731 0.200002 0.200001 0.200001 0.200001 0.071614 0.200001 0.200002 0.200009 0.200011 0.0726945 0.200009 0.200011 0.200018 0.200031 0.0738931 0.200018 0.200028 0.200009 0.200029 0.075182 0.200009 0.20003 0.200016 0.200017 0.0765331 0.200016 0.200016 0.200016 0.200012 0.0778817 0.200016 0.200004 0.200006 0.200004 0.0790192 0.200006 0.200001 0.200001 0.200001 0.0810323 0.200001 0.200001 0.200001 0.200001 0.0799515 0.200001 0.200001 0.200001 0.200001 0.0701886 0.200001 0.200001 0.200001 0.0061672 0.200001 0 0.200001 0.200001 0.200001 0 0 0.200001 0.200001 0.200001 0.130519 0 0.200001 0.200001 0.149245 0 0.200001 0.200001 0.150298 0 0.200001 0.200001 0.147985 0 0.200001 0.200002 0.200001 0.200011 0.144437 0.200007 0.200011 0.200004 0.200049 0.140169 0.200022 0.200049 0.200044 0.200196 0.13532 0.20008 0.200196 0.20024 0.200106 0.130045 0.200224 0.200106 0.20011 0.200074 0.12443 0.200058 0.200074 0.200022 0.200021 0.11863 0.200012 0.200021 0.200004 0.200001 0.112745 0.200001 0.200001 0.200001 0.200012 0.106916 0.20001 0.200012 0.200004 0.200038 0.101247 0.200022 0.200038 0.200019 0.200109 0.095875 0.200061 0.200109 0.2001 0.200436 0.0908851 0.200257 0.200436 0.200658 0.200279 0.0864129 0.200455 0.200279 0.200229 0.20014 0.0825321 0.200114 0.20014 0.200099 0.200031 0.079345 0.20002 0.200031 0.20005 0.200006 0.0768915 0.200006 0.200006 0.200012 0.200033 0.0751784 0.200024 0.200033 0.200011 0.20007 0.0741356 0.200045 0.20007 0.200032 0.200205 0.0736202 0.200126 0.200205 0.200176 0.200825 0.0734388 0.200527 0.200825 0.201561 0.200829 0.200529 0.0734066 0.200829 0.200175 0.200208 0.200127 0.0734068 0.200208 0.200031 0.200071 0.200045 0.0734387 0.200071 0.200009 0.200034 0.200024 0.0736201 0.200034 0.200005 0.200016 0.200013 0.0741356 0.200016 0.200011 0.200004 0.200002 0.0751783 0.200004 0.200031 0.200056 0.200034 0.0768915 0.200056 0.200069 0.200143 0.200112 0.0793449 0.200143 0.200211 0.200284 0.200457 0.0825321 0.200284 0.200652 0.20043 0.200252 0.0864129 0.20043 0.200099 0.200107 0.200059 0.0908851 0.200107 0.200018 0.200038 0.200021 0.095875 0.200038 0.200003 0.200013 0.200009 0.101247 0.200013 0.200001 0.200002 0.200002 0.106916 0.200002 0.200001 0.200004 0.200001 0.112745 0.200004 0.200004 0.200027 0.200013 0.11863 0.200027 0.200022 0.200075 0.200057 0.12443 0.200075 0.200111 0.200105 0.200225 0.130045 0.200105 0.200239 0.200185 0.200076 0.135317 0.200185 0.200047 0.200042 0.200022 0.140169 0.200042 0.200007 0.20001 0.14444 0.200038 0.20001 0.200005 0.147987 0 0 0.200001 0.200001 0.150298 0 0.200001 0.200001 0.149245 0 0.200001 0.200001 0.130519 0.200001 0 0 0.200001 0.200001 0.200001 0 0.150298 0.200001 0.200001 0 0.150298 0.200001 0.200001 0 0.149245 0.200001 0.200001 0 0.149245 0.200001 0.200002 0.200006 0 0.147985 0.200001 0.200001 0 0.147987 0.200006 0.144437 0.200007 0.200035 0 0.200022 0.14444 0.200038 0 0.200109 0.200035 0.140169 0.200022 0.200106 0 0.200076 0.140169 0.200109 0 0.200165 0.200106 0.13532 0.20008 0.200168 0 0.200225 0.135317 0.200165 0 0.20027 0.200001 0.200001 0 0.130519 0.200001 0.200001 0 0.130519 0.200057 0.130045 0.20027 0 0.200079 0.200168 0.130045 0.200224 0.200262 0 0.200262 0.12443 0.200058 0.200073 0 0.200013 0.12443 0.200079 0 0.200018 0.200073 0.11863 0.200012 0.200012 0 0.200001 0.11863 0.200018 0 0.200001 0.200012 0.112745 0.200001 0.200002 0 0.200002 0.112745 0.200001 0 0.200005 0.200002 0.106916 0.20001 0.200024 0 0.200009 0.106916 0.200005 0 0.200025 0.200024 0.101247 0.200022 0.200083 0 0.200021 0.101247 0.200025 0 0.20008 0.200083 0.095875 0.200061 0.200203 0 0.200059 0.095875 0.20008 0 0.200198 0.200203 0.0908851 0.200257 0.200378 0 0.200252 0.0908851 0.200198 0 0.200371 0.200378 0.0864129 0.200455 0.2005 0 0.200457 0.0864129 0.200371 0 0.200516 0.2005 0.0825321 0.200114 0.20013 0 0.200112 0.0825321 0.200516 0 0.200138 0.200001 0.0810323 0.200001 0.200002 0.200001 0.200001 0.200004 0.0810323 0.200002 0.200001 0.200005 0.200009 0.200001 0.0799515 0.200001 0.200001 0.200001 0.200001 0.200001 0.0799515 0.200001 0.200001 0.200001 0.200002 0.20013 0.079345 0.20002 0.200017 0 0.200034 0.0793449 0.200138 0 0.200038 0.200002 0.0790192 0.200004 0.200008 0.200001 0.200012 0.0790192 0.200009 0.200007 0.200022 0.200008 0.0778816 0.200013 0.200023 0.200004 0.200017 0.0778817 0.200022 0.200047 0.20002 0.200017 0.0768915 0.200006 0.200016 0 0.200002 0.0768915 0.200038 0 0.200001 0.200029 0.0765331 0.20002 0.200239 0.200014 0.200023 0.0765329 0.200017 0.20002 0.200044 0.20002 0.0751821 0.200028 0.200014 0.20024 0.200031 0.075182 0.200014 0.200111 0.200028 0.200016 0.0751784 0.200024 0.200081 0 0.200013 0.0751783 0.200001 0 0.20003 0.200161 0.0741626 0.200163 0.201561 0.2001 0.0741626 0.200166 0.200175 0.200163 0.200081 0.0741356 0.200045 0.200207 0 0.200024 0.0741356 0.20003 0 0.200077 0.200011 0.0738931 0.200028 0.200022 0.200011 0.200014 0.0738928 0.20003 0.200026 0.20011 0.200163 0.0736853 0.200099 0.200161 0.200176 0.200092 0.0736853 0.200112 0.200031 0.200166 0.200207 0.0736202 0.200126 0.200544 0 0.200045 0.0736201 0.200077 0 0.200203 0.200544 0.0734388 0.200527 0.201307 0 0.200127 0.0734387 0.200203 0 0.200542 0.201307 0.0734066 0.201307 0 0.200529 0.0734068 0.200542 0 0.201307 0.200112 0.0728382 0.200092 0.200163 0.200032 0.200061 0.0728382 0.200068 0.200009 0.200112 0.200026 0.0726947 0.200009 0.200007 0.200022 0.200001 0.0726945 0.200011 0.200004 0.200001 0.200071 0.071795 0.200062 0.200112 0.200011 0.200037 0.071795 0.200034 0.200005 0.200068 0.200007 0.071614 0.200001 0.200002 0.200004 0.200002 0.071614 0.200001 0.200001 0.200003 0.20002 0.0707471 0.200041 0.200071 0.200012 0.20002 0.0707471 0.200001 0.200011 0.200034 0.200002 0.0706731 0.20001 0.200015 0.200001 0.20001 0.0706731 0.200003 0.200001 0.200015 0.200001 0.0701892 0.200001 0.200001 0.200001 0.200001 0.200001 0.0701886 0.200001 0.200001 0.200001 0.200001 0.200015 0.0698895 0.200025 0.200043 0.200004 0.200024 0.0698895 0.200015 0.200003 0.200041 0.200012 0.0698453 0.200022 0.20002 0.20005 0.200008 0.0698452 0.200037 0.200031 0.200001 0.200043 0.0692847 0.200047 0.200078 0.200019 0.200044 0.0692847 0.200041 0.200018 0.200073 0.200063 0.0691861 0.200039 0.200012 0.200099 0.200049 0.069186 0.200072 0.200069 0.200037 0.200078 0.068884 0.200047 0.200061 0.2001 0.200043 0.068884 0.200073 0.200099 0.200055 0.200032 0.0688094 0.200099 0.200063 0.200229 0.200092 0.0688094 0.200035 0.200211 0.200072 0.200061 0.0687155 0.200073 0.200032 0.200658 0.200074 0.0687155 0.200055 0.200652 0.200035 0.200001 0.0061672 0.200001 0.200001 0.200001 0.200001 0.200001 0.0061672 0.200001 0.200001 0.200001 0.200001 
</DataArray>
<DataArray type="Float64" Name="wall variable 2" format="ascii">
0 1.02104e-20 1.1653e-20 0 2.13251e-19 2.70494e-19 0 0 4.5555e-18 6.83054e-18 0 0 7.41562e-17 1.32616e-16 0 0 8.2534e-16 1.7299e-15 0 0 4.38473e-15 1.2954e-14 0 0 2.33329e-14 6.12254e-14 0 0 2.65878e-14 8.51284e-14 0 0 3.90206e-15 5.19481e-14 0 0 6.79737e-14 0 0 0 2.48297e-13 0 0 0 5.43669e-13 0 0 0 1.00534e-12 0 0 0 1.528e-12 0 0 0 8.0059e-13 0 0 0 0 0 0 0 0 0 4.35565e-12 0 0 0 1.32936e-11 0 0 0 1.82685e-11 0 0 0 4.80856e-11 0 0 0 3.65434e-10 0 0 0 1.86894e-09 0 0 0 5.34229e-09 0 0 0 7.87908e-09 0 4.39983e-09 0 3.94871e-09 0 8.14941e-09 0 0 0 5.44816e-09 0 0 0 1.9056e-09 0 0 0 3.73222e-10 0 0 0 3.5895e-11 0 0 0 1.58882e-12 0 0 0 5.32777e-12 0 0 0 4.72903e-12 0 0 0 3.23148e-13 0 0 0 0 0 0 0 0 0 1.93245e-12 0 0 0 1.599e-12 0 0 0 8.33163e-13 0 0 0 3.96807e-13 0 0 0 1.93842e-13 0 5.98543e-16 4.75505e-15 7.46105e-14 0 1.82413e-14 5.9102e-14 0 0 0 8.36216e-14 0 0 0 8.12366e-14 1.2077e-14 0 0 3.74816e-14 6.71994e-15 0 0 7.45958e-15 2.52364e-15 0 0 7.49534e-16 3.20953e-16 0 0 4.69557e-17 2.51203e-17 0 0 2.1681e-18 1.42172e-18 0 0 1.07486e-19 8.00243e-20 0 0 2.93716e-19 3.04121e-19 0 0 7.28976e-18 8.36409e-18 0 0 1.8481e-16 2.46968e-16 0 0 3.52338e-15 5.27265e-15 0 0 4.79757e-14 3.56714e-14 0 0 1.1753e-13 0 0 0 1.35979e-12 0 0 0 1.42671e-12 0 0 0 0 0 0 5.08226e-14 2.80356e-12 0 6.00921e-13 2.7438e-13 1.13092e-11 0 0 1.27318e-12 1.18187e-11 0 0 8.94346e-12 0 0 0 5.93127e-11 0 0 6.66271e-11 2.70496e-10 0 0 4.51245e-10 7.80846e-10 0 0 1.31717e-09 1.53103e-09 0 0 2.31753e-09 2.66924e-09 0 0 3.84793e-09 6.28878e-09 0 0 1.02049e-08 2.447e-08 0 0 4.5663e-08 1.19809e-07 0 0 2.39535e-07 5.04078e-07 0 0 1.00443e-06 1.46951e-06 0 0 2.63185e-06 2.78125e-06 0 0 3.6765e-06 3.41919e-06 1.92513e-06 0 1.8033e-06 2.74538e-06 3.71429e-06 0 0 1.42432e-06 2.59841e-06 0 0 4.71716e-07 9.59452e-07 0 0 1.03279e-07 2.12346e-07 0 0 1.75597e-08 3.39728e-08 0 0 3.46058e-09 5.26793e-09 0 0 1.36518e-09 1.06206e-09 0 0 1.08784e-09 6.20323e-10 0 0 9.68028e-10 1.00264e-09 0 0 6.14326e-10 9.08922e-10 0 0 2.34568e-10 3.74053e-10 0 0 5.30273e-11 6.49146e-11 0 0 7.55839e-12 0 0 0 8.14924e-13 0 0 5.64756e-12 1.10224e-13 0 0 9.05884e-12 0 4.26252e-13 0 3.85812e-12 0 1.46566e-12 0 0 0 0 0 0 0 6.68034e-14 0 6.28036e-13 0 0 0 0 0 0 0 1.55769e-13 0 0 2.59617e-14 1.56343e-14 0 0 1.75429e-15 1.08007e-15 0 0 7.09296e-17 5.1748e-17 0 0 2.96189e-18 2.4379e-18 9.31941e-18 8.36983e-18 0 0 2.72478e-16 2.71673e-16 0 0 7.71636e-15 8.69649e-15 0 0 1.02855e-13 7.27768e-14 0 0 1.98743e-12 0 0 0 2.73701e-12 0 0 1.34354e-13 0 0 0 1.40938e-12 0 0 4.0801e-12 1.414e-11 0 0 1.03017e-11 3.06547e-11 1.8759e-11 0 2.11863e-11 3.16582e-11 3.35251e-11 0 0 3.71066e-11 0 0 0 1.12013e-10 0 0 6.03859e-10 7.51307e-10 0 0 6.06353e-09 5.29972e-09 0 0 3.0704e-08 2.5699e-08 0 0 8.1907e-08 7.57771e-08 0 0 1.17328e-07 1.43424e-07 0 0 1.43727e-07 2.26197e-07 0 0 3.75786e-07 4.63342e-07 0 0 1.7448e-06 1.64655e-06 0 0 8.91887e-06 7.86195e-06 0 0 3.57439e-05 3.23158e-05 0 0 8.58846e-05 8.944e-05 0 0 0.000107579 0.000160105 5.3041e-05 0 4.85099e-05 0.000192103 0.000109112 0 0 0.000157431 8.43392e-05 0 0 8.58864e-05 3.34502e-05 0 0 2.96485e-05 7.50174e-06 0 0 6.47729e-06 1.18872e-06 0 0 1.06732e-06 1.7316e-07 0 0 2.17798e-07 8.86564e-09 0 0 1.02048e-07 7.46077e-09 0 0 9.72689e-08 5.74191e-08 0 0 9.41893e-08 6.218e-08 0 0 6.07889e-08 2.66368e-08 0 0 2.25005e-08 5.54386e-09 0 0 4.75858e-09 5.72283e-10 0 0 6.30214e-10 0 0 0 6.75153e-11 0 0 3.50837e-11 1.26709e-11 0 0 4.05081e-11 8.72453e-12 1.17858e-11 0 7.69539e-12 1.8008e-11 5.31004e-12 0 0 2.57777e-11 5.88839e-12 0 0 1.45639e-11 0 0 0 3.17287e-12 2.05605e-13 0 1.75789e-12 2.04104e-13 0 0 0 0 0 4.87598e-14 4.05145e-14 0 0 2.38955e-15 2.00861e-15 0 0 0 8.63617e-17 8.18794e-17 2.3525e-16 1.85686e-16 0 0 7.50557e-15 6.89612e-15 0 0 9.66922e-14 7.82141e-14 0 0 8.2912e-13 0 0 0 0 0 0 3.13816e-13 0 0 5.45176e-11 5.27803e-11 0 0 6.88511e-10 5.6546e-10 0 0 2.93244e-09 2.48696e-09 1.17853e-09 0 3.21985e-09 4.4548e-09 2.06601e-09 0 0 3.56079e-09 0 0 0 2.43114e-09 0 0 2.17628e-09 4.72917e-09 0 0 3.18265e-08 2.95713e-08 0 0 2.66205e-07 2.24963e-07 0 0 1.40549e-06 1.17477e-06 0 0 3.76592e-06 3.5388e-06 0 0 4.80508e-06 6.46302e-06 0 0 4.30886e-06 9.24001e-06 0 0 9.84771e-06 1.59365e-05 0 0 4.52063e-05 4.75118e-05 0 0 0.000201993 0.000195637 0 0 0.000633569 0.000667103 0 0 0.00107144 0.00146642 0 0 0.000959306 0.0021819 0.000412036 0 0.000349876 0.0024445 0.000997984 0 0 0.00213817 0.00106713 0 0 0.0013963 0.000592891 0 0 0.000599774 0.000163708 0 0 0.000152456 2.80262e-05 0 0 2.67711e-05 3.51461e-06 0 0 6.09853e-06 0 0 0 3.63213e-06 0 0 1.05678e-06 4.19734e-06 2.50241e-06 0 3.5844e-07 4.38022e-06 2.94729e-06 0 0 2.87641e-06 1.23006e-06 0 0 1.03353e-06 2.39714e-07 0 0 2.02294e-07 2.70423e-08 0 0 2.45862e-08 1.75768e-09 0 0 2.67315e-09 0 0 0 7.14561e-10 0 0 9.81867e-10 1.03759e-09 0 0 2.72411e-09 2.75335e-09 2.74911e-09 0 1.98881e-09 4.10836e-09 2.82131e-09 0 0 2.40869e-09 6.78145e-10 0 0 5.57873e-10 6.11253e-11 0 0 5.44908e-11 2.54237e-12 0 0 2.02281e-12 0 0 0 0 0 5.42443e-14 4.09345e-14 0 0 0 2.02134e-15 2.13504e-15 4.05455e-15 3.06461e-15 0 0 3.54045e-15 1.27092e-13 0 0 0 0 0 0 0 0 2.3392e-12 2.66959e-12 0 0 2.28151e-10 2.18235e-10 0 0 4.89496e-09 4.18854e-09 0 0 5.16883e-08 4.06765e-08 0 0 2.32932e-07 1.85111e-07 1.70245e-07 0 2.60493e-07 3.3152e-07 2.08985e-07 0 0 2.35259e-07 0 0 0 1.13744e-07 0 0 4.48948e-08 1.51288e-07 0 0 1.01829e-06 9.08919e-07 0 0 8.88895e-06 7.64169e-06 0 0 4.8644e-05 4.19182e-05 0 0 0.000122443 0.000122681 0 0 0.000135338 0.000211124 0 0 9.14032e-05 0.000279774 0 0 0.00015102 0.00040335 0 0 0.000615984 0.000863819 0 0 0.00185914 0.00227637 0 0 0.00324383 0.00464561 0 0 0.00331387 0.00664878 0 0 0.00224748 0.00769652 0.000965947 0 0.000695568 0.00796299 0.00249119 0 0 0.00750977 0.00347241 0 0 0.00627753 0.00321709 0 0 0.00412101 0.00160319 0 0 0.00170907 0.000392001 0 0 0.00042985 3.28972e-05 0 0 0.000131689 0 0 0 0.000104022 0 0 5.73127e-05 0.000137308 7.46672e-05 0 1.91457e-05 0.000148055 9.7644e-05 0 0 0.000100737 4.26352e-05 0 0 3.68505e-05 7.90701e-06 0 0 6.83144e-06 8.24796e-07 0 0 7.3731e-07 6.26053e-08 0 0 7.52017e-08 0 0 0 2.62112e-08 0 0 5.94427e-08 6.03953e-08 0 0 2.29691e-07 1.99308e-07 2.39378e-07 0 2.03409e-07 3.15559e-07 2.28184e-07 0 0 1.81811e-07 5.13044e-08 0 0 4.04513e-08 4.92225e-09 0 0 4.20303e-09 2.36949e-10 0 0 2.20918e-10 4.40773e-12 0 0 4.46403e-12 0 4.81519e-13 0 0 0 0 3.41442e-14 2.985e-14 4.04597e-14 2.69145e-14 0 0 0 0 0 0 0 0 3.02526e-12 3.76704e-13 0 0 2.57131e-10 2.73249e-10 0 0 9.59146e-09 9.45515e-09 0 0 2.0623e-07 1.84467e-07 0 0 2.49069e-06 2.02928e-06 0 0 1.25793e-05 1.01052e-05 1.07397e-05 0 1.45188e-05 1.82925e-05 1.26804e-05 0 0 1.21748e-05 1.07983e-06 0 0 4.4058e-06 0 0 0 3.84834e-06 0 0 2.27341e-05 2.10167e-05 0 0 0.000195888 0.000178968 0 0 0.000887239 0.000854973 0 0 0.00154782 0.00198296 0 0 0.0012756 0.00291405 0 0 0.00077918 0.0036711 0 0 0.00071256 0.00462458 0 0 0.00222086 0.00622315 0 0 0.00454514 0.00823802 0 0 0.00565519 0.0100357 0 0 0.0050011 0.0109855 0 0 0.00328636 0.0111948 0.00155092 0 0.000998092 0.0111459 0.0038664 0 0 0.0108415 0.0055768 0 0 0.0101982 0.00611483 0 0 0.00867605 0.00477703 0 0 0.00602259 0.00192883 0 0 0.0030249 0 0 0 0.00164264 0 0 0.000166921 0.00168251 0 0 0.000766239 0.00216337 0.000782403 0 0.000105567 0.00222483 0.0012877 0 0 0.00168762 0.000789086 0 0 0.00075938 0.00017365 0 0 0.000159469 1.78356e-05 0 0 1.65008e-05 1.14056e-06 0 0 1.59528e-06 0 0 0 7.60995e-07 0 0 3.05806e-06 2.74334e-06 0 0 1.29902e-05 1.09419e-05 1.38114e-05 0 1.1831e-05 1.77686e-05 1.24649e-05 0 0 1.0027e-05 2.50059e-06 0 0 2.03729e-06 2.09452e-07 0 0 1.87318e-07 9.60771e-09 0 0 9.51515e-09 1.86421e-10 0 0 2.58267e-10 1.38313e-13 0 0 0 0 0 1.90768e-13 0 0 1.59028e-13 0 0 0 0 5.31441e-13 7.04353e-13 0 0 8.69027e-11 1.02523e-10 0 0 5.89756e-09 6.74187e-09 0 0 2.27716e-07 2.42035e-07 0 0 5.68107e-06 5.48561e-06 0 0 7.73199e-05 6.79612e-05 0 0 0.000382673 0.000336052 0.00026844 0 0.000400681 0.00057572 0.000404104 0 0 0.000404491 8.3894e-05 0 0 0.00012696 0 0 0 7.04698e-05 0 0 0.000279522 0.000288608 0 0 0.00181336 0.00180843 0 0 0.00440045 0.00499854 0 0 0.00482935 0.00753895 0 0 0.00370216 0.00929026 0 0 0.00261762 0.0120563 0 0 0.00135108 0.015615 0 0 0.00259162 0.0159398 0 0 0.0053952 0.013122 0 0 0.00690626 0.0125014 0 0 0.0064032 0.0123867 0 0 0.0047359 0.0121902 0.00250835 0 0.00180941 0.0121788 0.00552005 0 0 0.0117444 0.00729086 0 0 0.0113091 0.00780216 0 0 0.0104539 0.00664545 0 0 0.00910459 0.00266402 0 0 0.00790809 0 0 0 0.00785967 0 0 0.00173094 0.00852362 0.000678324 0 0.00190567 0.00878229 0.00259392 0 0 0.00788596 0.00419054 0 0 0.00677322 0.00404242 0 0 0.00456367 0.00164322 0 0 0.00162449 0.00022329 0 0 0.000218665 7.95684e-06 0 0 2.31894e-05 0 0 0 1.70981e-05 0 0 0.000102086 9.15984e-05 0 0 0.000413744 0.00038144 0.000388829 0 0.000292205 0.000568999 0.000383566 0 0 0.000337169 7.90456e-05 0 0 6.91832e-05 5.89943e-06 0 0 5.70406e-06 2.31384e-07 0 0 2.47028e-07 5.73191e-09 0 0 6.75832e-09 5.89218e-11 0 0 8.77269e-11 0 0 5.17057e-14 0 0 0 0 0 0 0 9.9032e-12 1.93955e-11 0 0 9.19994e-10 1.31297e-09 0 0 6.90197e-08 8.40652e-08 0 0 3.08981e-06 3.55977e-06 0 0 8.54609e-05 8.91636e-05 0 0 0.00103462 0.000995227 0 0 0.00322535 0.00336798 0.000569396 0 0.00258098 0.00459567 0.00330045 0 0 0.00443087 0.00139508 0 0 0.00182813 0 0 0 0.000724649 0 0 0.00118463 0.00157409 0 0 0.00498773 0.00473615 0 0 0.00802834 0.00788912 0 0 0.00854981 0.0101489 0 0 0.00697114 0.0119797 0 0 0.00442577 0.0174548 0 0 5.94468e-05 0.0243119 0 0 0.000833117 0.0239202 0 0 0.00539391 0.0150282 0 0 0.00780981 0.012507 0 0 0.00812532 0.0124251 0 0 0.00743946 0.0132093 0.00502506 0 0.00434357 0.0147133 0.00822405 0 0 0.0127541 0.00904443 0 0 0.011247 0.00863159 0 0 0.0101037 0.00687911 0 0 0.00961712 0.00105295 0 0 0.0114562 0 0 0 0.0155655 0 0 0.00498506 0.0159369 0.00242941 0 0.00330498 0.0144412 0.00569832 0 0 0.0109408 0.00778956 0 0 0.00939863 0.00764268 0 0 0.0072387 0.0047617 0 0 0.0042001 0.00113634 0 0 0.00112414 0 0 0 0.000188201 0 0 8.18076e-05 0.000250681 0 0 0.00153048 0.00153626 0 0 0.00351115 0.00435141 0.00250847 0 0.000743459 0.00462563 0.00327728 0 0 0.00343404 0.00108986 0 0 0.00103362 9.16818e-05 0 0 9.6811e-05 3.17183e-06 0 0 3.69646e-06 6.7674e-08 0 0 8.82874e-08 7.29634e-10 0 0 1.63513e-09 0 0 0 0 0 0 2.73675e-11 0 5.09669e-12 3.61176e-11 4.22946e-10 0 0 2.1823e-09 4.97539e-09 0 0 1.35472e-09 3.31109e-07 3.60325e-07 0 0 2.73061e-07 1.67562e-05 1.86415e-05 0 0 1.64238e-05 0.000401995 0.00045594 0.000425974 0 0 0.00192392 0.00355876 0.00277437 0 0 0 0.00777913 0.00625975 0 0 0 0.00779251 0.00832656 0 0 0 0.00133888 0.0114801 0.00624178 0 0 0 0.00769278 0.00597432 0 0 0 0.00303866 0 0 0 0.000778567 0.00270091 0 0 0.0022055 0.00602446 0.00432336 0 0 0 0.0101326 0.00726066 0 0 0 0.0119925 0.0106273 0 0 0 0.0112881 0.013299 0 0 0.00508173 0.0223324 0.00462564 0 0 0 0.0294031 0.00452151 0 0 0 0.0282823 0 0 0 0.00467221 0.0154528 0 0 0 0.00765147 0.0114595 0 0 0 0.00955748 0.01209 0 0 0 0.0116697 0.0155339 0 0 0 0.0124806 0.0239083 0.0131268 0 0 0 0 0.0151068 0.0124543 0 0 0 0.0108982 0.0106214 0 0 0 0.00868292 0.00840832 0 0 0 0.00856895 0.00553316 0 0 0 0.01287 0 0 0 0.00270659 0.0202037 0 0 0 0.0111623 0.0220483 0 0 0 0.00669687 0.0204657 0.00398187 0 0 0 0.0129648 0.0103743 0 0 0 0.0101367 0.0115384 0 0 0 0.00656143 0.0102528 0 0 0 0.00337771 0.00650488 0.0025486 0 0 0.00149976 0.00187361 0.00137072 0 0 0.000680199 0 0 0 0.00123444 0.00171895 0 0 4.00278e-05 0.00667511 0.00726488 0 0 0 0.00672591 0.0115074 0.000860531 0 0 0 0.00854874 0.00754365 0 0 0 0.00659284 0.00803373 0 0 0 0.00296772 0.0041068 0.00201737 0 0 0.00046903 0.000484942 0.000444239 0 0 1.94493e-05 1.73802e-05 1.67153e-05 0 0 4.58437e-07 3.44597e-07 3.26379e-07 0 0 1.6452e-08 4.32406e-09 0 9.74019e-11 0 5.18007e-10 0 0 0 0 0 3.21915e-12 0 0 0 0 0 0 0 4.97376e-10 0 0 0 1.7654e-07 0 0 0 2.23706e-05 0.00205141 0.00126957 0 0 0.00578669 0.00798442 0.00525578 0 0 0.00623277 0.0176384 0.0168322 0 0 0.0125889 0.0330259 0.0390691 0.0196309 0 0 0 0.0305799 0.0232261 6.0094e-05 0 0 0.0142152 0.0137743 0.000233499 0 0 0.00499967 0 0 0.000677269 0.000489606 0.00217391 0 0 0.00499571 0.00888385 0.00390745 0 0 0.00380652 0.0162589 0.0100785 0 0 0.00331754 0.0264862 0.0243586 0 0 0.015587 0.0501067 0.0644677 0.028887 0.000104311 0 0 0.0483825 0.0328779 0 0 0 0.0330844 0.0174724 0 0 0 0.0221002 0 0 0 0.00242354 0.00970517 0 0 0.0022206 0.0136028 0.00806854 0 0 0.00127473 0.0233141 0.0140274 0 0 0 0.0388374 0.0326438 0 0 0.00275858 0.0704607 0.0932964 0.0705866 0.00258838 0.000946298 0 0.0325584 0.0392563 0 0 0 0.0135998 0.02411 0.00104647 0 0 0.00654742 0.0149694 0.00313907 0 0 0.00479938 0.00736863 0.00271766 0 0 0.00913047 0 0 0 0.00604726 0.017927 0 0 0 0.023364 0.0280683 0 0 0 0.0340805 0.0465692 0 0 0 0.0291435 0.0643645 0.0497495 0.0154255 0.000145233 0 0.024276 0.026342 0.00304199 0 0 0.00982937 0.0165364 0.00337535 0 0 0.00313668 0.00941406 0.00473073 0 0 0.00066958 0.00311152 0.00259247 0 0 0.000821224 0 0 0 0.00338901 0.00373831 0 0 0.000488316 0.0152612 0.0135778 0 0 0.000779246 0.0237927 0.0303788 0 0 0.000230868 0.0201253 0.0389403 0.0316901 0.0126697 0 0 0.0176578 0.0156074 0.00650416 0 0 0.00800175 0.00847779 0 0 0 0.00540521 0.00283023 0 0 0 1.29295e-05 3.18418e-05 0 0 0 3.91493e-07 0 0 0 7.53237e-09 0 0 0 0 0 0 0 5.86016e-07 0 1.29506e-05 0 0 0 0 0 6.42105e-09 0 1.55976e-07 0 0 0.000325185 0 0 0 0.000205607 3.79986e-06 0.000816607 0 0 0.00458839 0.00210454 0 0 0 0 0.00527784 0.0192315 0 0 0.0182031 0.00650612 0 0 0 0 0.00617208 0.0303922 0 0 0.0307192 0.00556502 0 0 0 0.0391551 0.00151196 0.0306171 0 0.0438596 0 0 0 2.12885e-10 0 1.01838e-09 0 0 0.0187879 0 0 0 0.0246247 0.0310936 0.00136308 0.0391957 0.043203 0 0 0 0.0189039 0.023576 0 0.0100523 0 0 0 0.0112326 0 0 0.00929795 0.00934871 0 0.00188159 0 0 0 0.00128776 0 0.000797788 0 0 0 0 0.000442336 0 0 0 0.00504463 0.00234007 0 0 0 0 0.00180709 0.0063058 0 0 0.0179549 0.00313556 0 0 0 0 0.00293361 0.0170219 0 0 0.0320979 0.00260687 0 0 0 0 0.00253728 0.0313304 0 0 0.0457337 0.00134376 0 0 0 0 0.0013088 0.0450305 0 0 0.0429052 0 0.0577083 0.0617532 0 0.0570618 0 0.0421423 0 0.0630303 0 0.000271277 0.0275397 0.0308831 0 0.0266826 3.3568e-05 0 0 0.0337677 4.28353e-05 2.61872e-05 0 0 0 2.39197e-05 0 0.000458248 0.00109211 0 0 0 7.66401e-07 5.53159e-07 0 0 5.84588e-07 1.25501e-06 0 1.92985e-05 3.64245e-05 3.52127e-05 0 0 0 0.000837178 0.0127933 0.00793495 0 0.0136756 3.85683e-05 0 0 0.0157011 0.000931998 0.000326238 0 0 0 0.00111922 0.0016425 0.0071469 0 0 0.00611867 0.00140167 0.000572204 0 0 0.00791967 0.00183245 0.0124494 0 0 0 0.00195512 0.00197156 0 0 0.00376896 0.000833203 0 0 0 0.0181781 0.00125164 0.0104363 0 0.00734577 0.0125926 0.00173562 0.00754312 0 0 0.0110556 0.00124083 0.018049 0.00679146 0 0.0168469 0.001062 0 0 0.0145958 0.0161228 0.00205854 0 0 0 0 0.00175101 0.00239306 0 0 0.0395578 0.000827275 0.0397699 0 0.021984 0.00105239 0.0382739 0 0 0.0377089 0.00186726 0 0 0 0 0.00173781 0.0206003 0 0 0.00787973 0.000340836 0 0 0.00795312 0 0.00108817 0.0170574 0.0138912 0 0.0378819 0.00102364 0.0222566 0 0 0.0104211 0.0010226 0.0303186 0 0 0.060286 0.00161942 0.00147763 0 0 0 0.00179578 0.0372464 0 0 0.0901559 0.000694727 0 0 0 0.00177862 0.00163276 0.0592564 0 0 0.11588 0 0.115639 0 0 0.000716549 0.0895992 0 0 0.0299061 0.000973037 0.0107002 0 0 0.00476488 0.000955464 0.021864 0 0 0 0.000446572 0.0080916 0.00694781 0 0.00116408 0 0 0 0.000735984 0.0210955 0.000973063 0.00549588 0 0 0.00164433 0.00106379 0.0130643 0 0 0 0.000222331 0.000148426 0 0 0 0.000105252 0 0 0 0.00844396 0.00146538 0.00424287 0 0 0.00194027 0.00143173 0 0 0 0.00282471 0.000690998 0 0 0 0 0.000585638 0.00339564 0 0 1.00655e-08 9.67406e-09 0 0 4.24137e-08 4.26687e-08 0 3.70639e-07 6.66711e-07 1.19579e-06 8.42952e-07 0 0.0106378 0.00129711 0.000379099 0 0 0.00027015 0.00123552 0.0101816 0 0 0 0.00222997 0.011625 0 0 0.0111618 0.00113924 0 0 0.00103953 0.0182901 0.0013196 0.00539427 0 0 0.00543419 0.00128116 0.0177292 0 0 0 0.00139242 0.0266365 0.00807467 0 0.0239556 0.000676942 0 0 0.016073 0.0235306 0.00104895 0.0130812 0 0 0.013214 0.00102955 0.0226651 0 0 0 0.000878465 0.0340033 0.0177107 0 0.0309322 0.000743466 0 0 0.0212676 0.0201643 0.000845475 0.0298284 0.0091212 0 0.0291361 0.000839381 0.019135 0 0.0105996 5.91345e-11 5.37559e-12 0 0 1.87638e-09 2.08195e-09 0 1.49505e-10 4.88601e-09 4.59174e-08 3.72328e-08 0 
</DataArray>
</CellData>
</Piece>
</UnstructuredGrid>
</VTKFile>
