<VTKFile type="UnstructuredGrid" version="0.1">
<UnstructuredGrid>
<Piece  NumberOfPoints="    3182" NumberOfCells="     698">
<Points>
<DataArray type="Float64" NumberOfComponents="3" format="ascii">
-0.295848 -11.6595 0.0
-0.295483 -11.6547 0.0
-1.39552 -11.4638 0.0
-1.40051 -11.5531 0.0
-0.294598 -11.6409 0.0
-1.38698 -11.3388 0.0
-1.39508 -11.4561 0.0
-0.295044 -11.647 0.0
-0.293156 -11.624 0.0
-1.37411 -11.1929 0.0
-1.38611 -11.3294 0.0
-0.293728 -11.6316 0.0
-0.291087 -11.6043 0.0
-1.35632 -11.0351 0.0
-1.37283 -11.1825 0.0
-0.291878 -11.6135 0.0
-0.288259 -11.5824 0.0
-1.33329 -10.8718 0.0
-1.35464 -11.0241 0.0
-0.289408 -11.5933 0.0
-0.284523 -11.5588 0.0
-1.30497 -10.7073 0.0
-1.33122 -10.8606 0.0
-0.286192 -11.5713 0.0
-0.279738 -11.5338 0.0
-1.27147 -10.5443 0.0
-1.30253 -10.6962 0.0
-0.282088 -11.5477 0.0
-0.273787 -11.5078 0.0
-1.23295 -10.3845 0.0
-1.26868 -10.5334 0.0
-0.276957 -11.5229 0.0
-0.266587 -11.4812 0.0
-1.18959 -10.2292 0.0
-1.22984 -10.3739 0.0
-0.270679 -11.4971 0.0
-0.25809 -11.4542 0.0
-1.14156 -10.0793 0.0
-1.18617 -10.2189 0.0
-0.263168 -11.4708 0.0
-0.248281 -11.4274 0.0
-1.08905 -9.93536 0.0
-1.13784 -10.0693 0.0
-0.254371 -11.4443 0.0
-0.237177 -11.401 0.0
-1.03225 -9.79821 0.0
-1.08505 -9.92586 0.0
-0.244276 -11.4179 0.0
-0.224814 -11.3754 0.0
-0.971345 -9.6684 0.0
-1.02797 -9.78919 0.0
-0.232895 -11.392 0.0
-0.211248 -11.3508 0.0
-0.906557 -9.54648 0.0
-0.9668 -9.65989 0.0
-0.220269 -11.3669 0.0
-0.196541 -11.3274 0.0
-0.838106 -9.43294 0.0
-0.901761 -9.53851 0.0
-0.206451 -11.3428 0.0
-0.180762 -11.3055 0.0
-0.766215 -9.32825 0.0
-0.833072 -9.42556 0.0
-0.191507 -11.32 0.0
-0.163984 -11.2853 0.0
-0.691112 -9.23283 0.0
-0.760958 -9.32149 0.0
-0.175505 -11.2988 0.0
-0.146278 -11.2669 0.0
-0.613018 -9.1471 0.0
-0.685647 -9.22672 0.0
-0.158519 -11.2792 0.0
-0.127715 -11.2505 0.0
-0.532149 -9.07144 0.0
-0.607358 -9.14167 0.0
-0.140618 -11.2615 0.0
-0.108369 -11.2363 0.0
-0.448718 -9.00624 0.0
-0.526308 -9.0667 0.0
-0.121874 -11.2458 0.0
-0.0883189 -11.2243 0.0
-0.362953 -8.95189 0.0
-0.442712 -9.00222 0.0
-0.102363 -11.2323 0.0
-0.067657 -11.2146 0.0
-0.275121 -8.90884 0.0
-0.356798 -8.94862 0.0
-0.082164 -11.221 0.0
-0.0464943 -11.2075 0.0
-0.185565 -8.87752 0.0
-0.268838 -8.90635 0.0
-0.0613739 -11.2121 0.0
-0.0249668 -11.203 0.0
-0.0947436 -8.85835 0.0
-0.179181 -8.87583 0.0
-0.0401099 -11.2058 0.0
-0.00323646 -11.2012 0.0
-0.00323646 -8.85164 0.0
-0.0882937 -8.8575 0.0
-0.0185168 -11.2021 0.0
0.0185167 -11.2021 0.0
0.0882936 -8.8575 0.0
0.00323641 -8.85164 0.0
0.00323641 -11.2012 0.0
0.0401099 -11.2058 0.0
0.179181 -8.87583 0.0
0.0947436 -8.85835 0.0
0.0249667 -11.203 0.0
0.0613738 -11.2121 0.0
0.268838 -8.90635 0.0
0.185565 -8.87752 0.0
0.0464942 -11.2075 0.0
0.082164 -11.221 0.0
0.356798 -8.94862 0.0
0.275121 -8.90884 0.0
0.067657 -11.2146 0.0
0.102363 -11.2323 0.0
0.442712 -9.00222 0.0
0.362953 -8.95189 0.0
0.0883189 -11.2243 0.0
0.121874 -11.2458 0.0
0.526308 -9.0667 0.0
0.448718 -9.00624 0.0
0.108369 -11.2363 0.0
0.140618 -11.2615 0.0
0.607358 -9.14167 0.0
0.532149 -9.07144 0.0
0.127715 -11.2505 0.0
0.158519 -11.2792 0.0
0.685646 -9.22672 0.0
0.613018 -9.1471 0.0
0.146278 -11.2669 0.0
0.175505 -11.2988 0.0
0.760958 -9.32149 0.0
0.691112 -9.23283 0.0
0.163984 -11.2853 0.0
0.191507 -11.32 0.0
0.833072 -9.42556 0.0
0.766215 -9.32825 0.0
0.180762 -11.3055 0.0
0.206451 -11.3428 0.0
0.901761 -9.53851 0.0
0.838106 -9.43294 0.0
0.19654 -11.3274 0.0
0.220269 -11.3669 0.0
0.9668 -9.65989 0.0
0.906557 -9.54648 0.0
0.211248 -11.3508 0.0
0.232895 -11.392 0.0
1.02797 -9.78919 0.0
0.971345 -9.6684 0.0
0.224814 -11.3754 0.0
0.244276 -11.4179 0.0
1.08505 -9.92586 0.0
1.03225 -9.79821 0.0
0.237177 -11.401 0.0
0.254371 -11.4443 0.0
1.13784 -10.0693 0.0
1.08905 -9.93536 0.0
0.248281 -11.4274 0.0
0.263167 -11.4708 0.0
1.18617 -10.2189 0.0
1.14156 -10.0793 0.0
0.25809 -11.4542 0.0
0.270679 -11.4971 0.0
1.22984 -10.3739 0.0
1.18959 -10.2292 0.0
0.266587 -11.4812 0.0
0.276957 -11.5229 0.0
1.26868 -10.5334 0.0
1.23295 -10.3845 0.0
0.273787 -11.5078 0.0
0.282088 -11.5477 0.0
1.30253 -10.6962 0.0
1.27147 -10.5443 0.0
0.279738 -11.5338 0.0
0.286192 -11.5713 0.0
1.33122 -10.8606 0.0
1.30497 -10.7073 0.0
0.284523 -11.5588 0.0
0.289408 -11.5933 0.0
1.35464 -11.0241 0.0
1.33329 -10.8718 0.0
0.288259 -11.5824 0.0
0.291878 -11.6135 0.0
1.37283 -11.1825 0.0
1.35632 -11.0351 0.0
0.291087 -11.6043 0.0
0.293728 -11.6316 0.0
1.38611 -11.3294 0.0
1.37411 -11.1929 0.0
0.293156 -11.624 0.0
0.295044 -11.647 0.0
1.39508 -11.4561 0.0
1.38698 -11.3388 0.0
0.294598 -11.6409 0.0
0.295848 -11.6595 0.0
1.40051 -11.5531 0.0
1.39552 -11.4638 0.0
0.295483 -11.6547 0.0
-1.52385 -11.5401 0.0
-1.51886 -11.4508 0.0
-2.79874 -11.2791 0.0
-2.80803 -11.482 0.0
-1.51775 -11.4311 0.0
-1.50965 -11.3137 0.0
-2.78103 -10.9921 0.0
-2.79763 -11.2593 0.0
-1.5075 -11.2899 0.0
-1.4955 -11.1534 0.0
-2.75347 -10.6681 0.0
-2.77888 -10.9683 0.0
-1.49259 -11.1275 0.0
-1.47607 -10.9801 0.0
-2.71557 -10.329 0.0
-2.75055 -10.6422 0.0
-1.47243 -10.9534 0.0
-1.45107 -10.8011 0.0
-2.66717 -9.98689 0.0
-2.71192 -10.3023 0.0
-1.44667 -10.7742 0.0
-1.42042 -10.6209 0.0
-2.60838 -9.64783 0.0
-2.66278 -9.96004 0.0
-1.41526 -10.5944 0.0
-1.38419 -10.4425 0.0
-2.5394 -9.31535 0.0
-2.60322 -9.62128 0.0
-1.37826 -10.4165 0.0
-1.34252 -10.2677 0.0
-2.46049 -8.99169 0.0
-2.53347 -9.28935 0.0
-1.33583 -10.2424 0.0
-1.29558 -10.0978 0.0
-2.37198 -8.67852 0.0
-2.4538 -8.96641 0.0
-1.28815 -10.0733 0.0
-1.24354 -9.93368 0.0
-2.27421 -8.37725 0.0
-2.36455 -8.6541 0.0
-1.23539 -9.91024 0.0
-1.1866 -9.77628 0.0
-2.16756 -8.08911 0.0
-2.26606 -8.3538 0.0
-1.17776 -9.75392 0.0
-1.12496 -9.62627 0.0
-2.05245 -7.81526 0.0
-2.15872 -8.06675 0.0
-1.11546 -9.60508 0.0
-1.05884 -9.4843 0.0
-1.92931 -7.55676 0.0
-2.04295 -7.79407 0.0
-1.04872 -9.46436 0.0
-0.988479 -9.35095 0.0
-1.79861 -7.31461 0.0
-1.91918 -7.53682 0.0
-0.977772 -9.33235 0.0
-0.914116 -9.22677 0.0
-1.66083 -7.08972 0.0
-1.7879 -7.29601 0.0
-0.90286 -9.20958 0.0
-0.836004 -9.11226 0.0
-1.51647 -6.88294 0.0
-1.64957 -7.07253 0.0
-0.824238 -9.09654 0.0
-0.754392 -9.00789 0.0
-1.36604 -6.69507 0.0
-1.50471 -6.86723 0.0
-0.742155 -8.99371 0.0
-0.669527 -8.91409 0.0
-1.21003 -6.52682 0.0
-1.3538 -6.68089 0.0
-0.656859 -8.90151 0.0
-0.58165 -8.83129 0.0
-1.04895 -6.37887 0.0
-1.19736 -6.51424 0.0
-0.568588 -8.82036 0.0
-0.490998 -8.7599 0.0
-0.883288 -6.25189 0.0
-1.03589 -6.36795 0.0
-0.477583 -8.75068 0.0
-0.397824 -8.70035 0.0
-0.713573 -6.14652 0.0
-0.869873 -6.24267 0.0
-0.3841 -8.6929 0.0
-0.302422 -8.65311 0.0
-0.540373 -6.06341 0.0
-0.699849 -6.13907 0.0
-0.288437 -8.64747 0.0
-0.205165 -8.61864 0.0
-0.36435 -6.00318 0.0
-0.526389 -6.05776 0.0
-0.190981 -8.61485 0.0
-0.106544 -8.59736 0.0
-0.186305 -5.96639 0.0
-0.350167 -5.99939 0.0
-0.092234 -8.59546 0.0
-0.00717681 -8.58959 0.0
-0.00717681 -5.95344 0.0
-0.171994 -5.96449 0.0
0.00717677 -8.58959 0.0
0.092234 -8.59546 0.0
0.171994 -5.96449 0.0
0.00717677 -5.95344 0.0
0.106544 -8.59736 0.0
0.190981 -8.61485 0.0
0.350167 -5.99939 0.0
0.186304 -5.96639 0.0
0.205165 -8.61864 0.0
0.288437 -8.64747 0.0
0.526388 -6.05776 0.0
0.36435 -6.00318 0.0
0.302422 -8.65311 0.0
0.384099 -8.6929 0.0
0.699849 -6.13907 0.0
0.540373 -6.06341 0.0
0.397824 -8.70035 0.0
0.477583 -8.75068 0.0
0.869873 -6.24267 0.0
0.713573 -6.14652 0.0
0.490998 -8.7599 0.0
0.568588 -8.82036 0.0
1.03589 -6.36795 0.0
0.883288 -6.25189 0.0
0.58165 -8.83129 0.0
0.656859 -8.90151 0.0
1.19736 -6.51424 0.0
1.04895 -6.37887 0.0
0.669527 -8.91409 0.0
0.742155 -8.99371 0.0
1.3538 -6.68089 0.0
1.21003 -6.52682 0.0
0.754392 -9.00789 0.0
0.824238 -9.09654 0.0
1.50471 -6.86723 0.0
1.36604 -6.69507 0.0
0.836004 -9.11226 0.0
0.90286 -9.20958 0.0
1.64957 -7.07253 0.0
1.51647 -6.88294 0.0
0.914116 -9.22677 0.0
0.977772 -9.33235 0.0
1.7879 -7.29601 0.0
1.66083 -7.08972 0.0
0.988479 -9.35095 0.0
1.04872 -9.46436 0.0
1.91918 -7.53682 0.0
1.79861 -7.31461 0.0
1.05884 -9.4843 0.0
1.11546 -9.60508 0.0
2.04295 -7.79407 0.0
1.92931 -7.55676 0.0
1.12496 -9.62627 0.0
1.17776 -9.75392 0.0
2.15872 -8.06675 0.0
2.05245 -7.81526 0.0
1.1866 -9.77628 0.0
1.23539 -9.91024 0.0
2.26606 -8.3538 0.0
2.16756 -8.08911 0.0
1.24354 -9.93368 0.0
1.28815 -10.0733 0.0
2.36455 -8.6541 0.0
2.27421 -8.37725 0.0
1.29558 -10.0978 0.0
1.33583 -10.2424 0.0
2.4538 -8.96641 0.0
2.37198 -8.67852 0.0
1.34252 -10.2677 0.0
1.37826 -10.4165 0.0
2.53347 -9.28935 0.0
2.46049 -8.99169 0.0
1.38419 -10.4425 0.0
1.41526 -10.5944 0.0
2.60322 -9.62128 0.0
2.5394 -9.31535 0.0
1.42042 -10.6209 0.0
1.44667 -10.7742 0.0
2.66278 -9.96004 0.0
2.60838 -9.64783 0.0
1.45107 -10.8011 0.0
1.47243 -10.9534 0.0
2.71192 -10.3023 0.0
2.66717 -9.98689 0.0
1.47607 -10.9801 0.0
1.49259 -11.1275 0.0
2.75055 -10.6422 0.0
2.71557 -10.329 0.0
1.4955 -11.1534 0.0
1.5075 -11.2899 0.0
2.77888 -10.9683 0.0
2.75347 -10.6681 0.0
1.50965 -11.3137 0.0
1.51775 -11.4311 0.0
2.79763 -11.2593 0.0
2.78103 -10.9921 0.0
1.51886 -11.4508 0.0
1.52385 -11.5401 0.0
2.80803 -11.482 0.0
2.79874 -11.2791 0.0
-2.9382 -11.2676 0.0
-4.22815 -11.1049 0.0
-4.24071 -11.4352 0.0
-2.94749 -11.4705 0.0
-2.91967 -10.9656 0.0
-4.20199 -10.6414 0.0
-4.22622 -11.0702 0.0
-2.93627 -11.2329 0.0
-2.89102 -10.6241 0.0
-4.16066 -10.1309 0.0
-4.19875 -10.6001 0.0
-2.91643 -10.9243 0.0
-2.85158 -10.267 0.0
-4.10344 -9.60641 0.0
-4.15619 -10.0869 0.0
-2.88656 -10.5801 0.0
-2.80109 -9.90686 0.0
-4.03023 -9.08277 0.0
-4.0977 -9.56172 0.0
-2.84583 -10.2223 0.0
-2.73963 -9.55024 0.0
-3.94121 -8.56683 0.0
-4.02317 -9.03836 0.0
-2.79403 -9.86245 0.0
-2.66744 -9.20068 0.0
-3.83672 -8.06243 0.0
-3.93284 -8.5232 0.0
-2.73127 -9.50661 0.0
-2.58481 -8.86047 0.0
-3.71718 -7.57218 0.0
-3.82706 -8.01987 0.0
-2.65778 -9.15812 0.0
-2.49206 -8.53132 0.0
-3.58306 -7.09826 0.0
-3.70625 -7.53092 0.0
-2.57388 -8.8192 0.0
-2.38957 -8.21468 0.0
-3.43491 -6.64261 0.0
-3.57092 -7.05848 0.0
-2.47991 -8.49153 0.0
-2.27775 -7.91184 0.0
-3.27329 -6.20702 0.0
-3.42159 -6.60447 0.0
-2.37625 -8.17654 0.0
-2.15703 -7.62401 0.0
-3.09886 -5.79321 0.0
-3.25885 -6.17068 0.0
-2.26331 -7.8755 0.0
-2.02788 -7.3523 0.0
-2.91228 -5.40276 0.0
-3.08335 -5.7588 0.0
-2.14152 -7.5896 0.0
-1.89078 -7.09774 0.0
-2.71428 -5.03718 0.0
-2.89576 -5.37042 0.0
-2.01136 -7.31996 0.0
-1.74625 -6.86131 0.0
-2.50561 -4.69787 0.0
-2.69682 -5.00704 0.0
-1.87331 -7.0676 0.0
-1.5948 -6.6439 0.0
-2.28704 -4.38611 0.0
-2.48726 -4.67003 0.0
-1.7279 -6.83348 0.0
-1.43697 -6.44632 0.0
-2.05937 -4.10309 0.0
-2.26788 -4.36069 0.0
-1.57564 -6.61848 0.0
-1.2733 -6.26934 0.0
-1.82341 -3.8499 0.0
-2.03947 -4.08018 0.0
-1.41707 -6.42341 0.0
-1.1043 -6.11368 0.0
-1.57996 -3.62756 0.0
-1.80282 -3.8296 0.0
-1.25271 -6.24904 0.0
-0.930505 -5.98001 0.0
-1.32983 -3.437 0.0
-1.55876 -3.60995 0.0
-1.0831 -6.09607 0.0
-0.752471 -5.86902 0.0
-1.07388 -3.27913 0.0
-1.3081 -3.42216 0.0
-0.908771 -5.96517 0.0
-0.570795 -5.78137 0.0
-0.812997 -3.15481 0.0
-1.05168 -3.26714 0.0
-0.730271 -5.85703 0.0
-0.386173 -5.71771 0.0
-0.548191 -3.06484 0.0
-0.790412 -3.14573 0.0
-0.548211 -5.77229 0.0
-0.199435 -5.67862 0.0
-0.280611 -3.00992 0.0
-0.525316 -3.05875 0.0
-0.363298 -5.71162 0.0
-0.01156 -5.66452 0.0
-0.01156 -2.99053 0.0
-0.257553 -3.00686 0.0
-0.176378 -5.67556 0.0
0.176378 -5.67556 0.0
0.257553 -3.00686 0.0
0.01156 -2.99053 0.0
0.01156 -5.66452 0.0
0.363297 -5.71162 0.0
0.525316 -3.05875 0.0
0.280611 -3.00992 0.0
0.199435 -5.67862 0.0
0.548211 -5.77229 0.0
0.790412 -3.14573 0.0
0.548191 -3.06484 0.0
0.386173 -5.71771 0.0
0.730271 -5.85703 0.0
1.05168 -3.26714 0.0
0.812997 -3.15481 0.0
0.570795 -5.78137 0.0
0.908771 -5.96517 0.0
1.3081 -3.42216 0.0
1.07388 -3.27913 0.0
0.752471 -5.86902 0.0
1.0831 -6.09607 0.0
1.55876 -3.60995 0.0
1.32983 -3.437 0.0
0.930505 -5.98001 0.0
1.25271 -6.24904 0.0
1.80282 -3.8296 0.0
1.57996 -3.62756 0.0
1.1043 -6.11368 0.0
1.41707 -6.42341 0.0
2.03947 -4.08018 0.0
1.82341 -3.8499 0.0
1.2733 -6.26934 0.0
1.57564 -6.61848 0.0
2.26788 -4.36069 0.0
2.05937 -4.10309 0.0
1.43697 -6.44632 0.0
1.7279 -6.83348 0.0
2.48726 -4.67003 0.0
2.28704 -4.38611 0.0
1.5948 -6.6439 0.0
1.87331 -7.0676 0.0
2.69682 -5.00704 0.0
2.50561 -4.69787 0.0
1.74625 -6.86131 0.0
2.01136 -7.31996 0.0
2.89576 -5.37042 0.0
2.71428 -5.03718 0.0
1.89078 -7.09774 0.0
2.14152 -7.5896 0.0
3.08335 -5.7588 0.0
2.91228 -5.40276 0.0
2.02788 -7.3523 0.0
2.26331 -7.8755 0.0
3.25885 -6.17068 0.0
3.09886 -5.79321 0.0
2.15703 -7.62401 0.0
2.37625 -8.17654 0.0
3.42159 -6.60447 0.0
3.27329 -6.20702 0.0
2.27775 -7.91184 0.0
2.47991 -8.49153 0.0
3.57092 -7.05848 0.0
3.43491 -6.64261 0.0
2.38957 -8.21468 0.0
2.57388 -8.8192 0.0
3.70625 -7.53092 0.0
3.58306 -7.09826 0.0
2.49206 -8.53132 0.0
2.65778 -9.15812 0.0
3.82706 -8.01987 0.0
3.71718 -7.57218 0.0
2.58481 -8.86047 0.0
2.73127 -9.50661 0.0
3.93284 -8.5232 0.0
3.83672 -8.06243 0.0
2.66744 -9.20068 0.0
2.79403 -9.86245 0.0
4.02317 -9.03836 0.0
3.94121 -8.56683 0.0
2.73963 -9.55024 0.0
2.84583 -10.2223 0.0
4.0977 -9.56172 0.0
4.03023 -9.08277 0.0
2.80109 -9.90686 0.0
2.88656 -10.5801 0.0
4.15619 -10.0869 0.0
4.10344 -9.60641 0.0
2.85158 -10.267 0.0
2.91643 -10.9243 0.0
4.19875 -10.6001 0.0
4.16066 -10.1309 0.0
2.89102 -10.6241 0.0
2.93627 -11.2329 0.0
4.22622 -11.0702 0.0
4.20199 -10.6414 0.0
2.91967 -10.9656 0.0
2.9382 -11.2676 0.0
2.94749 -11.4705 0.0
4.24071 -11.4352 0.0
4.22815 -11.1049 0.0
-4.37013 -11.0944 0.0
-5.66169 -10.9333 0.0
-5.67724 -11.3998 0.0
-4.38268 -11.4246 0.0
-4.34334 -10.6146 0.0
-5.62738 -10.2872 0.0
-5.65914 -10.8823 0.0
-4.36757 -11.0434 0.0
-4.30097 -10.0858 0.0
-5.57239 -9.58866 0.0
-5.62311 -10.2276 0.0
-4.33906 -10.555 0.0
-4.24217 -9.54277 0.0
-5.49587 -8.87897 0.0
-5.56634 -9.52614 0.0
-4.29492 -10.0232 0.0
-4.16678 -9.00095 0.0
-5.39779 -8.17427 0.0
-5.48795 -8.8161 0.0
-4.23425 -9.4799 0.0
-4.07503 -8.46727 0.0
-5.27848 -7.48167 0.0
-5.388 -8.11211 0.0
-4.15699 -8.93879 0.0
-3.96726 -7.94558 0.0
-5.13842 -6.8053 0.0
-5.26684 -7.42076 0.0
-4.06338 -8.40635 0.0
-3.84393 -7.43856 0.0
-4.97817 -6.14823 0.0
-5.12496 -6.74596 0.0
-3.9538 -7.88624 0.0
-3.70551 -6.94841 0.0
-4.79837 -5.5132 0.0
-4.96294 -6.09074 0.0
-3.8287 -7.38107 0.0
-3.55256 -6.47713 0.0
-4.59972 -4.90272 0.0
-4.78143 -5.45779 0.0
-3.68857 -6.893 0.0
-3.3857 -6.02658 0.0
-4.38302 -4.3192 0.0
-4.58114 -4.84961 0.0
-3.53399 -6.42402 0.0
-3.20556 -5.59851 0.0
-4.14912 -3.76491 0.0
-4.36288 -4.26861 0.0
-3.36555 -5.97598 0.0
-3.01287 -5.19458 0.0
-3.89893 -3.242 0.0
-4.12749 -3.71703 0.0
-3.18393 -5.55062 0.0
-2.80835 -4.81635 0.0
-3.63343 -2.75249 0.0
-3.8759 -3.19701 0.0
-2.98983 -5.14959 0.0
-2.59279 -4.46524 0.0
-3.35363 -2.29826 0.0
-3.60908 -2.71056 0.0
-2.784 -4.77442 0.0
-2.367 -4.14261 0.0
-3.0606 -1.88105 0.0
-3.32806 -2.25956 0.0
-2.56722 -4.42654 0.0
-2.13179 -3.84968 0.0
-2.75541 -1.50246 0.0
-3.0339 -1.84572 0.0
-2.3403 -4.10728 0.0
-1.888 -3.58759 0.0
-2.43919 -1.16396 0.0
-2.72768 -1.47064 0.0
-2.10406 -3.81787 0.0
-1.63646 -3.35736 0.0
-2.11304 -0.866897 0.0
-2.41052 -1.13578 0.0
-1.85933 -3.5594 0.0
-1.37803 -3.15999 0.0
-1.77812 -0.612502 0.0
-2.08354 -0.842469 0.0
-1.60696 -3.33293 0.0
-1.11358 -2.99639 0.0
-1.43559 -0.40193 0.0
-1.74789 -0.591933 0.0
-1.3478 -3.13942 0.0
-0.844045 -2.86746 0.0
-1.08669 -0.236253 0.0
-1.40473 -0.38532 0.0
-1.08273 -2.97978 0.0
-0.570459 -2.77401 0.0
-0.732764 -0.11645 0.0
-1.05532 -0.223696 0.0
-0.81268 -2.8549 0.0
-0.294008 -2.71676 0.0
-0.375324 -0.0433394 0.0
-0.701018 -0.108026 0.0
-0.538713 -2.76558 0.0
-0.016032 -2.6962 0.0
-0.016032 -0.0174883 0.0
-0.343341 -0.0391106 0.0
-0.262025 -2.71253 0.0
0.262025 -2.71253 0.0
0.343341 -0.0391106 0.0
0.0160319 -0.0174883 0.0
0.0160319 -2.6962 0.0
0.538713 -2.76558 0.0
0.701018 -0.108026 0.0
0.375324 -0.0433394 0.0
0.294008 -2.71676 0.0
0.81268 -2.8549 0.0
1.05532 -0.223696 0.0
0.732764 -0.11645 0.0
0.570459 -2.77401 0.0
1.08273 -2.97978 0.0
1.40473 -0.38532 0.0
1.08669 -0.236253 0.0
0.844045 -2.86746 0.0
1.3478 -3.13942 0.0
1.74789 -0.591933 0.0
1.43559 -0.40193 0.0
1.11358 -2.99639 0.0
1.60696 -3.33293 0.0
2.08354 -0.842469 0.0
1.77812 -0.612502 0.0
1.37803 -3.15999 0.0
1.85933 -3.5594 0.0
2.41052 -1.13578 0.0
2.11304 -0.866897 0.0
1.63646 -3.35736 0.0
2.10406 -3.81787 0.0
2.72768 -1.47064 0.0
2.43919 -1.16396 0.0
1.888 -3.58759 0.0
2.3403 -4.10728 0.0
3.0339 -1.84572 0.0
2.75541 -1.50246 0.0
2.13179 -3.84968 0.0
2.56722 -4.42654 0.0
3.32806 -2.25956 0.0
3.0606 -1.88105 0.0
2.367 -4.14261 0.0
2.784 -4.77442 0.0
3.60908 -2.71056 0.0
3.35363 -2.29826 0.0
2.59279 -4.46524 0.0
2.98983 -5.14959 0.0
3.8759 -3.19701 0.0
3.63343 -2.75249 0.0
2.80835 -4.81635 0.0
3.18393 -5.55062 0.0
4.12749 -3.71703 0.0
3.89893 -3.242 0.0
3.01287 -5.19458 0.0
3.36555 -5.97598 0.0
4.36288 -4.26861 0.0
4.14912 -3.76491 0.0
3.20556 -5.59851 0.0
3.53399 -6.42402 0.0
4.58114 -4.84961 0.0
4.38302 -4.3192 0.0
3.3857 -6.02658 0.0
3.68857 -6.893 0.0
4.78143 -5.45779 0.0
4.59972 -4.90272 0.0
3.55256 -6.47713 0.0
3.8287 -7.38107 0.0
4.96294 -6.09074 0.0
4.79837 -5.5132 0.0
3.70551 -6.94841 0.0
3.9538 -7.88624 0.0
5.12496 -6.74596 0.0
4.97817 -6.14823 0.0
3.84393 -7.43856 0.0
4.06338 -8.40635 0.0
5.26684 -7.42076 0.0
5.13842 -6.8053 0.0
3.96726 -7.94558 0.0
4.15699 -8.93879 0.0
5.388 -8.11211 0.0
5.27848 -7.48167 0.0
4.07503 -8.46727 0.0
4.23425 -9.4799 0.0
5.48795 -8.8161 0.0
5.39779 -8.17427 0.0
4.16678 -9.00095 0.0
4.29492 -10.0232 0.0
5.56634 -9.52614 0.0
5.49587 -8.87897 0.0
4.24217 -9.54277 0.0
4.33906 -10.555 0.0
5.62311 -10.2276 0.0
5.57239 -9.58866 0.0
4.30097 -10.0858 0.0
4.36757 -11.0434 0.0
5.65914 -10.8823 0.0
5.62738 -10.2872 0.0
4.34334 -10.6146 0.0
4.37013 -11.0944 0.0
4.38268 -11.4246 0.0
5.67724 -11.3998 0.0
5.66169 -10.9333 0.0
-5.80446 -10.9233 0.0
-7.09633 -10.7622 0.0
-7.11473 -11.3712 0.0
-5.82 -11.3898 0.0
-5.76958 -10.2602 0.0
-7.05394 -9.93057 0.0
-7.0932 -10.6942 0.0
-5.80133 -10.8553 0.0
-5.71353 -9.54301 0.0
-6.98524 -9.044 0.0
-7.04861 -9.85229 0.0
-5.76425 -10.1819 0.0
-5.63537 -8.81475 0.0
-6.88935 -8.14972 0.0
-6.97755 -8.96291 0.0
-5.70584 -9.46192 0.0
-5.53508 -8.09186 0.0
-6.76637 -7.26444 0.0
-6.87923 -8.06866 0.0
-5.62525 -8.73369 0.0
-5.41302 -7.3815 0.0
-6.61674 -6.39542 0.0
-6.75381 -7.18452 0.0
-5.52253 -8.01194 0.0
-5.26966 -6.6878 0.0
-6.44108 -5.54714 0.0
-6.60179 -6.31718 0.0
-5.39807 -7.30326 0.0
-5.10558 -6.0139 0.0
-6.24008 -4.72323 0.0
-6.42379 -5.47097 0.0
-5.25237 -6.61163 0.0
-4.92145 -5.36257 0.0
-6.01455 -3.92702 0.0
-6.22052 -4.64945 0.0
-5.08603 -5.94011 0.0
-4.71799 -4.73639 0.0
-5.76538 -3.16164 0.0
-5.9928 -3.85591 0.0
-4.8997 -5.29146 0.0
-4.49601 -4.13783 0.0
-5.49355 -2.43009 0.0
-5.74152 -3.09349 0.0
-4.69413 -4.66824 0.0
-4.25638 -3.56922 0.0
-5.20014 -1.73522 0.0
-5.46768 -2.36517 0.0
-4.47014 -4.07291 0.0
-4.00004 -3.03276 0.0
-4.8863 -1.07975 0.0
-5.17236 -1.67378 0.0
-4.2286 -3.50778 0.0
-3.728 -2.53052 0.0
-4.55325 -0.466212 0.0
-4.85672 -1.02203 0.0
-3.97046 -2.97504 0.0
-3.44128 -2.06444 0.0
-4.20227 0.103027 0.0
-4.52198 -0.412432 0.0
-3.69672 -2.47674 0.0
-3.14098 -1.6363 0.0
-3.83472 0.62577 0.0
-4.16944 0.152658 0.0
-3.40844 -2.01481 0.0
-2.82821 -1.24775 0.0
-3.45195 1.1 0.0
-3.80043 0.67106 0.0
-3.10669 -1.59101 0.0
-2.50411 -0.900294 0.0
-3.0554 1.52387 0.0
-3.41635 1.14077 0.0
-2.79261 -1.20698 0.0
-2.16984 -0.595309 0.0
-2.6465 1.89571 0.0
-3.01861 1.55997 0.0
-2.46732 -0.864195 0.0
-1.82657 -0.334065 0.0
-2.22671 2.21399 0.0
-2.60865 1.92699 0.0
-2.13199 -0.564032 0.0
-1.47549 -0.117741 0.0
-1.79753 2.47729 0.0
-2.18793 2.24031 0.0
-1.78779 -0.307745 0.0
-1.11789 0.0525663 0.0
-1.36055 2.68433 0.0
-1.75797 2.49853 0.0
-1.43594 -0.0965005 0.0
-0.755143 0.175861 0.0
-0.917457 2.83398 0.0
-1.32036 2.70038 0.0
-1.0777 0.068615 0.0
-0.388788 0.251308 0.0
-0.470108 2.92528 0.0
-0.876795 2.84474 0.0
-0.714482 0.186622 0.0
-0.020526 0.278331 0.0
-0.020526 2.95759 0.0
-0.429155 2.93068 0.0
-0.347835 0.256708 0.0
0.347835 0.256708 0.0
0.429155 2.93068 0.0
0.0205261 2.95759 0.0
0.020526 0.278331 0.0
0.714482 0.186622 0.0
0.876795 2.84474 0.0
0.470108 2.92528 0.0
0.388788 0.251308 0.0
1.0777 0.068615 0.0
1.32036 2.70038 0.0
0.917457 2.83398 0.0
0.755143 0.175861 0.0
1.43594 -0.0965005 0.0
1.75797 2.49853 0.0
1.36055 2.68433 0.0
1.11789 0.0525663 0.0
1.78779 -0.307745 0.0
2.18793 2.24031 0.0
1.79753 2.47729 0.0
1.47549 -0.117741 0.0
2.13199 -0.564032 0.0
2.60865 1.92699 0.0
2.22671 2.21399 0.0
1.82657 -0.334065 0.0
2.46732 -0.864195 0.0
3.01861 1.55997 0.0
2.6465 1.89571 0.0
2.16984 -0.595309 0.0
2.79261 -1.20698 0.0
3.41635 1.14077 0.0
3.0554 1.52387 0.0
2.50411 -0.900294 0.0
3.10669 -1.59101 0.0
3.80043 0.67106 0.0
3.45195 1.1 0.0
2.82821 -1.24775 0.0
3.40844 -2.01481 0.0
4.16943 0.152658 0.0
3.83472 0.62577 0.0
3.14098 -1.6363 0.0
3.69672 -2.47674 0.0
4.52198 -0.412432 0.0
4.20227 0.103027 0.0
3.44128 -2.06444 0.0
3.97046 -2.97504 0.0
4.85672 -1.02203 0.0
4.55325 -0.466211 0.0
3.728 -2.53052 0.0
4.2286 -3.50778 0.0
5.17236 -1.67378 0.0
4.8863 -1.07975 0.0
4.00004 -3.03276 0.0
4.47014 -4.07291 0.0
5.46768 -2.36517 0.0
5.20014 -1.73522 0.0
4.25638 -3.56922 0.0
4.69413 -4.66824 0.0
5.74152 -3.09349 0.0
5.49355 -2.43009 0.0
4.49601 -4.13783 0.0
4.8997 -5.29146 0.0
5.9928 -3.85591 0.0
5.76538 -3.16164 0.0
4.71799 -4.73639 0.0
5.08603 -5.94011 0.0
6.22052 -4.64945 0.0
6.01455 -3.92702 0.0
4.92145 -5.36257 0.0
5.25237 -6.61163 0.0
6.42379 -5.47097 0.0
6.24008 -4.72323 0.0
5.10558 -6.0139 0.0
5.39807 -7.30326 0.0
6.60179 -6.31718 0.0
6.44108 -5.54714 0.0
5.26966 -6.6878 0.0
5.52253 -8.01194 0.0
6.75381 -7.18452 0.0
6.61674 -6.39542 0.0
5.41302 -7.3815 0.0
5.62525 -8.73369 0.0
6.87923 -8.06866 0.0
6.76637 -7.26444 0.0
5.53508 -8.09186 0.0
5.70584 -9.46192 0.0
6.97755 -8.96291 0.0
6.88935 -8.14972 0.0
5.63537 -8.81475 0.0
5.76425 -10.1819 0.0
7.04861 -9.85229 0.0
6.98524 -9.044 0.0
5.71353 -9.54301 0.0
5.80133 -10.8553 0.0
7.0932 -10.6942 0.0
7.05394 -9.93057 0.0
5.76958 -10.2602 0.0
5.80446 -10.9233 0.0
5.82 -11.3898 0.0
7.11473 -11.3712 0.0
7.09633 -10.7622 0.0
-7.23944 -10.7523 0.0
-8.53136 -10.5908 0.0
-8.55254 -11.3467 0.0
-7.25784 -11.3613 0.0
-7.19649 -9.90336 0.0
-8.48094 -9.57225 0.0
-8.52767 -10.5054 0.0
-7.23575 -10.667 0.0
-7.12672 -8.99807 0.0
-8.39853 -8.49805 0.0
-8.47454 -9.47524 0.0
-7.19009 -9.80636 0.0
-7.02917 -8.08524 0.0
-8.28326 -7.4197 0.0
-8.38919 -8.39841 0.0
-7.11738 -8.89843 0.0
-6.90397 -7.18179 0.0
-8.13536 -6.35414 0.0
-8.27092 -7.32047 0.0
-7.01683 -7.98601 0.0
-6.75156 -6.295 0.0
-7.95542 -5.30881 0.0
-8.12003 -6.25645 0.0
-6.88864 -7.0841 0.0
-6.57259 -5.42938 0.0
-7.74414 -4.28866 0.0
-7.93716 -5.21323 0.0
-6.73331 -6.19942 0.0
-6.36776 -4.58862 0.0
-7.50239 -3.29789 0.0
-7.72302 -4.19562 0.0
-6.55147 -5.33635 0.0
-6.13789 -3.77607 0.0
-7.23112 -2.34045 0.0
-7.4785 -3.20777 0.0
-6.34387 -4.4985 0.0
-5.8839 -2.99496 0.0
-6.93141 -1.42011 0.0
-7.20455 -2.25361 0.0
-6.11132 -3.68923 0.0
-5.60678 -2.24834 0.0
-6.60444 -0.540486 0.0
-6.90226 -1.33689 0.0
-5.85475 -2.91174 0.0
-5.30763 -1.53912 0.0
-6.2515 0.294997 0.0
-6.57283 -0.461212 0.0
-5.57517 -2.16906 0.0
-4.98763 -0.870068 0.0
-5.87399 1.08308 0.0
-6.21756 0.370016 0.0
-5.27369 -1.4641 0.0
-4.64802 -0.243775 0.0
-5.47336 1.82068 0.0
-5.83784 1.15355 0.0
-4.95149 -0.799595 0.0
-4.29011 0.337338 0.0
-5.05118 2.50497 0.0
-5.43515 1.88634 0.0
-4.60981 -0.178121 0.0
-3.91526 0.871031 0.0
-4.60907 3.13327 0.0
-5.01106 2.56555 0.0
-4.24998 0.397919 0.0
-3.5249 1.35524 0.0
-4.1487 3.70317 0.0
-4.56718 3.18855 0.0
-3.87338 0.926305 0.0
-3.12046 1.78809 0.0
-3.67179 4.21244 0.0
-4.10521 3.75292 0.0
-3.48141 1.40499 0.0
-2.70341 2.16787 0.0
-3.18009 4.65906 0.0
-3.62685 4.25647 0.0
-3.07552 1.83213 0.0
-2.27525 2.493 0.0
-2.6754 5.04121 0.0
-3.13387 4.6972 0.0
-2.65719 2.206 0.0
-1.83752 2.76206 0.0
-2.15956 5.35723 0.0
-2.62807 5.07329 0.0
-2.22792 2.52508 0.0
-1.39182 2.97374 0.0
-1.63448 5.60562 0.0
-2.11128 5.38311 0.0
-1.78924 2.78794 0.0
-0.93988 3.12688 0.0
-1.1022 5.7851 0.0
-1.58544 5.62517 0.0
-1.34278 2.99328 0.0
-0.483598 3.22052 0.0
-0.564926 5.89459 0.0
-1.0526 5.7982 0.0
-0.890286 3.13998 0.0
-0.0250283 3.25401 0.0
-0.0250064 5.93338 0.0
-0.514985 5.90116 0.0
-0.433657 3.22709 0.0
0.433659 3.22709 0.0
0.51499 5.90115 0.0
0.0250516 5.93337 0.0
0.0250297 3.25401 0.0
0.890286 3.13998 0.0
1.0526 5.79819 0.0
0.56493 5.89458 0.0
0.483598 3.22052 0.0
1.34278 2.99328 0.0
1.58544 5.62517 0.0
1.1022 5.7851 0.0
0.93988 3.12688 0.0
1.78924 2.78794 0.0
2.11128 5.38311 0.0
1.63448 5.60562 0.0
1.39182 2.97374 0.0
2.22792 2.52508 0.0
2.62807 5.07329 0.0
2.15956 5.35723 0.0
1.83752 2.76206 0.0
2.65719 2.206 0.0
3.13387 4.6972 0.0
2.6754 5.04121 0.0
2.27525 2.493 0.0
3.07552 1.83213 0.0
3.62685 4.25647 0.0
3.18009 4.65906 0.0
2.70341 2.16787 0.0
3.48141 1.40499 0.0
4.10521 3.75292 0.0
3.67179 4.21244 0.0
3.12046 1.78809 0.0
3.87338 0.926305 0.0
4.56718 3.18855 0.0
4.1487 3.70317 0.0
3.5249 1.35524 0.0
4.24998 0.397919 0.0
5.01106 2.56555 0.0
4.60907 3.13327 0.0
3.91526 0.871031 0.0
4.60981 -0.178121 0.0
5.43515 1.88634 0.0
5.05118 2.50497 0.0
4.29011 0.337338 0.0
4.95149 -0.799595 0.0
5.83784 1.15355 0.0
5.47336 1.82068 0.0
4.64802 -0.243775 0.0
5.27369 -1.4641 0.0
6.21756 0.370017 0.0
5.87399 1.08307 0.0
4.98763 -0.870068 0.0
5.57517 -2.16906 0.0
6.57283 -0.461211 0.0
6.2515 0.294997 0.0
5.30763 -1.53912 0.0
5.85475 -2.91174 0.0
6.90226 -1.3369 0.0
6.60444 -0.540484 0.0
5.60678 -2.24834 0.0
6.11132 -3.68923 0.0
7.20455 -2.25361 0.0
6.93141 -1.42011 0.0
5.8839 -2.99496 0.0
6.34387 -4.4985 0.0
7.4785 -3.20777 0.0
7.23112 -2.34045 0.0
6.13789 -3.77607 0.0
6.55147 -5.33635 0.0
7.72302 -4.19562 0.0
7.50239 -3.29789 0.0
6.36776 -4.58862 0.0
6.73331 -6.19942 0.0
7.93716 -5.21323 0.0
7.74414 -4.28866 0.0
6.57259 -5.42938 0.0
6.88864 -7.0841 0.0
8.12003 -6.25645 0.0
7.95542 -5.30881 0.0
6.75156 -6.295 0.0
7.01683 -7.98601 0.0
8.27092 -7.32047 0.0
8.13536 -6.35414 0.0
6.90397 -7.18179 0.0
7.11738 -8.89843 0.0
8.38919 -8.39841 0.0
8.28326 -7.4197 0.0
7.02917 -8.08524 0.0
7.19009 -9.80636 0.0
8.47454 -9.47524 0.0
8.39853 -8.49805 0.0
7.12672 -8.99807 0.0
7.23575 -10.667 0.0
8.52767 -10.5054 0.0
8.48094 -9.57225 0.0
7.19649 -9.90336 0.0
7.23944 -10.7523 0.0
7.25784 -11.3613 0.0
8.55254 -11.3467 0.0
8.53136 -10.5908 0.0
-8.67464 -10.5811 0.0
-9.39997 -10.4911 0.0
-9.96639 -10.4189 0.0
-9.99027 -11.3254 0.0
-8.69582 -11.3371 0.0
-9.35974 -10.397 0.0
-8.6344 -10.487 0.0
-8.58767 -9.55376 0.0
-9.18848 -9.40185 0.0
-9.18169 -9.29221 0.0
-8.58088 -9.44411 0.0
-8.50488 -8.46691 0.0
-9.06094 -8.25465 0.0
-9.34179 -9.2427 0.0
-9.05082 -8.14203 0.0
-8.49475 -8.3543 0.0
-8.38882 -7.37559 0.0
-8.90889 -7.10683 0.0
-9.27794 -8.03961 0.0
-8.8953 -6.99449 0.0
-8.37523 -7.26324 0.0
-8.23968 -6.2969 0.0
-8.72998 -5.97484 0.0
-9.16954 -6.83477 0.0
-8.71297 -5.86406 0.0
-8.22267 -6.18613 0.0
-8.05805 -5.23849 0.0
-8.52214 -4.86581 0.0
-9.01942 -5.6438 0.0
-8.50168 -4.75718 0.0
-8.03758 -5.12986 0.0
-7.84457 -4.20528 0.0
-8.28943 -3.77964 0.0
-8.82412 -4.47883 0.0
-8.59029 -3.3436 0.0
-8.26566 -3.67378 0.0
-7.8208 -4.09942 0.0
-7.60016 -3.20169 0.0
-8.02744 -2.72311 0.0
-8.31624 -2.24709 0.0
-8.0004 -2.62044 0.0
-7.57312 -3.09902 0.0
-7.32574 -2.2317 0.0
-7.73933 -1.69608 0.0
-8.00812 -1.1905 0.0
-7.7092 -1.59711 0.0
-7.29561 -2.13272 0.0
-7.02247 -1.29922 0.0
-7.42187 -0.706256 0.0
-7.66505 -0.181741 0.0
-7.38873 -0.611348 0.0
-6.98932 -1.20431 0.0
-6.6915 -0.407903 0.0
-7.07804 0.246219 0.0
-7.29223 0.779244 0.0
-7.04208 0.33663 0.0
-6.65554 -0.317492 0.0
-6.33421 0.438717 0.0
-6.70593 1.15342 0.0
-6.66728 1.23899 0.0
-6.29556 0.524285 0.0
-5.95199 1.23734 0.0
-6.30763 2.01337 0.0
-6.89034 1.68713 0.0
-6.26644 2.09376 0.0
-5.91079 1.31773 0.0
-5.54631 1.98487 0.0
-5.88497 2.82421 0.0
-6.46062 2.53687 0.0
-5.84143 2.89909 0.0
-5.50278 2.05975 0.0
-5.1188 2.67838 0.0
-5.4376 3.57856 0.0
-6.00709 3.32936 0.0
-5.39187 3.64765 0.0
-5.07308 2.74746 0.0
-4.67109 3.31519 0.0
-4.96784 4.27503 0.0
-5.53076 4.06 0.0
-4.92011 4.33805 0.0
-4.62335 3.37821 0.0
-4.20486 3.89284 0.0
-4.47731 4.91056 0.0
-5.03366 4.72631 0.0
-4.42774 4.96728 0.0
-4.1553 3.94955 0.0
-3.72188 4.40907 0.0
-3.9677 5.48236 0.0
-4.51784 5.326 0.0
-3.91648 5.53254 0.0
-3.67065 4.45926 0.0
-3.2239 4.86185 0.0
-3.44118 5.98965 0.0
-3.9849 5.8552 0.0
-3.38852 6.0331 0.0
-3.17124 4.9053 0.0
-2.71277 5.24931 0.0
-2.89889 6.42652 0.0
-3.43784 6.31564 0.0
-2.84497 6.46306 0.0
-2.65885 5.28585 0.0
-2.19034 5.56979 0.0
-2.34321 6.79272 0.0
-2.87822 6.70383 0.0
-2.28824 6.82218 0.0
-2.13536 5.59925 0.0
-1.65855 5.82176 0.0
-1.77623 7.08634 0.0
-2.3082 7.01827 0.0
-1.72048 7.10743 0.0
-1.6028 5.84286 0.0
-1.11955 6.00279 0.0
-1.19784 7.26467 0.0
-1.73009 7.25638 0.0
-1.14156 7.27822 0.0
-1.06327 6.01634 0.0
-0.575598 6.11273 0.0
-0.615128 7.3594 0.0
-1.14603 7.41824 0.0
-0.557958 7.36945 0.0
-0.518427 6.12279 0.0
-0.0284484 6.155 0.0
-0.0262664 7.38199 0.0
-0.0304749 7.5178 0.0
-0.558072 7.50772 0.0
0.0312719 7.37812 0.0
0.0290899 6.15112 0.0
0.519028 6.1189 0.0
0.55856 7.36596 0.0
0.558525 7.50397 0.0
0.615135 7.35981 0.0
0.575603 6.11275 0.0
1.06328 6.01637 0.0
1.1416 7.27886 0.0
1.14607 7.41895 0.0
1.19788 7.26532 0.0
1.11956 6.00283 0.0
1.6028 5.8429 0.0
1.7204 7.10652 0.0
1.73016 7.25721 0.0
1.77615 7.08539 0.0
1.65856 5.82176 0.0
2.13536 5.59925 0.0
2.28809 6.821 0.0
2.30832 7.01922 0.0
2.34307 6.79154 0.0
2.19034 5.56979 0.0
2.65885 5.28585 0.0
2.84474 6.46158 0.0
2.87842 6.70502 0.0
2.89866 6.42504 0.0
2.71278 5.24931 0.0
3.17125 4.9053 0.0
3.38852 6.03303 0.0
3.43814 6.31713 0.0
3.44117 5.98958 0.0
3.2239 4.86185 0.0
3.67066 4.45926 0.0
3.91679 5.53384 0.0
3.98492 5.85525 0.0
3.968 5.48366 0.0
3.72187 4.40907 0.0
4.15529 3.94956 0.0
4.42794 4.96805 0.0
4.51747 5.32469 0.0
4.47751 4.91133 0.0
4.20486 3.89284 0.0
4.62334 3.37822 0.0
4.92014 4.33818 0.0
5.03341 4.72553 0.0
4.96788 4.27516 0.0
4.67109 3.31519 0.0
5.07308 2.74746 0.0
5.39164 3.647 0.0
5.53071 4.05988 0.0
5.43737 3.57791 0.0
5.11881 2.67838 0.0
5.50278 2.05975 0.0
5.84079 2.89751 0.0
6.00736 3.33002 0.0
5.88434 2.82263 0.0
5.54633 1.98486 0.0
5.91081 1.31773 0.0
6.26699 2.09491 0.0
6.46138 2.53845 0.0
6.30816 2.01453 0.0
5.95197 1.23735 0.0
6.29555 0.52429 0.0
6.66722 1.23891 0.0
6.88971 1.68598 0.0
6.70588 1.15333 0.0
6.33421 0.438717 0.0
6.65554 -0.317491 0.0
7.04117 0.335101 0.0
7.29228 0.779334 0.0
7.07714 0.244677 0.0
6.69152 -0.407914 0.0
6.98934 -1.20433 0.0
7.38922 -0.610668 0.0
7.66612 -0.180226 0.0
7.42234 -0.705556 0.0
7.02245 -1.29921 0.0
7.2956 -2.13271 0.0
7.7083 -1.59824 0.0
8.00757 -1.19118 0.0
7.73846 -1.69724 0.0
7.32576 -2.23171 0.0
7.57314 -3.09903 0.0
8.00099 -2.61982 0.0
8.31727 -2.24599 0.0
8.028 -2.72246 0.0
7.60015 -3.20168 0.0
7.82079 -4.09941 0.0
8.266 -3.67343 0.0
8.58963 -3.3442 0.0
8.28978 -3.77929 0.0
7.84456 -4.20527 0.0
8.03758 -5.12985 0.0
8.50159 -4.75723 0.0
8.82371 -4.47914 0.0
8.52207 -4.86587 0.0
8.05805 -5.23849 0.0
8.22267 -6.18613 0.0
8.71229 -5.86451 0.0
9.01951 -5.64374 0.0
8.72931 -5.97531 0.0
8.23969 -6.29692 0.0
8.37525 -7.26326 0.0
8.89393 -6.99522 0.0
9.17029 -6.8344 0.0
8.90753 -7.10759 0.0
8.38884 -7.37562 0.0
8.49477 -8.35434 0.0
9.05143 -8.14184 0.0
9.27944 -8.03907 0.0
9.06153 -8.2544 0.0
8.50487 -8.4669 0.0
8.58087 -9.44409 0.0
9.18143 -9.29226 0.0
9.34115 -9.24285 0.0
9.18822 -9.40193 0.0
8.58767 -9.55376 0.0
8.6344 -10.487 0.0
9.36001 -10.3969 0.0
8.67464 -10.5811 0.0
8.69582 -11.3371 0.0
9.99027 -11.3254 0.0
9.96639 -10.4189 0.0
9.40025 -10.4911 0.0
-10.7798 -11.3232 0.0
-10.0974 -11.319 0.0
-10.0735 -10.4125 0.0
-10.7169 -10.3317 0.0
-10.7124 -10.2171 0.0
-10.069 -10.2979 0.0
-10.015 -9.19495 0.0
-10.6171 -9.05739 0.0
-10.7892 -10.2001 0.0
-10.6093 -8.92939 0.0
-10.0072 -9.06694 0.0
-9.9185 -7.92132 0.0
-10.4819 -7.72145 0.0
-10.7557 -8.85479 0.0
-10.4702 -7.59051 0.0
-9.90674 -7.79038 0.0
-9.78309 -6.64652 0.0
-10.3092 -6.38998 0.0
-10.6787 -7.46516 0.0
-10.2934 -6.25956 0.0
-9.76729 -6.5161 0.0
-9.60905 -5.38785 0.0
-10.1057 -5.07699 0.0
-10.5498 -6.07877 0.0
-10.086 -4.94852 0.0
-9.5893 -5.25938 0.0
-9.39716 -4.15329 0.0
-9.86671 -3.79158 0.0
-10.3751 -4.70938 0.0
-10.1504 -3.36923 0.0
-9.84298 -3.66562 0.0
-9.37344 -4.02732 0.0
-9.14814 -2.94824 0.0
-9.59722 -2.5339 0.0
-9.88234 -2.06241 0.0
-9.56968 -2.41117 0.0
-9.1206 -2.82551 0.0
-8.86307 -1.77777 0.0
-9.2929 -1.3116 0.0
-9.56869 -0.798993 0.0
-9.26157 -1.19253 0.0
-8.83174 -1.65871 0.0
-8.54297 -0.646487 0.0
-8.9578 -0.124538 0.0
-9.21601 0.419317 0.0
-8.9229 -0.0097465 0.0
-8.50807 -0.531695 0.0
-8.18922 0.44105 0.0
-8.58857 1.0187 0.0
-8.823 1.58334 0.0
-8.55017 1.12879 0.0
-8.15081 0.551149 0.0
-7.80314 1.48058 0.0
-8.1889 2.11806 0.0
-8.39553 2.69282 0.0
-8.14723 2.22295 0.0
-7.76147 1.58547 0.0
-7.38635 2.46796 0.0
-7.75666 3.16461 0.0
-7.93424 3.7415 0.0
-7.71186 3.26389 0.0
-7.34155 2.56725 0.0
-6.94046 3.39935 0.0
-7.29439 4.1562 0.0
-7.24665 4.24948 0.0
-6.89271 3.49263 0.0
-6.46721 4.2711 0.0
-6.80334 5.08864 0.0
-7.44158 4.72557 0.0
-6.75282 5.17555 0.0
-6.41669 4.358 0.0
-5.96844 5.0798 0.0
-6.28581 5.9601 0.0
-6.91893 5.63929 0.0
-6.23277 6.04027 0.0
-5.9154 5.15997 0.0
-5.44613 5.82232 0.0
-5.74175 6.76235 0.0
-6.3708 6.48392 0.0
-5.68637 6.83548 0.0
-5.39075 5.89545 0.0
-4.90224 6.49575 0.0
-5.17393 7.49413 0.0
-5.79843 7.25432 0.0
-5.11642 7.55994 0.0
-4.84474 6.56156 0.0
-4.33884 7.09748 0.0
-4.58433 8.15222 0.0
-5.20422 7.94777 0.0
-4.52492 8.21044 0.0
-4.27943 7.1557 0.0
-3.75801 7.62512 0.0
-3.97505 8.73368 0.0
-4.59057 8.56184 0.0
-3.91396 8.78408 0.0
-3.69692 7.67552 0.0
-3.16192 8.07652 0.0
-3.3483 9.23587 0.0
-3.95993 9.09435 0.0
-3.28575 9.27823 0.0
-3.09937 8.11889 0.0
-2.55275 8.44975 0.0
-2.70635 9.65641 0.0
-3.31478 9.54336 0.0
-2.64257 9.69056 0.0
-2.48897 8.4839 0.0
-1.93278 8.74308 0.0
-2.0518 9.99525 0.0
-2.65737 9.90502 0.0
-1.98716 10.0201 0.0
-1.86813 8.76793 0.0
-1.30456 8.95415 0.0
-1.38508 10.2133 0.0
-1.99123 10.181 0.0
-1.31985 10.2291 0.0
-1.23933 8.96997 0.0
-0.670683 9.08224 0.0
-0.71273 10.3246 0.0
-1.31817 10.3689 0.0
-0.646325 10.3358 0.0
-0.604277 9.09345 0.0
-0.0329004 9.13097 0.0
-0.0276394 10.3529 0.0
-0.0380014 10.4876 0.0
-0.640337 10.4734 0.0
0.0391819 10.349 0.0
0.0339209 9.12709 0.0
0.605145 9.0895 0.0
0.647184 10.3329 0.0
0.640931 10.4701 0.0
0.712744 10.3256 0.0
0.670706 9.08225 0.0
1.23934 8.97004 0.0
1.31995 10.2307 0.0
1.31827 10.3706 0.0
1.38518 10.2149 0.0
1.30457 8.95425 0.0
1.86814 8.76803 0.0
1.98699 10.0182 0.0
1.99137 10.183 0.0
2.05165 9.99324 0.0
1.9328 8.74308 0.0
2.48899 8.48389 0.0
2.64287 9.69258 0.0
2.65766 9.90701 0.0
2.70661 9.65843 0.0
2.55273 8.44975 0.0
3.09935 8.11889 0.0
3.28601 9.27993 0.0
3.31444 9.54131 0.0
3.34856 9.23756 0.0
3.1619 8.07652 0.0
3.6969 7.67552 0.0
3.91419 8.78534 0.0
3.95958 9.09266 0.0
3.97529 8.73494 0.0
3.758 7.62512 0.0
4.27942 7.15571 0.0
4.52508 8.21116 0.0
4.59026 8.56059 0.0
4.58449 8.15294 0.0
4.33883 7.09749 0.0
4.84473 6.56156 0.0
5.11643 7.56 0.0
5.20401 7.94706 0.0
5.17394 7.4942 0.0
4.90224 6.49576 0.0
5.39075 5.89545 0.0
5.68613 6.83478 0.0
5.79841 7.25426 0.0
5.74152 6.76164 0.0
5.44614 5.82232 0.0
5.91541 5.15998 0.0
6.23217 6.03866 0.0
6.37108 6.48464 0.0
6.28522 5.95848 0.0
5.96846 5.0798 0.0
6.41671 4.35799 0.0
6.75362 5.17734 0.0
6.91965 5.64089 0.0
6.80409 5.09045 0.0
6.46719 4.2711 0.0
6.89269 3.49264 0.0
7.24692 4.25011 0.0
7.44067 4.72375 0.0
7.29468 4.15683 0.0
6.94044 3.39936 0.0
7.34154 2.56726 0.0
7.71143 3.26313 0.0
7.9339 3.74091 0.0
7.75625 3.16384 0.0
7.38636 2.46796 0.0
7.76148 1.58546 0.0
8.14719 2.22286 0.0
8.39601 2.69358 0.0
8.18885 2.11797 0.0
7.80314 1.48058 0.0
8.15081 0.551145 0.0
8.55046 1.12921 0.0
8.82306 1.58342 0.0
8.58886 1.01912 0.0
8.18921 0.441055 0.0
8.50806 -0.531682 0.0
8.92173 -0.0111887 0.0
9.21568 0.41893 0.0
8.95666 -0.126013 0.0
8.543 -0.646506 0.0
8.83176 -1.65874 0.0
9.26236 -1.19175 0.0
9.57003 -0.797621 0.0
9.29364 -1.31077 0.0
8.86304 -1.77776 0.0
9.12059 -2.82548 0.0
9.56838 -2.41234 0.0
9.88148 -2.06317 0.0
9.59596 -2.53513 0.0
9.14817 -2.94827 0.0
9.37346 -4.02736 0.0
9.84389 -3.66497 0.0
10.1518 -3.36817 0.0
9.86757 -3.79087 0.0
9.39714 -4.15326 0.0
9.5893 -5.25935 0.0
10.0843 -4.94957 0.0
10.3742 -4.70996 0.0
10.1041 -5.07813 0.0
9.60909 -5.3879 0.0
9.76731 -6.51616 0.0
10.2945 -6.25911 0.0
10.5517 -6.07791 0.0
10.3102 -6.38944 0.0
9.78307 -6.64649 0.0
9.90673 -7.79035 0.0
10.4684 -7.59116 0.0
10.6776 -7.46551 0.0
10.4802 -7.7222 0.0
9.91853 -7.92139 0.0
10.0072 -9.06701 0.0
10.6105 -8.92917 0.0
10.7576 -8.85438 0.0
10.6183 -9.05707 0.0
10.0149 -9.19491 0.0
10.069 -10.2979 0.0
10.7109 -10.2173 0.0
10.788 -10.2002 0.0
10.7153 -10.3319 0.0
10.0735 -10.4126 0.0
10.0974 -11.319 0.0
10.7813 -11.3232 0.0
-12.21 -11.3246 0.0
-11.5336 -11.3012 0.0
-11.5073 -10.2416 0.0
-12.1472 -10.1776 0.0
-12.1422 -10.0449 0.0
-11.5024 -10.1089 0.0
-11.441 -8.83598 0.0
-12.0465 -8.71266 0.0
-12.2094 -10.0026 0.0
-12.0376 -8.56608 0.0
-11.4321 -8.6894 0.0
-11.3307 -7.37586 0.0
-11.8967 -7.19057 0.0
-12.1672 -8.467 0.0
-11.8832 -7.04119 0.0
-11.3172 -7.22648 0.0
-11.1757 -5.9179 0.0
-11.7086 -5.67385 0.0
-12.0711 -6.89305 0.0
-11.6907 -5.52556 0.0
-11.1578 -5.76961 0.0
-10.9768 -4.47977 0.0
-11.4775 -4.18247 0.0
-11.9248 -5.32482 0.0
-11.725 -3.77794 0.0
-11.455 -4.03637 0.0
-10.9543 -4.33367 0.0
-10.7346 -3.06941 0.0
-11.2074 -2.72134 0.0
-11.4701 -2.26388 0.0
-11.1804 -2.57812 0.0
-10.7076 -2.92619 0.0
-10.4499 -1.69288 0.0
-10.9012 -1.29275 0.0
-11.1673 -0.786949 0.0
-10.8699 -1.15321 0.0
-10.4186 -1.55334 0.0
-10.1242 -0.355871 0.0
-10.5547 0.0947714 0.0
-10.8137 0.641832 0.0
-10.519 0.230152 0.0
-10.0886 -0.22049 0.0
-9.75839 0.936367 0.0
-10.1726 1.44123 0.0
-10.4163 2.02027 0.0
-10.1329 1.57175 0.0
-9.71872 1.06689 0.0
-9.35418 2.17862 0.0
-9.75157 2.73712 0.0
-9.97516 3.3405 0.0
-9.70796 2.8623 0.0
-9.31056 2.3038 0.0
-8.91307 3.36602 0.0
-9.29444 3.98003 0.0
-9.4913 4.59462 0.0
-9.24701 4.09935 0.0
-8.86565 3.48535 0.0
-8.43676 4.49388 0.0
-8.80358 5.16757 0.0
-8.97089 5.78271 0.0
-8.75264 5.2805 0.0
-8.38583 4.6068 0.0
-7.92726 5.55772 0.0
-8.2773 6.28983 0.0
-8.41474 6.89798 0.0
-8.223 6.39594 0.0
-7.87297 5.66383 0.0
-7.38651 6.55342 0.0
-7.71861 7.34474 0.0
-7.82437 7.93375 0.0
-7.66115 7.4436 0.0
-7.32904 6.65228 0.0
-6.81658 7.47704 0.0
-7.13023 8.33037 0.0
-7.20497 8.8914 0.0
-7.0699 8.42157 0.0
-6.75625 7.56824 0.0
-6.21978 8.32501 0.0
-6.51198 9.23734 0.0
-6.55792 9.76504 0.0
-6.44898 9.32053 0.0
-6.15678 8.4082 0.0
-5.59834 9.09401 0.0
-5.86706 10.0644 0.0
-5.80165 10.1392 0.0
-5.53292 9.16886 0.0
-4.95463 9.78103 0.0
-5.19772 10.8078 0.0
-5.88595 10.5515 0.0
-5.13014 10.874 0.0
-4.88705 9.84724 0.0
-4.29108 10.3833 0.0
-4.50633 11.4643 0.0
-5.19184 11.2481 0.0
-4.43684 11.5216 0.0
-4.22159 10.4406 0.0
-3.61016 10.8985 0.0
-3.7954 12.031 0.0
-4.4784 11.8523 0.0
-3.72426 12.0791 0.0
-3.53902 10.9467 0.0
-2.91441 11.3243 0.0
-3.06752 12.5051 0.0
-3.74849 12.3618 0.0
-2.99501 12.5439 0.0
-2.84189 11.3632 0.0
-2.20645 11.6589 0.0
-2.32537 12.8843 0.0
-3.00505 12.7749 0.0
-2.25183 12.913 0.0
-2.13291 11.6876 0.0
-1.48914 11.9001 0.0
-1.57091 13.1466 0.0
-2.2513 13.0891 0.0
-1.49676 13.1647 0.0
-1.41499 11.9181 0.0
-0.765576 12.0463 0.0
-0.809267 13.2745 0.0
-1.49008 13.3029 0.0
-0.734124 13.2865 0.0
-0.690433 12.0582 0.0
-0.0382028 12.1008 0.0
-0.0452224 13.4346 0.0
-0.723244 13.4221 0.0
0.0447893 13.5684 0.0
0.0296275 13.4386 0.0
0.0366471 12.1047 0.0
0.689358 12.0621 0.0
0.732927 13.289 0.0
0.721713 13.4251 0.0
0.809051 13.2731 0.0
0.765482 12.0462 0.0
1.41497 11.918 0.0
1.49661 13.1625 0.0
1.48992 13.3005 0.0
1.57077 13.1444 0.0
1.48912 11.8999 0.0
2.1329 11.6875 0.0
2.25196 12.9148 0.0
2.25116 13.0868 0.0
2.32549 12.8862 0.0
2.20643 11.6589 0.0
2.84187 11.3632 0.0
2.99517 12.5455 0.0
3.0048 12.773 0.0
3.06769 12.5067 0.0
2.91439 11.3243 0.0
3.539 10.9467 0.0
3.72443 12.0803 0.0
3.74821 12.3602 0.0
3.79557 12.0321 0.0
3.61015 10.8985 0.0
4.22157 10.4407 0.0
4.43695 11.5222 0.0
4.47815 11.8511 0.0
4.50645 11.4649 0.0
4.29107 10.3833 0.0
4.88704 9.84724 0.0
5.13012 10.874 0.0
5.19168 11.2475 0.0
5.19771 10.8078 0.0
4.95463 9.78103 0.0
5.53292 9.16886 0.0
5.80142 10.1384 0.0
5.88595 10.5516 0.0
5.86684 10.0636 0.0
5.59834 9.09401 0.0
6.15679 8.4082 0.0
6.44844 9.31889 0.0
6.55818 9.76582 0.0
6.51145 9.2357 0.0
6.2198 8.32501 0.0
6.75627 7.56823 0.0
7.0699 8.42148 0.0
7.20563 8.89303 0.0
7.13021 8.33029 0.0
6.81658 7.47704 0.0
7.32904 6.65226 0.0
7.66175 7.44496 0.0
7.8244 7.93379 0.0
7.7192 7.34611 0.0
7.38649 6.55341 0.0
7.87295 5.66384 0.0
8.223 6.396 0.0
8.41404 6.89663 0.0
8.27731 6.2899 0.0
7.92726 5.55773 0.0
8.38583 4.60682 0.0
8.75183 5.27907 0.0
8.97087 5.78269 0.0
8.8028 5.16612 0.0
8.4368 4.49387 0.0
8.86566 3.48532 0.0
9.24833 4.10133 0.0
9.49224 4.59598 0.0
9.29568 3.98204 0.0
8.91302 3.36603 0.0
9.31053 2.30383 0.0
9.70807 2.86257 0.0
9.97368 3.33854 0.0
9.75172 2.73737 0.0
9.35417 2.17863 0.0
9.71873 1.06691 0.0
10.1316 1.57011 0.0
10.4161 2.02011 0.0
10.1713 1.43954 0.0
9.75844 0.936343 0.0
10.0886 -0.220542 0.0
10.5201 0.231205 0.0
10.8153 0.643357 0.0
10.5557 0.0958937 0.0
10.1241 -0.355854 0.0
10.4186 -1.5533 0.0
10.869 -1.15398 0.0
11.1661 -0.787955 0.0
10.9004 -1.29358 0.0
10.45 -1.6929 0.0
10.7076 -2.92623 0.0
11.1823 -2.57665 0.0
11.4711 -2.2632 0.0
11.2093 -2.71978 0.0
10.7345 -3.06935 0.0
10.9543 -4.3336 0.0
11.4547 -4.03643 0.0
11.7228 -3.77921 0.0
11.4772 -4.1826 0.0
10.9768 -4.47977 0.0
11.1577 -5.76963 0.0
11.691 -5.52542 0.0
11.9251 -5.32468 0.0
11.7089 -5.67369 0.0
11.1757 -5.9179 0.0
11.3172 -7.22647 0.0
11.8843 -7.04073 0.0
12.0708 -6.89321 0.0
11.8978 -7.19008 0.0
11.3307 -7.37582 0.0
11.4321 -8.68936 0.0
12.036 -8.56644 0.0
12.1661 -8.46718 0.0
12.045 -8.71313 0.0
11.441 -8.83604 0.0
11.5024 -10.109 0.0
12.1449 -10.0446 0.0
12.211 -10.0026 0.0
12.1498 -10.1771 0.0
11.5073 -10.2415 0.0
11.5336 -11.3011 0.0
12.2073 -11.3245 0.0
-13.6028 -11.3179 0.0
-12.9581 -11.2854 0.0
-12.9306 -10.0708 0.0
-13.5482 -10.0206 0.0
-13.543 -9.87036 0.0
-12.9254 -9.92058 0.0
-12.8565 -8.47865 0.0
-13.4406 -8.37123 0.0
-13.6027 -9.81197 0.0
-13.4305 -8.20624 0.0
-12.8464 -8.31367 0.0
-12.7321 -6.83366 0.0
-13.2804 -6.66655 0.0
-13.5467 -8.09089 0.0
-13.2652 -6.49944 0.0
-12.7169 -6.66655 0.0
-12.5573 -5.19473 0.0
-13.0681 -4.97396 0.0
-13.4378 -6.33563 0.0
-13.2701 -4.5913 0.0
-13.0478 -4.80816 0.0
-12.537 -5.02892 0.0
-12.333 -3.57901 0.0
-12.8093 -3.30944 0.0
-13.0408 -2.87435 0.0
-12.7839 -3.1461 0.0
-12.3076 -3.41566 0.0
-12.0599 -1.9949 0.0
-12.5084 -1.67802 0.0
-12.7574 -1.19094 0.0
-12.4781 -1.51818 0.0
-12.0296 -1.83506 0.0
-11.7393 -0.449302 0.0
-12.1606 -0.0890925 0.0
-12.4184 0.449165 0.0
-12.1255 0.0667014 0.0
-11.7041 -0.293508 0.0
-11.3725 1.05177 0.0
-11.7701 1.45484 0.0
-12.0235 2.03565 0.0
-11.7302 1.60597 0.0
-11.3325 1.20291 0.0
-10.9607 2.50237 0.0
-11.34 2.95152 0.0
-11.5802 3.56605 0.0
-11.2955 3.09719 0.0
-10.9163 2.64804 0.0
-10.5059 3.89666 0.0
-10.8666 4.39066 0.0
-11.0887 5.03171 0.0
-10.8177 4.53036 0.0
-10.457 4.03636 0.0
-10.0098 5.22924 0.0
-10.3534 5.76988 0.0
-10.5499 6.42391 0.0
-10.3002 5.90305 0.0
-9.95665 5.36241 0.0
-9.47415 6.49485 0.0
-9.80316 7.0868 0.0
-9.97061 7.74259 0.0
-9.74614 7.2128 0.0
-9.41713 6.62085 0.0
-8.90136 7.68851 0.0
-9.21412 8.33061 0.0
-9.35171 8.98026 0.0
-9.15335 8.44899 0.0
-8.84059 7.80689 0.0
-8.29357 8.80559 0.0
-8.58963 9.49922 0.0
-8.6962 10.1324 0.0
-8.52537 9.6095 0.0
-8.22931 8.91586 0.0
-7.65314 9.84171 0.0
-7.93159 10.5879 0.0
-8.00591 11.192 0.0
-7.86406 10.6896 0.0
-7.5856 9.94346 0.0
-6.98253 10.7929 0.0
-7.24307 11.5948 0.0
-7.28637 12.1611 0.0
-7.17262 11.6876 0.0
-6.91207 10.8856 0.0
-6.28441 11.6553 0.0
-6.52431 12.5101 0.0
-6.53927 13.0334 0.0
-6.45116 12.5936 0.0
-6.21126 11.7388 0.0
-5.56138 12.4257 0.0
-5.77886 13.3326 0.0
-5.76771 13.8059 0.0
-5.7033 13.4065 0.0
-5.48582 12.4995 0.0
-4.81617 13.101 0.0
-5.00931 14.0588 0.0
-4.97481 14.4759 0.0
-4.93163 14.1227 0.0
-4.7385 13.1649 0.0
-4.05158 13.6785 0.0
-4.21841 14.6854 0.0
-4.16374 15.041 0.0
-4.13891 14.7391 0.0
-3.97208 13.7322 0.0
-3.27047 14.1557 0.0
-3.40901 15.2096 0.0
-3.33775 15.4992 0.0
-3.32799 15.2528 0.0
-3.18944 14.199 0.0
-2.47579 14.5306 0.0
-2.58403 15.6286 0.0
-2.50018 15.849 0.0
-2.50179 15.6612 0.0
-2.39355 14.5632 0.0
-1.67064 14.8013 0.0
-1.74642 15.9404 0.0
-1.65485 16.0889 0.0
-1.66333 15.9623 0.0
-1.58755 14.8231 0.0
-0.858352 14.9666 0.0
-0.901034 16.1432 0.0
-0.805601 16.2753 0.0
-0.817771 16.1558 0.0
-0.775089 14.9792 0.0
-0.0426554 15.027 0.0
-0.0504432 16.2384 0.0
0.049568 16.3577 0.0
0.0338417 16.242 0.0
0.0416295 15.0306 0.0
0.774057 14.983 0.0
0.816798 16.1624 0.0
0.804562 16.2822 0.0
0.901061 16.1463 0.0
0.85832 14.9669 0.0
1.58751 14.8232 0.0
1.66336 15.9646 0.0
1.6548 16.0873 0.0
1.74645 15.9427 0.0
1.6706 14.8013 0.0
2.39352 14.5632 0.0
2.50191 15.6632 0.0
2.49998 15.8468 0.0
2.58415 15.6306 0.0
2.47577 14.5306 0.0
3.18942 14.199 0.0
3.32815 15.2544 0.0
3.33749 15.4973 0.0
3.40918 15.2112 0.0
3.27045 14.1557 0.0
3.97206 13.7322 0.0
4.13907 14.7403 0.0
4.16346 15.0394 0.0
4.21858 14.6866 0.0
4.05156 13.6785 0.0
4.73848 13.1649 0.0
4.93172 14.1233 0.0
4.97456 14.4748 0.0
5.0094 14.0594 0.0
4.81616 13.101 0.0
5.48582 12.4995 0.0
5.70323 13.4063 0.0
5.76757 13.8054 0.0
5.7788 13.3324 0.0
5.56138 12.4257 0.0
6.21126 11.7388 0.0
6.45085 12.5925 0.0
6.53933 13.0336 0.0
6.52401 12.509 0.0
6.28442 11.6553 0.0
6.91209 10.8856 0.0
7.17193 11.6855 0.0
7.28674 12.1621 0.0
7.2424 11.5927 0.0
6.98257 10.7928 0.0
7.58563 9.94342 0.0
7.86512 10.6921 0.0
8.00676 11.194 0.0
7.93258 10.5904 0.0
7.6531 9.8417 0.0
8.22926 8.91587 0.0
8.5259 9.61082 0.0
8.69503 10.1299 0.0
8.59018 9.50054 0.0
8.29354 8.80559 0.0
8.84057 7.80691 0.0
9.15323 8.44883 0.0
9.35105 8.97903 0.0
9.21402 8.33044 0.0
8.90137 7.68852 0.0
9.41713 6.62087 0.0
9.7451 7.21099 0.0
9.97071 7.7428 0.0
9.80217 7.08495 0.0
9.4742 6.49484 0.0
9.95667 5.36235 0.0
10.3016 5.90505 0.0
10.5511 6.4256 0.0
10.3546 5.77195 0.0
10.0097 5.22925 0.0
10.457 4.0364 0.0
10.8177 4.53058 0.0
11.0872 5.02976 0.0
10.8667 4.39085 0.0
10.5059 3.89668 0.0
10.9163 2.64807 0.0
11.294 3.09539 0.0
11.5801 3.56597 0.0
11.3385 2.94965 0.0
10.9608 2.50233 0.0
11.3325 1.20283 0.0
11.7315 1.60726 0.0
12.0252 2.03728 0.0
11.7714 1.45623 0.0
11.3724 1.05179 0.0
11.7041 -0.293447 0.0
12.1248 0.0662057 0.0
12.417 0.447948 0.0
12.16 -0.0896591 0.0
11.7393 -0.449312 0.0
12.0296 -1.83509 0.0
12.478 -1.51829 0.0
12.7581 -1.19043 0.0
12.5083 -1.67811 0.0
12.0599 -1.99491 0.0
12.3076 -3.41566 0.0
12.7846 -3.14565 0.0
13.0408 -2.87432 0.0
12.81 -3.30896 0.0
12.333 -3.57897 0.0
12.537 -5.02889 0.0
13.0463 -4.80888 0.0
13.2694 -4.59158 0.0
13.0666 -4.97478 0.0
12.5573 -5.19479 0.0
12.7169 -6.66663 0.0
13.2649 -6.49976 0.0
13.4394 -6.33504 0.0
13.28 -6.66682 0.0
12.7321 -6.83368 0.0
12.8464 -8.31368 0.0
13.4312 -8.20604 0.0
13.547 -8.09088 0.0
13.4413 -8.37097 0.0
12.8566 -8.47862 0.0
12.9254 -9.92055 0.0
13.5409 -9.87077 0.0
13.602 -9.81184 0.0
13.5462 -10.0211 0.0
12.9306 -10.0709 0.0
12.9581 -11.2855 0.0
13.6049 -11.318 0.0
-13.968 -6.15148 0.0
-13.5008 -6.29061 0.0
-13.131 -4.92895 0.0
-13.3534 -4.71209 0.0
-13.7868 -4.52831 0.0
13.3526 -4.71233 0.0
13.1295 -4.92962 0.0
13.5024 -6.28987 0.0
13.9679 -6.1514 0.0
13.7867 -4.52823 0.0
-14.1153 -7.96584 0.0
-13.6118 -8.05727 0.0
-13.3455 -6.63292 0.0
-13.5181 -6.46911 0.0
-13.9852 -6.32998 0.0
13.5197 -6.46844 0.0
13.3451 -6.63316 0.0
13.6121 -8.05723 0.0
14.1153 -7.96583 0.0
13.9852 -6.32996 0.0
-13.764 -4.35236 0.0
-13.3306 -4.53614 0.0
-12.8698 -3.25428 0.0
-13.1266 -2.98253 0.0
-13.5329 -2.75582 0.0
13.1267 -2.98254 0.0
12.8705 -3.25386 0.0
13.3299 -4.53649 0.0
13.764 -4.35239 0.0
13.5329 -2.75585 0.0
-13.5048 -2.58365 0.0
-13.0985 -2.81036 0.0
-12.5661 -1.61404 0.0
-12.8455 -1.2868 0.0
-13.2253 -1.02133 0.0
12.8462 -1.28627 0.0
12.5661 -1.61413 0.0
13.0986 -2.81034 0.0
13.5048 -2.58365 0.0
13.2253 -1.02133 0.0
-13.192 -0.853373 0.0
-12.8122 -1.11884 0.0
-12.2154 -0.0169949 0.0
-12.5084 0.365469 0.0
-12.8657 0.668486 0.0
12.5069 0.364236 0.0
12.2148 -0.0175071 0.0
12.8129 -1.11828 0.0
13.192 -0.853339 0.0
12.8657 0.668509 0.0
-12.8275 0.831498 0.0
-12.4702 0.528481 0.0
-11.8219 1.53415 0.0
-12.1152 1.96383 0.0
-12.4559 2.30708 0.0
12.1169 1.96545 0.0
11.8232 1.53544 0.0
12.4688 0.527161 0.0
12.8275 0.831435 0.0
12.456 2.30704 0.0
-12.413 2.46448 0.0
-12.0723 2.12123 0.0
-11.3888 3.0371 0.0
-11.6735 3.50596 0.0
-11.998 3.88832 0.0
11.6734 3.50591 0.0
11.3872 3.03533 0.0
12.0739 2.12296 0.0
12.413 2.46455 0.0
11.9979 3.88838 0.0
-14.2061 -9.74545 0.0
-13.6693 -9.79111 0.0
-13.5072 -8.35036 0.0
-13.6234 -8.23501 0.0
-14.127 -8.14358 0.0
13.6237 -8.23501 0.0
13.5079 -8.35017 0.0
13.6686 -9.79104 0.0
14.2061 -9.74547 0.0
14.127 -8.14361 0.0
-11.9504 4.03975 0.0
-11.626 3.65738 0.0
-10.9123 4.48199 0.0
-11.1833 4.98334 0.0
-11.4937 5.40656 0.0
11.1819 4.98136 0.0
10.9124 4.48218 0.0
11.6259 3.65729 0.0
11.9504 4.03975 0.0
11.4937 5.40654 0.0
-11.4418 5.55141 0.0
-11.1315 5.1282 0.0
-10.3961 5.86636 0.0
-10.6458 6.38722 0.0
-10.9451 6.85609 0.0
10.647 6.3889 0.0
10.3975 5.86835 0.0
11.13 5.12616 0.0
11.4418 5.55134 0.0
10.9452 6.85606 0.0
-10.8892 6.99381 0.0
-10.5898 6.52494 0.0
-9.84304 7.18783 0.0
-10.0675 7.71762 0.0
-10.3546 8.23159 0.0
10.0676 7.71786 0.0
9.84197 7.18604 0.0
10.5909 6.52669 0.0
10.8891 6.99385 0.0
10.3546 8.23162 0.0
-10.2947 8.3618 0.0
-10.0075 7.84783 0.0
-9.25103 8.43585 0.0
-9.44939 8.96712 0.0
-9.72435 9.52805 0.0
9.44875 8.96588 0.0
9.25092 8.43568 0.0
10.0076 7.84804 0.0
10.2947 8.3618 0.0
9.72434 9.52804 0.0
-9.66064 9.65024 0.0
-9.38568 9.08931 0.0
-8.6236 9.60826 0.0
-8.79443 10.1312 0.0
-9.05673 10.7406 0.0
8.79331 10.1286 0.0
8.62418 9.60956 0.0
9.38506 9.08805 0.0
9.66065 9.65021 0.0
9.05673 10.7406 0.0
-8.98952 10.8543 0.0
-8.72722 10.2449 0.0
-7.96262 10.7003 0.0
-8.10447 11.2028 0.0
-8.35429 11.8647 0.0
8.10533 11.2047 0.0
7.96369 10.7029 0.0
8.72613 10.2423 0.0
8.98955 10.8543 0.0
8.35434 11.8647 0.0
-8.28389 11.9696 0.0
-8.03407 11.3076 0.0
-7.27123 11.7104 0.0
-7.38499 12.1838 0.0
-7.61975 12.8962 0.0
7.38531 12.1849 0.0
7.2705 11.7083 0.0
8.03485 11.3096 0.0
8.28387 11.9696 0.0
7.61973 12.8963 0.0
-7.54632 12.9918 0.0
-7.31156 12.2794 0.0
-6.5495 12.6284 0.0
-6.63761 13.0682 0.0
-6.85576 13.8312 0.0
6.63765 13.0685 0.0
6.54916 12.6274 0.0
7.31189 12.2805 0.0
7.54631 12.9918 0.0
6.85574 13.8312 0.0
-6.77961 13.9172 0.0
-6.56146 13.1542 0.0
-5.80104 13.4534 0.0
-5.86546 13.8528 0.0
-6.06518 14.6662 0.0
5.86532 13.8523 0.0
5.80098 13.4532 0.0
6.56151 13.1544 0.0
6.77961 13.9172 0.0
6.06517 14.6661 0.0
-5.9866 14.7421 0.0
-5.78688 13.9288 0.0
-5.02848 14.1818 0.0
-5.07165 14.5349 0.0
-5.25092 15.3978 0.0
5.07143 14.5338 0.0
5.02859 14.1823 0.0
5.78676 13.9283 0.0
5.9866 14.7421 0.0
5.25092 15.3978 0.0
-5.1702 15.4635 0.0
-4.99094 14.6006 0.0
-4.23454 14.8102 0.0
-4.25937 15.1121 0.0
-4.41597 16.0232 0.0
4.25912 15.1105 0.0
4.23473 14.8113 0.0
4.99072 14.5995 0.0
5.17021 15.4635 0.0
4.41598 16.0232 0.0
-4.33341 16.0784 0.0
-4.17681 15.1673 0.0
-3.42207 15.3358 0.0
-3.43184 15.5822 0.0
-3.5634 16.5399 0.0
3.43162 15.5803 0.0
3.42229 15.3374 0.0
4.17656 15.1657 0.0
4.33342 16.0784 0.0
3.56342 16.5398 0.0
-3.47931 16.5843 0.0
-3.34775 15.6267 0.0
-2.59402 15.756 0.0
-2.59242 15.9438 0.0
-2.69639 16.9455 0.0
2.59227 15.9415 0.0
2.5942 15.758 0.0
3.34753 15.6247 0.0
3.47933 16.5843 0.0
2.69641 16.9455 0.0
-2.6111 16.9791 0.0
-2.50713 15.9773 0.0
-1.75337 16.0687 0.0
-1.74488 16.1953 0.0
-1.81827 17.2384 0.0
1.7449 16.1937 0.0
1.75346 16.0709 0.0
2.50698 15.975 0.0
2.61113 16.979 0.0
1.81831 17.2383 0.0
-1.7321 17.2608 0.0
-1.6587 16.2178 0.0
-0.904892 16.2721 0.0
-0.892721 16.3916 0.0
-0.93253 17.4173 0.0
0.892743 16.395 0.0
0.904979 16.2752 0.0
1.65872 16.2161 0.0
1.73213 17.2608 0.0
0.932621 17.4175 0.0
-0.845439 17.4301 0.0
-0.805631 16.4044 0.0
-0.0504725 16.3675 0.0
-0.0347462 16.4832 0.0
-0.0424597 17.4827 0.0
0.0441473 17.4861 0.0
0.0518608 16.4866 0.0
0.806855 16.4111 0.0
0.846733 17.4337 0.0
-12.4669 -5.05386 0.0
-11.9901 -5.26976 0.0
-11.5428 -4.12741 0.0
-11.8128 -3.86898 0.0
-12.2628 -3.60394 0.0
11.8106 -3.87031 0.0
11.5425 -4.12753 0.0
11.9903 -5.2696 0.0
12.4669 -5.05384 0.0
12.2628 -3.60393 0.0
-12.2379 -3.44831 0.0
-11.7879 -3.71334 0.0
-11.2703 -2.65675 0.0
-11.56 -2.34251 0.0
-11.9902 -2.02755 0.0
11.561 -2.34187 0.0
11.2723 -2.65532 0.0
11.7858 -3.71476 0.0
12.238 -3.44838 0.0
11.9903 -2.02763 0.0
-12.6466 -6.68442 0.0
-12.1386 -6.84844 0.0
-11.7761 -5.62924 0.0
-12.0102 -5.4285 0.0
-12.487 -5.2126 0.0
12.0105 -5.42836 0.0
11.7764 -5.62911 0.0
12.1382 -6.84862 0.0
12.6466 -6.68444 0.0
12.487 -5.21261 0.0
-11.9608 -1.87576 0.0
-11.5305 -2.19072 0.0
-10.9617 -1.21959 0.0
-11.2591 -0.853326 0.0
-11.6705 -0.490011 0.0
11.2579 -0.854331 0.0
10.9608 -1.22036 0.0
11.5315 -2.18998 0.0
11.9607 -1.87574 0.0
11.6705 -0.489966 0.0
-11.6365 -0.342448 0.0
-11.2251 -0.705762 0.0
-10.6125 0.175958 0.0
-10.9071 0.587638 0.0
-11.3049 1.00283 0.0
10.9087 0.589164 0.0
10.6135 0.177012 0.0
11.224 -0.706837 0.0
11.6366 -0.342471 0.0
11.3049 1.00277 0.0
-11.2666 1.14549 0.0
-10.8689 0.730294 0.0
-10.2278 1.52969 0.0
-10.5111 1.97821 0.0
-10.8949 2.44494 0.0
10.5109 1.97808 0.0
10.2264 1.52808 0.0
10.8704 0.731896 0.0
11.2666 1.1455 0.0
10.8949 2.445 0.0
10.0697 3.30865 0.0
9.8041 2.83268 0.0
10.4685 2.11541 0.0
10.8524 2.58233 0.0
10.4421 3.83094 0.0
-10.8524 2.58231 0.0
-10.4687 2.11558 0.0
-9.80395 2.83243 0.0
-10.0712 3.31063 0.0
-10.4421 3.83093 0.0
-0.771459 14.8382 0.0
-0.724348 13.5686 0.0
-0.0463263 13.5812 0.0
-0.0311646 13.711 0.0
-0.0390256 14.8861 0.0
0.0401506 14.8897 0.0
0.0480117 13.7147 0.0
0.724935 13.5714 0.0
0.772578 14.8421 0.0
-10.3956 3.96246 0.0
-10.0247 3.44216 0.0
-9.34395 4.08169 0.0
-9.58824 4.57695 0.0
-9.94831 5.15534 0.0
9.58918 4.5783 0.0
9.34527 4.08364 0.0
10.0233 3.44014 0.0
10.3956 3.96243 0.0
9.94833 5.15528 0.0
-1.57896 14.6825 0.0
-1.49435 13.4491 0.0
-0.81353 13.4207 0.0
-0.80265 13.5563 0.0
-0.849762 14.8259 0.0
0.802101 13.5553 0.0
0.813315 13.4192 0.0
1.49418 13.4466 0.0
1.57893 14.6823 0.0
0.849743 14.826 0.0
-2.38038 14.4255 0.0
-2.25993 13.2344 0.0
-1.57953 13.2919 0.0
-1.57286 13.4301 0.0
-1.65747 14.6635 0.0
1.5727 13.4277 0.0
1.5794 13.2897 0.0
2.25979 13.232 0.0
2.38038 14.4253 0.0
1.65745 14.6634 0.0
-9.89804 5.2805 0.0
-9.53797 4.70211 0.0
-8.85025 5.27507 0.0
-9.0685 5.77728 0.0
-9.41555 6.41295 0.0
9.06845 5.77728 0.0
8.84942 5.27365 0.0
9.53886 4.70351 0.0
9.898 5.28049 0.0
9.41554 6.41298 0.0
-3.17154 14.0638 0.0
-3.01763 12.9188 0.0
-2.33796 13.0283 0.0
-2.33743 13.2043 0.0
-2.45789 14.3954 0.0
2.33732 13.2021 0.0
2.33812 13.0302 0.0
3.01742 12.9169 0.0
3.17156 14.0638 0.0
2.45791 14.3954 0.0
-9.36159 6.53136 0.0
-9.01454 5.89569 0.0
-8.32095 6.40282 0.0
-8.51269 6.90486 0.0
-8.84583 7.59901 0.0
8.51201 6.90351 0.0
8.32096 6.40288 0.0
9.01452 5.89568 0.0
9.3616 6.53138 0.0
8.84583 7.59902 0.0
-3.9494 13.5997 0.0
-3.76481 12.504 0.0
-3.08384 12.6474 0.0
-3.09388 12.8783 0.0
-3.24779 14.0233 0.0
3.09367 12.8764 0.0
3.08404 12.6489 0.0
3.76457 12.5025 0.0
3.94942 13.5997 0.0
3.24781 14.0233 0.0
-8.78843 7.7102 0.0
-8.45528 7.01605 0.0
-7.75915 7.46281 0.0
-7.92237 7.95296 0.0
-8.2414 8.7089 0.0
7.92242 7.95299 0.0
7.75977 7.46416 0.0
8.45462 7.01468 0.0
8.78845 7.7102 0.0
8.24142 8.70888 0.0
-4.71116 13.0358 0.0
-4.49842 11.9923 0.0
-3.81542 12.171 0.0
-3.83965 12.4537 0.0
-4.02424 13.5494 0.0
3.8394 12.4521 0.0
3.81562 12.1722 0.0
4.49819 11.9912 0.0
4.71117 13.0358 0.0
4.02425 13.5494 0.0
-8.18081 8.81241 0.0
-7.86178 8.05647 0.0
-7.16764 8.45309 0.0
-7.30271 8.92293 0.0
-7.60464 9.73826 0.0
7.30335 8.92456 0.0
7.16762 8.45301 0.0
7.86181 8.05651 0.0
8.18081 8.8124 0.0
7.60464 9.73823 0.0
-5.45394 12.3744 0.0
-5.2155 11.3855 0.0
-4.52999 11.6017 0.0
-4.57155 11.9324 0.0
-4.78429 12.9759 0.0
4.57132 11.9312 0.0
4.53012 11.6024 0.0
5.21535 11.3849 0.0
5.45395 12.3744 0.0
4.7843 12.9759 0.0
-7.54101 9.83375 0.0
-7.23908 9.01842 0.0
-6.54609 9.36436 0.0
-6.65502 9.80886 0.0
-6.93794 10.6831 0.0
6.65525 9.80965 0.0
6.54551 9.36273 0.0
7.23969 9.02006 0.0
7.54099 9.83373 0.0
6.93792 10.6832 0.0
-6.17498 11.6182 0.0
-5.91318 10.6859 0.0
-5.22495 10.9421 0.0
-5.28665 11.3163 0.0
-5.5251 12.3051 0.0
5.28649 11.3157 0.0
5.22494 10.9421 0.0
5.91317 10.6859 0.0
6.17498 11.6182 0.0
5.5251 12.3051 0.0
5.98207 10.6076 0.0
5.89754 10.1945 0.0
6.58887 9.89673 0.0
6.87154 10.7702 0.0
6.24387 11.5399 0.0
-6.87155 10.7702 0.0
-6.58863 9.89594 0.0
-5.89777 10.1953 0.0
-5.98208 10.6076 0.0
-6.24388 11.5399 0.0
-12.7762 -8.32509 0.0
-12.2364 -8.43366 0.0
-11.9659 -7.15724 0.0
-12.1538 -7.00909 0.0
-12.6618 -6.84508 0.0
12.1534 -7.0093 0.0
11.967 -7.15683 0.0
12.2353 -8.43393 0.0
12.7762 -8.32512 0.0
12.6618 -6.84512 0.0
-12.8553 -9.92669 0.0
-12.28 -9.98237 0.0
-12.1171 -8.69242 0.0
-12.2467 -8.59333 0.0
-12.7865 -8.48476 0.0
12.2456 -8.5935 0.0
12.1155 -8.69276 0.0
12.2815 -9.9822 0.0
12.8553 -9.92663 0.0
12.7865 -8.4847 0.0
-13.67 -11.3112 0.0
-13.6154 -10.0138 0.0
-13.6752 -9.95544 0.0
-14.2119 -9.90978 0.0
-14.2436 -11.2735 0.0
13.6744 -9.95525 0.0
13.6134 -10.0142 0.0
13.6721 -11.3111 0.0
14.2436 -11.2734 0.0
14.2119 -9.90969 0.0
-0.687552 11.9112 0.0
-0.642394 10.6218 0.0
-0.0400579 10.636 0.0
-0.0353213 11.9537 0.0
0.0291355 10.6321 0.0
0.0394975 10.4975 0.0
0.641246 10.6185 0.0
0.686583 11.9073 0.0
0.0338721 11.9499 0.0
0.711292 10.6108 0.0
0.717545 10.4737 0.0
1.32307 10.5187 0.0
1.40611 11.7715 0.0
0.756629 11.8996 0.0
-1.40613 11.7714 0.0
-1.32299 10.5169 0.0
-0.717548 10.4726 0.0
-0.711561 10.6102 0.0
-0.756719 11.8995 0.0
-2.11957 11.5422 0.0
-2.00049 10.3281 0.0
-1.39434 10.3604 0.0
-1.39266 10.5001 0.0
-1.4758 11.7546 0.0
1.39275 10.5019 0.0
1.39443 10.362 0.0
2.00062 10.33 0.0
2.11957 11.5423 0.0
1.4758 11.7547 0.0
-2.82388 11.2201 0.0
-2.67086 10.0506 0.0
-2.06529 10.1408 0.0
-2.06936 10.3018 0.0
-2.18845 11.5159 0.0
2.06948 10.3036 0.0
2.0651 10.1388 0.0
2.67112 10.0526 0.0
2.82386 11.2201 0.0
2.18843 11.5159 0.0
-3.51614 10.8064 0.0
-3.33214 9.68702 0.0
-2.7237 9.80007 0.0
-2.7385 10.0145 0.0
-2.89153 11.1841 0.0
2.7388 10.0165 0.0
2.724 9.80209 0.0
3.33183 9.68497 0.0
3.51616 10.8064 0.0
2.89155 11.184 0.0
-4.19396 10.3038 0.0
-3.98114 9.23562 0.0
-3.3695 9.37713 0.0
-3.39853 9.64226 0.0
-3.58253 10.7616 0.0
3.39822 9.6402 0.0
3.36979 9.37882 0.0
3.98081 9.23392 0.0
4.19398 10.3038 0.0
3.58255 10.7616 0.0
-4.85479 9.71441 0.0
-4.61555 8.70024 0.0
-4.00003 8.87208 0.0
-4.046 9.18235 0.0
-4.25883 10.2505 0.0
4.04567 9.18065 0.0
4.00029 8.87333 0.0
4.61526 8.69898 0.0
4.85481 9.71441 0.0
4.25884 10.2505 0.0
-5.49618 9.0407 0.0
-5.23288 8.08284 0.0
-4.61299 8.28729 0.0
-4.67864 8.63869 0.0
-4.91789 9.65286 0.0
4.67834 8.63744 0.0
4.61316 8.288 0.0
5.23268 8.08212 0.0
5.49618 9.0407 0.0
4.91789 9.65286 0.0
5.29376 8.01255 0.0
5.20618 7.6255 0.0
5.83065 7.38556 0.0
6.1157 8.28532 0.0
5.55726 8.97112 0.0
-6.1157 8.28531 0.0
-5.83067 7.38562 0.0
-5.20617 7.62543 0.0
-5.29396 8.01326 0.0
-5.55726 8.97112 0.0
-10.8831 -4.37035 0.0
-10.4389 -4.64699 0.0
-9.93045 -3.72919 0.0
-10.2378 -3.4328 0.0
-10.6634 -3.10608 0.0
10.2393 -3.43173 0.0
9.93135 -3.72853 0.0
10.4379 -4.64762 0.0
10.8831 -4.37037 0.0
10.6634 -3.10613 0.0
-10.6373 -2.97154 0.0
-10.2118 -3.29826 0.0
-9.65866 -2.46293 0.0
-9.97132 -2.11418 0.0
-10.3797 -1.73823 0.0
9.97044 -2.11491 0.0
9.65734 -2.46409 0.0
10.2132 -3.29712 0.0
10.6373 -2.97152 0.0
10.3797 -1.73818 0.0
5.88949 7.30823 0.0
5.77721 6.88874 0.0
6.40677 6.61174 0.0
6.71102 7.45121 0.0
6.17454 8.20798 0.0
-6.71102 7.4512 0.0
-6.40651 6.61102 0.0
-5.77745 6.88945 0.0
-5.88952 7.30828 0.0
-6.17455 8.20797 0.0
9.66029 -0.83764 0.0
9.35262 -1.23176 0.0
9.94046 -1.98416 0.0
10.3497 -1.60743 0.0
10.0552 -0.409984 0.0
-10.3497 -1.60742 0.0
-9.94129 -1.98337 0.0
-9.35184 -1.23256 0.0
-9.65897 -0.839016 0.0
-10.0552 -0.409948 0.0
-10.0214 -0.283451 0.0
-9.62515 -0.71252 0.0
-9.01427 -0.0380648 0.0
-9.30738 0.390998 0.0
-9.69126 0.873406 0.0
9.30702 0.390633 0.0
9.01307 -0.0394854 0.0
9.62644 -0.711093 0.0
10.0214 -0.283437 0.0
9.69124 0.873448 0.0
-7.27987 6.54165 0.0
-6.95799 5.76176 0.0
-6.32486 6.08258 0.0
-6.46289 6.52623 0.0
-6.76741 7.36641 0.0
6.46314 6.52696 0.0
6.32423 6.08097 0.0
6.95867 5.76338 0.0
7.27985 6.54164 0.0
6.76739 7.36642 0.0
8.91528 1.56683 0.0
8.64268 1.11262 0.0
9.2695 0.512429 0.0
9.65372 0.995244 0.0
9.28917 2.10697 0.0
-9.6537 0.995237 0.0
-9.26982 0.512829 0.0
-8.64238 1.11221 0.0
-8.91522 1.56676 0.0
-9.28916 2.10697 0.0
-9.24808 2.22362 0.0
-8.87414 1.6834 0.0
-8.24003 2.21812 0.0
-8.48833 2.68799 0.0
-8.85059 3.28584 0.0
8.4888 2.68875 0.0
8.23998 2.21803 0.0
8.87419 1.68347 0.0
9.24808 2.22362 0.0
8.85058 3.28582 0.0
10.4599 -4.78546 0.0
10.17 -5.02507 0.0
10.6176 -6.02485 0.0
11.086 -5.79806 0.0
10.9051 -4.5082 0.0
-11.0861 -5.79811 0.0
-10.6158 -6.02582 0.0
-10.1717 -5.02405 0.0
-10.4609 -4.78491 0.0
-10.9051 -4.50826 0.0
-7.82002 5.56015 0.0
-7.48379 4.84304 0.0
-6.84555 5.20612 0.0
-7.01167 5.66986 0.0
-7.33356 6.44974 0.0
7.01239 5.67146 0.0
6.84636 5.2079 0.0
7.48293 4.84121 0.0
7.82004 5.56014 0.0
7.33358 6.44972 0.0
-8.80607 3.39693 0.0
-8.44381 2.79908 0.0
-7.80494 3.27086 0.0
-8.02732 3.74847 0.0
-8.37719 4.40545 0.0
8.02697 3.74788 0.0
7.80451 3.27011 0.0
8.44427 2.79985 0.0
8.80605 3.39692 0.0
8.37718 4.40547 0.0
7.53375 4.74252 0.0
7.34 4.26888 0.0
7.97922 3.85296 0.0
8.32943 4.51055 0.0
7.87086 5.46146 0.0
-8.32942 4.51054 0.0
-7.97955 3.85356 0.0
-7.3397 4.26826 0.0
-7.53463 4.74435 0.0
-7.87085 5.46146 0.0
-11.2453 -7.24722 0.0
-10.7467 -7.42232 0.0
-10.3772 -6.34714 0.0
-10.6336 -6.16635 0.0
-11.1039 -5.93864 0.0
10.6354 -6.16547 0.0
10.3782 -6.34667 0.0
10.7456 -7.42274 0.0
11.2453 -7.24725 0.0
11.1039 -5.93868 0.0
-11.3602 -8.70302 0.0
-10.8254 -8.82327 0.0
-10.5517 -7.68994 0.0
-10.7602 -7.56458 0.0
-11.2588 -7.38948 0.0
10.7591 -7.56491 0.0
10.5499 -7.69056 0.0
10.8273 -8.82274 0.0
11.3602 -8.70296 0.0
11.2588 -7.38942 0.0
-11.4307 -10.1166 0.0
-10.8603 -10.1812 0.0
-10.6881 -9.03858 0.0
-10.8345 -8.96398 0.0
-11.3693 -8.84372 0.0
10.8364 -8.96355 0.0
10.6893 -9.03834 0.0
10.859 -10.1814 0.0
11.4307 -10.1167 0.0
11.3694 -8.84377 0.0
-12.2852 -10.1285 0.0
-12.8606 -10.0728 0.0
-12.888 -11.2874 0.0
-12.2808 -11.3178 0.0
-12.2181 -10.1708 0.0
12.2868 -10.1285 0.0
12.2207 -10.1705 0.0
12.2782 -11.3179 0.0
12.8881 -11.2875 0.0
12.8606 -10.0729 0.0
-0.60184 8.94507 0.0
-0.56015 7.6563 0.0
-0.0325533 7.66638 0.0
-0.0304638 8.9826 0.0
0.0279151 7.66256 0.0
0.0321237 7.52676 0.0
0.559377 7.65261 0.0
0.601229 8.94119 0.0
0.0300046 8.97877 0.0
-1.23092 8.82231 0.0
-1.15138 7.5664 0.0
-0.620474 7.50755 0.0
-0.620588 7.64582 0.0
-0.662278 8.93459 0.0
0.62044 7.64597 0.0
0.620474 7.50796 0.0
1.15141 7.5671 0.0
1.23092 8.82234 0.0
0.662292 8.93455 0.0
-1.85524 8.62148 0.0
-1.73989 7.40347 0.0
-1.20764 7.41177 0.0
-1.21212 7.55179 0.0
-1.29167 8.8077 0.0
1.21216 7.5525 0.0
1.20768 7.41242 0.0
1.73996 7.4043 0.0
1.85524 8.62152 0.0
1.29167 8.80774 0.0
-2.47154 8.33961 0.0
-2.32236 7.16376 0.0
-1.7904 7.23183 0.0
-1.8 7.38078 0.0
-1.91535 8.59879 0.0
1.80007 7.38157 0.0
1.7903 7.23088 0.0
2.32248 7.16472 0.0
2.47153 8.3396 0.0
1.91535 8.59879 0.0
-3.07715 7.97724 0.0
-2.8964 6.84728 0.0
-2.36139 6.93616 0.0
-2.38135 7.13225 0.0
-2.53053 8.3081 0.0
2.38146 7.13321 0.0
2.36123 6.93498 0.0
2.89658 6.84847 0.0
3.07714 7.97724 0.0
2.53052 8.3081 0.0
-3.67002 7.53715 0.0
-3.45995 6.45654 0.0
-2.92101 6.56742 0.0
-2.95426 6.80819 0.0
-3.13501 7.93815 0.0
2.95444 6.80938 0.0
2.92076 6.56594 0.0
3.46023 6.45803 0.0
3.67 7.53715 0.0
3.135 7.93815 0.0
-4.24795 7.02124 0.0
-4.01087 5.99305 0.0
-3.46715 6.1275 0.0
-3.51647 6.41004 0.0
-3.72653 7.49066 0.0
3.51676 6.41153 0.0
3.46714 6.12744 0.0
4.01089 5.99311 0.0
4.24794 7.02124 0.0
3.72653 7.49066 0.0
-4.80879 6.43162 0.0
-4.54753 5.46034 0.0
-3.99739 5.6167 0.0
-4.06581 5.93935 0.0
-4.30289 6.96755 0.0
4.06584 5.93941 0.0
3.99771 5.618 0.0
4.54719 5.45903 0.0
4.8088 6.43162 0.0
4.3029 6.96754 0.0
-5.3505 5.77063 0.0
-5.06699 4.85668 0.0
-4.51063 5.04093 0.0
-4.60073 5.39965 0.0
-4.86199 6.37093 0.0
4.60038 5.39834 0.0
4.51085 5.0417 0.0
5.06675 4.8559 0.0
5.35051 5.77063 0.0
4.862 6.37093 0.0
5.11798 4.78846 0.0
5.00471 4.40111 0.0
5.56754 4.18583 0.0
5.87102 5.04084 0.0
5.40174 5.70318 0.0
-5.87101 5.04084 0.0
-5.56758 4.18595 0.0
-5.00467 4.40098 0.0
-5.11823 4.78923 0.0
-5.40174 5.70318 0.0
-6.36836 4.24511 0.0
-6.04728 3.45047 0.0
-5.47779 3.69966 0.0
-5.61668 4.11202 0.0
-5.9201 4.96691 0.0
5.61662 4.1119 0.0
5.47755 3.69902 0.0
6.04755 3.45113 0.0
6.36835 4.2451 0.0
5.9201 4.96691 0.0
-9.30338 -4.07557 0.0
-8.88607 -4.41046 0.0
-8.35138 -3.71126 0.0
-8.67601 -3.38108 0.0
-9.07808 -2.99649 0.0
8.40392 -2.27223 0.0
8.08764 -2.64606 0.0
8.64926 -3.26779 0.0
9.05199 -2.88258 0.0
8.79445 -1.83486 0.0
8.67537 -3.3817 0.0
8.35174 -3.71093 0.0
8.88568 -4.41078 0.0
9.30338 -4.07558 0.0
9.0781 -2.99649 0.0
-9.05198 -2.88257 0.0
-8.6499 -3.26716 0.0
-8.08706 -2.64668 0.0
-8.40291 -2.27333 0.0
-8.79444 -1.83484 0.0
8.09495 -1.20621 0.0
7.79568 -1.61326 0.0
8.37449 -2.16201 0.0
8.76502 -1.72464 0.0
8.47625 -0.712409 0.0
-8.76504 -1.72466 0.0
-8.3735 -2.16315 0.0
-7.79659 -1.61214 0.0
-8.0955 -1.20554 0.0
-8.47627 -0.712434 0.0
-6.84061 3.3865 0.0
-6.50404 2.65272 0.0
-5.92838 2.94006 0.0
-6.09404 3.37033 0.0
-6.41511 4.16497 0.0
6.09429 3.371 0.0
5.92772 2.93849 0.0
6.50476 2.65432 0.0
6.8406 3.38651 0.0
6.4151 4.16498 0.0
7.75398 -0.184038 0.0
7.47709 -0.61448 0.0
8.06232 -1.10011 0.0
8.44363 -0.60631 0.0
8.12477 0.366427 0.0
-8.44361 -0.606307 0.0
-8.06285 -1.09941 0.0
-7.47661 -0.615162 0.0
-7.75293 -0.185555 0.0
-8.12477 0.366439 0.0
-8.08903 0.468069 0.0
-7.7172 -0.083925 0.0
-7.13018 0.344035 0.0
-7.38033 0.786649 0.0
-7.74136 1.3975 0.0
7.38036 0.786755 0.0
7.12925 0.342522 0.0
7.71822 -0.0823819 0.0
8.08901 0.468083 0.0
7.74134 1.39752 0.0
6.54901 2.56829 0.0
6.35463 2.12474 0.0
6.93618 1.79619 0.0
7.28595 2.46838 0.0
6.88485 3.30048 0.0
-7.28593 2.46839 0.0
-6.93678 1.79736 0.0
-6.35408 2.1236 0.0
-6.54826 2.56671 0.0
-6.88484 3.30049 0.0
6.97774 1.70461 0.0
6.75525 1.25754 0.0
7.34164 0.883544 0.0
7.70262 1.4943 0.0
7.3275 2.3768 0.0
-7.70262 1.4943 0.0
-7.34159 0.883452 0.0
-6.7553 1.25763 0.0
-6.97835 1.70577 0.0
-7.3275 2.3768 0.0
8.90832 -4.52794 0.0
8.5862 -4.80602 0.0
9.08364 -5.58389 0.0
9.51818 -5.29881 0.0
9.32602 -4.19273 0.0
-9.51817 -5.29882 0.0
-9.08355 -5.58395 0.0
-8.58627 -4.80597 0.0
-8.90871 -4.52762 0.0
-9.32603 -4.19273 0.0
-9.69556 -6.54715 0.0
-9.23581 -6.78423 0.0
-8.79625 -5.9243 0.0
-9.10271 -5.70404 0.0
-9.53732 -5.4189 0.0
9.10278 -5.70396 0.0
8.79557 -5.92473 0.0
9.23654 -6.78382 0.0
9.69555 -6.54713 0.0
9.53732 -5.41888 0.0
-9.83471 -7.81334 0.0
-9.34612 -7.99904 0.0
-8.97707 -7.06627 0.0
-9.2513 -6.90655 0.0
-9.71106 -6.66948 0.0
9.25203 -6.90612 0.0
8.97568 -7.06695 0.0
9.34759 -7.99843 0.0
9.8347 -7.8133 0.0
9.71104 -6.66944 0.0
-9.93513 -9.08253 0.0
-9.41162 -9.2131 0.0
-9.13077 -8.22504 0.0
-9.3579 -8.12262 0.0
-9.84648 -7.93692 0.0
9.35939 -8.12207 0.0
9.13137 -8.22483 0.0
9.41099 -9.21328 0.0
9.93513 -9.08255 0.0
9.8465 -7.93693 0.0
-9.9972 -10.3073 0.0
-9.43079 -10.3795 0.0
-9.25953 -9.38442 0.0
-9.41963 -9.33492 0.0
-9.94314 -9.20435 0.0
9.41899 -9.33507 0.0
9.25927 -9.38448 0.0
9.43106 -10.3795 0.0
9.9972 -10.3073 0.0
9.94313 -9.20434 0.0
-10.8651 -10.3086 0.0
-11.4356 -10.244 0.0
-11.4618 -11.3037 0.0
-10.8512 -11.3171 0.0
-10.7884 -10.3257 0.0
10.8639 -10.3087 0.0
10.7868 -10.3258 0.0
10.8528 -11.3171 0.0
11.4618 -11.3036 0.0
11.4356 -10.244 0.0
</DataArray>
</Points>
<Cells>
<DataArray type="Int32" Name="connectivity" format="ascii">
0 1 2 3 
4 5 6 7 
8 9 10 11 
12 13 14 15 
16 17 18 19 
20 21 22 23 
24 25 26 27 
28 29 30 31 
32 33 34 35 
36 37 38 39 
40 41 42 43 
44 45 46 47 
48 49 50 51 
52 53 54 55 
56 57 58 59 
60 61 62 63 
64 65 66 67 
68 69 70 71 
72 73 74 75 
76 77 78 79 
80 81 82 83 
84 85 86 87 
88 89 90 91 
92 93 94 95 
96 97 98 99 
100 101 102 103 
104 105 106 107 
108 109 110 111 
112 113 114 115 
116 117 118 119 
120 121 122 123 
124 125 126 127 
128 129 130 131 
132 133 134 135 
136 137 138 139 
140 141 142 143 
144 145 146 147 
148 149 150 151 
152 153 154 155 
156 157 158 159 
160 161 162 163 
164 165 166 167 
168 169 170 171 
172 173 174 175 
176 177 178 179 
180 181 182 183 
184 185 186 187 
188 189 190 191 
192 193 194 195 
196 197 198 199 
200 201 202 203 
204 205 206 207 
208 209 210 211 
212 213 214 215 
216 217 218 219 
220 221 222 223 
224 225 226 227 
228 229 230 231 
232 233 234 235 
236 237 238 239 
240 241 242 243 
244 245 246 247 
248 249 250 251 
252 253 254 255 
256 257 258 259 
260 261 262 263 
264 265 266 267 
268 269 270 271 
272 273 274 275 
276 277 278 279 
280 281 282 283 
284 285 286 287 
288 289 290 291 
292 293 294 295 
296 297 298 299 
300 301 302 303 
304 305 306 307 
308 309 310 311 
312 313 314 315 
316 317 318 319 
320 321 322 323 
324 325 326 327 
328 329 330 331 
332 333 334 335 
336 337 338 339 
340 341 342 343 
344 345 346 347 
348 349 350 351 
352 353 354 355 
356 357 358 359 
360 361 362 363 
364 365 366 367 
368 369 370 371 
372 373 374 375 
376 377 378 379 
380 381 382 383 
384 385 386 387 
388 389 390 391 
392 393 394 395 
396 397 398 399 
400 401 402 403 
404 405 406 407 
408 409 410 411 
412 413 414 415 
416 417 418 419 
420 421 422 423 
424 425 426 427 
428 429 430 431 
432 433 434 435 
436 437 438 439 
440 441 442 443 
444 445 446 447 
448 449 450 451 
452 453 454 455 
456 457 458 459 
460 461 462 463 
464 465 466 467 
468 469 470 471 
472 473 474 475 
476 477 478 479 
480 481 482 483 
484 485 486 487 
488 489 490 491 
492 493 494 495 
496 497 498 499 
500 501 502 503 
504 505 506 507 
508 509 510 511 
512 513 514 515 
516 517 518 519 
520 521 522 523 
524 525 526 527 
528 529 530 531 
532 533 534 535 
536 537 538 539 
540 541 542 543 
544 545 546 547 
548 549 550 551 
552 553 554 555 
556 557 558 559 
560 561 562 563 
564 565 566 567 
568 569 570 571 
572 573 574 575 
576 577 578 579 
580 581 582 583 
584 585 586 587 
588 589 590 591 
592 593 594 595 
596 597 598 599 
600 601 602 603 
604 605 606 607 
608 609 610 611 
612 613 614 615 
616 617 618 619 
620 621 622 623 
624 625 626 627 
628 629 630 631 
632 633 634 635 
636 637 638 639 
640 641 642 643 
644 645 646 647 
648 649 650 651 
652 653 654 655 
656 657 658 659 
660 661 662 663 
664 665 666 667 
668 669 670 671 
672 673 674 675 
676 677 678 679 
680 681 682 683 
684 685 686 687 
688 689 690 691 
692 693 694 695 
696 697 698 699 
700 701 702 703 
704 705 706 707 
708 709 710 711 
712 713 714 715 
716 717 718 719 
720 721 722 723 
724 725 726 727 
728 729 730 731 
732 733 734 735 
736 737 738 739 
740 741 742 743 
744 745 746 747 
748 749 750 751 
752 753 754 755 
756 757 758 759 
760 761 762 763 
764 765 766 767 
768 769 770 771 
772 773 774 775 
776 777 778 779 
780 781 782 783 
784 785 786 787 
788 789 790 791 
792 793 794 795 
796 797 798 799 
800 801 802 803 
804 805 806 807 
808 809 810 811 
812 813 814 815 
816 817 818 819 
820 821 822 823 
824 825 826 827 
828 829 830 831 
832 833 834 835 
836 837 838 839 
840 841 842 843 
844 845 846 847 
848 849 850 851 
852 853 854 855 
856 857 858 859 
860 861 862 863 
864 865 866 867 
868 869 870 871 
872 873 874 875 
876 877 878 879 
880 881 882 883 
884 885 886 887 
888 889 890 891 
892 893 894 895 
896 897 898 899 
900 901 902 903 
904 905 906 907 
908 909 910 911 
912 913 914 915 
916 917 918 919 
920 921 922 923 
924 925 926 927 
928 929 930 931 
932 933 934 935 
936 937 938 939 
940 941 942 943 
944 945 946 947 
948 949 950 951 
952 953 954 955 
956 957 958 959 
960 961 962 963 
964 965 966 967 
968 969 970 971 
972 973 974 975 
976 977 978 979 
980 981 982 983 
984 985 986 987 
988 989 990 991 
992 993 994 995 
996 997 998 999 
1000 1001 1002 1003 
1004 1005 1006 1007 
1008 1009 1010 1011 
1012 1013 1014 1015 
1016 1017 1018 1019 
1020 1021 1022 1023 
1024 1025 1026 1027 
1028 1029 1030 1031 
1032 1033 1034 1035 
1036 1037 1038 1039 
1040 1041 1042 1043 
1044 1045 1046 1047 
1048 1049 1050 1051 
1052 1053 1054 1055 
1056 1057 1058 1059 
1060 1061 1062 1063 
1064 1065 1066 1067 
1068 1069 1070 1071 
1072 1073 1074 1075 
1076 1077 1078 1079 
1080 1081 1082 1083 
1084 1085 1086 1087 
1088 1089 1090 1091 
1092 1093 1094 1095 
1096 1097 1098 1099 
1100 1101 1102 1103 
1104 1105 1106 1107 
1108 1109 1110 1111 
1112 1113 1114 1115 
1116 1117 1118 1119 
1120 1121 1122 1123 
1124 1125 1126 1127 
1128 1129 1130 1131 
1132 1133 1134 1135 
1136 1137 1138 1139 
1140 1141 1142 1143 
1144 1145 1146 1147 
1148 1149 1150 1151 
1152 1153 1154 1155 
1156 1157 1158 1159 
1160 1161 1162 1163 
1164 1165 1166 1167 
1168 1169 1170 1171 
1172 1173 1174 1175 
1176 1177 1178 1179 
1180 1181 1182 1183 
1184 1185 1186 1187 
1188 1189 1190 1191 
1192 1193 1194 1195 
1196 1197 1198 1199 
1200 1201 1202 1203 1204 
1205 1206 1207 1208 
1209 1210 1211 1212 1213 
1214 1215 1216 1217 1218 
1219 1220 1221 1222 1223 
1224 1225 1226 1227 1228 
1229 1230 1231 1232 1233 
1234 1235 1236 1237 1238 
1239 1240 1241 1242 1243 
1244 1245 1246 1247 1248 
1249 1250 1251 1252 1253 
1254 1255 1256 1257 1258 
1259 1260 1261 1262 1263 
1264 1265 1266 1267 1268 
1269 1270 1271 1272 1273 
1274 1275 1276 1277 1278 
1279 1280 1281 1282 1283 
1284 1285 1286 1287 1288 
1289 1290 1291 1292 1293 
1294 1295 1296 1297 1298 
1299 1300 1301 1302 1303 
1304 1305 1306 1307 1308 
1309 1310 1311 1312 1313 
1314 1315 1316 1317 1318 
1319 1320 1321 1322 1323 1324 
1325 1326 1327 1328 1329 
1330 1331 1332 1333 1334 
1335 1336 1337 1338 1339 
1340 1341 1342 1343 1344 
1345 1346 1347 1348 1349 
1350 1351 1352 1353 1354 
1355 1356 1357 1358 1359 
1360 1361 1362 1363 1364 
1365 1366 1367 1368 1369 
1370 1371 1372 1373 1374 
1375 1376 1377 1378 1379 
1380 1381 1382 1383 1384 
1385 1386 1387 1388 1389 
1390 1391 1392 1393 1394 
1395 1396 1397 1398 1399 
1400 1401 1402 1403 1404 
1405 1406 1407 1408 1409 
1410 1411 1412 1413 1414 
1415 1416 1417 1418 1419 
1420 1421 1422 1423 1424 
1425 1426 1427 1428 1429 
1430 1431 1432 1433 1434 
1435 1436 1437 1438 1439 
1440 1441 1442 1443 
1444 1445 1446 1447 1448 
1449 1450 1451 1452 
1453 1454 1455 1456 1457 
1458 1459 1460 1461 1462 
1463 1464 1465 1466 1467 
1468 1469 1470 1471 1472 
1473 1474 1475 1476 1477 
1478 1479 1480 1481 1482 
1483 1484 1485 1486 1487 
1488 1489 1490 1491 1492 
1493 1494 1495 1496 1497 
1498 1499 1500 1501 1502 
1503 1504 1505 1506 1507 
1508 1509 1510 1511 1512 
1513 1514 1515 1516 1517 
1518 1519 1520 1521 1522 
1523 1524 1525 1526 1527 
1528 1529 1530 1531 1532 
1533 1534 1535 1536 1537 
1538 1539 1540 1541 1542 
1543 1544 1545 1546 1547 
1548 1549 1550 1551 1552 
1553 1554 1555 1556 1557 
1558 1559 1560 1561 1562 
1563 1564 1565 1566 1567 
1568 1569 1570 1571 1572 1573 
1574 1575 1576 1577 1578 
1579 1580 1581 1582 1583 
1584 1585 1586 1587 1588 
1589 1590 1591 1592 1593 
1594 1595 1596 1597 1598 
1599 1600 1601 1602 1603 
1604 1605 1606 1607 1608 
1609 1610 1611 1612 1613 
1614 1615 1616 1617 1618 
1619 1620 1621 1622 1623 
1624 1625 1626 1627 1628 
1629 1630 1631 1632 1633 
1634 1635 1636 1637 1638 
1639 1640 1641 1642 1643 
1644 1645 1646 1647 1648 
1649 1650 1651 1652 1653 
1654 1655 1656 1657 1658 
1659 1660 1661 1662 1663 
1664 1665 1666 1667 1668 
1669 1670 1671 1672 1673 
1674 1675 1676 1677 1678 
1679 1680 1681 1682 1683 
1684 1685 1686 1687 1688 
1689 1690 1691 1692 1693 
1694 1695 1696 1697 
1698 1699 1700 1701 
1702 1703 1704 1705 1706 
1707 1708 1709 1710 1711 
1712 1713 1714 1715 1716 
1717 1718 1719 1720 1721 
1722 1723 1724 1725 1726 
1727 1728 1729 1730 1731 
1732 1733 1734 1735 1736 
1737 1738 1739 1740 1741 
1742 1743 1744 1745 1746 
1747 1748 1749 1750 1751 
1752 1753 1754 1755 1756 
1757 1758 1759 1760 1761 
1762 1763 1764 1765 1766 
1767 1768 1769 1770 1771 
1772 1773 1774 1775 1776 
1777 1778 1779 1780 1781 
1782 1783 1784 1785 1786 
1787 1788 1789 1790 1791 
1792 1793 1794 1795 1796 
1797 1798 1799 1800 1801 
1802 1803 1804 1805 1806 
1807 1808 1809 1810 1811 
1812 1813 1814 1815 1816 
1817 1818 1819 1820 1821 
1822 1823 1824 1825 1826 1827 
1828 1829 1830 1831 1832 
1833 1834 1835 1836 1837 
1838 1839 1840 1841 1842 
1843 1844 1845 1846 1847 
1848 1849 1850 1851 1852 
1853 1854 1855 1856 1857 
1858 1859 1860 1861 1862 
1863 1864 1865 1866 1867 
1868 1869 1870 1871 1872 
1873 1874 1875 1876 1877 
1878 1879 1880 1881 1882 
1883 1884 1885 1886 1887 
1888 1889 1890 1891 1892 
1893 1894 1895 1896 1897 
1898 1899 1900 1901 1902 
1903 1904 1905 1906 1907 
1908 1909 1910 1911 1912 
1913 1914 1915 1916 1917 
1918 1919 1920 1921 1922 
1923 1924 1925 1926 1927 
1928 1929 1930 1931 1932 
1933 1934 1935 1936 1937 
1938 1939 1940 1941 1942 
1943 1944 1945 1946 
1947 1948 1949 1950 
1951 1952 1953 1954 1955 
1956 1957 1958 1959 1960 
1961 1962 1963 1964 1965 
1966 1967 1968 1969 1970 
1971 1972 1973 1974 1975 
1976 1977 1978 1979 1980 
1981 1982 1983 1984 1985 
1986 1987 1988 1989 1990 
1991 1992 1993 1994 1995 
1996 1997 1998 1999 2000 
2001 2002 2003 2004 2005 
2006 2007 2008 2009 2010 
2011 2012 2013 2014 2015 
2016 2017 2018 2019 2020 
2021 2022 2023 2024 2025 
2026 2027 2028 2029 2030 
2031 2032 2033 2034 2035 
2036 2037 2038 2039 2040 
2041 2042 2043 2044 2045 
2046 2047 2048 2049 2050 
2051 2052 2053 2054 2055 
2056 2057 2058 2059 2060 
2061 2062 2063 2064 2065 
2066 2067 2068 2069 2070 
2071 2072 2073 2074 2075 2076 
2077 2078 2079 2080 2081 
2082 2083 2084 2085 2086 
2087 2088 2089 2090 2091 
2092 2093 2094 2095 2096 
2097 2098 2099 2100 2101 
2102 2103 2104 2105 2106 
2107 2108 2109 2110 2111 
2112 2113 2114 2115 2116 
2117 2118 2119 2120 2121 
2122 2123 2124 2125 2126 
2127 2128 2129 2130 2131 
2132 2133 2134 2135 2136 
2137 2138 2139 2140 2141 
2142 2143 2144 2145 2146 
2147 2148 2149 2150 2151 
2152 2153 2154 2155 2156 
2157 2158 2159 2160 2161 
2162 2163 2164 2165 2166 
2167 2168 2169 2170 2171 
2172 2173 2174 2175 2176 
2177 2178 2179 2180 2181 
2182 2183 2184 2185 2186 
2187 2188 2189 2190 2191 
2192 2193 2194 2195 
2196 2197 2198 2199 2200 
2201 2202 2203 2204 2205 
2206 2207 2208 2209 2210 
2211 2212 2213 2214 2215 
2216 2217 2218 2219 2220 
2221 2222 2223 2224 2225 
2226 2227 2228 2229 2230 
2231 2232 2233 2234 2235 
2236 2237 2238 2239 2240 
2241 2242 2243 2244 2245 
2246 2247 2248 2249 2250 
2251 2252 2253 2254 2255 
2256 2257 2258 2259 2260 
2261 2262 2263 2264 2265 
2266 2267 2268 2269 2270 
2271 2272 2273 2274 2275 
2276 2277 2278 2279 2280 
2281 2282 2283 2284 2285 
2286 2287 2288 2289 2290 
2291 2292 2293 2294 2295 
2296 2297 2298 2299 2300 
2301 2302 2303 2304 2305 
2306 2307 2308 2309 2310 
2311 2312 2313 2314 2315 
2316 2317 2318 2319 2320 
2321 2322 2323 2324 2325 
2326 2327 2328 2329 2330 
2331 2332 2333 2334 2335 
2336 2337 2338 2339 2340 
2341 2342 2343 2344 2345 
2346 2347 2348 2349 2350 
2351 2352 2353 2354 2355 
2356 2357 2358 2359 2360 
2361 2362 2363 2364 2365 
2366 2367 2368 2369 2370 
2371 2372 2373 2374 2375 
2376 2377 2378 2379 2380 
2381 2382 2383 2384 2385 
2386 2387 2388 2389 2390 
2391 2392 2393 2394 2395 
2396 2397 2398 2399 2400 
2401 2402 2403 2404 2405 
2406 2407 2408 2409 2410 
2411 2412 2413 2414 2415 
2416 2417 2418 2419 2420 
2421 2422 2423 2424 2425 
2426 2427 2428 2429 2430 
2431 2432 2433 2434 
2435 2436 2437 2438 2439 
2440 2441 2442 2443 2444 
2445 2446 2447 2448 2449 
2450 2451 2452 2453 2454 
2455 2456 2457 2458 2459 
2460 2461 2462 2463 2464 
2465 2466 2467 2468 2469 
2470 2471 2472 2473 2474 
2475 2476 2477 2478 2479 
2480 2481 2482 2483 2484 
2485 2486 2487 2488 2489 
2490 2491 2492 2493 2494 
2495 2496 2497 2498 2499 
2500 2501 2502 2503 2504 
2505 2506 2507 2508 2509 
2510 2511 2512 2513 
2514 2515 2516 2517 2518 
2519 2520 2521 2522 2523 
2524 2525 2526 2527 2528 
2529 2530 2531 2532 2533 
2534 2535 2536 2537 2538 
2539 2540 2541 2542 2543 
2544 2545 2546 2547 2548 
2549 2550 2551 2552 2553 
2554 2555 2556 2557 2558 
2559 2560 2561 2562 2563 
2564 2565 2566 2567 2568 
2569 2570 2571 2572 2573 
2574 2575 2576 2577 2578 
2579 2580 2581 2582 2583 
2584 2585 2586 2587 2588 
2589 2590 2591 2592 2593 
2594 2595 2596 2597 2598 
2599 2600 2601 2602 2603 
2604 2605 2606 2607 2608 
2609 2610 2611 2612 2613 
2614 2615 2616 2617 2618 
2619 2620 2621 2622 2623 
2624 2625 2626 2627 2628 
2629 2630 2631 2632 2633 
2634 2635 2636 2637 2638 
2639 2640 2641 2642 2643 
2644 2645 2646 2647 2648 
2649 2650 2651 2652 2653 
2654 2655 2656 2657 2658 
2659 2660 2661 2662 2663 
2664 2665 2666 2667 2668 
2669 2670 2671 2672 2673 
2674 2675 2676 2677 2678 
2679 2680 2681 2682 2683 
2684 2685 2686 2687 
2688 2689 2690 2691 2692 
2693 2694 2695 2696 2697 
2698 2699 2700 2701 2702 
2703 2704 2705 2706 2707 
2708 2709 2710 2711 2712 
2713 2714 2715 2716 2717 
2718 2719 2720 2721 2722 
2723 2724 2725 2726 2727 
2728 2729 2730 2731 2732 
2733 2734 2735 2736 2737 
2738 2739 2740 2741 2742 
2743 2744 2745 2746 2747 
2748 2749 2750 2751 2752 
2753 2754 2755 2756 2757 
2758 2759 2760 2761 2762 
2763 2764 2765 2766 2767 
2768 2769 2770 2771 2772 
2773 2774 2775 2776 2777 
2778 2779 2780 2781 2782 
2783 2784 2785 2786 2787 
2788 2789 2790 2791 2792 
2793 2794 2795 2796 2797 
2798 2799 2800 2801 2802 
2803 2804 2805 2806 2807 
2808 2809 2810 2811 2812 
2813 2814 2815 2816 2817 
2818 2819 2820 2821 2822 
2823 2824 2825 2826 2827 
2828 2829 2830 2831 2832 
2833 2834 2835 2836 2837 
2838 2839 2840 2841 2842 
2843 2844 2845 2846 2847 
2848 2849 2850 2851 2852 
2853 2854 2855 2856 2857 
2858 2859 2860 2861 2862 
2863 2864 2865 2866 2867 
2868 2869 2870 2871 2872 
2873 2874 2875 2876 2877 
2878 2879 2880 2881 2882 
2883 2884 2885 2886 2887 
2888 2889 2890 2891 2892 
2893 2894 2895 2896 2897 
2898 2899 2900 2901 2902 
2903 2904 2905 2906 2907 
2908 2909 2910 2911 2912 
2913 2914 2915 2916 2917 
2918 2919 2920 2921 2922 
2923 2924 2925 2926 2927 
2928 2929 2930 2931 2932 
2933 2934 2935 2936 
2937 2938 2939 2940 2941 
2942 2943 2944 2945 2946 
2947 2948 2949 2950 2951 
2952 2953 2954 2955 2956 
2957 2958 2959 2960 2961 
2962 2963 2964 2965 2966 
2967 2968 2969 2970 2971 
2972 2973 2974 2975 2976 
2977 2978 2979 2980 2981 
2982 2983 2984 2985 2986 
2987 2988 2989 2990 2991 
2992 2993 2994 2995 2996 
2997 2998 2999 3000 3001 
3002 3003 3004 3005 3006 
3007 3008 3009 3010 3011 
3012 3013 3014 3015 3016 
3017 3018 3019 3020 3021 
3022 3023 3024 3025 3026 
3027 3028 3029 3030 3031 
3032 3033 3034 3035 3036 
3037 3038 3039 3040 3041 
3042 3043 3044 3045 3046 
3047 3048 3049 3050 3051 
3052 3053 3054 3055 3056 
3057 3058 3059 3060 3061 
3062 3063 3064 3065 3066 
3067 3068 3069 3070 3071 
3072 3073 3074 3075 3076 
3077 3078 3079 3080 3081 
3082 3083 3084 3085 3086 
3087 3088 3089 3090 3091 
3092 3093 3094 3095 3096 
3097 3098 3099 3100 3101 
3102 3103 3104 3105 3106 
3107 3108 3109 3110 3111 
3112 3113 3114 3115 3116 
3117 3118 3119 3120 3121 
3122 3123 3124 3125 3126 
3127 3128 3129 3130 3131 
3132 3133 3134 3135 3136 
3137 3138 3139 3140 3141 
3142 3143 3144 3145 3146 
3147 3148 3149 3150 3151 
3152 3153 3154 3155 3156 
3157 3158 3159 3160 3161 
3162 3163 3164 3165 3166 
3167 3168 3169 3170 3171 
3172 3173 3174 3175 3176 
3177 3178 3179 3180 3181 
</DataArray>
<DataArray type="Int32" Name="offsets" format="ascii">
4 8 12 16 20 24 28 32 36 40 44 48 52 56 60 64 68 72 76 80 84 88 92 96 100 104 108 112 116 120 124 128 132 136 140 144 148 152 156 160 164 168 172 176 180 184 188 192 196 200 204 208 212 216 220 224 228 232 236 240 244 248 252 256 260 264 268 272 276 280 284 288 292 296 300 304 308 312 316 320 324 328 332 336 340 344 348 352 356 360 364 368 372 376 380 384 388 392 396 400 404 408 412 416 420 424 428 432 436 440 444 448 452 456 460 464 468 472 476 480 484 488 492 496 500 504 508 512 516 520 524 528 532 536 540 544 548 552 556 560 564 568 572 576 580 584 588 592 596 600 604 608 612 616 620 624 628 632 636 640 644 648 652 656 660 664 668 672 676 680 684 688 692 696 700 704 708 712 716 720 724 728 732 736 740 744 748 752 756 760 764 768 772 776 780 784 788 792 796 800 804 808 812 816 820 824 828 832 836 840 844 848 852 856 860 864 868 872 876 880 884 888 892 896 900 904 908 912 916 920 924 928 932 936 940 944 948 952 956 960 964 968 972 976 980 984 988 992 996 1000 1004 1008 1012 1016 1020 1024 1028 1032 1036 1040 1044 1048 1052 1056 1060 1064 1068 1072 1076 1080 1084 1088 1092 1096 1100 1104 1108 1112 1116 1120 1124 1128 1132 1136 1140 1144 1148 1152 1156 1160 1164 1168 1172 1176 1180 1184 1188 1192 1196 1200 1205 1209 1214 1219 1224 1229 1234 1239 1244 1249 1254 1259 1264 1269 1274 1279 1284 1289 1294 1299 1304 1309 1314 1319 1325 1330 1335 1340 1345 1350 1355 1360 1365 1370 1375 1380 1385 1390 1395 1400 1405 1410 1415 1420 1425 1430 1435 1440 1444 1449 1453 1458 1463 1468 1473 1478 1483 1488 1493 1498 1503 1508 1513 1518 1523 1528 1533 1538 1543 1548 1553 1558 1563 1568 1574 1579 1584 1589 1594 1599 1604 1609 1614 1619 1624 1629 1634 1639 1644 1649 1654 1659 1664 1669 1674 1679 1684 1689 1694 1698 1702 1707 1712 1717 1722 1727 1732 1737 1742 1747 1752 1757 1762 1767 1772 1777 1782 1787 1792 1797 1802 1807 1812 1817 1822 1828 1833 1838 1843 1848 1853 1858 1863 1868 1873 1878 1883 1888 1893 1898 1903 1908 1913 1918 1923 1928 1933 1938 1943 1947 1951 1956 1961 1966 1971 1976 1981 1986 1991 1996 2001 2006 2011 2016 2021 2026 2031 2036 2041 2046 2051 2056 2061 2066 2071 2077 2082 2087 2092 2097 2102 2107 2112 2117 2122 2127 2132 2137 2142 2147 2152 2157 2162 2167 2172 2177 2182 2187 2192 2196 2201 2206 2211 2216 2221 2226 2231 2236 2241 2246 2251 2256 2261 2266 2271 2276 2281 2286 2291 2296 2301 2306 2311 2316 2321 2326 2331 2336 2341 2346 2351 2356 2361 2366 2371 2376 2381 2386 2391 2396 2401 2406 2411 2416 2421 2426 2431 2435 2440 2445 2450 2455 2460 2465 2470 2475 2480 2485 2490 2495 2500 2505 2510 2514 2519 2524 2529 2534 2539 2544 2549 2554 2559 2564 2569 2574 2579 2584 2589 2594 2599 2604 2609 2614 2619 2624 2629 2634 2639 2644 2649 2654 2659 2664 2669 2674 2679 2684 2688 2693 2698 2703 2708 2713 2718 2723 2728 2733 2738 2743 2748 2753 2758 2763 2768 2773 2778 2783 2788 2793 2798 2803 2808 2813 2818 2823 2828 2833 2838 2843 2848 2853 2858 2863 2868 2873 2878 2883 2888 2893 2898 2903 2908 2913 2918 2923 2928 2933 2937 2942 2947 2952 2957 2962 2967 2972 2977 2982 2987 2992 2997 3002 3007 3012 3017 3022 3027 3032 3037 3042 3047 3052 3057 3062 3067 3072 3077 3082 3087 3092 3097 3102 3107 3112 3117 3122 3127 3132 3137 3142 3147 3152 3157 3162 3167 3172 3177 3182 
</DataArray>
<DataArray type="UInt8" Name="types" format="ascii">
7 7 7 7 7 7 7 7 7 7 7 7 7 7 7 7 7 7 7 7 7 7 7 7 7 7 7 7 7 7 7 7 7 7 7 7 7 7 7 7 7 7 7 7 7 7 7 7 7 7 7 7 7 7 7 7 7 7 7 7 7 7 7 7 7 7 7 7 7 7 7 7 7 7 7 7 7 7 7 7 7 7 7 7 7 7 7 7 7 7 7 7 7 7 7 7 7 7 7 7 7 7 7 7 7 7 7 7 7 7 7 7 7 7 7 7 7 7 7 7 7 7 7 7 7 7 7 7 7 7 7 7 7 7 7 7 7 7 7 7 7 7 7 7 7 7 7 7 7 7 7 7 7 7 7 7 7 7 7 7 7 7 7 7 7 7 7 7 7 7 7 7 7 7 7 7 7 7 7 7 7 7 7 7 7 7 7 7 7 7 7 7 7 7 7 7 7 7 7 7 7 7 7 7 7 7 7 7 7 7 7 7 7 7 7 7 7 7 7 7 7 7 7 7 7 7 7 7 7 7 7 7 7 7 7 7 7 7 7 7 7 7 7 7 7 7 7 7 7 7 7 7 7 7 7 7 7 7 7 7 7 7 7 7 7 7 7 7 7 7 7 7 7 7 7 7 7 7 7 7 7 7 7 7 7 7 7 7 7 7 7 7 7 7 7 7 7 7 7 7 7 7 7 7 7 7 7 7 7 7 7 7 7 7 7 7 7 7 7 7 7 7 7 7 7 7 7 7 7 7 7 7 7 7 7 7 7 7 7 7 7 7 7 7 7 7 7 7 7 7 7 7 7 7 7 7 7 7 7 7 7 7 7 7 7 7 7 7 7 7 7 7 7 7 7 7 7 7 7 7 7 7 7 7 7 7 7 7 7 7 7 7 7 7 7 7 7 7 7 7 7 7 7 7 7 7 7 7 7 7 7 7 7 7 7 7 7 7 7 7 7 7 7 7 7 7 7 7 7 7 7 7 7 7 7 7 7 7 7 7 7 7 7 7 7 7 7 7 7 7 7 7 7 7 7 7 7 7 7 7 7 7 7 7 7 7 7 7 7 7 7 7 7 7 7 7 7 7 7 7 7 7 7 7 7 7 7 7 7 7 7 7 7 7 7 7 7 7 7 7 7 7 7 7 7 7 7 7 7 7 7 7 7 7 7 7 7 7 7 7 7 7 7 7 7 7 7 7 7 7 7 7 7 7 7 7 7 7 7 7 7 7 7 7 7 7 7 7 7 7 7 7 7 7 7 7 7 7 7 7 7 7 7 7 7 7 7 7 7 7 7 7 7 7 7 7 7 7 7 7 7 7 7 7 7 7 7 7 7 7 7 7 7 7 7 7 7 7 7 7 7 7 7 7 7 7 7 7 7 7 7 7 7 7 7 7 7 7 7 7 7 7 7 7 7 7 7 7 7 7 7 7 7 7 7 7 7 7 7 7 7 7 7 7 7 7 7 7 7 7 7 7 7 7 7 7 7 7 7 7 7 7 7 7 7 7 7 7 7 7 7 7 7 7 7 7 7 7 7 7 7 7 7 7 7 7 7 7 7 7 7 7 7 7 7 7 7 7 
</DataArray>
</Cells>
<CellData Scalars="cell variable 4" Vectors="cell vector">
<DataArray type="Float64" NumberOfComponents="3" Name="cell vector" format="ascii">
0.9 2 0
0.9 2 0
0.9 2 0
0.9 2 0
0.9 2 0
0.9 2 0
0.9 2 0
0.9 2 0
0.9 2 0
0.9 2 0
0.9 2 0
0.9 2 0
0.9 2 0
0.9 2 0
0.9 2 0
0.9 2 0
0.9 2 0
0.9 2 0
0.9 2 0
0.9 2 0
0.9 2 0
0.9 2 0
0.9 2 0
0.9 2 0
0.9 2 0
0.9 2 0
0.9 2 0
0.9 2 0
0.9 2 0
0.9 2 0
0.9 2 0
0.9 2 0
0.9 2 0
0.9 2 0
0.9 2 0
0.9 2 0
0.9 2 0
0.9 2 0
0.9 2 0
0.9 2 0
0.9 2 0
0.9 2 0
0.9 2 0
0.9 2 0
0.9 2 0
0.9 2 0
0.9 2 0
0.9 2 0
0.9 2 0
0.9 2 0
0.9 0 0
0.9 0 0
0.9 0 0
0.9 0 0
0.9 0 0
0.9 0 0
0.9 0 0
0.9 0 0
0.9 0 0
0.9 0 0
0.9 0 0
0.9 0 0
0.9 0 0
0.9 0 0
0.9 0 0
0.9 0 0
0.9 0 0
0.9 0 0
0.9 0 0
0.9 0 0
0.9 0 0
0.9 0 0
0.9 0 0
0.9 0 0
0.9 0 0
0.9 0 0
0.9 0 0
0.9 0 0
0.9 0 0
0.9 0 0
0.9 0 0
0.9 0 0
0.9 0 0
0.9 0 0
0.9 0 0
0.9 0 0
0.9 0 0
0.9 0 0
0.9 0 0
0.9 0 0
0.9 0 0
0.9 0 0
0.9 0 0
0.9 0 0
0.9 0 0
0.9 0 0
0.9 0 0
0.9 0 0
0.9 0 0
0.9 0 0
0.9 0 0
0.9 0 0
0.9 0 0
0.9 0 0
0.9 0 0
0.9 0 0
0.9 0 0
0.9 0 0
0.9 0 0
0.9 0 0
0.9 0 0
0.9 0 0
0.9 0 0
0.9 0 0
0.9 0 0
0.9 0 0
0.9 0 0
0.9 0 0
0.9 0 0
0.9 0 0
0.9 0 0
0.9 0 0
0.9 0 0
0.9 0 0
0.9 0 0
0.9 0 0
0.9 0 0
0.9 0 0
0.9 0 0
0.9 0 0
0.9 0 0
0.9 0 0
0.9 0 0
0.9 0 0
0.9 0 0
0.9 0 0
0.9 0 0
0.9 0 0
0.9 0 0
0.9 0 0
0.9 0 0
0.9 0 0
0.9 0 0
0.9 0 0
0.9 0 0
0.9 0 0
0.9 0 0
0.9 0 0
0.9 0 0
0.9 0 0
0.9 0 0
0.9 0 0
0.9 0 0
0.9 0 0
0.9 0 0
0.9 0 0
0.9 0 0
0.9 0 0
0.9 0 0
0.9 0 0
0.9 0 0
0.9 0 0
0.9 0 0
0.9 0 0
0.9 0 0
0.9 0 0
0.9 0 0
0.9 0 0
0.9 0 0
0.9 0 0
0.9 0 0
0.9 0 0
0.9 0 0
0.9 0 0
0.9 0 0
0.9 0 0
0.9 0 0
0.9 0 0
0.9 0 0
0.9 0 0
0.9 0 0
0.9 0 0
0.9 0 0
0.9 0 0
0.9 0 0
0.9 0 0
0.9 0 0
0.9 0 0
0.9 0 0
0.9 0 0
0.9 0 0
0.9 0 0
0.9 0 0
0.9 0 0
0.9 0 0
0.9 0 0
0.9 0 0
0.9 0 0
0.9 0 0
0.9 0 0
0.9 0 0
0.9 0 0
0.9 0 0
0.9 0 0
0.9 0 0
0.9 0 0
0.9 0 0
0.9 0 0
0.9 0 0
0.9 0 0
0.9 0 0
0.9 0 0
0.9 0 0
0.9 0 0
0.9 0 0
0.9 0 0
0.9 0 0
0.9 0 0
0.9 0 0
0.9 0 0
0.9 0 0
0.9 0 0
0.9 0 0
0.9 0 0
0.9 0 0
0.9 0 0
0.9 0 0
0.9 0 0
0.9 0 0
0.9 0 0
0.9 0 0
0.9 0 0
0.9 0 0
0.9 0 0
0.9 0 0
0.9 0 0
0.9 0 0
0.9 0 0
0.9 0 0
0.9 0 0
0.9 0 0
0.9 0 0
0.9 0 0
0.9 0 0
0.9 0 0
0.9 0 0
0.9 0 0
0.9 0 0
0.9 0 0
0.9 0 0
0.9 0 0
0.9 0 0
0.9 0 0
0.9 0 0
0.9 0 0
0.9 0 0
0.9 0 0
0.9 0 0
0.9 0 0
0.9 0 0
0.9 0 0
0.9 0 0
0.9 0 0
0.9 0 0
0.9 0 0
0.9 0 0
0.9 0 0
0.9 0 0
0.9 0 0
0.9 0 0
0.9 0 0
0.9 0 0
0.9 0 0
0.9 0 0
0.9 0 0
0.9 0 0
0.9 0 0
0.9 0 0
0.9 0 0
0.9 0 0
0.9 0 0
0.9 0 0
0.9 0 0
0.9 0 0
0.9 0 0
0.9 0 0
0.9 0 0
0.9 0 0
0.9 0 0
0.9 0 0
0.9 0 0
0.9 0 0
0.9 0 0
0.9 0 0
0.9 0 0
0.9 0 0
0.9 0 0
0.9 0 0
0.9 0 0
0.9 0 0
0.9 0 0
0.44395 0 0
0.444524 0 0
0.444918 0 0
0.445216 0 0
0.44546 0 0
0.44558 0 0
0.445647 0 0
0.445612 0 0
0.445553 0 0
0.445433 0 0
0.445315 0 0
0.445186 0 0
0.44504 0 0
0.444913 0 0
0.444794 0 0
0.444685 0 0
0.444587 0 0
0.444497 0 0
0.444427 0 0
0.44437 0 0
0.444326 0 0
0.437468 0 0
0.429346 0 0
0.444261 0 0
0.421443 0 0
0.429554 0 0
0.437706 0 0
0.444328 0 0
0.444373 0 0
0.444431 0 0
0.444497 0 0
0.444582 0 0
0.444681 0 0
0.444793 0 0
0.444917 0 0
0.445052 0 0
0.445176 0 0
0.445316 0 0
0.445451 0 0
0.445544 0 0
0.445629 0 0
0.445636 0 0
0.445574 0 0
0.445461 0 0
0.445226 0 0
0.444935 0 0
0.444518 0 0
0.443951 0 0
0.9 0 0
0.444178 0 0
0.444841 0 0
0.44525 0 0
0.445579 0 0
0.445826 0 0
0.446048 0 0
0.44617 0 0
0.446256 0 0
0.446249 0 0
0.446219 0 0
0.446127 0 0
0.446034 0 0
0.445924 0 0
0.445807 0 0
0.445675 0 0
0.445564 0 0
0.445459 0 0
0.445364 0 0
0.44528 0 0
0.445208 0 0
0.445148 0 0
0.445097 0 0
0.439563 0 0
0.43075 0 0
0.445029 0 0
0.422471 0 0
0.431284 0 0
0.440136 0 0
0.4451 0 0
0.445143 0 0
0.445203 0 0
0.445276 0 0
0.445361 0 0
0.445459 0 0
0.445567 0 0
0.445685 0 0
0.445794 0 0
0.445919 0 0
0.446041 0 0
0.446128 0 0
0.446214 0 0
0.446268 0 0
0.446244 0 0
0.44619 0 0
0.446035 0 0
0.445846 0 0
0.445568 0 0
0.445264 0 0
0.444835 0 0
0.44418 0 0
0.44501 0 0
0.44551 0 0
0.445835 0 0
0.446074 0 0
0.446308 0 0
0.446509 0 0
0.446631 0 0
0.446728 0 0
0.446741 0 0
0.446737 0 0
0.446693 0 0
0.446598 0 0
0.446508 0 0
0.446407 0 0
0.446286 0 0
0.446183 0 0
0.446085 0 0
0.445994 0 0
0.445912 0 0
0.44584 0 0
0.44578 0 0
0.445732 0 0
0.442344 0 0
0.432828 0 0
0.445658 0 0
0.46762 0 0
0.432057 0 0
0.441605 0 0
0.445729 0 0
0.445777 0 0
0.445837 0 0
0.44591 0 0
0.445994 0 0
0.446088 0 0
0.446192 0 0
0.446287 0 0
0.446398 0 0
0.446508 0 0
0.44661 0 0
0.446673 0 0
0.446734 0 0
0.446761 0 0
0.446713 0 0
0.446642 0 0
0.446485 0 0
0.446311 0 0
0.446071 0 0
0.445829 0 0
0.445516 0 0
0.445007 0 0
0.445729 0 0
0.446139 0 0
0.446385 0 0
0.44661 0 0
0.446831 0 2.93596
0.447005 0 2.94548
0.447176 0 2.9563
0.447303 0 2.96779
0.44735 0 2.97957
0.447381 0 0
0.447372 0 0
0.447304 0 0
0.447239 0 0
0.447156 0 3.03376
0.447064 0 3.04247
0.446953 0 3.05026
0.44686 0 3.05706
0.446772 0 3.06287
0.44669 0 0
0.446618 0 0
0.446557 0 0
0.446507 0 0
0.446469 0 3.07793
0.446443 0 3.07876
0.457046 0 3.07914
0.480012 0 3.07914
0.446579 0 3.07876
0.446466 0 0
0.446503 0 0
0.446553 0 0
0.446615 0 0
0.446689 0 0
0.446772 0 3.06287
0.446865 0 3.05706
0.446964 0 3.05026
0.447049 0 3.04247
0.447148 0 3.03376
0.44724 0 0
0.44732 0 0
0.447352 0 0
0.44738 0 0
0.447371 0 2.97957
0.447285 0 2.96779
0.447184 0 2.9563
0.447005 0 2.94548
0.446824 0 2.93596
0.446622 0 0
0.446387 0 0
0.446137 0 0
0.445731 0 0
0.45339 0 0
0.453378 0 0
0.453615 0 0
0.453613 0 0
0.453169 1 4.13636
0.453176 1 4.13636
0.452995 1 4.13636
0.452995 1 4.13636
0.452824 1 4.13636
0.452816 1 4.13636
0.452697 1 4.13636
0.452715 1 4.13636
0.45265 1 4.13636
0.452629 1 4.13636
0.453861 0 0
0.453863 0 0
0.452619 0 0
0.45262 0 0
0.452628 0 0
0.452648 0 0
0.452696 0 0
0.45268 0 0
0.452761 0 0
0.45276 0 0
0.452844 1 4.13636
0.452852 1 4.13636
0.452936 1 4.13636
0.452951 1 4.13636
0.453047 1 4.13636
0.453036 1 4.13636
0.45314 1 4.13636
0.453135 1 4.13636
0.453228 1 4.13636
0.453228 1 4.13636
0.45331 0 0
0.453311 0 0
0.453382 0 0
0.453385 0 0
0.453443 0 0
0.453447 0 0
0.453493 0 0
0.453497 0 0
0.453531 1 4.13636
0.453534 0 0
0.453557 1 4.13636
0.453421 1 4.13636
0.442954 1 4.13636
0.419988 1 4.13636
0.453692 0 0
0.453689 0 0
0.453491 0 0
0.453515 0 0
0.453926 0 0
0.453929 0 0
0.453369 0 0
0.453358 0 0
0.453272 0 0
0.453287 0 0
0.453259 0 0
0.453239 0 0
0.453266 0 0
0.453263 0 0
0.454342 0 0
0.43238 0 0
0.453307 0 0
0.453327 0 0
0.467172 0 0
0.467943 0 0
0.457656 0 0
0.458395 0 0
0.453402 0 0
0.45339 0 0
0.454268 0 0
0.454271 0 0
0.453492 0 0
0.453492 0 0
0.45422 0 0
0.454223 0 0
0.453593 0 0
0.453602 0 0
0.45416 0 0
0.454163 0 0
0.453714 0 0
0.453713 0 0
0.454088 0 0
0.45409 0 0
0.453817 0 0
0.453808 0 0
0.454006 0 0
0.454006 0 0
0.453912 0 0
0.453915 0 0
0.454165 0 0
0.454171 0 0
0.45449 0 0
0.454484 0 0
0.454271 0 0
0.454269 0 0
0.454971 0 0
0.477529 0 0
0.468716 0 0
0.46925 0 0
0.460437 0 0
0.459864 0 0
0.454903 0 0
0.4549 0 0
0.454852 0 0
0.454857 0 0
0.454792 0 0
0.454797 0 0
0.45472 0 0
0.454724 0 0
0.454636 0 0
0.454639 0 0
0.454541 0 0
0.454541 0 0
0.453952 0 0
0.453965 0 0
0.45383 0 0
0.45381 0 0
0.454433 0 0
0.454436 0 0
0.453756 0 0
0.453744 0 0
0.453751 0 0
0.453732 0 0
0.454325 0 0
0.454315 0 0
0.453786 0 0
0.453781 0 0
0.453873 0 0
0.453872 0 0
0.454154 0 0
0.454174 0 0
0.454193 0 0
0.454206 0 0
0.453966 0 0
0.453959 0 0
0.454081 0 0
0.454076 0 0
0.454421 0 0
0.454432 0 0
0.45475 0 0
0.454736 0 0
0.455159 0 0
0.455165 0 0
0.45499 0 0
0.454993 0 0
0.455739 0 0
0.478557 0 0
0.470654 0 0
0.470446 0 0
0.462532 0 0
0.462294 0 0
0.455674 0 0
0.455672 0 0
0.45563 0 0
0.455627 0 0
0.455573 0 0
0.455569 0 0
0.455503 0 0
0.455503 0 0
0.455413 0 0
0.455418 0 0
0.455315 0 0
0.455319 0 0
0.455207 0 0
0.455206 0 0
0.455087 0 0
0.455083 0 0
0.45442 0 0
0.454364 0 0
0.454426 0 0
0.454353 0 0
0.454371 0 0
0.454388 0 0
0.45496 0 0
0.454948 0 0
0.454456 0 0
0.454447 0 0
0.454567 0 0
0.454549 0 0
0.454824 0 0
0.454814 0 0
0.454684 0 0
0.454685 0 0
0.454539 0 0
0.45454 0 0
0.454784 0 0
0.454774 0 0
0.455082 0 0
0.455065 0 0
0.455476 0 0
0.455482 0 0
0.45605 0 0
0.456049 0 0
0.455822 0 0
0.45582 0 0
</DataArray>
<DataArray type="Float64" Name="cell vector length" format="ascii">
0.158188 0.213059 0.303348 0.403617 0.465588 0.527523 0.871549 4.10292 2.32846 0.404768 0.22645 0.236874 0.40829 1.53116 6.5303 1.64288 4.74323 2.80325 0.445125 0.231152 0.251624 0.5009 2.23926 7.99619 1.53119 1.45392 7.11684 8.75225 1.18598 0.415396 0.868254 9.1962 4.28131 1.1109 1.27438 6.47473 1.91906 0.439167 0.243667 0.230783 0.417471 2.56334 3.8599 0.852729 0.525933 0.465644 0.403715 0.303339 0.213006 0.158129 1.62505 1.56021 1.13409 0.775533 0.54728 0.431363 0.41266 0.47646 0.338382 0.152282 0.118995 0.142531 0.180817 0.34788 0.52812 0.443094 0.476693 0.353698 0.162992 0.130143 0.161302 0.211642 0.420494 0.642044 0.543105 0.558833 0.666352 0.534698 0.271423 0.198413 0.202788 0.421013 0.537003 0.45288 0.45867 0.562314 0.377251 0.188851 0.145261 0.120637 0.15473 0.344752 0.47203 0.410422 0.430897 0.547495 0.776011 1.1345 1.56015 1.62459 2.49526 1.93149 0.945356 0.539195 0.348062 0.25222 0.209336 0.193721 0.158009 0.108805 0.113566 0.149768 0.152849 0.194266 0.215028 0.199115 0.191792 0.162507 0.116504 0.125916 0.171072 0.178626 0.235006 0.272699 0.268365 0.27679 0.289854 0.242257 0.198651 0.178507 0.130521 0.177173 0.220228 0.217883 0.220687 0.233742 0.206864 0.157671 0.151452 0.114518 0.109663 0.158962 0.193493 0.209123 0.252249 0.348275 0.539542 0.945815 1.93211 2.49587 1.01656 1.02846 0.558195 0.310281 0.193625 0.135406 0.108009 0.0983444 0.0940227 0.0912191 0.120197 0.174019 0.157276 0.14472 0.125002 0.10845 0.102508 0.100007 0.0987158 0.132599 0.197536 0.179906 0.171401 0.157953 0.148891 0.153595 0.171411 0.18667 0.216196 0.20674 0.117471 0.11436 0.117638 0.115168 0.118857 0.133441 0.150507 0.159831 0.175113 0.120805 0.0915721 0.0942767 0.0984049 0.108036 0.135469 0.193739 0.310452 0.558457 1.02888 1.0169 0.570132 0.550604 0.318041 0.180792 0.112738 0.0781336 0.0626732 0.0604469 0.0675152 0.0818144 0.123342 0.195701 0.175575 0.132146 0.0944512 0.0742341 0.0693688 0.0750716 0.088883 0.133581 0.218093 0.194292 0.149007 0.114129 0.0999686 0.100927 0.123675 0.17084 0.253452 0.22586 0.110055 0.0881032 0.077594 0.0727367 0.077646 0.0974312 0.134278 0.176444 0.196228 0.123677 0.0819444 0.0675899 0.0604795 0.0626951 0.0781629 0.112783 0.180862 0.318156 0.550793 0.570307 0.389604 0.337804 0.202362 0.118418 0.0745628 0.0517272 0.0426035 0.0444478 0.056085 0.076483 0.120343 0.212192 0.208699 0.133828 0.0834447 0.0604484 0.0558651 0.0641924 0.0826801 0.128028 0.233256 0.225328 0.143804 0.0959982 0.0813234 0.0770616 0.100588 0.167134 0.31662 0.221995 0.102162 0.0753452 0.0610679 0.0553319 0.0608351 0.0839957 0.134273 0.208721 0.212467 0.12053 0.0765188 0.0560939 0.0444519 0.0426093 0.0517368 0.074579 0.118445 0.202412 0.337894 0.389698 0.33184 0.242377 0.165254 0.0973065 0.0604346 0.0411458 0.0344286 0.0385792 0.0531454 0.0761389 0.119426 0.255016 0.298384 0.148976 0.0802044 0.0542754 0.0507393 0.0615539 0.0818975 0.126488 0.279602 0.322294 0.156154 0.0895869 0.078203 0.0654204 0.0917592 0.1869 0.458724 0.219202 0.0988908 0.0722026 0.0568933 0.0491798 0.0537634 0.0799428 0.148745 0.297799 0.255229 0.119552 0.0761363 0.0531335 0.0385748 0.0344284 0.0411481 0.0604404 0.0973185 0.16528 0.242427 0.331901 0.280194 0.460861 0.255613 0.120188 0.0704121 0.051875 0.0520569 0.0674822 0.0971472 0.133107 0.205173 0.366968 0.283125 0.121361 0.0706254 0.0608907 0.0731722 0.100943 0.135296 0.207187 0.372778 0.289258 0.127244 0.0840441 0.0955273 0.0760954 0.0870388 0.15363 0.392144 0.293779 0.154508 0.115607 0.0929153 0.0703284 0.0596432 0.0699346 0.12089 0.282428 0.366382 0.205119 0.133055 0.0971099 0.0674645 0.0520489 0.0518715 0.0704124 0.120194 0.255636 0.460923 0.280238 0.671191 0.731819 0.315841 0.131527 0.0816017 0.0763341 0.0967608 0.128474 0.153446 0.171886 0.207736 0.267369 0.182804 0.0939992 0.0789882 0.0985321 0.130489 0.154848 0.172576 0.207543 0.268422 0.184552 0.0949161 0.0805104 0.100643 0.136544 0.0974303 0.127946 0.26489 0.265244 0.174407 0.161028 0.150524 0.128905 0.097688 0.0784877 0.0936469 0.18238 0.266875 0.207556 0.171802 0.1534 0.128452 0.0967496 0.0763282 0.081599 0.131529 0.31586 0.731902 0.671265 0.54518 0.599757 0.31818 0.164469 0.136943 0.151693 0.174889 0.18214 0.181026 0.196655 0.214279 0.225116 0.171624 0.137457 0.152915 0.177518 0.185638 0.184423 0.199134 0.215378 0.225243 0.172152 0.135244 0.14906 0.173884 0.195336 0.137366 0.141113 0.200127 0.220782 0.18705 0.185539 0.181101 0.184723 0.177158 0.152751 0.137339 0.171404 0.224825 0.214073 0.196554 0.180988 0.182122 0.174881 0.151689 0.13694 0.164469 0.318188 0.599788 0.545207 0.231148 0.231143 0.302031 0.302029 0.214569 0.214563 0.213533 0.213524 0.215994 0.215976 0.214227 0.214189 0.201393 0.201327 0.435633 0.435642 0.188611 0.18846 0.233078 0.232712 0.252437 0.251952 0.227938 0.227566 0.217174 0.216903 0.219537 0.219122 0.224101 0.223421 0.221242 0.219535 0.204227 0.198146 0.190149 0.167633 0.235119 0.183271 0.249312 0.228251 0.222551 0.222573 0.212014 0.212581 0.212423 0.217665 0.214019 0.200142 0.175321 0.175311 0.184462 0.184445 0.206719 0.206714 0.206558 0.206528 0.206303 0.206253 0.187254 0.187182 0.194844 0.194981 0.191225 0.206375 0.251009 0.250529 0.174845 0.214849 0.169732 0.221965 0.259692 0.25896 0.206122 0.250468 0.206769 0.206009 0.259047 0.284561 0.172299 0.171433 0.252207 0.193055 0.181646 0.18052 0.195616 0.175072 0.204684 0.203033 0.188624 0.182176 0.203537 0.206483 0.334749 0.334757 0.652928 0.652969 0.476358 0.476373 0.156946 0.169005 0.15489 0.144875 0.160612 0.174914 0.239787 0.26207 0.370873 0.354056 0.326005 0.206862 0.183208 0.149066 0.151024 0.138728 0.13463 0.140484 0.112016 0.111998 0.12405 0.124015 0.12387 0.127222 0.138797 0.138856 0.150548 0.150458 0.119897 0.117892 0.184721 0.184875 0.333486 0.33271 0.121377 0.121385 0.145629 0.144398 0.380415 0.379012 0.236629 0.237566 0.172324 0.172326 0.325205 0.325225 0.698943 0.69902 0.77472 0.774775 0.17146 0.144421 0.162009 0.152642 0.217682 0.223547 0.393735 0.446225 0.664704 0.556501 0.503767 0.263785 0.198521 0.129862 0.118955 0.0989891 0.0960026 0.0885897 0.0928074 0.0962151 0.122508 0.120768 0.0751268 0.0850089 0.0751119 0.085036 0.113366 0.113401 0.20056 0.199504 0.195555 0.195573 0.502213 0.501861 0.389424 0.390628 0.687122 0.689708 0.0785527 0.0785578 0.101209 0.101212 0.154841 0.154853 0.271258 0.271289 0.449076 0.449147 0.896575 0.896706 
</DataArray>
<DataArray type="Float64" Name="cell variable 4" format="ascii">
0.0295787 0.0431837 0.0714173 0.111261 0.151184 0.182751 0.212812 0.517522 0.673936 0.19186 0.470305 0.432579 0.149385 0.189104 0.705664 0.28619 0.563347 0.624145 0.158234 0.417964 0.359157 0.110471 0.0830434 0.745036 0.291298 0.286012 0.6293 0.608166 0.0494262 0.389759 0.0677263 1.5419 0.482431 0.256205 0.266137 0.675995 0.213991 0.143054 0.427704 0.470161 0.1928 0.742423 0.497142 0.212444 0.182847 0.151189 0.111247 0.0714025 0.0431732 0.0295706 0.232255 0.250319 0.286093 0.302632 0.311526 0.32235 0.332535 0.345432 0.367286 0.3781 0.460256 0.409387 0.32323 0.350628 0.345849 0.349615 0.353037 0.358378 0.351875 0.415509 0.355161 0.276349 0.320428 0.342059 0.340409 0.345443 0.375 0.157655 0.175383 0.258958 0.229759 0.242501 0.380037 0.344749 0.34153 0.344782 0.342816 0.314448 0.403278 0.454906 0.375449 0.366721 0.346314 0.332781 0.32239 0.311551 0.302663 0.286093 0.250275 0.232182 0.558646 0.392236 0.308252 0.318625 0.350269 0.384938 0.413664 0.441793 0.498612 0.549575 0.501003 0.397043 0.45936 0.479443 0.459009 0.457903 0.464857 0.501879 0.52507 0.436547 0.325459 0.395447 0.438582 0.419344 0.41412 0.409433 0.405368 0.393864 0.228282 0.227546 0.347045 0.452984 0.427767 0.426228 0.430617 0.436891 0.463966 0.446676 0.391787 0.496157 0.547968 0.498086 0.441788 0.41363 0.384893 0.350249 0.31863 0.308274 0.392263 0.558646 0.385723 0.372889 0.337142 0.37393 0.43454 0.491002 0.53055 0.558205 0.602179 0.659966 0.502605 0.353665 0.521994 0.546357 0.549409 0.559103 0.566706 0.595134 0.629483 0.436796 0.285997 0.454497 0.495587 0.49353 0.495199 0.486711 0.468879 0.447604 0.250618 0.188202 0.451448 0.550912 0.523944 0.527135 0.53163 0.527712 0.532048 0.513006 0.349997 0.499071 0.658479 0.601697 0.557958 0.530365 0.490867 0.43446 0.3739 0.337145 0.372905 0.385738 0.382318 0.390351 0.389023 0.452874 0.53508 0.603802 0.645428 0.66268 0.682992 0.718275 0.516974 0.32303 0.512616 0.579865 0.61627 0.641042 0.649685 0.662409 0.682583 0.454245 0.263988 0.447874 0.527047 0.557366 0.56738 0.557607 0.520677 0.460639 0.239446 0.176167 0.531613 0.618444 0.606766 0.617694 0.620663 0.601903 0.570521 0.507992 0.321445 0.514468 0.717155 0.682518 0.662362 0.645197 0.603639 0.534977 0.452818 0.388996 0.390337 0.382305 0.404508 0.427569 0.443714 0.524 0.613453 0.68546 0.724444 0.725141 0.717375 0.727727 0.536282 0.295955 0.439501 0.568824 0.645584 0.691327 0.697554 0.689773 0.692417 0.479289 0.245699 0.382772 0.524169 0.594242 0.609275 0.606145 0.547024 0.434357 0.193851 0.186083 0.572666 0.643676 0.651946 0.67647 0.678045 0.637008 0.56396 0.437865 0.295347 0.534477 0.726956 0.716996 0.724888 0.724266 0.685335 0.613367 0.523939 0.44367 0.427541 0.404488 0.405952 0.376765 0.401371 0.503259 0.614877 0.702583 0.735655 0.706489 0.654063 0.605846 0.415038 0.223554 0.279386 0.443685 0.583518 0.661521 0.661102 0.621729 0.572998 0.378218 0.199526 0.254692 0.408957 0.523558 0.551194 0.561176 0.477779 0.340484 0.150957 0.198875 0.464851 0.561613 0.607347 0.652584 0.655454 0.579537 0.442019 0.279577 0.223533 0.414212 0.605347 0.653805 0.706342 0.735544 0.702498 0.614812 0.503207 0.401331 0.376738 0.405926 0.332188 0.325655 0.350428 0.460354 0.575975 0.653944 0.655722 0.600699 0.530364 0.476126 0.341595 0.207442 0.329036 0.483617 0.592511 0.621922 0.579604 0.513834 0.461292 0.330791 0.195273 0.314322 0.455413 0.527444 0.526801 0.530752 0.497148 0.415651 0.191818 0.195147 0.419182 0.466534 0.514272 0.580427 0.621401 0.591261 0.482817 0.32948 0.207889 0.341631 0.475988 0.53029 0.600658 0.655685 0.653909 0.575944 0.460325 0.350405 0.325641 0.332173 0.379784 0.337161 0.330846 0.408235 0.50015 0.532106 0.499952 0.452302 0.418563 0.403874 0.357998 0.299991 0.427698 0.495787 0.523742 0.493013 0.446144 0.412713 0.398186 0.351698 0.290861 0.41808 0.483792 0.509702 0.483428 0.451245 0.46133 0.450333 0.325187 0.214664 0.414224 0.399714 0.414256 0.4483 0.494483 0.52431 0.495918 0.428085 0.300629 0.358246 0.403917 0.418583 0.452321 0.499964 0.532107 0.500144 0.408224 0.330835 0.337157 0.379785 0.460049 0.411218 0.359785 0.367082 0.40419 0.403332 0.376678 0.366629 0.375473 0.379574 0.40186 0.432973 0.421892 0.410194 0.397626 0.369613 0.359252 0.36784 0.373239 0.396883 0.429324 0.419576 0.410966 0.399756 0.370616 0.355744 0.402388 0.424314 0.459092 0.412952 0.415857 0.372355 0.369076 0.360466 0.370317 0.398031 0.410433 0.422143 0.433329 0.402074 0.379647 0.375501 0.366646 0.37669 0.403338 0.404193 0.367082 0.359784 0.411221 0.460055 0.37907 0.379072 0.379907 0.379907 0.384744 0.384748 0.418749 0.418757 0.427386 0.427397 0.408667 0.408682 0.366269 0.3663 0.417245 0.417244 0.407645 0.40773 0.460602 0.460832 0.462748 0.463092 0.411106 0.411464 0.386689 0.387025 0.415681 0.416165 0.424104 0.424443 0.40356 0.403173 0.360624 0.358763 0.401865 0.386156 0.456945 0.466814 0.464587 0.471635 0.413524 0.419096 0.389637 0.371346 0.419303 0.364437 0.428655 0.435543 0.432809 0.432814 0.431152 0.431165 0.406514 0.406513 0.411506 0.411521 0.377651 0.377673 0.376128 0.376164 0.385119 0.38502 0.410359 0.339201 0.340118 0.340728 0.430084 0.324559 0.428529 0.317802 0.422876 0.423774 0.415058 0.309324 0.429172 0.430054 0.409107 0.287983 0.434887 0.435822 0.328732 0.403589 0.430703 0.43207 0.38013 0.385584 0.409998 0.411096 0.371551 0.37276 0.376208 0.374876 0.362923 0.362917 0.371088 0.37108 0.454281 0.454278 0.491513 0.449692 0.455273 0.49536 0.471373 0.438361 0.410892 0.334849 0.274289 0.167661 0.227525 0.335877 0.408119 0.425693 0.449063 0.450396 0.489821 0.488536 0.547652 0.54765 0.539847 0.539852 0.52918 0.528065 0.500516 0.500515 0.458395 0.45838 0.532178 0.533 0.416893 0.416849 0.240292 0.240731 0.520393 0.520401 0.497171 0.497456 0.290114 0.291011 0.432349 0.4317 0.460471 0.460459 0.390133 0.39012 0.375342 0.375334 0.397295 0.397286 0.501041 0.501623 0.498026 0.472282 0.45131 0.404848 0.35039 0.21513 0.22471 0.130724 0.244423 0.307936 0.426352 0.479925 0.552008 0.544985 0.594144 0.587867 0.598725 0.603488 0.564827 0.561038 0.647169 0.62685 0.647084 0.626995 0.576089 0.576373 0.485708 0.483941 0.450036 0.450486 0.266482 0.266467 0.374386 0.374208 0.253693 0.253265 0.625519 0.625582 0.56672 0.566676 0.487868 0.487834 0.412635 0.412609 0.400541 0.400525 0.417521 0.417522 
</DataArray>
</CellData>
</Piece>
</UnstructuredGrid>
</VTKFile>
