<VTKFile type="UnstructuredGrid" version="0.1">
<UnstructuredGrid>
<Piece  NumberOfPoints="    6213" NumberOfCells="    4720">
<Points>
<DataArray type="Float64" NumberOfComponents="3" format="ascii">
-6.74617 -32.3503 0 
-5.64004 -32.3512 0 
-4.51485 -32.3514 0 
-3.38654 -32.3514 0 
-2.25775 -32.351 0 
-1.12883 -32.3514 0 
-3.22665e-05 -32.3509 0 
1.12883 -32.3509 0 
2.25768 -32.3509 0 
3.38647 -32.3509 0 
4.51477 -32.3509 0 
5.63998 -32.3508 0 
6.74617 -32.3503 0 
-6.74637 -30.8389 0 
-5.64012 -30.8396 0 
-4.51487 -30.8397 0 
-3.38655 -30.8397 0 
-2.25775 -30.8398 0 
-1.12882 -30.8397 0 
0.000121232 -30.8398 0 
1.12884 -30.8398 0 
2.25768 -30.8397 0 
3.38647 -30.8397 0 
4.51479 -30.8397 0 
5.64004 -30.8396 0 
6.74636 -30.8389 0 
-6.74645 -29.2296 0 
-5.64011 -29.2296 0 
-4.51469 -29.2297 0 
-3.38648 -29.2295 0 
-2.25759 -29.2294 0 
-1.12885 -29.2296 0 
1.36816e-05 -29.2296 0 
1.12887 -29.2297 0 
2.25775 -29.2295 0 
3.38665 -29.2295 0 
4.51485 -29.2297 0 
5.64011 -29.2296 0 
6.74645 -29.2294 0 
-6.74647 -27.6074 0 
-5.64014 -27.6073 0 
-4.515 -27.6073 0 
-3.38651 -27.6075 0 
-2.25776 -27.6074 0 
-1.12888 -27.6074 0 
-0.000152668 -27.6073 0 
1.12886 -27.6073 0 
2.25774 -27.6074 0 
3.38649 -27.6075 0 
4.51484 -27.6073 0 
5.64012 -27.6073 0 
6.74647 -27.6072 0 
-6.74647 -25.9836 0 
-5.64012 -25.9836 0 
-4.51484 -25.9835 0 
-3.38652 -25.9836 0 
-2.25773 -25.9835 0 
-1.12901 -25.9836 0 
0.000172713 -25.9836 0 
1.12905 -25.9836 0 
2.25774 -25.9835 0 
3.38652 -25.9837 0 
4.51484 -25.9836 0 
5.64012 -25.9836 0 
6.74647 -25.9835 0 
-6.74647 -24.3597 0 
-5.64012 -24.3597 0 
-4.51485 -24.3596 0 
-3.38666 -24.3597 0 
-2.25754 -24.3597 0 
-1.12868 -24.3597 0 
2.21052e-05 -24.3596 0 
1.12886 -24.3597 0 
2.25756 -24.3597 0 
3.3865 -24.3597 0 
4.51484 -24.3597 0 
5.64012 -24.3597 0 
6.74647 -24.3596 0 
-6.74647 -22.7358 0 
-5.64012 -22.7357 0 
-4.51483 -22.7357 0 
-3.38635 -22.7357 0 
-2.25771 -22.7357 0 
-1.12902 -22.7358 0 
-1.70394e-06 -22.7357 0 
1.12888 -22.7357 0 
2.25789 -22.7358 0 
3.38653 -22.7358 0 
4.51484 -22.7357 0 
5.64012 -22.7357 0 
6.74647 -22.7357 0 
-6.74647 -21.1119 0 
-5.64012 -21.1118 0 
-4.51485 -21.1117 0 
-3.38669 -21.1118 0 
-2.25788 -21.1118 0 
-1.12888 -21.1118 0 
-0.000154724 -21.1117 0 
1.12886 -21.1118 0 
2.25773 -21.1118 0 
3.38652 -21.1119 0 
4.51484 -21.1118 0 
5.64012 -21.1118 0 
6.74647 -21.1117 0 
-6.74647 -19.4879 0 
-5.64012 -19.4879 0 
-4.51483 -19.4878 0 
-3.38635 -19.4879 0 
-2.2577 -19.4879 0 
-1.12885 -19.4879 0 
9.24152e-06 -19.4879 0 
1.12887 -19.4878 0 
2.25773 -19.4879 0 
3.38652 -19.488 0 
4.51484 -19.4879 0 
5.64012 -19.4879 0 
6.74647 -19.4878 0 
-6.74647 -17.864 0 
-5.64012 -17.8639 0 
-4.51484 -17.8639 0 
-3.38651 -17.864 0 
-2.25771 -17.864 0 
-1.12885 -17.8639 0 
-3.73336e-06 -17.8639 0 
1.1287 -17.8639 0 
2.25755 -17.8639 0 
3.3865 -17.864 0 
4.51484 -17.8639 0 
5.64012 -17.8639 0 
6.74647 -17.8639 0 
-6.74647 -16.2401 0 
-5.64012 -16.24 0 
-4.51485 -16.24 0 
-3.38666 -16.24 0 
-2.25756 -16.24 0 
-1.12884 -16.2401 0 
2.29067e-05 -16.24 0 
1.12905 -16.24 0 
2.2579 -16.24 0 
3.38653 -16.2401 0 
4.51484 -16.24 0 
5.64012 -16.24 0 
6.74647 -16.2399 0 
-6.74647 -14.6161 0 
-5.64012 -14.6161 0 
-4.51484 -14.6161 0 
-3.38653 -14.616 0 
-2.25786 -14.6161 0 
-1.1287 -14.6161 0 
9.12113e-06 -14.6161 0 
1.12871 -14.616 0 
2.25773 -14.6161 0 
3.38668 -14.6161 0 
4.51485 -14.6161 0 
5.64012 -14.6161 0 
6.74647 -14.616 0 
-6.74647 -12.9922 0 
-5.64012 -12.9922 0 
-4.51483 -12.9921 0 
-3.38635 -12.9922 0 
-2.25771 -12.9922 0 
-1.129 -12.9921 0 
0.000173205 -12.9922 0 
1.12905 -12.9922 0 
2.25774 -12.9921 0 
3.38652 -12.9922 0 
4.51484 -12.9922 0 
5.64012 -12.9922 0 
6.74647 -12.9921 0 
-6.74647 -11.3683 0 
-5.64012 -11.3682 0 
-4.51485 -11.3682 0 
-3.38668 -11.3682 0 
-2.25772 -11.3683 0 
-1.12887 -11.3682 0 
-0.000166843 -11.3682 0 
1.12868 -11.3682 0 
2.25755 -11.3682 0 
3.3865 -11.3682 0 
4.51484 -11.3683 0 
5.64012 -11.3682 0 
6.74647 -11.3682 0 
-6.74647 -9.74436 0 
-5.64012 -9.7443 0 
-4.51484 -9.7443 0 
-3.3865 -9.74426 0 
-2.25753 -9.74429 0 
-1.12867 -9.7443 0 
0.000198307 -9.7443 0 
1.12906 -9.7443 0 
2.25789 -9.7443 0 
3.38636 -9.7443 0 
4.51483 -9.74433 0 
5.64012 -9.74429 0 
6.74647 -9.74423 0 
-6.74647 -8.12043 0 
-5.64012 -8.12037 0 
-4.51483 -8.12034 0 
-3.38635 -8.12037 0 
-2.25771 -8.12032 0 
-1.12903 -8.12042 0 
-0.000178916 -8.12037 0 
1.1287 -8.12037 0 
2.25771 -8.12034 0 
3.38651 -8.12045 0 
4.51484 -8.12037 0 
5.64012 -8.12037 0 
6.74647 -8.1203 0 
-6.74647 -6.4965 0 
-5.64012 -6.49644 0 
-4.51484 -6.49636 0 
-3.38653 -6.49648 0 
-2.25786 -6.49644 0 
-1.12869 -6.49644 0 
0.000195311 -6.49644 0 
1.12904 -6.49644 0 
2.25759 -6.49644 0 
3.38667 -6.49644 0 
4.51485 -6.49649 0 
5.64012 -6.49644 0 
6.74647 -6.49638 0 
-6.74647 -4.87258 0 
-5.64012 -4.87251 0 
-4.51485 -4.87246 0 
-3.38667 -4.87251 0 
-2.25757 -4.87251 0 
-1.12902 -4.87251 0 
-0.000165315 -4.87251 0 
1.12887 -4.87248 0 
2.25789 -4.87254 0 
3.38653 -4.87246 0 
4.51484 -4.87259 0 
5.64012 -4.87251 0 
6.74647 -4.87245 0 
-6.74647 -3.24865 0 
-5.64012 -3.24859 0 
-4.51483 -3.24855 0 
-3.38636 -3.24858 0 
-2.25784 -3.24858 0 
-1.12869 -3.24858 0 
0.000183108 -3.24858 0 
1.12887 -3.24853 0 
2.25756 -3.24863 0 
3.3865 -3.24855 0 
4.51484 -3.24867 0 
5.64012 -3.24858 0 
6.74647 -3.24852 0 
-6.74647 -1.62472 0 
-5.64012 -1.62466 0 
-4.51484 -1.62457 0 
-3.3865 -1.62469 0 
-2.25755 -1.62466 0 
-1.12884 -1.6246 0 
-1.48116e-06 -1.62465 0 
1.12872 -1.6247 0 
2.25787 -1.62465 0 
3.38636 -1.62465 0 
4.51483 -1.62469 0 
5.64012 -1.62465 0 
6.74647 -1.62459 0 
-6.74647 -0.000788912 0 
-5.64012 -0.000727064 0 
-4.51484 -0.000640131 0 
-3.38653 -0.000764106 0 
-2.25787 -0.000727494 0 
-1.12886 -0.00068666 0 
1.98848e-05 -0.000723781 0 
1.12902 -0.000756187 0 
2.25758 -0.000725126 0 
3.3865 -0.000758059 0 
4.51484 -0.000725871 0 
5.64012 -0.000720966 0 
6.74647 -0.000659415 0 
-6.74647 1.62314 0 
-5.64012 1.6232 0 
-4.51484 1.62329 0 
-3.38652 1.62316 0 
-2.25772 1.62316 0 
-1.12903 1.62326 0 
-0.000178158 1.6232 0 
1.12871 1.6232 0 
2.25789 1.62321 0 
3.38669 1.6232 0 
4.51485 1.62315 0 
5.64012 1.62321 0 
6.74647 1.62327 0 
-6.74647 3.24707 0 
-5.64012 3.24713 0 
-4.51485 3.24719 0 
-3.38668 3.24714 0 
-2.25771 3.24709 0 
-1.12869 3.24717 0 
2.20474e-05 3.24708 0 
1.12887 3.24714 0 
2.25773 3.24722 0 
3.38651 3.24713 0 
4.51484 3.24705 0 
5.64012 3.24714 0 
6.74647 3.2472 0 
-6.74647 4.871 0 
-5.64012 4.87106 0 
-4.51484 4.87106 0 
-3.3865 4.8711 0 
-2.25756 4.87107 0 
-1.129 4.87106 0 
-2.56871e-06 4.87103 0 
1.12886 4.87106 0 
2.25756 4.87111 0 
3.3865 4.87109 0 
4.51484 4.87098 0 
5.64012 4.87107 0 
6.74647 4.87113 0 
-6.74647 6.49493 0 
-5.64012 6.49499 0 
-4.51483 6.49503 0 
-3.38636 6.49499 0 
-2.25786 6.49499 0 
-1.12886 6.49496 0 
8.56599e-06 6.49499 0 
1.12887 6.49499 0 
2.25771 6.49499 0 
3.38635 6.49504 0 
4.51483 6.49496 0 
5.64012 6.49499 0 
6.74647 6.49506 0 
-6.74647 8.11886 0 
-5.64012 8.11892 0 
-4.51484 8.119 0 
-3.38651 8.11888 0 
-2.25769 8.11887 0 
-1.12868 8.11896 0 
0.000197645 8.11892 0 
1.12906 8.11892 0 
2.25791 8.11892 0 
3.38669 8.11892 0 
4.51485 8.11887 0 
5.64012 8.11892 0 
6.74647 8.11899 0 
-6.74647 9.74278 0 
-5.64012 9.74285 0 
-4.51485 9.7429 0 
-3.38668 9.74285 0 
-2.25773 9.7428 0 
-1.12903 9.7429 0 
-0.000179008 9.74285 0 
1.1287 9.74285 0 
2.25771 9.74288 0 
3.38651 9.74285 0 
4.51484 9.74277 0 
5.64012 9.74285 0 
6.74647 9.74291 0 
-6.74647 11.3667 0 
-5.64012 11.3668 0 
-4.51484 11.3668 0 
-3.3865 11.3668 0 
-2.25755 11.3668 0 
-1.12884 11.3667 0 
2.13737e-05 11.3668 0 
1.12902 11.3668 0 
2.25758 11.3668 0 
3.3865 11.3668 0 
4.51484 11.3667 0 
5.64012 11.3668 0 
6.74647 11.3668 0 
-6.74647 12.9906 0 
-5.64012 12.9907 0 
-4.51483 12.9907 0 
-3.38635 12.9907 0 
-2.2577 12.9908 0 
-1.12885 12.9906 0 
-2.96725e-06 12.9907 0 
1.12871 12.9908 0 
2.2577 12.9907 0 
3.38635 12.9908 0 
4.51483 12.9907 0 
5.64012 12.9907 0 
6.74647 12.9908 0 
-6.74647 14.6146 0 
-5.64012 14.6146 0 
-4.51485 14.6147 0 
-3.38669 14.6146 0 
-2.25787 14.6146 0 
-1.12869 14.6146 0 
0.000196015 14.6146 0 
1.12905 14.6146 0 
2.25774 14.6146 0 
3.38652 14.6146 0 
4.51484 14.6146 0 
5.64012 14.6146 0 
6.74647 14.6147 0 
-6.74647 16.2385 0 
-5.64012 16.2386 0 
-4.51484 16.2386 0 
-3.3865 16.2386 0 
-2.25756 16.2386 0 
-1.12902 16.2386 0 
-0.000165267 16.2386 0 
1.12887 16.2386 0 
2.25789 16.2385 0 
3.38653 16.2385 0 
4.51484 16.2386 0 
5.64012 16.2386 0 
6.74647 16.2386 0 
-6.74647 17.8624 0 
-5.64012 17.8625 0 
-4.51483 17.8625 0 
-3.38635 17.8625 0 
-2.25768 17.8625 0 
-1.12868 17.8625 0 
0.000184649 17.8625 0 
1.12889 17.8625 0 
2.25773 17.8625 0 
3.38652 17.8624 0 
4.51484 17.8625 0 
5.64012 17.8625 0 
6.74647 17.8626 0 
-6.74647 19.4864 0 
-5.64012 19.4864 0 
-4.51485 19.4865 0 
-3.38669 19.4864 0 
-2.2579 19.4864 0 
-1.12904 19.4864 0 
-0.000168299 19.4864 0 
1.12885 19.4865 0 
2.25757 19.4864 0 
3.38667 19.4864 0 
4.51485 19.4864 0 
5.64012 19.4864 0 
6.74647 19.4865 0 
-6.74647 21.1103 0 
-5.64012 21.1103 0 
-4.51483 21.1104 0 
-3.38634 21.1104 0 
-2.25752 21.1104 0 
-1.12867 21.1104 0 
0.000185402 21.1104 0 
1.12889 21.1104 0 
2.25773 21.1103 0 
3.38652 21.1104 0 
4.51484 21.1103 0 
5.64012 21.1104 0 
6.74647 21.1104 0 
-6.74647 22.7342 0 
-5.64012 22.7343 0 
-4.51485 22.7343 0 
-3.38668 22.7343 0 
-2.25772 22.7343 0 
-1.12885 22.7343 0 
9.28138e-06 22.7343 0 
1.12887 22.7343 0 
2.25773 22.7342 0 
3.38652 22.7344 0 
4.51484 22.7342 0 
5.64012 22.7343 0 
6.74647 22.7343 0 
-6.74647 24.3581 0 
-5.64012 24.3582 0 
-4.51483 24.3582 0 
-3.38636 24.3582 0 
-2.25786 24.3582 0 
-1.12886 24.3582 0 
8.58681e-06 24.3582 0 
1.12887 24.3582 0 
2.25773 24.3581 0 
3.38651 24.3583 0 
4.51484 24.3581 0 
5.64012 24.3582 0 
6.74647 24.3583 0 
-6.74647 25.9821 0 
-5.64012 25.9821 0 
-4.51485 25.9822 0 
-3.38667 25.9821 0 
-2.25758 25.982 0 
-1.12903 25.9822 0 
-0.000165549 25.9821 0 
1.12886 25.9821 0 
2.25773 25.982 0 
3.38651 25.9822 0 
4.51484 25.982 0 
5.64012 25.9821 0 
6.74647 25.9822 0 
-6.74647 27.6058 0 
-5.64012 27.6059 0 
-4.51484 27.6059 0 
-3.38649 27.606 0 
-2.25774 27.6059 0 
-1.12887 27.6059 0 
-2.31981e-06 27.6058 0 
1.12871 27.6059 0 
2.25773 27.606 0 
3.3865 27.606 0 
4.515 27.6058 0 
5.64014 27.6058 0 
6.74647 27.6059 0 
-6.74645 29.228 0 
-5.64011 29.2282 0 
-4.51485 29.2282 0 
-3.38665 29.2281 0 
-2.2576 29.228 0 
-1.12885 29.2282 0 
1.38546e-05 29.2282 0 
1.12887 29.2282 0 
2.25761 29.2281 0 
3.38664 29.2281 0 
4.5147 29.2282 0 
5.64011 29.2282 0 
6.74645 29.2281 0 
-6.74636 30.8374 0 
-5.64004 30.8382 0 
-4.51479 30.8383 0 
-3.38648 30.8383 0 
-2.25783 30.8383 0 
-1.12883 30.8383 0 
4.76548e-05 30.8383 0 
1.12891 30.8383 0 
2.25775 30.8383 0 
3.3864 30.8383 0 
4.51486 30.8383 0 
5.64012 30.8382 0 
6.74637 30.8375 0 
-6.74617 32.3488 0 
-5.63998 32.3494 0 
-4.51477 32.3495 0 
-3.38647 32.3495 0 
-2.25768 32.3499 0 
-1.12882 32.3499 0 
3.97149e-05 32.3499 0 
1.1289 32.3499 0 
2.25776 32.3499 0 
3.38654 32.3499 0 
4.51485 32.3499 0 
5.64004 32.3498 0 
6.74617 32.3489 0 
-2.26085 -25.1697 0 
-3.38342 -25.1736 0 
-1.13205 -25.1734 0 
-2.25455 -25.0889 0 
-0.00316844 -25.1733 0 
-1.12569 -25.0923 0 
1.12568 -25.1698 0 
0.00316599 -25.2542 0 
2.25454 -25.1698 0 
1.13204 -25.2509 0 
3.38339 -25.1738 0 
2.26089 -25.2509 0 
-2.26085 -23.5496 0 
-3.38342 -23.5457 0 
-1.13205 -23.5459 0 
-2.25455 -23.6304 0 
-0.0031829 -23.5459 0 
-1.12569 -23.627 0 
1.12568 -23.5459 0 
0.00317363 -23.627 0 
2.25455 -23.5499 0 
1.13203 -23.627 0 
3.38337 -23.5495 0 
2.26089 -23.4686 0 
-2.26086 -21.9218 0 
-3.38342 -21.9257 0 
-1.13203 -21.9221 0 
-2.25455 -22.0029 0 
-0.00317545 -21.9255 0 
-1.1257 -21.8412 0 
1.12568 -21.922 0 
0.00316137 -22.0063 0 
2.25454 -21.922 0 
1.13204 -22.0031 0 
3.38339 -21.926 0 
2.2609 -22.0031 0 
-2.26086 -20.3018 0 
-3.38342 -20.2978 0 
-1.13205 -20.3016 0 
-2.25455 -20.2207 0 
-0.0031864 -20.3016 0 
-1.12569 -20.2205 0 
1.12569 -20.2976 0 
0.00316869 -20.2205 0 
2.25454 -20.298 0 
1.13203 -20.3789 0 
3.38339 -20.302 0 
2.26089 -20.3791 0 
-2.26085 -18.674 0 
-3.38342 -18.6779 0 
-1.13205 -18.6777 0 
-2.25455 -18.5932 0 
-0.00318364 -18.6777 0 
-1.12569 -18.5966 0 
1.12569 -18.6737 0 
0.00316858 -18.5966 0 
2.25454 -18.6741 0 
1.13203 -18.755 0 
3.38339 -18.6781 0 
2.26089 -18.7552 0 
-2.26085 -17.0501 0 
-3.38342 -17.054 0 
-1.13205 -17.0538 0 
-2.25455 -16.9693 0 
-0.00318302 -17.0538 0 
-1.12569 -16.9727 0 
1.12568 -17.0538 0 
0.00317349 -16.9727 0 
2.25454 -17.0538 0 
1.13204 -16.9727 0 
3.38337 -17.0538 0 
2.2609 -16.9727 0 
-2.26085 -15.4299 0 
-3.38342 -15.4261 0 
-1.13204 -15.4264 0 
-2.25455 -15.5107 0 
-0.00318708 -15.4298 0 
-1.1257 -15.3455 0 
1.12569 -15.4259 0 
0.0031684 -15.3487 0 
2.25454 -15.4263 0 
1.13203 -15.5071 0 
3.38339 -15.4302 0 
2.2609 -15.5073 0 
-2.26086 -13.8061 0 
-3.38342 -13.8021 0 
-1.13203 -13.8058 0 
-2.25455 -13.7249 0 
-0.003172 -13.8024 0 
-1.1257 -13.8867 0 
1.12567 -13.8059 0 
0.00316475 -13.7216 0 
2.25455 -13.8019 0 
1.13204 -13.7248 0 
3.38337 -13.8023 0 
2.26089 -13.8832 0 
-2.26085 -12.1783 0 
-3.38342 -12.1822 0 
-1.13205 -12.182 0 
-2.25455 -12.0975 0 
-0.00317176 -12.1819 0 
-1.12569 -12.1009 0 
1.12567 -12.1784 0 
0.00316532 -12.2627 0 
2.25454 -12.1784 0 
1.13204 -12.2595 0 
3.38337 -12.1784 0 
2.2609 -12.2595 0 
-2.26086 -10.5583 0 
-3.38342 -10.5543 0 
-1.13205 -10.5581 0 
-2.25454 -10.4771 0 
-0.00318521 -10.5581 0 
-1.12569 -10.477 0 
1.12568 -10.5581 0 
0.00317653 -10.477 0 
2.25454 -10.5581 0 
1.13204 -10.477 0 
3.38338 -10.5541 0 
2.2609 -10.477 0 
-2.26085 -8.93422 0 
-3.38342 -8.93034 0 
-1.13205 -8.93054 0 
-2.25455 -9.015 0 
-0.00318539 -8.93053 0 
-1.12569 -9.01163 0 
1.12568 -8.93053 0 
0.0031764 -9.01162 0 
2.25454 -8.93054 0 
1.13204 -9.01162 0 
3.38338 -8.93452 0 
2.2609 -9.01163 0 
-2.26086 -7.30641 0 
-3.38342 -7.31039 0 
-1.13203 -7.3067 0 
-2.25455 -7.38758 0 
-0.00318912 -7.3102 0 
-1.1257 -7.22585 0 
1.12568 -7.3102 0 
0.00317573 -7.22911 0 
2.25455 -7.30622 0 
1.13204 -7.22911 0 
3.38339 -7.3106 0 
2.26089 -7.38747 0 
-2.26085 -5.68258 0 
-3.38342 -5.68646 0 
-1.13204 -5.68617 0 
-2.25455 -5.6018 0 
-0.00318895 -5.68268 0 
-1.1257 -5.76703 0 
1.12568 -5.68268 0 
0.00317593 -5.76377 0 
2.25455 -5.68666 0 
1.13204 -5.76377 0 
3.38339 -5.68229 0 
2.26089 -5.60541 0 
-2.26085 -4.06244 0 
-3.38342 -4.05856 0 
-1.13204 -4.05885 0 
-2.25455 -4.14322 0 
-0.00318968 -4.06233 0 
-1.1257 -3.978 0 
1.12569 -4.05836 0 
0.00317128 -3.98124 0 
2.25454 -4.05875 0 
1.13203 -4.1396 0 
3.38337 -4.05875 0 
2.2609 -4.13984 0 
-2.26085 -2.43472 0 
-3.38342 -2.4386 0 
-1.13204 -2.43831 0 
-2.25455 -2.35395 0 
-0.00318617 -2.43482 0 
-1.1257 -2.51917 0 
1.12568 -2.43482 0 
0.00317592 -2.51591 0 
2.25455 -2.4388 0 
1.13203 -2.51591 0 
3.38338 -2.43444 0 
2.26089 -2.35756 0 
-2.26086 -0.8107 0 
-3.38342 -0.814677 0 
-1.13205 -0.810881 0 
-2.25454 -0.891865 0 
-0.00318336 -0.810893 0 
-1.12569 -0.891972 0 
1.12569 -0.814873 0 
0.00316867 -0.891988 0 
2.25455 -0.81051 0 
1.13203 -0.733629 0 
3.38338 -0.814874 0 
2.26089 -0.891753 0 
-2.26085 0.813131 0 
-3.38342 0.809252 0 
-1.13204 0.809548 0 
-2.25455 0.893907 0 
-0.00318978 0.813033 0 
-1.1257 0.728696 0 
1.12568 0.813035 0 
0.00317243 0.731946 0 
2.25455 0.809056 0 
1.13204 0.731938 0 
3.38338 0.809436 0 
2.26089 0.890295 0 
-2.26085 2.43706 0 
-3.38342 2.43318 0 
-1.13205 2.43338 0 
-2.25455 2.51783 0 
-0.003186 2.43336 0 
-1.12569 2.51447 0 
1.12568 2.43337 0 
0.00317311 2.51445 0 
2.25455 2.43736 0 
1.13203 2.51447 0 
3.38337 2.43697 0 
2.26089 2.35612 0 
-2.26086 4.05711 0 
-3.38342 4.06109 0 
-1.13203 4.05739 0 
-2.25454 4.13827 0 
-0.00317229 4.06079 0 
-1.1257 3.97655 0 
1.12568 4.05731 0 
0.00316169 4.14164 0 
2.25455 4.06129 0 
1.13203 4.1384 0 
3.38337 4.0609 0 
2.26089 3.98005 0 
-2.26085 5.68113 0 
-3.38342 5.68502 0 
-1.13204 5.68472 0 
-2.25455 5.60036 0 
-0.00318674 5.68123 0 
-1.1257 5.76557 0 
1.12568 5.68123 0 
0.0031728 5.76232 0 
2.25454 5.68124 0 
1.13204 5.76232 0 
3.38338 5.68521 0 
2.26089 5.76233 0 
-2.26085 7.30885 0 
-3.38342 7.30497 0 
-1.13205 7.30516 0 
-2.25455 7.38962 0 
-0.00318223 7.30515 0 
-1.12569 7.38625 0 
1.12568 7.30515 0 
0.003177 7.38625 0 
2.25454 7.30515 0 
1.13204 7.38625 0 
3.38337 7.30516 0 
2.2609 7.38625 0 
-2.26085 8.93277 0 
-3.38342 8.9289 0 
-1.13204 8.92919 0 
-2.25455 9.01355 0 
-0.00318912 8.93268 0 
-1.1257 8.84834 0 
1.12568 8.93269 0 
0.00317584 8.85159 0 
2.25454 8.93269 0 
1.13204 8.8516 0 
3.38337 8.93268 0 
2.2609 8.8516 0 
-2.26086 10.5528 0 
-3.38342 10.5568 0 
-1.13205 10.553 0 
-2.25454 10.634 0 
-0.00318595 10.553 0 
-1.12569 10.6341 0 
1.12568 10.553 0 
0.00317301 10.6341 0 
2.25455 10.557 0 
1.13204 10.6341 0 
3.38337 10.5566 0 
2.26089 10.4758 0 
-2.26085 12.1769 0 
-3.38342 12.1807 0 
-1.13204 12.1804 0 
-2.25455 12.0961 0 
-0.00318714 12.177 0 
-1.1257 12.2613 0 
1.12569 12.1809 0 
0.00316807 12.258 0 
2.25455 12.1766 0 
1.13203 12.0997 0 
3.38338 12.1809 0 
2.26089 12.2578 0 
-2.26086 13.8047 0 
-3.38342 13.8007 0 
-1.13203 13.8044 0 
-2.25455 13.7235 0 
-0.00318611 13.8009 0 
-1.1257 13.8852 0 
1.12568 13.8009 0 
0.00317621 13.882 0 
2.25454 13.8009 0 
1.13204 13.882 0 
3.38337 13.8009 0 
2.2609 13.882 0 
-2.26086 15.4246 0 
-3.38342 15.4286 0 
-1.13203 15.4249 0 
-2.25454 15.5058 0 
-0.00318891 15.4284 0 
-1.1257 15.344 0 
1.12568 15.4284 0 
0.00317594 15.3473 0 
2.25455 15.4244 0 
1.13204 15.3473 0 
3.38337 15.4248 0 
2.26089 15.5057 0 
-2.26085 17.0486 0 
-3.38342 17.0525 0 
-1.13204 17.0522 0 
-2.25455 16.9679 0 
-0.00318965 17.0487 0 
-1.1257 17.1331 0 
1.12569 17.0527 0 
0.00317131 17.1298 0 
2.25454 17.0523 0 
1.13203 16.9715 0 
3.38339 17.0483 0 
2.2609 16.9712 0 
-2.26086 18.6765 0 
-3.38342 18.6725 0 
-1.13205 18.6763 0 
-2.25455 18.5953 0 
-0.0031852 18.6763 0 
-1.12569 18.5952 0 
1.12568 18.6763 0 
0.00317637 18.5952 0 
2.25454 18.6763 0 
1.13204 18.5952 0 
3.38339 18.6723 0 
2.26089 18.5952 0 
-2.26086 20.2964 0 
-3.38342 20.3004 0 
-1.13205 20.2966 0 
-2.25454 20.3776 0 
-0.00318588 20.2966 0 
-1.12569 20.3777 0 
1.12569 20.3006 0 
0.00317187 20.3777 0 
2.25455 20.2962 0 
1.13203 20.2193 0 
3.38339 20.3006 0 
2.26089 20.3774 0 
-2.26086 21.9243 0 
-3.38342 21.9203 0 
-1.13205 21.9241 0 
-2.25454 21.8431 0 
-0.00318216 21.9241 0 
-1.12569 21.843 0 
1.12568 21.9241 0 
0.00317672 21.843 0 
2.25455 21.9201 0 
1.13203 21.843 0 
3.38339 21.9245 0 
2.26089 22.0014 0 
-2.26085 23.5444 0 
-3.38342 23.5482 0 
-1.13205 23.548 0 
-2.25455 23.4636 0 
-0.0031829 23.548 0 
-1.12569 23.467 0 
1.12568 23.548 0 
0.00317339 23.467 0 
2.25455 23.5441 0 
1.13203 23.4669 0 
3.38339 23.5484 0 
2.26089 23.6253 0 
-2.26085 25.1721 0 
-3.38342 25.1682 0 
-1.13204 25.1685 0 
-2.25455 25.2528 0 
-0.00318966 25.172 0 
-1.1257 25.0876 0 
1.12568 25.172 0 
0.00317249 25.0909 0 
2.25455 25.168 0 
1.13203 25.0909 0 
3.38339 25.1724 0 
2.26089 25.2492 0 
-1.12573 -26.7975 0 
-0.00312951 -26.7936 0 
1.12568 -26.7973 0 
0.00317897 -26.7128 0 
-1.12573 26.796 0 
-0.00313734 26.792 0 
1.12569 26.7962 0 
0.0031737 26.8732 0 
-2.25455 -26.7933 0 
-1.13204 -26.7163 0 
1.13204 -26.7162 0 
2.25455 -26.7933 0 
-1.13204 26.7149 0 
-2.25455 26.7918 0 
2.25455 26.7918 0 
1.13203 26.715 0 
-2.26089 -26.8745 0 
-3.38339 -26.7977 0 
3.38339 -26.7977 0 
2.26089 -26.8745 0 
-3.38339 26.7962 0 
-2.26089 26.8731 0 
2.26089 26.8731 0 
3.38339 26.7962 0 
-3.38973 -20.379 0 
-4.51196 -20.298 0 
3.38972 -20.2208 0 
4.51196 -20.3016 0 
-4.51198 -18.6737 0 
-3.38973 -18.5967 0 
3.38972 -18.5969 0 
4.51196 -18.6777 0 
-4.51198 -17.0498 0 
-3.38973 -16.9728 0 
3.38973 -16.9727 0 
4.51196 -17.0538 0 
-3.38973 -15.5072 0 
-4.51197 -15.4262 0 
3.38972 -15.349 0 
4.51196 -15.4299 0 
-3.38973 -13.8833 0 
-4.51196 -13.8023 0 
4.51198 -13.8063 0 
3.38972 -13.8834 0 
-4.51198 -12.178 0 
-3.38973 -12.101 0 
4.51198 -12.1824 0 
3.38972 -12.2595 0 
-3.38973 -10.6354 0 
-4.51197 -10.5545 0 
4.51198 -10.5585 0 
3.38971 -10.6353 0 
-3.38973 -9.01151 0 
-4.51196 -8.93053 0 
3.38972 -8.85329 0 
4.51196 -8.93414 0 
-4.51198 -7.30621 0 
-3.38973 -7.22922 0 
3.38972 -7.22935 0 
4.51196 -7.31021 0 
-4.51198 -5.68228 0 
-3.38973 -5.60529 0 
4.51198 -5.68667 0 
3.38972 -5.76354 0 
-3.38973 -4.13972 0 
-4.51196 -4.05874 0 
4.51198 -4.06274 0 
3.38972 -4.13984 0 
-4.51198 -2.43443 0 
-3.38973 -2.35744 0 
4.51198 -2.43881 0 
3.38971 -2.51568 0 
-4.51198 -0.810495 0 
-3.38973 -0.733508 0 
3.38972 -0.733636 0 
4.51196 -0.814492 0 
-4.51198 0.813434 0 
-3.38973 0.890421 0 
3.38973 0.890529 0 
4.51196 0.809437 0 
-4.51198 2.43736 0 
-3.38973 2.51435 0 
4.51198 2.43298 0 
3.38972 2.35587 0 
-3.38973 3.97992 0 
-4.51197 4.0609 0 
4.51198 4.0569 0 
3.38972 3.9798 0 
-3.38973 5.60385 0 
-4.51196 5.68483 0 
4.51198 5.68084 0 
3.38971 5.60397 0 
-4.51198 7.30915 0 
-3.38973 7.38614 0 
3.38973 7.38625 0 
4.51196 7.30515 0 
-4.51198 8.93308 0 
-3.38973 9.01007 0 
4.51198 8.92869 0 
3.38972 8.85159 0 
-3.38973 10.4756 0 
-4.51197 10.5566 0 
4.51198 10.5526 0 
3.38972 10.4755 0 
-3.38973 12.0996 0 
-4.51196 12.1805 0 
4.51198 12.1766 0 
3.38971 12.0997 0 
-4.51198 13.8049 0 
-3.38973 13.8819 0 
3.38972 13.882 0 
4.51196 13.8009 0 
-3.38973 15.3474 0 
-4.51197 15.4284 0 
3.38973 15.5059 0 
4.51196 15.4248 0 
-3.38973 16.9714 0 
-4.51196 17.0523 0 
3.38972 17.1296 0 
4.51196 17.0487 0 
-4.51198 18.6766 0 
-3.38973 18.7536 0 
3.38972 18.7535 0 
4.51196 18.6727 0 
-3.38973 20.2192 0 
-4.51196 20.3002 0 
4.51198 20.2962 0 
3.38972 20.2193 0 
-4.51198 -21.9216 0 
-3.38973 -21.8446 0 
3.38972 -21.8447 0 
4.51196 -21.9256 0 
-4.51198 21.9245 0 
-3.38973 22.0015 0 
4.51198 21.9201 0 
3.38971 21.8433 0 
-3.38973 -23.6269 0 
-4.51196 -23.5459 0 
3.38973 -23.4684 0 
4.51196 -23.5495 0 
-3.38973 23.4671 0 
-4.51196 23.5481 0 
4.51198 23.5441 0 
3.38971 23.4672 0 
-4.51198 -25.1694 0 
-3.38973 -25.0924 0 
3.38972 -25.0926 0 
4.51196 -25.1734 0 
-4.51198 25.1724 0 
-3.38973 25.2494 0 
4.51198 25.168 0 
3.38971 25.0911 0 
-4.51198 -26.7933 0 
-3.38971 -26.7164 0 
3.38972 -26.7164 0 
4.51197 -26.7973 0 
-3.38972 26.715 0 
-4.51197 26.7958 0 
4.51198 26.7918 0 
3.38971 26.715 0 
-0.00312614 -28.4167 0 
-1.12572 -28.4207 0 
0.0031632 -28.4978 0 
1.12569 -28.4209 0 
-0.00312276 28.4153 0 
-1.12572 28.4192 0 
0.0031677 28.4964 0 
1.12567 28.4155 0 
-2.25299 -28.4164 0 
-1.13192 -28.3396 0 
1.13191 -28.3397 0 
2.253 -28.4165 0 
-1.13192 28.3381 0 
-2.25299 28.415 0 
2.25299 28.4155 0 
1.13192 28.4965 0 
-2.82428 -29.2093 0 
-2.81997 -27.6282 0 
2.8243 -27.6282 0 
2.81999 -29.2093 0 
-2.8243 27.6268 0 
-2.81997 29.2079 0 
2.81997 29.2079 0 
2.8243 27.6268 0 
-4.51213 -28.4207 0 
-3.39123 -28.4167 0 
3.39123 -28.4167 0 
4.51213 -28.4207 0 
-3.39123 28.4153 0 
-4.51213 28.4192 0 
4.51213 28.4192 0 
3.39123 28.4153 0 
-4.51827 -23.627 0 
-5.63871 -23.5459 0 
4.51827 -23.4684 0 
5.63871 -23.5495 0 
-4.51826 -22.0028 0 
-5.63871 -21.922 0 
4.51827 -21.8445 0 
5.63871 -21.9256 0 
-4.51827 -20.3791 0 
-5.63871 -20.298 0 
4.51827 -20.2205 0 
5.63871 -20.3016 0 
-4.51826 -18.755 0 
-5.63871 -18.6741 0 
4.51827 -18.5966 0 
5.63871 -18.6777 0 
-4.51826 -17.131 0 
-5.63871 -17.0502 0 
4.51827 -16.9727 0 
5.63871 -17.0538 0 
-4.51827 -15.5073 0 
-5.63871 -15.4263 0 
4.51827 -15.3488 0 
5.63871 -15.4298 0 
-4.51827 -13.8834 0 
-5.63871 -13.8023 0 
4.51826 -13.7251 0 
5.63871 -13.8059 0 
-4.51826 -12.2592 0 
-5.63871 -12.1784 0 
4.51826 -12.1011 0 
5.63871 -12.182 0 
-4.51827 -10.6356 0 
-5.63871 -10.5545 0 
4.51826 -10.4772 0 
5.63871 -10.5581 0 
-4.51827 -9.01163 0 
-5.63871 -8.93054 0 
4.51827 -8.85304 0 
5.63871 -8.93412 0 
-4.51826 -7.38746 0 
-5.63871 -7.30661 0 
4.51827 -7.22912 0 
5.63871 -7.31019 0 
-4.51826 -5.76353 0 
-5.63871 -5.68268 0 
4.51826 -5.60543 0 
5.63871 -5.68627 0 
-4.51827 -4.13983 0 
-5.63871 -4.05876 0 
4.51826 -3.9815 0 
5.63871 -4.06234 0 
-4.51826 -2.51567 0 
-5.63871 -2.43483 0 
4.51826 -2.35756 0 
5.63871 -2.43841 0 
-4.51826 -0.891737 0 
-5.63871 -0.810898 0 
4.51827 -0.733396 0 
5.63871 -0.814479 0 
-4.51826 0.732192 0 
-5.63871 0.813031 0 
4.51827 0.89053 0 
5.63871 0.80945 0 
-4.51826 2.35612 0 
-5.63871 2.43696 0 
4.51826 2.51422 0 
5.63871 2.43338 0 
-4.51827 3.97981 0 
-5.63871 4.06089 0 
4.51826 4.13815 0 
5.63871 4.05731 0 
-4.51827 5.60373 0 
-5.63871 5.68482 0 
4.51826 5.76208 0 
5.63871 5.68124 0 
-4.51826 7.2279 0 
-5.63871 7.30875 0 
4.51827 7.38624 0 
5.63871 7.30517 0 
-4.51826 8.85183 0 
-5.63871 8.93268 0 
4.51826 9.00993 0 
5.63871 8.92909 0 
-4.51827 10.4755 0 
-5.63871 10.5566 0 
4.51826 10.6339 0 
5.63871 10.553 0 
-4.51827 12.0995 0 
-5.63871 12.1805 0 
4.51826 12.2578 0 
5.63871 12.177 0 
-4.51826 13.7236 0 
-5.63871 13.8045 0 
4.51827 13.882 0 
5.63871 13.8009 0 
-4.51827 15.3473 0 
-5.63871 15.4284 0 
4.51827 15.5059 0 
5.63871 15.4248 0 
-4.51827 16.9712 0 
-5.63871 17.0523 0 
4.51827 17.1298 0 
5.63871 17.0487 0 
-4.51826 18.5954 0 
-5.63871 18.6762 0 
4.51827 18.7537 0 
5.63871 18.6727 0 
-4.51827 20.2191 0 
-5.63871 20.3002 0 
4.51826 20.3774 0 
5.63871 20.2966 0 
-4.51826 21.8433 0 
-5.63871 21.9241 0 
4.51826 22.0014 0 
5.63871 21.9205 0 
-4.51827 23.467 0 
-5.63871 23.548 0 
4.51826 23.6253 0 
5.63871 23.5445 0 
-4.51826 -25.2507 0 
-5.63871 -25.1698 0 
4.51827 -25.0923 0 
5.63871 -25.1734 0 
-4.51826 25.0911 0 
-5.63871 25.172 0 
4.51826 25.2492 0 
5.63871 25.1684 0 
-4.51827 -26.8745 0 
-5.63871 -26.7937 0 
4.51827 -26.7162 0 
5.63871 -26.7973 0 
-4.51827 26.7147 0 
-5.63871 26.7958 0 
4.51827 26.8731 0 
5.63871 26.7922 0 
-5.63872 -28.4165 0 
-4.51828 -28.3396 0 
4.51828 -28.3396 0 
5.63871 -28.4205 0 
-4.51828 28.3382 0 
-5.63871 28.419 0 
5.63872 28.4151 0 
4.51828 28.3381 0 
-2.25469 -30.0348 0 
-1.13189 -30.0387 0 
-1.12579 -30.1188 0 
-0.00308422 -30.035 0 
1.12579 -30.0349 0 
0.00307702 -30.1154 0 
1.13193 -29.9547 0 
2.25464 -30.0384 0 
-1.13189 30.0372 0 
-2.25469 30.0333 0 
-0.00308462 30.0335 0 
-1.12579 30.1173 0 
1.12578 30.0335 0 
0.00307507 30.114 0 
1.13194 30.114 0 
2.25464 30.0335 0 
-3.38347 -30.035 0 
-2.2608 -30.1153 0 
2.2608 -29.958 0 
3.38347 -30.0384 0 
-2.2608 30.1139 0 
-3.38348 30.0374 0 
3.38348 30.0373 0 
2.2608 30.114 0 
-3.38962 -30.1154 0 
-4.51206 -30.035 0 
3.38962 -29.958 0 
4.51206 -30.0384 0 
-3.38962 29.9568 0 
-4.51206 30.037 0 
4.51207 30.0332 0 
3.38961 29.9568 0 
-4.51816 -30.1154 0 
-5.63876 -30.0349 0 
4.51816 -29.958 0 
5.63875 -30.0384 0 
-4.51816 29.9565 0 
-5.63875 30.0369 0 
4.51815 30.1137 0 
5.63876 30.0335 0 
-5.64466 -23.627 0 
-6.75147 -23.5461 0 
5.64466 -23.4684 0 
6.75147 -23.5493 0 
-5.64466 -22.0031 0 
-6.75147 -21.9222 0 
5.64466 -21.8444 0 
6.75147 -21.9253 0 
-5.64466 -20.3792 0 
-6.75147 -20.2983 0 
5.64466 -20.2205 0 
6.75147 -20.3014 0 
-5.64466 -18.7552 0 
-6.75147 -18.6743 0 
5.64466 -18.5966 0 
6.75147 -18.6775 0 
-5.64466 -17.1313 0 
-6.75147 -17.0504 0 
5.64466 -16.9727 0 
6.75147 -17.0536 0 
-5.64466 -15.5074 0 
-6.75147 -15.4265 0 
5.64466 -15.3487 0 
6.75147 -15.4296 0 
-5.64466 -13.8834 0 
-6.75147 -13.8025 0 
5.64466 -13.7248 0 
6.75147 -13.8057 0 
-5.64466 -12.2595 0 
-6.75147 -12.1786 0 
5.64466 -12.1009 0 
6.75147 -12.1818 0 
-5.64466 -10.6356 0 
-6.75147 -10.5547 0 
5.64466 -10.4769 0 
6.75147 -10.5578 0 
-5.64466 -9.01166 0 
-6.75147 -8.93075 0 
5.64466 -8.85301 0 
6.75147 -8.93391 0 
-5.64466 -7.38773 0 
-6.75147 -7.30683 0 
5.64466 -7.22908 0 
6.75147 -7.30998 0 
-5.64466 -5.7638 0 
-6.75147 -5.6829 0 
5.64466 -5.60515 0 
6.75147 -5.68605 0 
-5.64466 -4.13987 0 
-6.75147 -4.05897 0 
5.64466 -3.98122 0 
6.75147 -4.06213 0 
-5.64466 -2.51595 0 
-6.75147 -2.43504 0 
5.64466 -2.35729 0 
6.75147 -2.4382 0 
-5.64466 -0.892016 0 
-6.75147 -0.811109 0 
5.64466 -0.733361 0 
6.75147 -0.814268 0 
-5.64466 0.731913 0 
-6.75147 0.81282 0 
5.64466 0.890568 0 
6.75147 0.809661 0 
-5.64466 2.35584 0 
-6.75147 2.43675 0 
5.64466 2.5145 0 
6.75147 2.43359 0 
-5.64466 3.97977 0 
-6.75147 4.06068 0 
5.64466 4.13843 0 
6.75147 4.05752 0 
-5.64466 5.6037 0 
-6.75147 5.68461 0 
5.64466 5.76235 0 
6.75147 5.68145 0 
-5.64466 7.22763 0 
-6.75147 7.30854 0 
5.64466 7.38628 0 
6.75147 7.30538 0 
-5.64466 8.85156 0 
-6.75147 8.93246 0 
5.64466 9.01021 0 
6.75147 8.92931 0 
-5.64466 10.4755 0 
-6.75147 10.5564 0 
5.64466 10.6341 0 
6.75147 10.5532 0 
-5.64466 12.0994 0 
-6.75147 12.1803 0 
5.64466 12.2581 0 
6.75147 12.1772 0 
-5.64466 13.7233 0 
-6.75147 13.8043 0 
5.64466 13.882 0 
6.75147 13.8011 0 
-5.64466 15.3473 0 
-6.75147 15.4282 0 
5.64466 15.5059 0 
6.75147 15.425 0 
-5.64466 16.9712 0 
-6.75147 17.0521 0 
5.64466 17.1299 0 
6.75147 17.049 0 
-5.64466 18.5951 0 
-6.75147 18.676 0 
5.64466 18.7538 0 
6.75147 18.6729 0 
-5.64466 20.2191 0 
-6.75147 20.3 0 
5.64466 20.3777 0 
6.75147 20.2968 0 
-5.64466 21.843 0 
-6.75147 21.9239 0 
5.64466 22.0016 0 
6.75147 21.9207 0 
-5.64466 23.4669 0 
-6.75147 23.5478 0 
5.64466 23.6256 0 
6.75147 23.5447 0 
5.64466 -25.0923 0 
6.75147 -25.1732 0 
-5.64466 25.0908 0 
-6.75147 25.1717 0 
-5.64466 -25.2509 0 
-6.75147 -25.17 0 
5.64466 25.2495 0 
6.75147 25.1686 0 
-5.64466 -26.8748 0 
-6.75146 -26.7939 0 
5.64466 -26.7161 0 
6.75146 -26.797 0 
-5.64466 26.7147 0 
-6.75146 26.7956 0 
5.64466 26.8733 0 
6.75146 26.7924 0 
-5.64463 -28.4977 0 
-6.75146 -28.417 0 
5.64464 -28.3394 0 
6.75146 -28.4202 0 
-5.64464 28.338 0 
-6.75146 28.4188 0 
5.64463 28.4963 0 
6.75146 28.4156 0 
-5.6445 -30.1154 0 
-6.75138 -30.0345 0 
5.64449 -29.9579 0 
6.75139 -30.0376 0 
-5.64449 29.9565 0 
-6.75139 30.0362 0 
5.6445 30.1139 0 
6.75138 30.033 0 
-3.38435 -31.6088 0 
-2.25993 -31.6116 0 
-2.2555 -31.5357 0 
-1.13108 -31.6124 0 
-0.00222338 -31.608 0 
-1.12664 -31.6879 0 
1.12664 -31.6115 0 
0.00221091 -31.5323 0 
2.2555 -31.6115 0 
1.13108 -31.5356 0 
2.25993 -31.5356 0 
3.38432 -31.6115 0 
-3.38434 31.6101 0 
-2.25992 31.6073 0 
-1.13108 31.6075 0 
-2.2555 31.6832 0 
-0.00221938 31.6075 0 
-1.12664 31.6832 0 
1.12664 31.6075 0 
0.00222679 31.6832 0 
1.13109 31.6832 0 
2.2555 31.6075 0 
2.25995 31.6832 0 
3.38432 31.6075 0 
3.38875 -31.5356 0 
4.51284 -31.6114 0 
-3.38875 31.5342 0 
-4.51284 31.61 0 
4.51285 31.6074 0 
3.38876 31.6832 0 
-4.51285 -31.6089 0 
-3.38877 -31.6846 0 
4.51722 -31.5355 0 
5.63921 -31.6111 0 
-4.51722 31.5341 0 
-5.63921 31.6097 0 
4.51723 31.6832 0 
5.63921 31.607 0 
-4.51723 -31.6846 0 
-5.63921 -31.6085 0 
-5.64319 -31.6842 0 
-6.75059 -31.6049 0 
5.64316 -31.5352 0 
6.7506 -31.6081 0 
-5.64316 31.5338 0 
-6.7506 31.6066 0 
5.64319 31.6828 0 
6.75059 31.6034 0 
-5.69656 -32.3158 0.0
-5.6994 -31.7155 0.0
-6.69606 -31.6441 0.0
-6.69208 -32.315 0.0
-4.57226 -32.3161 0.0
-4.5744 -31.716 0.0
-5.58419 -31.6475 0.0
-5.58777 -31.7157 0.0
-5.58493 -32.316 0.0
-4.4617 -31.716 0.0
-4.45956 -32.3161 0.0
-3.44408 -32.3161 0.0
-3.44608 -31.716 0.0
-4.45776 -31.6478 0.0
-3.33225 -31.7142 0.0
-3.33025 -32.3143 0.0
-2.31433 -32.3139 0.0
-2.31629 -31.6485 0.0
-3.32827 -31.646 0.0
-2.20021 -31.5783 0.0
-2.20419 -31.6467 0.0
-2.20223 -32.3121 0.0
-1.18621 -32.3125 0.0
-1.18423 -31.7154 0.0
-1.18823 -31.6474 0.0
-0.0554081 -32.3158 0.0
-0.0573801 -31.6471 0.0
-1.06935 -31.7191 0.0
-1.07133 -32.3162 0.0
1.07132 -32.3119 0.0
1.06935 -31.6464 0.0
0.0573659 -31.5752 0.0
0.0533751 -31.6433 0.0
0.0553471 -32.312 0.0
2.20021 -32.312 0.0
2.19825 -31.6465 0.0
1.18627 -31.5782 0.0
1.18227 -31.6465 0.0
1.18424 -32.312 0.0
2.31512 -31.5782 0.0
2.31113 -31.6465 0.0
2.31309 -32.312 0.0
3.329 -32.312 0.0
3.32707 -31.6465 0.0
3.44392 -31.5782 0.0
3.43993 -31.6465 0.0
3.44186 -32.312 0.0
4.45734 -32.312 0.0
4.4556 -31.6465 0.0
4.57225 -31.5782 0.0
4.56832 -31.6465 0.0
4.57006 -32.312 0.0
5.58274 -32.3119 0.0
5.58205 -31.6462 0.0
5.69738 -31.5777 0.0
5.69382 -31.6461 0.0
5.69452 -32.3118 0.0
6.69009 -32.3113 0.0
6.69408 -31.6433 0.0
-5.69663 -30.8013 0.0
-5.70058 -30.1495 0.0
-6.69677 -30.0767 0.0
-6.69226 -30.8007 0.0
-4.57231 -30.8015 0.0
-4.57527 -30.1496 0.0
-5.58381 -30.0771 0.0
-5.58898 -30.1495 0.0
-5.58504 -30.8014 0.0
-3.44411 -30.8015 0.0
-3.44688 -30.1496 0.0
-4.45707 -30.0772 0.0
-4.46256 -30.1496 0.0
-4.4596 -30.8015 0.0
-3.33401 -30.1496 0.0
-3.33125 -30.8015 0.0
-2.31533 -30.8015 0.0
-2.31808 -30.1495 0.0
-3.32848 -30.0772 0.0
-2.2041 -30.1476 0.0
-2.20135 -30.7996 0.0
-1.18531 -30.7995 0.0
-1.18258 -30.1507 0.0
-1.18808 -30.0786 0.0
-2.19859 -30.0751 0.0
-1.06846 -30.1527 0.0
-1.07119 -30.8015 0.0
-0.0551443 -30.8016 0.0
-0.0524841 -30.1497 0.0
-0.0580292 -30.0773 0.0
1.07339 -30.8015 0.0
1.07065 -30.0772 0.0
0.0602047 -30.1496 0.0
0.0575445 -30.8016 0.0
1.18698 -30.001 0.0
1.18146 -30.0732 0.0
1.1842 -30.7976 0.0
2.20016 -30.7975 0.0
2.19742 -30.0764 0.0
2.31588 -30.004 0.0
2.31033 -30.0764 0.0
2.31307 -30.7976 0.0
3.32898 -30.7976 0.0
3.32629 -30.0765 0.0
3.44468 -30.004 0.0
3.43915 -30.0765 0.0
3.44184 -30.7976 0.0
4.45733 -30.7976 0.0
4.45487 -30.0765 0.0
4.57309 -30.004 0.0
4.5676 -30.0764 0.0
4.57006 -30.7976 0.0
5.58279 -30.7975 0.0
5.58163 -30.0764 0.0
5.69858 -30.0039 0.0
5.69342 -30.0763 0.0
5.69458 -30.7974 0.0
6.69026 -30.7967 0.0
6.69479 -30.0756 0.0
-5.69663 -29.191 0.0
-5.7007 -28.5323 0.0
-6.69684 -28.4597 0.0
-6.69234 -29.1909 0.0
-5.58711 -28.5283 0.0
-5.58304 -29.187 0.0
-4.57015 -29.187 0.0
-4.56785 -28.4589 0.0
-4.57339 -28.386 0.0
-5.58179 -28.4552 0.0
-4.45598 -28.4611 0.0
-4.45829 -29.1892 0.0
-3.4429 -29.189 0.0
-3.44717 -28.4575 0.0
-3.3585 -29.1483 0.0
-2.85252 -29.1301 0.0
-2.84864 -27.7072 0.0
-3.35853 -27.6885 0.0
-3.36278 -28.4168 0.0
-2.19597 -28.4552 0.0
-2.20011 -29.1869 0.0
-1.18424 -29.187 0.0
-1.18143 -28.459 0.0
-1.18701 -28.386 0.0
-0.0562343 -29.1891 0.0
-0.0533998 -28.5305 0.0
-0.0590602 -28.4575 0.0
-1.0694 -28.461 0.0
-1.07221 -29.1891 0.0
0.060231 -28.5325 0.0
0.0573964 -29.1911 0.0
1.07337 -29.1912 0.0
1.0705 -28.4633 0.0
1.187 -28.3861 0.0
1.1814 -28.4592 0.0
1.18427 -29.1871 0.0
2.20026 -29.1869 0.0
2.19598 -28.4552 0.0
2.79562 -27.7072 0.0
2.28572 -27.6884 0.0
2.28145 -28.4166 0.0
2.28573 -29.1483 0.0
2.79174 -29.1301 0.0
3.44719 -28.4575 0.0
3.44306 -29.189 0.0
4.45844 -29.1892 0.0
4.456 -28.4611 0.0
4.57321 -28.3861 0.0
4.56767 -28.4591 0.0
4.57012 -29.1871 0.0
5.58286 -29.1871 0.0
5.5816 -28.4589 0.0
5.69872 -28.3859 0.0
5.69339 -28.4588 0.0
5.69465 -29.1871 0.0
6.69035 -29.1869 0.0
6.69486 -28.4586 0.0
-5.69666 -27.5686 0.0
-5.70072 -26.9094 0.0
-6.69685 -26.8365 0.0
-6.69235 -27.5687 0.0
-4.57243 -27.5686 0.0
-4.57537 -26.9091 0.0
-5.58377 -26.8363 0.0
-5.58912 -26.9093 0.0
-5.58505 -27.5686 0.0
-4.46066 -26.9051 0.0
-4.45772 -27.5646 0.0
-3.44208 -27.5648 0.0
-3.43927 -26.836 0.0
-3.44496 -26.7628 0.0
-4.455 -26.832 0.0
-2.31512 -27.5693 0.0
-2.31794 -26.9098 0.0
-3.32819 -26.8406 0.0
-3.331 -27.5694 0.0
-2.82111 -27.5881 0.0
-2.20327 -26.9051 0.0
-2.20045 -27.5647 0.0
-1.18447 -27.5647 0.0
-1.18163 -26.8358 0.0
-1.18731 -26.7627 0.0
-2.19757 -26.832 0.0
-1.06956 -26.8379 0.0
-1.0724 -27.5668 0.0
-0.0565402 -27.5668 0.0
-0.0592194 -26.8344 0.0
1.07132 -27.5647 0.0
1.06846 -26.8356 0.0
0.0582131 -26.7596 0.0
0.0525355 -26.8323 0.0
0.0552147 -27.5647 0.0
1.1873 -26.7626 0.0
1.18158 -26.8356 0.0
1.18444 -27.5647 0.0
2.20043 -27.5647 0.0
2.20327 -26.9051 0.0
2.19757 -26.832 0.0
3.33098 -27.5695 0.0
3.32819 -26.8406 0.0
2.31794 -26.9098 0.0
2.3151 -27.5693 0.0
2.82501 -27.5881 0.0
3.44477 -26.763 0.0
3.43907 -26.8361 0.0
3.44186 -27.5649 0.0
4.45738 -27.5648 0.0
4.45479 -26.8357 0.0
4.57319 -26.7627 0.0
4.56752 -26.8357 0.0
4.5701 -27.5648 0.0
5.58286 -27.5647 0.0
5.58159 -26.8357 0.0
5.69874 -26.7627 0.0
5.69338 -26.8357 0.0
5.69466 -27.5647 0.0
6.69037 -27.5646 0.0
6.69487 -26.8355 0.0
-5.69664 -25.9449 0.0
-5.70073 -25.2855 0.0
-6.69685 -25.2127 0.0
-6.69235 -25.9449 0.0
-4.57229 -25.9448 0.0
-4.57537 -25.2852 0.0
-5.58377 -25.2125 0.0
-5.58912 -25.2855 0.0
-5.58504 -25.9449 0.0
-4.46065 -25.2813 0.0
-4.45757 -25.9408 0.0
-3.44208 -25.9409 0.0
-3.4393 -25.2119 0.0
-3.44497 -25.1389 0.0
-4.455 -25.2082 0.0
-2.31412 -25.943 0.0
-2.31694 -25.2105 0.0
-3.32725 -25.214 0.0
-3.33003 -25.9431 0.0
-1.18653 -25.9409 0.0
-1.18927 -25.2118 0.0
-2.19951 -25.1357 0.0
-2.20519 -25.2084 0.0
-2.20238 -25.9409 0.0
-0.0571942 -25.941 0.0
-0.0545003 -25.2845 0.0
-0.0602013 -25.2118 0.0
-1.07047 -25.1389 0.0
-1.0762 -25.2118 0.0
-1.07346 -25.941 0.0
1.07378 -25.9449 0.0
1.07647 -25.2856 0.0
1.07075 -25.2126 0.0
0.0604855 -25.2885 0.0
0.0577916 -25.9449 0.0
2.20244 -25.9448 0.0
2.20528 -25.2855 0.0
2.19956 -25.2125 0.0
1.18931 -25.2855 0.0
1.18662 -25.9449 0.0
3.33102 -25.9451 0.0
3.3282 -25.2162 0.0
2.31796 -25.2856 0.0
2.31512 -25.945 0.0
3.44477 -25.1391 0.0
3.43907 -25.2122 0.0
3.44189 -25.9411 0.0
4.45738 -25.941 0.0
4.45479 -25.2119 0.0
4.57319 -25.1389 0.0
4.56752 -25.2119 0.0
4.57011 -25.941 0.0
5.58286 -25.941 0.0
5.58159 -25.2118 0.0
5.69874 -25.1388 0.0
5.69338 -25.2118 0.0
5.69466 -25.9409 0.0
6.69037 -25.9409 0.0
6.69487 -25.2116 0.0
-5.69665 -24.321 0.0
-5.70073 -23.6616 0.0
-6.69685 -23.5888 0.0
-6.69235 -24.321 0.0
-4.5723 -24.3209 0.0
-4.57538 -23.6615 0.0
-5.58377 -23.5886 0.0
-5.58912 -23.6616 0.0
-5.58504 -24.321 0.0
-3.44422 -24.321 0.0
-3.44698 -23.6614 0.0
-4.45699 -23.5886 0.0
-4.46266 -23.6615 0.0
-4.45959 -24.3209 0.0
-2.31405 -24.319 0.0
-2.31135 -23.6627 0.0
-2.31702 -23.59 0.0
-3.32734 -23.5865 0.0
-3.33302 -23.6595 0.0
-3.33026 -24.319 0.0
-1.18395 -24.321 0.0
-1.18125 -23.6616 0.0
-1.18698 -23.5887 0.0
-2.19723 -23.6647 0.0
-2.19993 -24.321 0.0
-0.0552763 -24.3209 0.0
-0.0524399 -23.6615 0.0
-0.0581608 -23.5886 0.0
-1.06842 -23.6616 0.0
-1.07111 -24.321 0.0
1.07356 -24.321 0.0
1.07642 -23.6616 0.0
1.0707 -23.5886 0.0
0.0604428 -23.6615 0.0
0.0576064 -24.3209 0.0
2.20207 -24.3211 0.0
2.19936 -23.5923 0.0
1.1891 -23.6617 0.0
1.18624 -24.3211 0.0
3.32901 -24.3171 0.0
3.3262 -23.588 0.0
2.31596 -23.5152 0.0
2.31025 -23.5883 0.0
2.31297 -24.3171 0.0
3.44478 -23.515 0.0
3.43906 -23.5879 0.0
3.44188 -24.3171 0.0
4.45738 -24.3171 0.0
4.45479 -23.5879 0.0
4.57319 -23.5149 0.0
4.56752 -23.5879 0.0
4.57011 -24.3171 0.0
5.58286 -24.3171 0.0
5.58159 -23.5879 0.0
5.69874 -23.5149 0.0
5.69338 -23.5879 0.0
5.69466 -24.317 0.0
6.69037 -24.317 0.0
6.69487 -23.5877 0.0
-5.69664 -22.697 0.0
-5.70073 -22.0377 0.0
-6.69685 -21.9649 0.0
-6.69235 -22.6971 0.0
-4.57228 -22.697 0.0
-4.57537 -22.0374 0.0
-5.58377 -21.9646 0.0
-5.58912 -22.0376 0.0
-5.58504 -22.697 0.0
-4.46065 -22.0334 0.0
-4.45756 -22.693 0.0
-3.44193 -22.693 0.0
-3.43929 -21.9641 0.0
-3.44497 -21.891 0.0
-4.45499 -21.9603 0.0
-2.31395 -22.6951 0.0
-2.3111 -22.0356 0.0
-2.31679 -21.9626 0.0
-3.32709 -21.9662 0.0
-3.32973 -22.6951 0.0
-1.18446 -22.6971 0.0
-1.18718 -21.9648 0.0
-2.19744 -22.0376 0.0
-2.20028 -22.697 0.0
-0.05739 -22.693 0.0
-0.0545432 -22.0366 0.0
-0.0602464 -21.9638 0.0
-1.07052 -21.888 0.0
-1.07622 -21.9608 0.0
-1.0735 -22.6931 0.0
1.07362 -22.6971 0.0
1.07646 -22.0377 0.0
1.07074 -21.9647 0.0
0.0604734 -22.0406 0.0
0.0576266 -22.6971 0.0
2.20258 -22.6971 0.0
2.20528 -22.0376 0.0
2.19956 -21.9647 0.0
1.18931 -22.0376 0.0
1.18647 -22.697 0.0
3.33103 -22.6972 0.0
3.32821 -21.9684 0.0
2.31797 -22.0378 0.0
2.31526 -22.6972 0.0
3.44477 -21.8913 0.0
3.43907 -21.9644 0.0
3.4419 -22.6932 0.0
4.45738 -22.6932 0.0
4.45479 -21.964 0.0
4.57319 -21.891 0.0
4.56752 -21.964 0.0
4.57011 -22.6932 0.0
5.58286 -22.6931 0.0
5.58159 -21.964 0.0
5.69874 -21.8909 0.0
5.69338 -21.964 0.0
5.69466 -22.6931 0.0
6.69037 -22.6931 0.0
6.69487 -21.9638 0.0
-5.69665 -21.0731 0.0
-5.70073 -20.4137 0.0
-6.69685 -20.3409 0.0
-6.69235 -21.0732 0.0
-4.5723 -21.073 0.0
-4.57538 -20.4137 0.0
-5.58377 -20.3407 0.0
-5.58912 -20.4137 0.0
-5.58504 -21.0731 0.0
-3.44424 -21.0731 0.0
-3.44698 -20.4136 0.0
-4.45699 -20.3407 0.0
-4.46267 -20.4137 0.0
-4.45959 -21.0731 0.0
-2.31451 -21.0712 0.0
-2.31719 -20.3422 0.0
-3.3275 -20.3387 0.0
-3.33318 -20.4117 0.0
-3.33044 -21.0712 0.0
-1.18637 -21.0693 0.0
-1.18923 -20.3401 0.0
-2.19948 -20.2672 0.0
-2.20516 -20.3403 0.0
-2.20248 -21.0692 0.0
-0.0576408 -21.0692 0.0
-0.0603693 -20.3401 0.0
-1.07062 -20.2671 0.0
-1.07634 -20.3401 0.0
-1.07349 -21.0693 0.0
1.07155 -21.0691 0.0
1.07441 -20.4095 0.0
1.0687 -20.3364 0.0
0.0584305 -20.267 0.0
0.0527109 -20.34 0.0
0.0554395 -21.0691 0.0
2.20242 -21.0731 0.0
2.20527 -20.4137 0.0
2.19956 -20.3407 0.0
1.1893 -20.4135 0.0
1.18644 -21.0731 0.0
3.33102 -21.0733 0.0
3.3282 -20.3445 0.0
2.31796 -20.4138 0.0
2.31511 -21.0732 0.0
3.44477 -20.2673 0.0
3.43907 -20.3404 0.0
3.44189 -21.0693 0.0
4.45738 -21.0692 0.0
4.45479 -20.3401 0.0
4.57319 -20.2671 0.0
4.56752 -20.3401 0.0
4.57011 -21.0692 0.0
5.58286 -21.0692 0.0
5.58159 -20.3401 0.0
5.69874 -20.267 0.0
5.69338 -20.34 0.0
5.69466 -21.0692 0.0
6.69037 -21.0691 0.0
6.69487 -20.3398 0.0
-5.69664 -19.4492 0.0
-5.70073 -18.7898 0.0
-6.69685 -18.717 0.0
-6.69235 -19.4492 0.0
-4.57228 -19.4491 0.0
-4.57537 -18.7895 0.0
-5.58377 -18.7168 0.0
-5.58912 -18.7898 0.0
-5.58504 -19.4492 0.0
-4.46065 -18.7856 0.0
-4.45756 -19.4452 0.0
-3.44193 -19.4452 0.0
-3.43929 -18.7162 0.0
-3.44497 -18.6432 0.0
-4.45499 -18.7124 0.0
-2.31409 -19.4474 0.0
-2.31693 -18.7148 0.0
-3.32724 -18.7183 0.0
-3.32988 -19.4473 0.0
-1.18638 -19.4452 0.0
-1.18926 -18.7161 0.0
-2.19951 -18.6401 0.0
-2.20518 -18.7128 0.0
-2.20234 -19.4453 0.0
-0.0574879 -19.4453 0.0
-0.0603614 -18.7162 0.0
-1.07062 -18.6432 0.0
-1.07634 -18.7161 0.0
-1.07346 -19.4453 0.0
1.07157 -19.4451 0.0
1.07441 -18.7856 0.0
1.0687 -18.7124 0.0
0.0584335 -18.643 0.0
0.0527165 -18.716 0.0
0.0555901 -19.4452 0.0
2.20242 -19.4492 0.0
2.20527 -18.7898 0.0
2.19956 -18.7168 0.0
1.1893 -18.7895 0.0
1.18645 -19.4491 0.0
3.33102 -19.4494 0.0
3.3282 -18.7205 0.0
2.31796 -18.7899 0.0
2.31511 -19.4493 0.0
3.44477 -18.6434 0.0
3.43907 -18.7165 0.0
3.44189 -19.4454 0.0
4.45738 -19.4453 0.0
4.45479 -18.7162 0.0
4.57319 -18.6432 0.0
4.56752 -18.7161 0.0
4.57011 -19.4453 0.0
5.58286 -19.4453 0.0
5.58159 -18.7161 0.0
5.69874 -18.6431 0.0
5.69338 -18.7161 0.0
5.69466 -19.4452 0.0
6.69037 -19.4452 0.0
6.69487 -18.7159 0.0
-5.69664 -17.8253 0.0
-5.70073 -17.1659 0.0
-6.69685 -17.0931 0.0
-6.69235 -17.8253 0.0
-4.57229 -17.8252 0.0
-4.57537 -17.1656 0.0
-5.58377 -17.0929 0.0
-5.58912 -17.1659 0.0
-5.58504 -17.8252 0.0
-4.46065 -17.1616 0.0
-4.45757 -17.8212 0.0
-3.44208 -17.8213 0.0
-3.4393 -17.0923 0.0
-3.44497 -17.0192 0.0
-4.455 -17.0885 0.0
-2.3141 -17.8234 0.0
-2.31693 -17.0909 0.0
-3.32725 -17.0944 0.0
-3.33003 -17.8234 0.0
-1.18639 -17.8213 0.0
-1.18926 -17.0921 0.0
-2.19951 -17.0161 0.0
-2.20518 -17.0888 0.0
-2.20235 -17.8213 0.0
-0.0574999 -17.8214 0.0
-0.0603612 -17.0922 0.0
-1.07062 -17.0192 0.0
-1.07634 -17.0922 0.0
-1.07347 -17.8214 0.0
1.07121 -17.8213 0.0
1.0685 -17.0922 0.0
0.0582413 -17.0192 0.0
0.0525204 -17.0922 0.0
0.0553818 -17.8214 0.0
2.20006 -17.8214 0.0
2.19735 -17.0922 0.0
1.1871 -17.0192 0.0
1.18138 -17.0922 0.0
1.1841 -17.8213 0.0
3.32901 -17.8214 0.0
3.32619 -17.0922 0.0
2.31597 -17.0192 0.0
2.31024 -17.0922 0.0
2.31295 -17.8214 0.0
3.44478 -17.0193 0.0
3.43906 -17.0922 0.0
3.44187 -17.8214 0.0
4.45738 -17.8214 0.0
4.45479 -17.0922 0.0
4.57319 -17.0192 0.0
4.56752 -17.0922 0.0
4.57011 -17.8214 0.0
5.58286 -17.8214 0.0
5.58159 -17.0922 0.0
5.69874 -17.0192 0.0
5.69338 -17.0922 0.0
5.69466 -17.8213 0.0
6.69037 -17.8213 0.0
6.69487 -17.092 0.0
-5.69665 -16.2013 0.0
-5.70073 -15.542 0.0
-6.69685 -15.4691 0.0
-6.69235 -16.2014 0.0
-4.5723 -16.2013 0.0
-4.57538 -15.5419 0.0
-5.58377 -15.4689 0.0
-5.58912 -15.5419 0.0
-5.58504 -16.2013 0.0
-3.44422 -16.2013 0.0
-3.44698 -15.5418 0.0
-4.45699 -15.4689 0.0
-4.46266 -15.5419 0.0
-4.45959 -16.2013 0.0
-2.31406 -16.1994 0.0
-2.31135 -15.543 0.0
-2.31703 -15.4703 0.0
-3.32734 -15.4668 0.0
-3.33302 -15.5399 0.0
-3.33026 -16.1994 0.0
-1.18425 -16.2015 0.0
-1.18713 -15.4691 0.0
-2.19739 -15.5451 0.0
-2.2001 -16.2014 0.0
-0.0575096 -16.1974 0.0
-0.0603985 -15.4682 0.0
-1.07066 -15.3923 0.0
-1.07636 -15.4651 0.0
-1.07349 -16.1974 0.0
1.07173 -16.1973 0.0
1.07442 -15.5377 0.0
1.06871 -15.4646 0.0
0.058438 -15.3952 0.0
0.0527181 -15.4682 0.0
0.055607 -16.1973 0.0
2.20259 -16.2013 0.0
2.20529 -15.5419 0.0
2.19957 -15.4689 0.0
1.18931 -15.5417 0.0
1.18662 -16.2013 0.0
3.33103 -16.2015 0.0
3.32821 -15.4727 0.0
2.31797 -15.5421 0.0
2.31527 -16.2015 0.0
3.44478 -15.3955 0.0
3.43907 -15.4687 0.0
3.4419 -16.1975 0.0
4.45738 -16.1975 0.0
4.45479 -15.4683 0.0
4.57319 -15.3953 0.0
4.56752 -15.4683 0.0
4.57011 -16.1974 0.0
5.58286 -16.1974 0.0
5.58159 -15.4683 0.0
5.69874 -15.3952 0.0
5.69338 -15.4682 0.0
5.69466 -16.1974 0.0
6.69037 -16.1973 0.0
6.69487 -15.468 0.0
-5.69664 -14.5774 0.0
-5.70073 -13.918 0.0
-6.69685 -13.8452 0.0
-6.69235 -14.5775 0.0
-4.57229 -14.5774 0.0
-4.57538 -13.918 0.0
-5.58377 -13.845 0.0
-5.58912 -13.918 0.0
-5.58504 -14.5774 0.0
-3.44409 -14.5773 0.0
-3.44697 -13.9179 0.0
-4.45699 -13.845 0.0
-4.46266 -13.918 0.0
-4.45957 -14.5774 0.0
-2.31449 -14.5755 0.0
-2.31719 -13.8465 0.0
-3.32749 -13.8429 0.0
-3.33317 -13.916 0.0
-3.33029 -14.5755 0.0
-1.18607 -14.5735 0.0
-1.18336 -13.917 0.0
-1.18906 -13.8443 0.0
-2.19932 -13.7715 0.0
-2.20501 -13.8445 0.0
-2.20231 -14.5735 0.0
-0.0554032 -14.5776 0.0
-0.0582662 -13.8452 0.0
-1.06854 -13.921 0.0
-1.07124 -14.5775 0.0
1.07119 -14.5734 0.0
1.06846 -13.8443 0.0
0.0581993 -13.7684 0.0
0.0524962 -13.8411 0.0
0.0553592 -14.5735 0.0
2.20042 -14.5734 0.0
2.20327 -13.9138 0.0
2.19756 -13.8407 0.0
1.1873 -13.7713 0.0
1.18157 -13.8442 0.0
1.1843 -14.5733 0.0
3.33137 -14.5774 0.0
3.33411 -13.918 0.0
3.32839 -13.845 0.0
2.31816 -13.9178 0.0
2.31531 -14.5774 0.0
4.45939 -14.5776 0.0
4.4568 -13.8487 0.0
3.44677 -13.9181 0.0
3.44403 -14.5776 0.0
4.57319 -13.7716 0.0
4.56753 -13.8447 0.0
4.57012 -14.5736 0.0
5.58286 -14.5735 0.0
5.58159 -13.8444 0.0
5.69874 -13.7713 0.0
5.69338 -13.8443 0.0
5.69466 -14.5735 0.0
6.69037 -14.5734 0.0
6.69487 -13.8441 0.0
-5.69664 -12.9535 0.0
-5.70073 -12.2941 0.0
-6.69685 -12.2213 0.0
-6.69235 -12.9535 0.0
-4.57228 -12.9534 0.0
-4.57537 -12.2938 0.0
-5.58377 -12.2211 0.0
-5.58912 -12.2941 0.0
-5.58504 -12.9534 0.0
-4.46065 -12.2899 0.0
-4.45756 -12.9494 0.0
-3.44193 -12.9495 0.0
-3.43929 -12.2205 0.0
-3.44497 -12.1474 0.0
-4.45499 -12.2167 0.0
-2.3141 -12.9516 0.0
-2.31693 -12.2191 0.0
-3.32724 -12.2226 0.0
-3.32988 -12.9516 0.0
-1.18652 -12.9495 0.0
-1.18927 -12.2203 0.0
-2.19952 -12.1443 0.0
-2.20519 -12.217 0.0
-2.20236 -12.9495 0.0
-0.0571927 -12.9496 0.0
-0.0544998 -12.2931 0.0
-0.0602032 -12.2203 0.0
-1.07047 -12.1474 0.0
-1.0762 -12.2204 0.0
-1.07345 -12.9495 0.0
1.07378 -12.9535 0.0
1.07647 -12.2941 0.0
1.07074 -12.2212 0.0
0.0604847 -12.2971 0.0
0.0577918 -12.9535 0.0
2.20244 -12.9534 0.0
2.20528 -12.294 0.0
2.19956 -12.2211 0.0
1.18931 -12.2941 0.0
1.18662 -12.9535 0.0
3.33122 -12.9535 0.0
3.3341 -12.2941 0.0
3.32839 -12.2211 0.0
2.31816 -12.294 0.0
2.31532 -12.9534 0.0
4.45937 -12.9537 0.0
4.4568 -12.2248 0.0
3.44677 -12.2942 0.0
3.44388 -12.9536 0.0
4.57319 -12.1477 0.0
4.56753 -12.2208 0.0
4.57011 -12.9497 0.0
5.58286 -12.9496 0.0
5.58159 -12.2204 0.0
5.69874 -12.1474 0.0
5.69338 -12.2204 0.0
5.69466 -12.9495 0.0
6.69037 -12.9495 0.0
6.69487 -12.2202 0.0
-5.69665 -11.3295 0.0
-5.70073 -10.6702 0.0
-6.69685 -10.5973 0.0
-6.69235 -11.3296 0.0
-4.5723 -11.3295 0.0
-4.57538 -10.6701 0.0
-5.58377 -10.5971 0.0
-5.58912 -10.6701 0.0
-5.58504 -11.3295 0.0
-3.44423 -11.3295 0.0
-3.44698 -10.67 0.0
-4.45699 -10.5971 0.0
-4.46266 -10.6701 0.0
-4.45959 -11.3295 0.0
-2.31436 -11.3277 0.0
-2.31718 -10.5987 0.0
-3.32749 -10.5951 0.0
-3.33317 -10.6681 0.0
-3.33042 -11.3276 0.0
-1.18636 -11.3257 0.0
-1.18922 -10.5965 0.0
-2.19947 -10.5236 0.0
-2.20515 -10.5967 0.0
-2.20233 -11.3257 0.0
-0.0576514 -11.3256 0.0
-0.0603679 -10.5965 0.0
-1.07062 -10.5235 0.0
-1.07634 -10.5965 0.0
-1.07348 -11.3257 0.0
1.0712 -11.3257 0.0
1.06849 -10.5965 0.0
0.0582409 -10.5235 0.0
0.0525153 -10.5965 0.0
0.0552319 -11.3256 0.0
2.20006 -11.3257 0.0
2.19735 -10.5965 0.0
1.1871 -10.5235 0.0
1.18138 -10.5965 0.0
1.18408 -11.3257 0.0
3.3292 -11.3255 0.0
3.33209 -10.6659 0.0
3.32639 -10.5928 0.0
2.31615 -10.5234 0.0
2.31043 -10.5964 0.0
2.31314 -11.3255 0.0
4.45937 -11.3297 0.0
4.45679 -10.6009 0.0
3.44676 -10.6701 0.0
3.44387 -11.3296 0.0
4.57319 -10.5237 0.0
4.56753 -10.5969 0.0
4.57011 -11.3257 0.0
5.58286 -11.3257 0.0
5.58159 -10.5965 0.0
5.69874 -10.5234 0.0
5.69338 -10.5965 0.0
5.69466 -11.3256 0.0
6.69037 -11.3255 0.0
6.69487 -10.5963 0.0
-5.69664 -9.70561 0.0
-5.70073 -9.04624 0.0
-6.69685 -8.97342 0.0
-6.69235 -9.70567 0.0
-4.57229 -9.70559 0.0
-4.57538 -9.04619 0.0
-5.58377 -8.97322 0.0
-5.58912 -9.04622 0.0
-5.58504 -9.7056 0.0
-3.44407 -9.70556 0.0
-3.44697 -9.04608 0.0
-4.45699 -8.97321 0.0
-4.46266 -9.04619 0.0
-4.45957 -9.70559 0.0
-2.31403 -9.70367 0.0
-2.31134 -9.04731 0.0
-2.31702 -8.97461 0.0
-3.32733 -8.97112 0.0
-3.33301 -9.04416 0.0
-3.3301 -9.70364 0.0
-1.18393 -9.70568 0.0
-1.18125 -9.04628 0.0
-1.18698 -8.9733 0.0
-2.19723 -9.04932 0.0
-2.19991 -9.70568 0.0
-0.0551126 -9.7056 0.0
-0.0524324 -9.04619 0.0
-0.058158 -8.97321 0.0
-1.06841 -9.0462 0.0
-1.07109 -9.7056 0.0
1.07375 -9.7056 0.0
1.07643 -9.04619 0.0
1.07071 -8.97321 0.0
0.0604539 -9.04619 0.0
0.0577736 -9.7056 0.0
2.20258 -9.7056 0.0
2.20529 -9.0462 0.0
2.19957 -8.97321 0.0
1.18932 -9.04619 0.0
1.18663 -9.7056 0.0
3.33088 -9.70574 0.0
3.3282 -8.97694 0.0
2.31796 -9.04634 0.0
2.31526 -9.70574 0.0
3.44477 -8.89983 0.0
3.43907 -8.97294 0.0
3.44175 -9.70174 0.0
4.45737 -9.70177 0.0
4.45479 -8.97259 0.0
4.57319 -8.89959 0.0
4.56752 -8.97258 0.0
4.5701 -9.70175 0.0
5.58286 -9.70172 0.0
5.58159 -8.97256 0.0
5.69874 -8.89952 0.0
5.69338 -8.97252 0.0
5.69466 -9.70168 0.0
6.69037 -9.70162 0.0
6.69487 -8.97233 0.0
-5.69664 -8.08168 0.0
-5.70073 -7.42231 0.0
-6.69685 -7.34949 0.0
-6.69235 -8.08174 0.0
-4.57228 -8.08163 0.0
-4.57537 -7.42204 0.0
-5.58377 -7.34928 0.0
-5.58912 -7.42229 0.0
-5.58504 -8.08166 0.0
-4.46065 -7.41806 0.0
-4.45756 -8.07765 0.0
-3.44193 -8.07768 0.0
-3.43929 -7.3487 0.0
-3.44497 -7.27565 0.0
-4.45499 -7.34494 0.0
-2.31395 -8.07974 0.0
-2.3111 -7.42026 0.0
-2.31679 -7.34722 0.0
-3.32709 -7.3508 0.0
-3.32973 -8.07978 0.0
-1.18447 -8.08176 0.0
-1.18718 -7.34941 0.0
-2.19744 -7.42219 0.0
-2.20029 -8.08167 0.0
-0.0577006 -8.07772 0.0
-0.0604098 -7.34856 0.0
-1.07067 -7.27265 0.0
-1.07637 -7.34542 0.0
-1.07367 -8.07777 0.0
1.07121 -8.0778 0.0
1.06849 -7.34865 0.0
0.0582395 -7.27567 0.0
0.0525112 -7.34865 0.0
0.0552203 -8.0778 0.0
2.20041 -8.07765 0.0
2.20326 -7.41807 0.0
2.19756 -7.34495 0.0
1.1873 -7.27555 0.0
1.18157 -7.34853 0.0
1.18429 -8.07768 0.0
3.33101 -8.08188 0.0
3.3282 -7.35301 0.0
2.31795 -7.42219 0.0
2.31509 -8.08178 0.0
3.44477 -7.27589 0.0
3.43907 -7.34901 0.0
3.44189 -8.07788 0.0
4.45738 -8.07781 0.0
4.45479 -7.34866 0.0
4.57319 -7.27566 0.0
4.56752 -7.34865 0.0
4.57011 -8.07779 0.0
5.58286 -8.07779 0.0
5.58159 -7.34863 0.0
5.69874 -7.27559 0.0
5.69338 -7.34859 0.0
5.69466 -8.07775 0.0
6.69037 -8.07769 0.0
6.69487 -7.3484 0.0
-5.69664 -6.45775 0.0
-5.70073 -5.79838 0.0
-6.69685 -5.72556 0.0
-6.69235 -6.45781 0.0
-4.57229 -6.45765 0.0
-4.57537 -5.79811 0.0
-5.58377 -5.72535 0.0
-5.58912 -5.79836 0.0
-5.58504 -6.45773 0.0
-4.46065 -5.79413 0.0
-4.45757 -6.45368 0.0
-3.44209 -6.45379 0.0
-3.4393 -5.72477 0.0
-3.44497 -5.65172 0.0
-4.455 -5.72101 0.0
-2.31424 -6.45588 0.0
-2.31694 -5.72341 0.0
-3.32725 -5.7269 0.0
-3.33005 -6.45592 0.0
-1.18609 -6.45376 0.0
-1.1834 -5.79729 0.0
-1.1891 -5.72452 0.0
-2.19936 -5.64859 0.0
-2.20504 -5.72129 0.0
-2.20234 -6.45377 0.0
-0.0550744 -6.45782 0.0
-0.0523919 -5.79842 0.0
-0.0581202 -5.72544 0.0
-1.06838 -5.80135 0.0
-1.07107 -6.45782 0.0
1.07373 -6.45774 0.0
1.07643 -5.79834 0.0
1.07071 -5.72536 0.0
0.0604528 -5.79834 0.0
0.0577702 -6.45774 0.0
2.2021 -6.45788 0.0
2.19937 -5.72907 0.0
1.1891 -5.79848 0.0
1.1864 -6.45788 0.0
3.32935 -6.45376 0.0
3.3321 -5.79415 0.0
3.3264 -5.72103 0.0
2.31616 -5.65184 0.0
2.31045 -5.72496 0.0
2.31318 -6.45376 0.0
4.45939 -6.45792 0.0
4.4568 -5.72908 0.0
3.44676 -5.79826 0.0
3.44402 -6.45788 0.0
4.57319 -5.65196 0.0
4.56753 -5.72507 0.0
4.57012 -6.45392 0.0
5.58286 -6.45387 0.0
5.58159 -5.72471 0.0
5.69874 -5.65166 0.0
5.69338 -5.72467 0.0
5.69466 -6.45382 0.0
6.69037 -6.45376 0.0
6.69487 -5.72447 0.0
-5.69665 -4.83383 0.0
-5.70073 -4.17445 0.0
-6.69685 -4.10163 0.0
-6.69235 -4.83388 0.0
-4.5723 -4.83376 0.0
-4.57538 -4.1744 0.0
-5.58377 -4.10143 0.0
-5.58912 -4.17443 0.0
-5.58504 -4.83381 0.0
-3.44422 -4.83381 0.0
-3.44698 -4.1743 0.0
-4.45699 -4.10141 0.0
-4.46266 -4.1744 0.0
-4.45959 -4.83376 0.0
-2.31407 -4.83189 0.0
-2.31135 -4.17553 0.0
-2.31703 -4.10283 0.0
-3.32734 -4.09933 0.0
-3.33302 -4.17238 0.0
-3.33026 -4.83189 0.0
-1.18442 -4.83393 0.0
-1.18714 -4.10164 0.0
-2.19739 -4.17757 0.0
-2.20011 -4.83393 0.0
-0.0576872 -4.82986 0.0
-0.0604091 -4.1007 0.0
-1.07067 -4.0248 0.0
-1.07637 -4.09756 0.0
-1.07365 -4.82986 0.0
1.07156 -4.82979 0.0
1.0744 -4.1702 0.0
1.0687 -4.09709 0.0
0.0584322 -4.02768 0.0
0.0527073 -4.10066 0.0
0.0554292 -4.82982 0.0
2.20257 -4.83384 0.0
2.20528 -4.17441 0.0
2.19956 -4.10142 0.0
1.1893 -4.17419 0.0
1.18646 -4.83378 0.0
3.33123 -4.83377 0.0
3.33411 -4.17441 0.0
3.32839 -4.10142 0.0
2.31817 -4.17441 0.0
2.31546 -4.83384 0.0
4.45938 -4.83403 0.0
4.4568 -4.10516 0.0
3.44677 -4.17455 0.0
3.44389 -4.83391 0.0
4.57319 -4.02803 0.0
4.56753 -4.10115 0.0
4.57011 -4.83002 0.0
5.58286 -4.82994 0.0
5.58159 -4.10079 0.0
5.69874 -4.02773 0.0
5.69338 -4.10074 0.0
5.69466 -4.82989 0.0
6.69037 -4.82983 0.0
6.69487 -4.10055 0.0
-5.69664 -3.2099 0.0
-5.70073 -2.55052 0.0
-6.69685 -2.4777 0.0
-6.69235 -3.20995 0.0
-4.57228 -3.20984 0.0
-4.57537 -2.55025 0.0
-5.58377 -2.47749 0.0
-5.58912 -2.5505 0.0
-5.58504 -3.20988 0.0
-4.46065 -2.54628 0.0
-4.45756 -3.20587 0.0
-3.44194 -3.2059 0.0
-3.43929 -2.47692 0.0
-3.44497 -2.40386 0.0
-4.45499 -2.47316 0.0
-2.31423 -3.20802 0.0
-2.31694 -2.47555 0.0
-3.32724 -2.47904 0.0
-3.32989 -3.20802 0.0
-1.18609 -3.2059 0.0
-1.1834 -2.54943 0.0
-1.1891 -2.47666 0.0
-2.19936 -2.40073 0.0
-2.20504 -2.47343 0.0
-2.20233 -3.2059 0.0
-0.0550857 -3.20996 0.0
-0.0523922 -2.55056 0.0
-0.0581181 -2.47758 0.0
-1.06838 -2.55349 0.0
-1.07107 -3.20996 0.0
1.07358 -3.20984 0.0
1.07642 -2.55048 0.0
1.0707 -2.4775 0.0
0.060448 -2.55048 0.0
0.0577544 -3.20988 0.0
2.20207 -3.21007 0.0
2.19936 -2.48122 0.0
1.1891 -2.55062 0.0
1.18625 -3.20998 0.0
3.3292 -3.20587 0.0
3.33209 -2.54629 0.0
3.32639 -2.47317 0.0
2.31615 -2.40398 0.0
2.31045 -2.4771 0.0
2.31316 -3.20595 0.0
4.45937 -3.21009 0.0
4.45679 -2.48122 0.0
3.44676 -2.55041 0.0
3.44387 -3.20999 0.0
4.57319 -2.4041 0.0
4.56753 -2.47722 0.0
4.57011 -3.20609 0.0
5.58286 -3.20601 0.0
5.58159 -2.47686 0.0
5.69874 -2.4038 0.0
5.69338 -2.47681 0.0
5.69466 -3.20596 0.0
6.69037 -3.20591 0.0
6.69487 -2.47662 0.0
-5.69664 -1.58597 0.0
-5.70073 -0.926592 0.0
-6.69685 -0.853776 0.0
-6.69235 -1.58602 0.0
-4.57229 -1.58587 0.0
-4.57537 -0.926318 0.0
-5.58377 -0.853563 0.0
-5.58912 -0.926569 0.0
-5.58504 -1.58595 0.0
-4.46065 -0.922343 0.0
-4.45757 -1.58189 0.0
-3.44207 -1.582 0.0
-3.4393 -0.852989 0.0
-3.44497 -0.779936 0.0
-4.455 -0.849225 0.0
-2.3138 -1.58407 0.0
-2.3111 -0.924556 0.0
-2.31679 -0.851507 0.0
-3.32709 -0.855087 0.0
-3.32986 -1.5841 0.0
-1.18414 -1.5859 0.0
-1.18131 -0.926538 0.0
-1.18703 -0.853557 0.0
-2.19727 -0.926442 0.0
-2.19997 -1.58595 0.0
-0.0553011 -1.58596 0.0
-0.052448 -0.926557 0.0
-0.0581648 -0.853571 0.0
-1.06842 -0.926542 0.0
-1.07126 -1.58591 0.0
1.07323 -1.58614 0.0
1.0705 -0.857294 0.0
0.0602323 -0.926698 0.0
0.0573792 -1.5861 0.0
2.20055 -1.58198 0.0
2.20327 -0.922366 0.0
2.19757 -0.849248 0.0
1.1873 -0.780055 0.0
1.18159 -0.853174 0.0
1.18432 -1.58202 0.0
3.33088 -1.58609 0.0
3.3282 -0.857288 0.0
2.31795 -0.926479 0.0
2.31523 -1.58609 0.0
3.44477 -0.780177 0.0
3.43907 -0.853291 0.0
3.44175 -1.58209 0.0
4.45737 -1.58212 0.0
4.45479 -0.852947 0.0
4.57319 -0.779945 0.0
4.56752 -0.852932 0.0
4.5701 -1.58211 0.0
5.58286 -1.58207 0.0
5.58159 -0.85292 0.0
5.69874 -0.779872 0.0
5.69338 -0.852878 0.0
5.69466 -1.58203 0.0
6.69037 -1.58198 0.0
6.69487 -0.852688 0.0
-5.69664 0.0379611 0.0
-5.70073 0.697337 0.0
-6.69685 0.770153 0.0
-6.69235 0.0379055 0.0
-4.57229 0.0380621 0.0
-4.57537 0.697611 0.0
-5.58377 0.770366 0.0
-5.58912 0.69736 0.0
-5.58504 0.0379839 0.0
-4.46065 0.701586 0.0
-4.45757 0.0420378 0.0
-3.44209 0.0419262 0.0
-3.4393 0.77094 0.0
-3.44497 0.843993 0.0
-4.455 0.774704 0.0
-2.31426 0.039831 0.0
-2.31694 0.772303 0.0
-3.32725 0.768812 0.0
-3.33005 0.039798 0.0
-1.18625 0.0419889 0.0
-1.18341 0.698433 0.0
-1.18911 0.7712 0.0
-2.19937 0.847123 0.0
-2.20504 0.774424 0.0
-2.20236 0.0419521 0.0
-0.0552404 0.0378953 0.0
-0.0524031 0.697298 0.0
-0.0581291 0.770277 0.0
-1.06839 0.694373 0.0
-1.07124 0.0379287 0.0
1.07371 0.0379415 0.0
1.07642 0.697367 0.0
1.0707 0.770353 0.0
0.0604453 0.697373 0.0
0.057608 0.0379707 0.0
2.20209 0.037833 0.0
2.19937 0.766636 0.0
1.1891 0.69723 0.0
1.18639 0.037805 0.0
3.32901 0.0418052 0.0
3.3262 0.77098 0.0
2.31596 0.843753 0.0
2.31026 0.770638 0.0
2.31298 0.0418349 0.0
3.44478 0.843972 0.0
3.43906 0.770988 0.0
3.44188 0.0418137 0.0
4.45738 0.0418426 0.0
4.45479 0.770989 0.0
4.57319 0.843982 0.0
4.56752 0.770999 0.0
4.57011 0.0418518 0.0
5.58286 0.0418562 0.0
5.58159 0.77101 0.0
5.69874 0.844057 0.0
5.69338 0.771051 0.0
5.69466 0.0418972 0.0
6.69037 0.0419526 0.0
6.69487 0.771241 0.0
-5.69664 1.66189 0.0
-5.70073 2.32127 0.0
-6.69685 2.39408 0.0
-6.69235 1.66183 0.0
-4.57229 1.66199 0.0
-4.57537 2.32154 0.0
-5.58377 2.3943 0.0
-5.58912 2.32129 0.0
-5.58504 1.66191 0.0
-4.46065 2.32551 0.0
-4.45757 1.66597 0.0
-3.44208 1.66586 0.0
-3.4393 2.39487 0.0
-3.44497 2.46792 0.0
-4.455 2.39863 0.0
-2.31412 1.66372 0.0
-2.31693 2.39623 0.0
-3.32725 2.39274 0.0
-3.33003 1.66373 0.0
-1.18655 1.66591 0.0
-1.18927 2.39502 0.0
-2.19952 2.47103 0.0
-2.20519 2.39833 0.0
-2.20237 1.66582 0.0
-0.0576649 1.66577 0.0
-0.0603719 2.39492 0.0
-1.07062 2.46791 0.0
-1.07635 2.39493 0.0
-1.07363 1.66582 0.0
1.07122 1.66577 0.0
1.06849 2.39492 0.0
0.0582377 2.4679 0.0
0.0525145 2.39492 0.0
0.0552215 1.66577 0.0
2.20057 1.66589 0.0
2.20327 2.32551 0.0
2.19757 2.39863 0.0
1.1873 2.46803 0.0
1.18158 2.39504 0.0
1.18431 1.66589 0.0
3.33138 1.66191 0.0
3.33411 2.32131 0.0
3.3284 2.39429 0.0
2.31816 2.32153 0.0
2.31546 1.66191 0.0
4.45939 1.66172 0.0
4.4568 2.39056 0.0
3.44677 2.32116 0.0
3.44404 1.66176 0.0
4.57319 2.46769 0.0
4.56753 2.39457 0.0
4.57012 1.66573 0.0
5.58286 1.66578 0.0
5.58159 2.39493 0.0
5.69874 2.46799 0.0
5.69338 2.39498 0.0
5.69466 1.66583 0.0
6.69037 1.66588 0.0
6.69487 2.39517 0.0
-5.69665 3.28582 0.0
-5.70073 3.94519 0.0
-6.69685 4.01801 0.0
-6.69235 3.28576 0.0
-4.5723 3.28588 0.0
-4.57538 3.94525 0.0
-5.58377 4.01822 0.0
-5.58912 3.94521 0.0
-5.58504 3.28584 0.0
-3.44423 3.28584 0.0
-3.44698 3.94535 0.0
-4.45699 4.01823 0.0
-4.46266 3.94524 0.0
-4.45959 3.28588 0.0
-2.31435 3.28768 0.0
-2.31718 4.0167 0.0
-3.32749 4.02028 0.0
-3.33317 3.94723 0.0
-3.33042 3.28772 0.0
-1.18605 3.28975 0.0
-1.18336 3.94619 0.0
-1.18906 4.01895 0.0
-2.19932 4.09175 0.0
-2.205 4.0187 0.0
-2.20217 3.28968 0.0
-0.0553905 3.28566 0.0
-0.0582654 4.018 0.0
-1.06854 3.94218 0.0
-1.07123 3.28574 0.0
1.07134 3.28979 0.0
1.06846 4.01894 0.0
0.0582014 4.09484 0.0
0.0525008 4.02208 0.0
0.0553757 3.28974 0.0
2.20042 3.2899 0.0
2.20327 3.94945 0.0
2.19756 4.02256 0.0
1.1873 4.09197 0.0
1.18158 4.01898 0.0
1.18445 3.28982 0.0
3.33122 3.28584 0.0
3.3341 3.94524 0.0
3.32839 4.01823 0.0
2.31815 3.94547 0.0
2.31531 3.28591 0.0
4.45937 3.28561 0.0
4.4568 4.01448 0.0
3.44677 3.94509 0.0
3.44388 3.28569 0.0
4.57319 4.09161 0.0
4.56753 4.0185 0.0
4.57011 3.28963 0.0
5.58286 3.28971 0.0
5.58159 4.01886 0.0
5.69874 4.09192 0.0
5.69338 4.01891 0.0
5.69466 3.28975 0.0
6.69037 3.28981 0.0
6.69487 4.0191 0.0
-5.69664 4.90975 0.0
-5.70073 5.56912 0.0
-6.69685 5.64194 0.0
-6.69235 4.90969 0.0
-4.57229 4.90977 0.0
-4.57538 5.56917 0.0
-5.58377 5.64214 0.0
-5.58912 5.56914 0.0
-5.58504 4.90976 0.0
-3.44407 4.9098 0.0
-3.44697 5.56928 0.0
-4.45699 5.64216 0.0
-4.46266 5.56917 0.0
-4.45957 4.90977 0.0
-2.31406 4.91169 0.0
-2.31135 5.56805 0.0
-2.31702 5.64075 0.0
-3.32733 5.64424 0.0
-3.33301 5.5712 0.0
-3.33011 4.91172 0.0
-1.1844 4.90964 0.0
-1.18714 5.64194 0.0
-2.19739 5.566 0.0
-2.2001 4.90964 0.0
-0.0575361 4.91368 0.0
-0.0604019 5.64286 0.0
-1.07067 5.71877 0.0
-1.07637 5.64601 0.0
-1.07364 4.91371 0.0
1.07136 4.91363 0.0
1.0685 5.64278 0.0
0.0582447 5.71576 0.0
0.0525211 5.64278 0.0
0.0553868 4.9136 0.0
2.20008 4.91368 0.0
2.19736 5.64279 0.0
1.1871 5.71576 0.0
1.18138 5.64278 0.0
1.18424 4.91363 0.0
3.3292 4.91378 0.0
3.33209 5.57336 0.0
3.32639 5.64648 0.0
2.31615 5.71589 0.0
2.31043 5.64291 0.0
2.31315 4.9138 0.0
4.45937 4.90955 0.0
4.45679 5.63842 0.0
3.44676 5.56924 0.0
3.44387 4.90965 0.0
4.57319 5.71555 0.0
4.56753 5.64243 0.0
4.57011 4.91356 0.0
5.58286 4.91363 0.0
5.58159 5.64279 0.0
5.69874 5.71584 0.0
5.69338 5.64284 0.0
5.69466 4.91368 0.0
6.69037 4.91374 0.0
6.69487 5.64303 0.0
-5.69664 6.53368 0.0
-5.70073 7.19305 0.0
-6.69685 7.26587 0.0
-6.69235 6.53362 0.0
-4.57228 6.53373 0.0
-4.57537 7.19332 0.0
-5.58377 7.26608 0.0
-5.58912 7.19307 0.0
-5.58504 6.5337 0.0
-4.46065 7.1973 0.0
-4.45756 6.53771 0.0
-3.44194 6.53768 0.0
-3.43929 7.26666 0.0
-3.44497 7.33971 0.0
-4.45499 7.27042 0.0
-2.31424 6.53555 0.0
-2.31694 7.26802 0.0
-3.32725 7.26453 0.0
-3.3299 6.53555 0.0
-1.1864 6.53761 0.0
-1.18926 7.2668 0.0
-2.19951 7.34281 0.0
-2.20519 7.27011 0.0
-2.20249 6.53764 0.0
-0.0574891 6.53756 0.0
-0.0603608 7.2667 0.0
-1.07062 7.33969 0.0
-1.07634 7.26671 0.0
-1.07348 6.53753 0.0
1.07137 6.53756 0.0
1.0685 7.26671 0.0
0.0582496 7.33969 0.0
0.0525263 7.26671 0.0
0.055398 6.53756 0.0
2.20022 6.53756 0.0
2.19736 7.26671 0.0
1.18711 7.33969 0.0
1.18139 7.26671 0.0
1.18426 6.53756 0.0
3.32887 6.53761 0.0
3.32619 7.26671 0.0
2.31597 7.33969 0.0
2.31024 7.26671 0.0
2.3131 6.53756 0.0
3.44478 7.33969 0.0
3.43905 7.26671 0.0
3.44174 6.53761 0.0
4.45737 6.53753 0.0
4.45479 7.2667 0.0
4.57319 7.3397 0.0
4.56752 7.26671 0.0
4.5701 6.53754 0.0
5.58286 6.53757 0.0
5.58159 7.26672 0.0
5.69874 7.33977 0.0
5.69338 7.26677 0.0
5.69466 6.53761 0.0
6.69037 6.53767 0.0
6.69487 7.26696 0.0
-5.69664 8.15761 0.0
-5.70073 8.81698 0.0
-6.69685 8.8898 0.0
-6.69235 8.15755 0.0
-4.57229 8.15771 0.0
-4.57537 8.81725 0.0
-5.58377 8.89001 0.0
-5.58912 8.817 0.0
-5.58504 8.15763 0.0
-4.46065 8.82123 0.0
-4.45757 8.16168 0.0
-3.44208 8.16157 0.0
-3.4393 8.89059 0.0
-3.44497 8.96364 0.0
-4.455 8.89435 0.0
-2.31409 8.15943 0.0
-2.31693 8.89194 0.0
-3.32725 8.88846 0.0
-3.33003 8.15944 0.0
-1.18608 8.16163 0.0
-1.1834 8.81808 0.0
-1.1891 8.89084 0.0
-2.19936 8.96677 0.0
-2.20503 8.89406 0.0
-2.20219 8.16155 0.0
-0.0550716 8.15754 0.0
-0.0523912 8.81694 0.0
-0.0581197 8.88992 0.0
-1.06838 8.81402 0.0
-1.07106 8.15757 0.0
1.07375 8.15762 0.0
1.07643 8.81702 0.0
1.07071 8.89001 0.0
0.0604535 8.81702 0.0
0.0577731 8.15762 0.0
2.2026 8.15762 0.0
2.20529 8.81703 0.0
2.19957 8.89001 0.0
1.18932 8.81702 0.0
1.18664 8.15762 0.0
3.33139 8.15762 0.0
3.33412 8.81702 0.0
3.3284 8.89 0.0
2.31818 8.81703 0.0
2.31549 8.15762 0.0
4.45939 8.15743 0.0
4.4568 8.88627 0.0
3.44677 8.81688 0.0
3.44404 8.15748 0.0
4.57319 8.9634 0.0
4.56753 8.89029 0.0
4.57012 8.16144 0.0
5.58286 8.16149 0.0
5.58159 8.89065 0.0
5.69874 8.9637 0.0
5.69338 8.8907 0.0
5.69466 8.16154 0.0
6.69037 8.1616 0.0
6.69487 8.89089 0.0
-5.69665 9.78153 0.0
-5.70073 10.4409 0.0
-6.69685 10.5137 0.0
-6.69235 9.78148 0.0
-4.5723 9.7816 0.0
-4.57538 10.441 0.0
-5.58377 10.5139 0.0
-5.58912 10.4409 0.0
-5.58504 9.78155 0.0
-3.44423 9.78155 0.0
-3.44698 10.4411 0.0
-4.45699 10.5139 0.0
-4.46266 10.441 0.0
-4.45959 9.7816 0.0
-2.31437 9.7834 0.0
-2.31719 10.5124 0.0
-3.32749 10.516 0.0
-3.33317 10.4429 0.0
-3.33042 9.78344 0.0
-1.18651 9.78546 0.0
-1.18923 10.5146 0.0
-2.19947 10.5874 0.0
-2.20516 10.5144 0.0
-2.20235 9.78537 0.0
-0.0576654 9.78542 0.0
-0.0603717 10.5146 0.0
-1.07063 10.5875 0.0
-1.07635 10.5146 0.0
-1.07363 9.78547 0.0
1.07121 9.78542 0.0
1.06849 10.5146 0.0
0.0582372 10.5875 0.0
0.0525141 10.5146 0.0
0.0552204 9.78542 0.0
2.20041 9.78557 0.0
2.20327 10.4452 0.0
2.19756 10.5183 0.0
1.1873 10.5877 0.0
1.18157 10.5147 0.0
1.18429 9.78554 0.0
3.33121 9.78155 0.0
3.3341 10.441 0.0
3.32839 10.5139 0.0
2.31815 10.4412 0.0
2.31529 9.78158 0.0
4.45937 9.78133 0.0
4.4568 10.5102 0.0
3.44677 10.4408 0.0
3.44388 9.78141 0.0
4.57319 10.5873 0.0
4.56753 10.5142 0.0
4.57011 9.78534 0.0
5.58286 9.78542 0.0
5.58159 10.5146 0.0
5.69874 10.5876 0.0
5.69338 10.5146 0.0
5.69466 9.78547 0.0
6.69037 9.78553 0.0
6.69487 10.5148 0.0
-5.69664 11.4055 0.0
-5.70073 12.0648 0.0
-6.69685 12.1377 0.0
-6.69235 11.4054 0.0
-4.57229 11.4055 0.0
-4.57538 12.0649 0.0
-5.58377 12.1379 0.0
-5.58912 12.0649 0.0
-5.58504 11.4055 0.0
-3.44407 11.4055 0.0
-3.44697 12.065 0.0
-4.45699 12.1379 0.0
-4.46266 12.0649 0.0
-4.45957 11.4055 0.0
-2.31404 11.4074 0.0
-2.31134 12.0638 0.0
-2.31702 12.1365 0.0
-3.32733 12.14 0.0
-3.33301 12.0669 0.0
-3.33011 11.4074 0.0
-1.18425 11.4053 0.0
-1.18713 12.1376 0.0
-2.19739 12.0617 0.0
-2.20009 11.4054 0.0
-0.0575109 11.4094 0.0
-0.0603985 12.1386 0.0
-1.07066 12.2145 0.0
-1.07636 12.1417 0.0
-1.07349 11.4094 0.0
1.07171 11.4095 0.0
1.07441 12.0691 0.0
1.06871 12.1422 0.0
0.0584369 12.2116 0.0
0.0527172 12.1386 0.0
0.0556049 11.4095 0.0
2.20209 11.4053 0.0
2.19936 12.1342 0.0
1.18909 12.065 0.0
1.18639 11.4054 0.0
3.3292 11.4095 0.0
3.33209 12.0691 0.0
3.3264 12.1422 0.0
2.31615 12.2114 0.0
2.31045 12.1383 0.0
2.31317 11.4095 0.0
4.45937 11.4053 0.0
4.45679 12.1341 0.0
3.44676 12.065 0.0
3.44387 11.4054 0.0
4.57319 12.2113 0.0
4.56753 12.1381 0.0
4.57011 11.4093 0.0
5.58286 11.4094 0.0
5.58159 12.1385 0.0
5.69874 12.2116 0.0
5.69338 12.1386 0.0
5.69466 11.4094 0.0
6.69037 11.4095 0.0
6.69487 12.1387 0.0
-5.69664 13.0294 0.0
-5.70073 13.6888 0.0
-6.69685 13.7616 0.0
-6.69235 13.0293 0.0
-4.57228 13.0294 0.0
-4.57537 13.689 0.0
-5.58377 13.7618 0.0
-5.58912 13.6888 0.0
-5.58504 13.0294 0.0
-4.46065 13.693 0.0
-4.45756 13.0334 0.0
-3.44193 13.0334 0.0
-3.43929 13.7624 0.0
-3.44497 13.8354 0.0
-4.45499 13.7661 0.0
-2.31394 13.0313 0.0
-2.3111 13.6908 0.0
-2.31679 13.7639 0.0
-3.32709 13.7603 0.0
-3.32973 13.0313 0.0
-1.18431 13.0293 0.0
-1.18717 13.7617 0.0
-2.19743 13.6889 0.0
-2.20027 13.0294 0.0
-0.0575341 13.0334 0.0
-0.0603989 13.7625 0.0
-1.07066 13.8384 0.0
-1.07636 13.7657 0.0
-1.0735 13.0333 0.0
1.07122 13.0333 0.0
1.0685 13.7624 0.0
0.0582439 13.8354 0.0
0.0525178 13.7624 0.0
0.0553826 13.0333 0.0
2.2002 13.0332 0.0
2.19736 13.7624 0.0
1.18711 13.8354 0.0
1.18138 13.7624 0.0
1.18411 13.0333 0.0
3.32887 13.0333 0.0
3.32619 13.7624 0.0
2.31596 13.8354 0.0
2.31024 13.7624 0.0
2.31309 13.0332 0.0
3.44477 13.8354 0.0
3.43905 13.7624 0.0
3.44174 13.0333 0.0
4.45737 13.0332 0.0
4.45479 13.7624 0.0
4.57319 13.8354 0.0
4.56752 13.7624 0.0
4.5701 13.0333 0.0
5.58286 13.0333 0.0
5.58158 13.7624 0.0
5.69874 13.8355 0.0
5.69338 13.7625 0.0
5.69466 13.0333 0.0
6.69037 13.0334 0.0
6.69487 13.7627 0.0
-5.69665 14.6533 0.0
-5.70073 15.3127 0.0
-6.69685 15.3855 0.0
-6.69235 14.6533 0.0
-4.5723 14.6534 0.0
-4.57538 15.3127 0.0
-5.58377 15.3857 0.0
-5.58912 15.3127 0.0
-5.58504 14.6533 0.0
-3.44424 14.6533 0.0
-3.44698 15.3129 0.0
-4.45699 15.3857 0.0
-4.46267 15.3127 0.0
-4.45959 14.6534 0.0
-2.3145 14.6552 0.0
-2.31719 15.3842 0.0
-3.3275 15.3878 0.0
-3.33318 15.3147 0.0
-3.33044 14.6552 0.0
-1.18605 14.6572 0.0
-1.18336 15.3137 0.0
-1.18906 15.3865 0.0
-2.19932 15.4592 0.0
-2.20501 15.3862 0.0
-2.20232 14.6572 0.0
-0.0550737 14.6533 0.0
-0.0523918 15.3127 0.0
-0.0581201 15.3856 0.0
-1.06838 15.3097 0.0
-1.07107 14.6533 0.0
1.07374 14.6533 0.0
1.07643 15.3127 0.0
1.07071 15.3857 0.0
0.0604531 15.3127 0.0
0.0577712 14.6533 0.0
2.20224 14.6531 0.0
2.19937 15.382 0.0
1.18911 15.3126 0.0
1.18642 14.6532 0.0
3.32903 14.6572 0.0
3.3262 15.3863 0.0
2.31597 15.4591 0.0
2.31026 15.386 0.0
2.31313 14.6571 0.0
3.44478 15.4593 0.0
3.43906 15.3863 0.0
3.44189 14.6572 0.0
4.45738 14.6572 0.0
4.45479 15.3864 0.0
4.57319 15.4593 0.0
4.56752 15.3864 0.0
4.57011 14.6572 0.0
5.58286 14.6572 0.0
5.58159 15.3864 0.0
5.69874 15.4594 0.0
5.69338 15.3864 0.0
5.69466 14.6573 0.0
6.69037 14.6573 0.0
6.69487 15.3866 0.0
-5.69664 16.2773 0.0
-5.70073 16.9366 0.0
-6.69685 17.0094 0.0
-6.69235 16.2772 0.0
-4.57229 16.2773 0.0
-4.57538 16.9367 0.0
-5.58377 17.0096 0.0
-5.58912 16.9366 0.0
-5.58504 16.2773 0.0
-3.44407 16.2773 0.0
-3.44697 16.9368 0.0
-4.45699 17.0097 0.0
-4.46266 16.9367 0.0
-4.45957 16.2773 0.0
-2.31406 16.2792 0.0
-2.31135 16.9356 0.0
-2.31702 17.0083 0.0
-3.32733 17.0117 0.0
-3.33301 16.9387 0.0
-3.33011 16.2792 0.0
-1.18442 16.2771 0.0
-1.18714 17.0094 0.0
-2.19739 16.9335 0.0
-2.2001 16.2771 0.0
-0.0576871 16.2812 0.0
-0.0604091 17.0104 0.0
-1.07067 17.0863 0.0
-1.07637 17.0135 0.0
-1.07365 16.2812 0.0
1.07156 16.2813 0.0
1.07441 16.9409 0.0
1.0687 17.014 0.0
0.0584322 17.0834 0.0
0.0527073 17.0104 0.0
0.0554293 16.2813 0.0
2.20257 16.2772 0.0
2.20528 16.9367 0.0
2.19956 17.0096 0.0
1.1893 16.9369 0.0
1.18646 16.2773 0.0
3.33103 16.2771 0.0
3.32821 17.0059 0.0
2.31797 16.9365 0.0
2.31526 16.2771 0.0
3.44477 17.083 0.0
3.43907 17.0099 0.0
3.4419 16.2811 0.0
4.45738 16.2811 0.0
4.45479 17.0103 0.0
4.57319 17.0833 0.0
4.56752 17.0103 0.0
4.57011 16.2811 0.0
5.58286 16.2811 0.0
5.58159 17.0103 0.0
5.69874 17.0833 0.0
5.69338 17.0103 0.0
5.69466 16.2812 0.0
6.69037 16.2812 0.0
6.69487 17.0105 0.0
-5.69664 17.9012 0.0
-5.70073 18.5606 0.0
-6.69685 18.6334 0.0
-6.69235 17.9011 0.0
-4.57227 17.9012 0.0
-4.57537 18.5608 0.0
-5.58377 18.6336 0.0
-5.58912 18.5606 0.0
-5.58504 17.9012 0.0
-4.46065 18.5648 0.0
-4.45756 17.9052 0.0
-3.44193 17.9052 0.0
-3.43929 18.6342 0.0
-3.44497 18.7072 0.0
-4.45499 18.6379 0.0
-2.31393 17.9031 0.0
-2.3111 18.5626 0.0
-2.31679 18.6356 0.0
-3.32709 18.6321 0.0
-3.32973 17.9031 0.0
-1.18399 17.9012 0.0
-1.1813 18.5606 0.0
-1.18703 18.6336 0.0
-2.19727 18.5607 0.0
-2.2001 17.9012 0.0
-0.055126 17.9012 0.0
-0.0524335 18.5606 0.0
-0.0581589 18.6336 0.0
-1.06841 18.5606 0.0
-1.0711 17.9012 0.0
1.07359 17.9012 0.0
1.07642 18.5606 0.0
1.0707 18.6336 0.0
0.0604489 18.5606 0.0
0.0577564 17.9012 0.0
2.20243 17.9012 0.0
2.20528 18.5606 0.0
2.19956 18.6336 0.0
1.18931 18.5606 0.0
1.18647 17.9012 0.0
3.33102 17.901 0.0
3.3282 18.6298 0.0
2.31796 18.5604 0.0
2.31511 17.901 0.0
3.44477 18.707 0.0
3.43907 18.6339 0.0
3.44189 17.905 0.0
4.45738 17.9051 0.0
4.45479 18.6342 0.0
4.57319 18.7072 0.0
4.56752 18.6342 0.0
4.57011 17.9051 0.0
5.58286 17.9051 0.0
5.58159 18.6342 0.0
5.69874 18.7073 0.0
5.69338 18.6343 0.0
5.69466 17.9051 0.0
6.69037 17.9052 0.0
6.69487 18.6345 0.0
-5.69665 19.5251 0.0
-5.70073 20.1845 0.0
-6.69685 20.2573 0.0
-6.69235 19.5251 0.0
-4.5723 19.5252 0.0
-4.57538 20.1845 0.0
-5.58377 20.2575 0.0
-5.58912 20.1845 0.0
-5.58504 19.5251 0.0
-3.44424 19.5251 0.0
-3.44698 20.1846 0.0
-4.45699 20.2575 0.0
-4.46267 20.1845 0.0
-4.45959 19.5252 0.0
-2.31452 19.527 0.0
-2.31719 20.256 0.0
-3.3275 20.2596 0.0
-3.33318 20.1865 0.0
-3.33044 19.527 0.0
-1.18653 19.529 0.0
-1.18923 20.2581 0.0
-2.19948 20.331 0.0
-2.20516 20.258 0.0
-2.2025 19.529 0.0
-0.0576563 19.529 0.0
-0.0603721 20.2581 0.0
-1.07062 20.3311 0.0
-1.07635 20.2581 0.0
-1.07364 19.529 0.0
1.07154 19.5291 0.0
1.0744 20.1887 0.0
1.0687 20.2618 0.0
0.0584321 20.3312 0.0
0.0527101 20.2583 0.0
0.0554259 19.5291 0.0
2.20208 19.5249 0.0
2.19936 20.2538 0.0
1.18909 20.1846 0.0
1.18623 19.525 0.0
3.32935 19.5291 0.0
3.3321 20.1887 0.0
3.3264 20.2618 0.0
2.31615 20.331 0.0
2.31045 20.2579 0.0
2.31317 19.5291 0.0
4.45939 19.5249 0.0
4.4568 20.2538 0.0
3.44676 20.1846 0.0
3.44402 19.525 0.0
4.57319 20.3309 0.0
4.56753 20.2578 0.0
4.57012 19.5289 0.0
5.58286 19.529 0.0
5.58159 20.2581 0.0
5.69874 20.3312 0.0
5.69338 20.2582 0.0
5.69466 19.529 0.0
6.69037 19.5291 0.0
6.69487 20.2584 0.0
-5.69664 21.149 0.0
-5.70073 21.8084 0.0
-6.69685 21.8812 0.0
-6.69235 21.149 0.0
-4.57227 21.1491 0.0
-4.57537 21.8087 0.0
-5.58377 21.8814 0.0
-5.58912 21.8084 0.0
-5.58504 21.1491 0.0
-4.46065 21.8127 0.0
-4.45756 21.1531 0.0
-3.44192 21.153 0.0
-3.43929 21.882 0.0
-3.44497 21.9551 0.0
-4.45499 21.8858 0.0
-2.31378 21.1509 0.0
-2.3111 21.8105 0.0
-2.31678 21.8835 0.0
-3.32709 21.8799 0.0
-3.32971 21.1509 0.0
-1.18398 21.1491 0.0
-1.1813 21.8085 0.0
-1.18702 21.8814 0.0
-2.19727 21.8086 0.0
-2.19995 21.1491 0.0
-0.0551246 21.149 0.0
-0.0524324 21.8085 0.0
-0.0581554 21.8814 0.0
-1.06841 21.8085 0.0
-1.07109 21.149 0.0
1.07359 21.1491 0.0
1.07642 21.8085 0.0
1.0707 21.8814 0.0
0.0604491 21.8085 0.0
0.0577569 21.1491 0.0
2.20223 21.1488 0.0
2.19937 21.8777 0.0
1.1891 21.8083 0.0
1.18627 21.149 0.0
3.32922 21.1531 0.0
3.3321 21.8127 0.0
3.3264 21.8858 0.0
2.31615 21.9549 0.0
2.31045 21.8818 0.0
2.31331 21.153 0.0
4.45937 21.1488 0.0
4.45679 21.8777 0.0
3.44676 21.8085 0.0
3.44388 21.149 0.0
4.57319 21.9548 0.0
4.56753 21.8817 0.0
4.57011 21.1528 0.0
5.58286 21.1529 0.0
5.58159 21.8821 0.0
5.69874 21.9551 0.0
5.69338 21.8821 0.0
5.69466 21.153 0.0
6.69037 21.153 0.0
6.69487 21.8823 0.0
-5.69665 22.773 0.0
-5.70073 23.4323 0.0
-6.69685 23.5052 0.0
-6.69235 22.7729 0.0
-4.5723 22.773 0.0
-4.57538 23.4324 0.0
-5.58377 23.5054 0.0
-5.58912 23.4324 0.0
-5.58504 22.773 0.0
-3.44423 22.773 0.0
-3.44698 23.4325 0.0
-4.45699 23.5054 0.0
-4.46266 23.4324 0.0
-4.45959 22.773 0.0
-2.31421 22.7749 0.0
-2.31136 23.4313 0.0
-2.31703 23.504 0.0
-3.32734 23.5075 0.0
-3.33302 23.4344 0.0
-3.33027 22.7749 0.0
-1.18411 22.7729 0.0
-1.18126 23.4323 0.0
-1.18699 23.5053 0.0
-2.19724 23.4293 0.0
-2.20009 22.7729 0.0
-0.0552919 22.773 0.0
-0.0524442 23.4324 0.0
-0.0581649 23.5054 0.0
-1.06842 23.4324 0.0
-1.07127 22.773 0.0
1.07357 22.773 0.0
1.07642 23.4324 0.0
1.0707 23.5054 0.0
0.060442 23.4324 0.0
0.0575943 22.773 0.0
2.20223 22.7728 0.0
2.19937 23.5016 0.0
1.1891 23.4322 0.0
1.18626 22.7728 0.0
3.32922 22.777 0.0
3.3321 23.4366 0.0
3.3264 23.5097 0.0
2.31615 23.5789 0.0
2.31045 23.5058 0.0
2.31331 22.7769 0.0
4.45937 22.7728 0.0
4.45679 23.5016 0.0
3.44676 23.4325 0.0
3.44388 22.7729 0.0
4.57319 23.5788 0.0
4.56753 23.5056 0.0
4.57011 22.7768 0.0
5.58286 22.7769 0.0
5.58159 23.506 0.0
5.69874 23.5791 0.0
5.69338 23.5061 0.0
5.69466 22.7769 0.0
6.69037 22.777 0.0
6.69487 23.5062 0.0
-5.69664 24.3969 0.0
-5.70072 25.0563 0.0
-6.69685 25.1291 0.0
-6.69235 24.3968 0.0
-4.57228 24.3969 0.0
-4.57537 25.0565 0.0
-5.58377 25.1293 0.0
-5.58912 25.0563 0.0
-5.58504 24.3969 0.0
-4.46065 25.0605 0.0
-4.45756 24.4009 0.0
-3.44194 24.4009 0.0
-3.43929 25.1299 0.0
-3.44497 25.2029 0.0
-4.45499 25.1336 0.0
-2.31424 24.3988 0.0
-2.31694 25.1312 0.0
-3.32725 25.1277 0.0
-3.3299 24.3988 0.0
-1.18625 24.4009 0.0
-1.18341 25.0574 0.0
-1.18911 25.1301 0.0
-2.19937 25.206 0.0
-2.20504 25.1334 0.0
-2.20235 24.4009 0.0
-0.0552509 24.3968 0.0
-0.0524034 25.0562 0.0
-0.0581293 25.1292 0.0
-1.06839 25.0533 0.0
-1.07124 24.3969 0.0
1.07357 24.3969 0.0
1.07642 25.0563 0.0
1.0707 25.1293 0.0
0.0604412 25.0563 0.0
0.0575937 24.3969 0.0
2.20223 24.3967 0.0
2.19937 25.1256 0.0
1.1891 25.0562 0.0
1.18626 24.3968 0.0
3.32922 24.401 0.0
3.3321 25.0605 0.0
3.3264 25.1336 0.0
2.31615 25.2028 0.0
2.31045 25.1297 0.0
2.31331 24.4008 0.0
4.45937 24.3967 0.0
4.45679 25.1256 0.0
3.44676 25.0564 0.0
3.44388 24.3968 0.0
4.57319 25.2027 0.0
4.56753 25.1296 0.0
4.57011 24.4007 0.0
5.58286 24.4008 0.0
5.58159 25.1299 0.0
5.69874 25.203 0.0
5.69338 25.13 0.0
5.69466 24.4008 0.0
6.69037 24.4009 0.0
6.69487 25.1302 0.0
-5.69664 26.0208 0.0
-5.70072 26.6801 0.0
-6.69685 26.7529 0.0
-6.69235 26.0207 0.0
-4.5723 26.0209 0.0
-4.57538 26.6802 0.0
-5.58377 26.7531 0.0
-5.58912 26.6801 0.0
-5.58504 26.0208 0.0
-3.44422 26.0208 0.0
-3.44697 26.6804 0.0
-4.45699 26.7532 0.0
-4.46266 26.6802 0.0
-4.45959 26.0209 0.0
-3.3321 26.6844 0.0
-3.32935 26.0248 0.0
-2.31318 26.0247 0.0
-2.31045 26.7535 0.0
-2.31615 26.8267 0.0
-3.3264 26.7575 0.0
-1.18639 26.0207 0.0
-1.18911 26.6801 0.0
-2.19937 26.7494 0.0
-2.20209 26.0206 0.0
-1.07548 26.6822 0.0
-1.07277 26.0228 0.0
-0.0567953 26.0227 0.0
-0.0594699 26.7516 0.0
-1.0698 26.7552 0.0
1.07155 26.0248 0.0
1.0744 26.6844 0.0
1.0687 26.7575 0.0
0.0584363 26.8268 0.0
0.0527564 26.7537 0.0
0.055431 26.0248 0.0
2.20222 26.0206 0.0
2.19937 26.7494 0.0
1.18909 26.6802 0.0
1.18624 26.0207 0.0
2.31615 26.8267 0.0
2.31045 26.7535 0.0
2.31331 26.0247 0.0
3.32922 26.0249 0.0
3.33209 26.6844 0.0
3.3264 26.7575 0.0
4.45937 26.0206 0.0
4.4568 26.7494 0.0
3.44676 26.6803 0.0
3.44388 26.0208 0.0
4.57319 26.8265 0.0
4.56753 26.7534 0.0
4.57011 26.0246 0.0
5.58286 26.0247 0.0
5.58159 26.7538 0.0
5.69874 26.8268 0.0
5.69338 26.7538 0.0
5.69466 26.0247 0.0
6.69037 26.0248 0.0
6.69487 26.754 0.0
-5.69664 27.6445 0.0
-5.70071 28.3034 0.0
-6.69684 28.3761 0.0
-6.69235 27.6444 0.0
-4.57229 27.6446 0.0
-4.57538 28.3036 0.0
-5.58377 28.3764 0.0
-5.5891 28.3035 0.0
-5.58504 27.6445 0.0
-3.44315 27.6466 0.0
-3.44742 28.3749 0.0
-4.45623 28.3785 0.0
-4.46176 28.3055 0.0
-4.45867 27.6464 0.0
-3.35851 27.6873 0.0
-2.85254 27.7059 0.0
-2.84864 29.1289 0.0
-3.35866 29.1471 0.0
-3.36278 28.4156 0.0
-1.18621 27.6444 0.0
-1.18895 28.3034 0.0
-2.19792 28.3726 0.0
-2.20219 27.6444 0.0
-0.0566374 27.6464 0.0
-0.0594458 28.3749 0.0
-1.06979 28.3785 0.0
-1.07536 28.3055 0.0
-1.07262 27.6465 0.0
0.0582389 28.4499 0.0
0.0525775 28.3769 0.0
0.0553859 27.6484 0.0
1.07123 27.6484 0.0
1.0685 28.3771 0.0
2.20019 27.6485 0.0
2.19592 28.3771 0.0
1.18696 28.45 0.0
1.18134 28.377 0.0
1.18407 27.6484 0.0
2.79172 29.1287 0.0
2.2856 29.1469 0.0
2.28144 28.4156 0.0
2.28571 27.687 0.0
2.79562 27.7057 0.0
4.45882 27.6464 0.0
4.46177 28.3055 0.0
4.45623 28.3785 0.0
3.44742 28.3749 0.0
3.44316 27.6466 0.0
5.58486 27.6444 0.0
5.58359 28.3727 0.0
4.57519 28.3034 0.0
4.57224 27.6444 0.0
5.69872 28.4498 0.0
5.6934 28.3767 0.0
5.69467 27.6484 0.0
6.69037 27.6485 0.0
6.69486 28.3772 0.0
-5.69662 29.2666 0.0
-5.70057 29.9221 0.0
-6.69677 29.9938 0.0
-6.69233 29.2664 0.0
-4.57229 29.2667 0.0
-4.57527 29.9222 0.0
-5.5838 29.9945 0.0
-5.58897 29.9221 0.0
-5.58503 29.2667 0.0
-3.44419 29.2666 0.0
-3.44686 29.9224 0.0
-4.45706 29.9946 0.0
-4.46255 29.9222 0.0
-4.45957 29.2667 0.0
-2.31058 29.9947 0.0
-2.31608 30.0672 0.0
-3.3265 29.9983 0.0
-3.33202 29.9258 0.0
-3.32935 29.27 0.0
-2.81933 29.2518 0.0
-2.31321 29.2699 0.0
-1.18525 29.2685 0.0
-1.18799 29.9966 0.0
-2.1985 29.9931 0.0
-2.20113 29.2683 0.0
-0.057511 29.2706 0.0
-0.0602996 29.9954 0.0
-1.07073 30.0708 0.0
-1.07623 29.9987 0.0
-1.07349 29.2706 0.0
1.07138 29.2705 0.0
1.0686 29.9953 0.0
0.0581644 30.0677 0.0
0.0526207 29.9953 0.0
0.0554093 29.2705 0.0
1.18703 30.0677 0.0
1.18149 29.9953 0.0
1.18426 29.2705 0.0
2.20013 29.2704 0.0
2.19746 29.9953 0.0
3.32933 29.27 0.0
3.33201 29.9258 0.0
3.3265 29.9983 0.0
2.31608 30.0673 0.0
2.31054 29.9949 0.0
2.31321 29.27 0.0
2.81933 29.2518 0.0
4.45924 29.2665 0.0
4.45687 29.991 0.0
3.44666 29.9222 0.0
3.44398 29.2664 0.0
4.57309 30.0675 0.0
4.56761 29.995 0.0
4.56998 29.2705 0.0
5.58285 29.2705 0.0
5.58164 29.9953 0.0
5.69859 30.0677 0.0
5.69342 29.9953 0.0
5.69464 29.2705 0.0
6.69035 29.2705 0.0
6.69479 29.9949 0.0
-5.69647 30.8748 0.0
-5.69928 31.5008 0.0
-6.69597 31.5664 0.0
-6.69216 30.8741 0.0
-4.57216 30.875 0.0
-4.57434 31.5012 0.0
-5.58414 31.5693 0.0
-5.5877 31.5009 0.0
-5.58489 30.8749 0.0
-3.44398 30.875 0.0
-3.44603 31.5013 0.0
-4.45771 31.5695 0.0
-4.46165 31.5012 0.0
-4.45946 30.875 0.0
-3.33223 31.5031 0.0
-3.33018 30.8768 0.0
-2.3144 30.8768 0.0
-2.31628 31.569 0.0
-3.32826 31.5715 0.0
-1.18627 30.8787 0.0
-1.1883 31.5709 0.0
-2.20027 31.6391 0.0
-2.20425 31.5708 0.0
-2.20237 30.8786 0.0
-0.0573909 30.8787 0.0
-0.0594313 31.5709 0.0
-1.07141 31.6391 0.0
-1.07541 31.5709 0.0
-1.07338 30.8787 0.0
1.07147 30.8787 0.0
1.06943 31.5709 0.0
0.057457 31.6391 0.0
0.0534555 31.5709 0.0
0.0554958 30.8787 0.0
1.18632 31.6391 0.0
1.18232 31.5709 0.0
1.18436 30.8787 0.0
2.20032 30.8787 0.0
2.19829 31.5709 0.0
2.31517 31.6391 0.0
2.31117 31.5709 0.0
2.3132 30.8787 0.0
3.32898 30.8787 0.0
3.32711 31.5709 0.0
4.45745 30.8786 0.0
4.45564 31.5709 0.0
3.44397 31.6391 0.0
3.43997 31.5709 0.0
3.44184 30.8787 0.0
4.5723 31.6391 0.0
4.56836 31.5709 0.0
4.57017 30.8786 0.0
5.5829 30.8786 0.0
5.58209 31.5705 0.0
5.69738 31.6386 0.0
5.6938 31.5704 0.0
5.69462 30.8785 0.0
6.69024 30.8779 0.0
6.69404 31.5672 0.0
-2.31702 -25.1293 0.0
-2.31135 -25.0566 0.0
-2.31405 -24.4003 0.0
-3.33026 -24.4003 0.0
-3.33301 -25.0598 0.0
-3.32734 -25.1328 0.0
-1.18698 -25.1306 0.0
-1.18125 -25.0577 0.0
-1.18395 -24.3983 0.0
-2.19993 -24.3983 0.0
-2.19723 -25.0546 0.0
-0.0583035 -25.1306 0.0
-0.055432 -24.3983 0.0
-1.07126 -24.3983 0.0
-1.06857 -25.0577 0.0
1.06847 -25.1315 0.0
1.07133 -24.4023 0.0
0.0553755 -24.4023 0.0
0.052504 -25.1346 0.0
0.058205 -25.2074 0.0
2.19736 -25.1314 0.0
2.20008 -24.4023 0.0
1.18425 -24.4022 0.0
1.18138 -25.1314 0.0
1.18711 -25.2044 0.0
3.3264 -25.1351 0.0
3.33209 -25.062 0.0
3.3292 -24.4024 0.0
2.31315 -24.4024 0.0
2.31043 -25.1315 0.0
2.31615 -25.2045 0.0
-2.31693 -23.5088 0.0
-2.3141 -22.7762 0.0
-3.32988 -22.7763 0.0
-3.32724 -23.5053 0.0
-1.18927 -23.5075 0.0
-1.18654 -22.7784 0.0
-2.20236 -22.7783 0.0
-2.20519 -23.5109 0.0
-2.19951 -23.5836 0.0
-0.060364 -23.5074 0.0
-0.057501 -22.7783 0.0
-1.07361 -22.7783 0.0
-1.07635 -23.5075 0.0
-1.07062 -23.5804 0.0
1.0685 -23.5074 0.0
1.07139 -22.7783 0.0
0.0553885 -22.7783 0.0
0.0525254 -23.5074 0.0
0.0582463 -23.5804 0.0
2.19757 -23.5112 0.0
2.20328 -23.438 0.0
2.20057 -22.7784 0.0
1.18447 -22.7784 0.0
1.18158 -23.5076 0.0
1.1873 -23.5806 0.0
3.32839 -23.5068 0.0
3.33411 -23.4338 0.0
3.33123 -22.7745 0.0
2.31546 -22.7745 0.0
2.31816 -23.4341 0.0
-2.31719 -21.8814 0.0
-2.31451 -21.1524 0.0
-3.33044 -21.1524 0.0
-3.33317 -21.8119 0.0
-3.3275 -21.8849 0.0
-1.18907 -21.8836 0.0
-1.18337 -21.8109 0.0
-1.18623 -21.1544 0.0
-2.20233 -21.1544 0.0
-2.20501 -21.8834 0.0
-2.19933 -21.9564 0.0
-0.0582775 -21.8827 0.0
-0.0555589 -21.1503 0.0
-1.07141 -21.1504 0.0
-1.06855 -21.8069 0.0
1.06846 -21.8836 0.0
1.07133 -21.1544 0.0
0.0552124 -21.1544 0.0
0.0524937 -21.8867 0.0
0.0581969 -21.9595 0.0
2.19736 -21.8835 0.0
2.20023 -21.1544 0.0
1.18425 -21.1543 0.0
1.18139 -21.8835 0.0
1.18711 -21.9565 0.0
3.3264 -21.8872 0.0
3.3321 -21.8141 0.0
3.32921 -21.1546 0.0
2.3133 -21.1545 0.0
2.31044 -21.8836 0.0
2.31616 -21.9566 0.0
-2.31679 -20.261 0.0
-2.3111 -20.188 0.0
-2.31394 -19.5285 0.0
-3.32973 -19.5285 0.0
-3.32709 -20.2574 0.0
-1.18703 -20.259 0.0
-1.18131 -20.186 0.0
-1.18415 -19.5266 0.0
-2.20011 -19.5266 0.0
-2.19728 -20.1861 0.0
-0.0581683 -20.2589 0.0
-0.0524487 -20.186 0.0
-0.0552922 -19.5266 0.0
-1.07127 -19.5266 0.0
-1.06842 -20.186 0.0
1.07051 -20.2552 0.0
1.07337 -19.5264 0.0
0.0573934 -19.5264 0.0
0.0602369 -20.1858 0.0
2.19737 -20.2596 0.0
2.20023 -19.5304 0.0
1.18426 -19.5304 0.0
1.1814 -20.2592 0.0
1.18711 -20.3323 0.0
3.3264 -20.2633 0.0
3.3321 -20.1902 0.0
3.32921 -19.5306 0.0
2.31331 -19.5306 0.0
2.31044 -20.2597 0.0
2.31616 -20.3327 0.0
-2.31702 -18.6336 0.0
-2.31135 -18.5609 0.0
-2.31419 -17.9046 0.0
-3.33012 -17.9046 0.0
-3.33301 -18.5641 0.0
-3.32734 -18.6371 0.0
-1.18699 -18.6349 0.0
-1.18126 -18.562 0.0
-1.18411 -17.9026 0.0
-2.20008 -17.9026 0.0
-2.19724 -18.5589 0.0
-0.058166 -18.635 0.0
-0.052449 -18.562 0.0
-0.0553041 -17.9026 0.0
-1.07127 -17.9026 0.0
-1.06842 -18.562 0.0
1.0705 -18.6313 0.0
1.07321 -17.9025 0.0
0.0573764 -17.9025 0.0
0.0602315 -18.5619 0.0
2.19736 -18.6357 0.0
2.20007 -17.9065 0.0
1.1841 -17.9065 0.0
1.18139 -18.6353 0.0
1.1871 -18.7084 0.0
3.32639 -18.6394 0.0
3.33209 -18.5663 0.0
3.3292 -17.9067 0.0
2.31314 -17.9066 0.0
2.31043 -18.6358 0.0
2.31615 -18.7088 0.0
-2.31702 -17.0097 0.0
-2.31135 -16.937 0.0
-2.31406 -16.2806 0.0
-3.33026 -16.2806 0.0
-3.33301 -16.9401 0.0
-3.32734 -17.0132 0.0
-1.18698 -17.011 0.0
-1.18126 -16.938 0.0
-1.1841 -16.2787 0.0
-2.19994 -16.2786 0.0
-2.19723 -16.935 0.0
-0.0581637 -17.0111 0.0
-0.0524428 -16.9381 0.0
-0.0552783 -16.2787 0.0
-1.07126 -16.2788 0.0
-1.06842 -16.9381 0.0
1.0707 -17.0111 0.0
1.07643 -16.9381 0.0
1.07373 -16.2787 0.0
0.0576115 -16.2787 0.0
0.060447 -16.9381 0.0
2.19957 -17.0111 0.0
2.20529 -16.9381 0.0
2.20259 -16.2787 0.0
1.18662 -16.2787 0.0
1.18932 -16.9381 0.0
3.3284 -17.0111 0.0
3.33411 -16.9381 0.0
3.33123 -16.2788 0.0
2.31547 -16.2787 0.0
2.31817 -16.9381 0.0
-2.31694 -15.3891 0.0
-2.31424 -14.6566 0.0
-3.33005 -14.6566 0.0
-3.32725 -15.3856 0.0
-1.1891 -15.388 0.0
-1.1834 -15.3152 0.0
-1.1861 -14.6588 0.0
-2.20234 -14.6588 0.0
-2.20504 -15.3912 0.0
-2.19936 -15.4639 0.0
-0.0581241 -15.3871 0.0
-0.0524041 -15.3141 0.0
-0.0552475 -14.6548 0.0
-1.07109 -14.6547 0.0
-1.06839 -15.3112 0.0
1.0705 -15.3834 0.0
1.07322 -14.6546 0.0
0.0573894 -14.6547 0.0
0.0602327 -15.314 0.0
2.19736 -15.3878 0.0
2.20023 -14.6586 0.0
1.18411 -14.6586 0.0
1.1814 -15.3874 0.0
1.1871 -15.4606 0.0
3.3264 -15.3915 0.0
3.3321 -15.3184 0.0
3.32936 -14.6588 0.0
2.31331 -14.6587 0.0
2.31044 -15.3879 0.0
2.31616 -15.4609 0.0
-2.31679 -13.7653 0.0
-2.3111 -13.6923 0.0
-2.31395 -13.0328 0.0
-3.32973 -13.0327 0.0
-3.32709 -13.7617 0.0
-1.18718 -13.7631 0.0
-1.18445 -13.0308 0.0
-2.20028 -13.0309 0.0
-2.19744 -13.6903 0.0
-0.0602387 -13.7641 0.0
-0.0545356 -13.6913 0.0
-0.057228 -13.0348 0.0
-1.07349 -13.0348 0.0
-1.07621 -13.7671 0.0
-1.07051 -13.8399 0.0
1.07074 -13.7631 0.0
1.07647 -13.6902 0.0
1.07378 -13.0308 0.0
0.0577915 -13.0308 0.0
0.0604839 -13.6872 0.0
2.19937 -13.7595 0.0
2.20224 -13.0307 0.0
1.18642 -13.0307 0.0
1.18911 -13.6901 0.0
3.3262 -13.7639 0.0
3.32903 -13.0347 0.0
2.31313 -13.0347 0.0
2.31026 -13.7635 0.0
2.31596 -13.8366 0.0
-2.31703 -12.1379 0.0
-2.31136 -12.0652 0.0
-2.31421 -11.4089 0.0
-3.33027 -11.4088 0.0
-3.33302 -12.0683 0.0
-3.32734 -12.1414 0.0
-1.18699 -12.1392 0.0
-1.18127 -12.0662 0.0
-1.18412 -11.4068 0.0
-2.20009 -11.4069 0.0
-2.19724 -12.0632 0.0
-0.058316 -12.1392 0.0
-0.0556116 -11.4068 0.0
-1.07144 -11.4069 0.0
-1.06858 -12.0663 0.0
1.06845 -12.14 0.0
1.07116 -11.4109 0.0
0.0551966 -11.4108 0.0
0.0524921 -12.1432 0.0
0.0581955 -12.2159 0.0
2.19735 -12.1399 0.0
2.20006 -11.4108 0.0
1.18408 -11.4108 0.0
1.18137 -12.1399 0.0
1.1871 -12.2129 0.0
3.32619 -12.1399 0.0
3.32901 -11.4108 0.0
2.31295 -11.4108 0.0
2.31024 -12.1399 0.0
2.31596 -12.2129 0.0
-2.31678 -10.5174 0.0
-2.3111 -10.4444 0.0
-2.31379 -9.78488 0.0
-3.32986 -9.78485 0.0
-3.32709 -10.5139 0.0
-1.18702 -10.5154 0.0
-1.1813 -10.4424 0.0
-1.18398 -9.783 0.0
-2.19996 -9.78299 0.0
-2.19727 -10.4425 0.0
-0.0581579 -10.5154 0.0
-0.0524323 -10.4424 0.0
-0.0551127 -9.78299 0.0
-1.07109 -9.78299 0.0
-1.06841 -10.4424 0.0
1.07071 -10.5154 0.0
1.07643 -10.4424 0.0
1.07375 -9.78299 0.0
0.0577736 -9.78299 0.0
0.060454 -10.4424 0.0
2.19957 -10.5154 0.0
2.20529 -10.4424 0.0
2.20258 -9.78299 0.0
1.18663 -9.78299 0.0
1.18932 -10.4424 0.0
3.3282 -10.5117 0.0
3.33088 -9.78286 0.0
2.31526 -9.78286 0.0
2.31796 -10.4423 0.0
-2.31693 -8.8934 0.0
-2.3141 -8.16089 0.0
-3.32988 -8.16093 0.0
-3.32724 -8.8899 0.0
-1.18927 -8.89218 0.0
-1.18655 -8.16307 0.0
-2.20236 -8.16298 0.0
-2.20519 -8.89549 0.0
-2.19951 -8.9682 0.0
-0.0603713 -8.89208 0.0
-0.0576655 -8.16294 0.0
-1.07363 -8.16299 0.0
-1.07635 -8.8921 0.0
-1.07062 -8.96507 0.0
1.06849 -8.89208 0.0
1.07121 -8.16294 0.0
0.0552204 -8.16294 0.0
0.0525146 -8.89208 0.0
0.0582402 -8.96506 0.0
2.19736 -8.89208 0.0
2.20021 -8.16291 0.0
1.1841 -8.16293 0.0
1.18138 -8.89208 0.0
1.18711 -8.96506 0.0
3.3264 -8.89579 0.0
3.3321 -8.82268 0.0
3.32921 -8.16313 0.0
2.31329 -8.16303 0.0
2.31044 -8.89221 0.0
2.31616 -8.96519 0.0
-2.31719 -7.26601 0.0
-2.31448 -6.53703 0.0
-3.33029 -6.53707 0.0
-3.33317 -7.19654 0.0
-3.32749 -7.26959 0.0
-1.18906 -7.26826 0.0
-1.18336 -7.1955 0.0
-1.18605 -6.53903 0.0
-2.2023 -6.53903 0.0
-2.20501 -7.268 0.0
-2.19932 -7.34105 0.0
-0.0581204 -7.26744 0.0
-0.052392 -7.19446 0.0
-0.0550744 -6.53506 0.0
-1.07107 -6.53506 0.0
-1.06838 -7.19153 0.0
1.0707 -7.26752 0.0
1.07643 -7.19453 0.0
1.07373 -6.53514 0.0
0.0577702 -6.53514 0.0
0.0604525 -7.19454 0.0
2.19937 -7.2638 0.0
2.2021 -6.535 0.0
1.1864 -6.535 0.0
1.1891 -7.1944 0.0
3.3264 -7.27186 0.0
3.3321 -7.19874 0.0
3.32936 -6.53912 0.0
2.31318 -6.53912 0.0
2.31045 -7.26792 0.0
2.31615 -7.34104 0.0
-2.31703 -5.64219 0.0
-2.31135 -5.56949 0.0
-2.31407 -4.91313 0.0
-3.33026 -4.91313 0.0
-3.33301 -5.57263 0.0
-3.32734 -5.64569 0.0
-1.18714 -5.64339 0.0
-1.18442 -4.91109 0.0
-2.20011 -4.91109 0.0
-2.19739 -5.56745 0.0
-0.0604085 -5.64432 0.0
-0.0576873 -4.91516 0.0
-1.07365 -4.91516 0.0
-1.07637 -5.64746 0.0
-1.07067 -5.72023 0.0
1.0685 -5.64423 0.0
1.07137 -4.91505 0.0
0.0552376 -4.91508 0.0
0.0525163 -5.64423 0.0
0.0582447 -5.71721 0.0
2.19757 -5.64793 0.0
2.20327 -5.57481 0.0
2.20057 -4.91522 0.0
1.18446 -4.91517 0.0
1.18158 -5.64435 0.0
1.1873 -5.71733 0.0
3.3282 -5.63988 0.0
3.33103 -4.91103 0.0
2.31526 -4.9111 0.0
2.31796 -5.57069 0.0
-2.31694 -4.02161 0.0
-2.31423 -3.28914 0.0
-3.32989 -3.28914 0.0
-3.32725 -4.01812 0.0
-1.1891 -4.0205 0.0
-1.1834 -3.94773 0.0
-1.18609 -3.29126 0.0
-2.20233 -3.29126 0.0
-2.20504 -4.02373 0.0
-2.19936 -4.09643 0.0
-0.0581214 -4.01958 0.0
-0.0523965 -3.94659 0.0
-0.0550859 -3.2872 0.0
-1.07107 -3.2872 0.0
-1.06838 -3.94367 0.0
1.07051 -4.01594 0.0
1.07337 -3.28709 0.0
0.0575539 -3.28714 0.0
0.0602432 -3.94653 0.0
2.19736 -4.0203 0.0
2.20008 -3.29119 0.0
1.18426 -3.2911 0.0
1.1814 -4.01994 0.0
1.1871 -4.09306 0.0
3.32619 -4.0203 0.0
3.32901 -3.29112 0.0
2.31296 -3.29119 0.0
2.31024 -4.0203 0.0
2.31597 -4.09328 0.0
-2.31702 -2.39434 0.0
-2.31134 -2.32164 0.0
-2.31404 -1.66528 0.0
-3.33011 -1.66531 0.0
-3.33301 -2.32478 0.0
-3.32733 -2.39783 0.0
-1.18713 -2.39552 0.0
-1.18425 -1.66318 0.0
-2.20009 -1.66323 0.0
-2.19739 -2.31959 0.0
-0.0603984 -2.39646 0.0
-0.0575321 -1.6673 0.0
-1.07349 -1.66725 0.0
-1.07636 -2.3996 0.0
-1.07066 -2.47237 0.0
1.0685 -2.39638 0.0
1.07123 -1.66727 0.0
0.0553843 -1.66722 0.0
0.0525181 -2.39638 0.0
0.058244 -2.46936 0.0
2.19756 -2.40007 0.0
2.20327 -2.32695 0.0
2.20055 -1.66734 0.0
1.18432 -1.66738 0.0
1.18158 -2.39649 0.0
1.1873 -2.46947 0.0
3.32819 -2.39202 0.0
3.33088 -1.66322 0.0
2.31523 -1.66322 0.0
2.31795 -2.32283 0.0
-2.31719 -0.770294 0.0
-2.3145 -0.0413192 0.0
-3.33029 -0.0413521 0.0
-3.33317 -0.700821 0.0
-3.32749 -0.773874 0.0
-1.18922 -0.772428 0.0
-1.18636 -0.0432528 0.0
-2.20247 -0.0432896 0.0
-2.20516 -0.772265 0.0
-2.19947 -0.845313 0.0
-0.0603613 -0.772442 0.0
-0.0574784 -0.0432903 0.0
-1.07347 -0.0432569 0.0
-1.07634 -0.772432 0.0
-1.07062 -0.845413 0.0
1.06871 -0.776144 0.0
1.07441 -0.703025 0.0
1.07171 -0.0434394 0.0
0.0556036 -0.0434102 0.0
0.0527207 -0.772562 0.0
0.0584375 -0.845548 0.0
2.19936 -0.768098 0.0
2.20209 -0.0392907 0.0
1.18639 -0.0393187 0.0
1.18909 -0.698904 0.0
3.3264 -0.77614 0.0
3.3321 -0.703026 0.0
3.3292 -0.0434354 0.0
2.31317 -0.0434058 0.0
2.31045 -0.772213 0.0
2.31615 -0.845331 0.0
-2.31703 0.853515 0.0
-2.31135 0.926214 0.0
-2.31421 1.58254 0.0
-3.33012 1.58255 0.0
-3.33301 0.923076 0.0
-3.32734 0.850024 0.0
-1.18714 0.852337 0.0
-1.18443 1.58468 0.0
-2.20025 1.58458 0.0
-2.1974 0.92826 0.0
-0.0604105 0.8514 0.0
-0.0577 1.58055 0.0
-1.07367 1.5806 0.0
-1.07638 0.848263 0.0
-1.07067 0.775496 0.0
1.06849 0.851484 0.0
1.07122 1.58064 0.0
0.0552214 1.58064 0.0
0.0525109 0.851483 0.0
0.0582369 0.778504 0.0
2.19756 0.847786 0.0
2.20327 0.920901 0.0
2.20057 1.58052 0.0
1.18431 1.58052 0.0
1.18158 0.851367 0.0
1.1873 0.77838 0.0
3.3284 0.85211 0.0
3.33412 0.925094 0.0
3.33138 1.5845 0.0
2.31546 1.5845 0.0
2.31816 0.924884 0.0
-2.31703 2.47744 0.0
-2.31136 2.55014 0.0
-2.3142 3.20647 0.0
-3.33027 3.20651 0.0
-3.33302 2.54701 0.0
-3.32734 2.47396 0.0
-1.18699 2.47614 0.0
-1.18126 2.54912 0.0
-1.18396 3.20855 0.0
-2.20007 3.20848 0.0
-2.19723 2.55215 0.0
-0.0581643 2.47604 0.0
-0.0524411 2.54902 0.0
-0.0552771 3.20839 0.0
-1.07112 3.20847 0.0
-1.06842 2.54904 0.0
1.0707 2.47605 0.0
1.07642 2.54904 0.0
1.07357 3.20844 0.0
0.0576067 3.20839 0.0
0.0604426 2.54902 0.0
2.19937 2.47978 0.0
2.20223 3.20865 0.0
1.18626 3.20858 0.0
1.1891 2.54918 0.0
3.3262 2.47542 0.0
3.32903 3.20457 0.0
2.31312 3.20465 0.0
2.31026 2.47578 0.0
2.31597 2.40266 0.0
-2.31679 4.09791 0.0
-2.3111 4.17096 0.0
-2.31381 4.83048 0.0
-3.32987 4.83051 0.0
-3.32709 4.1015 0.0
-1.18718 4.1001 0.0
-1.18445 4.8324 0.0
-2.20015 4.8324 0.0
-2.19743 4.17289 0.0
-0.0602426 4.09914 0.0
-0.0545421 4.17191 0.0
-0.0573899 4.82835 0.0
-1.07349 4.82838 0.0
-1.07622 4.09608 0.0
-1.07052 4.02332 0.0
1.07074 4.10007 0.0
1.07646 4.17305 0.0
1.0736 4.83244 0.0
0.057625 4.83241 0.0
0.0604728 4.17597 0.0
2.19936 4.10371 0.0
2.20207 4.83255 0.0
1.18624 4.83251 0.0
1.18909 4.17311 0.0
3.32619 4.09935 0.0
3.32901 4.82853 0.0
2.31297 4.82855 0.0
2.31025 4.09971 0.0
2.31596 4.0266 0.0
-2.31694 5.72196 0.0
-2.31424 6.45443 0.0
-3.32989 6.45443 0.0
-3.32725 5.72546 0.0
-1.18911 5.72307 0.0
-1.18341 5.79584 0.0
-1.18625 6.45228 0.0
-2.20235 6.45231 0.0
-2.20504 5.71984 0.0
-2.19937 5.64714 0.0
-0.0581266 5.72399 0.0
-0.052403 5.79697 0.0
-0.0552508 6.45637 0.0
-1.07124 6.45634 0.0
-1.06839 5.7999 0.0
1.0707 5.72391 0.0
1.07642 5.79689 0.0
1.07357 6.45629 0.0
0.0575938 6.45629 0.0
0.0604416 5.79689 0.0
2.19956 5.72391 0.0
2.20528 5.7969 0.0
2.20241 6.4563 0.0
1.18646 6.45629 0.0
1.18931 5.79689 0.0
3.32819 5.72763 0.0
3.33087 6.45648 0.0
2.31509 6.45643 0.0
2.31795 5.79704 0.0
-2.31703 7.34923 0.0
-2.31135 7.42193 0.0
-2.31418 8.07825 0.0
-3.33012 8.07826 0.0
-3.33301 7.41879 0.0
-3.32734 7.34574 0.0
-1.18698 7.34792 0.0
-1.18126 7.4209 0.0
-1.18395 8.08034 0.0
-2.20006 8.08026 0.0
-2.19723 7.42394 0.0
-0.0581559 7.34784 0.0
-0.0524326 7.42082 0.0
-0.055114 8.08022 0.0
-1.0711 8.08026 0.0
-1.06841 7.42082 0.0
1.07071 7.34783 0.0
1.07643 7.42082 0.0
1.07375 8.08022 0.0
0.0577731 8.08022 0.0
0.0604545 7.42082 0.0
2.19957 7.34783 0.0
2.20529 7.42082 0.0
2.2026 8.08022 0.0
1.18664 8.08022 0.0
1.18932 7.42082 0.0
3.3284 7.34784 0.0
3.33412 7.42082 0.0
3.33139 8.08022 0.0
2.31549 8.08022 0.0
2.31818 7.42082 0.0
-2.31703 8.97316 0.0
-2.31136 9.04586 0.0
-2.31422 9.70219 0.0
-3.33027 9.70223 0.0
-3.33302 9.04273 0.0
-3.32734 8.96967 0.0
-1.18714 8.97198 0.0
-1.18443 9.70432 0.0
-2.20026 9.70423 0.0
-2.1974 9.0479 0.0
-0.0604099 8.97104 0.0
-0.0577008 9.7002 0.0
-1.07367 9.70025 0.0
-1.07637 8.96791 0.0
-1.07067 8.89514 0.0
1.06849 8.97114 0.0
1.07121 9.70028 0.0
0.0552202 9.70028 0.0
0.0525111 8.97113 0.0
0.0582396 8.89815 0.0
2.19736 8.97114 0.0
2.20021 9.70031 0.0
1.1841 9.70028 0.0
1.18138 8.97114 0.0
1.18711 8.89816 0.0
3.3262 8.97113 0.0
3.32902 9.70028 0.0
2.3131 9.70031 0.0
2.31025 8.97114 0.0
2.31597 8.89815 0.0
-2.31679 10.5936 0.0
-2.3111 10.6667 0.0
-2.3138 11.3262 0.0
-3.32987 11.3262 0.0
-3.32709 10.5972 0.0
-1.18703 10.5957 0.0
-1.18131 10.6687 0.0
-1.18414 11.328 0.0
-2.19997 11.3281 0.0
-2.19727 10.6686 0.0
-0.0581664 10.5957 0.0
-0.0524433 10.6687 0.0
-0.0552798 11.3281 0.0
-1.07126 11.328 0.0
-1.06842 10.6687 0.0
1.0707 10.5957 0.0
1.07642 10.6687 0.0
1.07371 11.3281 0.0
0.0576093 11.3281 0.0
0.0604458 10.6687 0.0
2.19937 10.5994 0.0
2.20209 11.3282 0.0
1.18639 11.3282 0.0
1.1891 10.6688 0.0
3.3262 10.5951 0.0
3.32901 11.3242 0.0
2.31298 11.3242 0.0
2.31026 10.5954 0.0
2.31596 10.5223 0.0
-2.31693 12.2177 0.0
-2.31409 12.9502 0.0
-3.32988 12.9502 0.0
-3.32724 12.2212 0.0
-1.1891 12.2188 0.0
-1.1834 12.2915 0.0
-1.18624 12.9479 0.0
-2.2022 12.9481 0.0
-2.20504 12.2156 0.0
-2.19936 12.1429 0.0
-0.0581265 12.2197 0.0
-0.0524068 12.2927 0.0
-0.0552607 12.9521 0.0
-1.07123 12.952 0.0
-1.06839 12.2956 0.0
1.0705 12.2233 0.0
1.07322 12.9522 0.0
0.0573775 12.9522 0.0
0.0602315 12.2928 0.0
2.19756 12.2153 0.0
2.20326 12.2884 0.0
2.2004 12.948 0.0
1.1843 12.9481 0.0
1.18159 12.2192 0.0
1.18729 12.1461 0.0
3.32819 12.2233 0.0
3.33086 12.9522 0.0
2.31508 12.9521 0.0
2.31794 12.2925 0.0
-2.31719 13.8451 0.0
-2.3145 14.574 0.0
-3.33044 14.574 0.0
-3.33317 13.9145 0.0
-3.3275 13.8415 0.0
-1.18906 13.8428 0.0
-1.18336 13.9156 0.0
-1.18605 14.572 0.0
-2.20232 14.572 0.0
-2.20501 13.8431 0.0
-2.19932 13.77 0.0
-0.0581176 13.8436 0.0
-0.0523915 13.9166 0.0
-0.0550737 14.576 0.0
-1.07107 14.576 0.0
-1.06838 13.9195 0.0
1.07071 13.8436 0.0
1.07643 13.9165 0.0
1.07374 14.5759 0.0
0.0577712 14.5759 0.0
0.0604534 13.9165 0.0
2.19956 13.8435 0.0
2.20528 13.9165 0.0
2.20244 14.5759 0.0
1.18662 14.5759 0.0
1.18931 13.9165 0.0
3.32839 13.8436 0.0
3.33411 13.9165 0.0
3.33122 14.5759 0.0
2.31532 14.5759 0.0
2.31816 13.9165 0.0
-2.31679 15.4654 0.0
-2.3111 15.5385 0.0
-2.31382 16.198 0.0
-3.32987 16.198 0.0
-3.32709 15.469 0.0
-1.18718 15.4676 0.0
-1.18446 16.1999 0.0
-2.20015 16.1999 0.0
-2.19743 15.5404 0.0
-0.0604084 15.4668 0.0
-0.0576871 16.1959 0.0
-1.07365 16.1959 0.0
-1.07637 15.4636 0.0
-1.07067 15.3908 0.0
1.0685 15.4668 0.0
1.07137 16.196 0.0
0.0552376 16.196 0.0
0.0525164 15.4668 0.0
0.0582447 15.3939 0.0
2.19757 15.4631 0.0
2.20328 15.5363 0.0
2.20057 16.1958 0.0
1.18446 16.1959 0.0
1.18158 15.4667 0.0
1.1873 15.3937 0.0
3.32839 15.4675 0.0
3.33411 15.5404 0.0
3.33123 16.1998 0.0
2.31546 16.1998 0.0
2.31816 15.5402 0.0
-2.31693 17.0895 0.0
-2.31408 17.822 0.0
-3.32988 17.8219 0.0
-3.32724 17.093 0.0
-1.1891 17.0906 0.0
-1.1834 17.1633 0.0
-1.18608 17.8198 0.0
-2.20218 17.8199 0.0
-2.20503 17.0873 0.0
-2.19936 17.0146 0.0
-0.0581206 17.0915 0.0
-0.0523957 17.1645 0.0
-0.0550837 17.8239 0.0
-1.07106 17.8238 0.0
-1.06838 17.1674 0.0
1.07051 17.0951 0.0
1.07339 17.824 0.0
0.0575556 17.8239 0.0
0.0602436 17.1645 0.0
2.19737 17.0908 0.0
2.20023 17.8199 0.0
1.18428 17.82 0.0
1.1814 17.0911 0.0
1.18711 17.018 0.0
3.3264 17.0871 0.0
3.3321 17.1602 0.0
3.32921 17.8197 0.0
2.31331 17.8198 0.0
2.31044 17.0907 0.0
2.31616 17.0177 0.0
-2.31719 18.7169 0.0
-2.31452 19.4458 0.0
-3.33044 19.4458 0.0
-3.33317 18.7863 0.0
-3.3275 18.7133 0.0
-1.18923 18.7147 0.0
-1.18653 19.4439 0.0
-2.2025 19.4439 0.0
-2.20516 18.7149 0.0
-2.19948 18.6418 0.0
-0.0603716 18.7147 0.0
-0.0576564 19.4439 0.0
-1.07364 19.4439 0.0
-1.07635 18.7147 0.0
-1.07062 18.6417 0.0
1.0685 18.7147 0.0
1.07135 19.4439 0.0
0.0552343 19.4439 0.0
0.0525191 18.7147 0.0
0.0582445 18.6417 0.0
2.19736 18.7147 0.0
2.20009 19.4438 0.0
1.18423 19.4439 0.0
1.18138 18.7147 0.0
1.1871 18.6417 0.0
3.3264 18.711 0.0
3.3321 18.7841 0.0
3.32935 19.4437 0.0
2.31317 19.4437 0.0
2.31044 18.7146 0.0
2.31616 18.6416 0.0
-2.31678 20.3372 0.0
-2.3111 20.4103 0.0
-2.31378 21.0698 0.0
-3.32971 21.0698 0.0
-3.32709 20.3408 0.0
-1.18702 20.3393 0.0
-1.1813 20.4122 0.0
-1.18398 21.0717 0.0
-2.19995 21.0717 0.0
-2.19727 20.4121 0.0
-0.058159 20.3393 0.0
-0.052437 20.4123 0.0
-0.0551248 21.0717 0.0
-1.07109 21.0717 0.0
-1.06841 20.4122 0.0
1.07051 20.343 0.0
1.07339 21.0718 0.0
0.0575563 21.0718 0.0
0.0602441 20.4124 0.0
2.19757 20.3349 0.0
2.20327 20.4081 0.0
2.20043 21.0676 0.0
1.18447 21.0677 0.0
1.18159 20.3389 0.0
1.18729 20.2657 0.0
3.3282 20.343 0.0
3.33102 21.0719 0.0
2.31511 21.0717 0.0
2.31795 20.4122 0.0
-2.31718 21.9647 0.0
-2.31436 22.6937 0.0
-3.33042 22.6937 0.0
-3.33317 22.0342 0.0
-3.32749 21.9611 0.0
-1.18922 21.9626 0.0
-1.18635 22.6917 0.0
-2.20233 22.6918 0.0
-2.20515 21.9627 0.0
-2.19947 21.8897 0.0
-0.06036 21.9626 0.0
-0.0574877 22.6917 0.0
-1.07346 22.6917 0.0
-1.07634 21.9626 0.0
-1.07061 21.8896 0.0
1.0685 21.9626 0.0
1.07138 22.6917 0.0
0.0553987 22.6917 0.0
0.0525264 21.9626 0.0
0.0582493 21.8896 0.0
2.19757 21.9589 0.0
2.20327 22.032 0.0
2.20042 22.6915 0.0
1.18445 22.6916 0.0
1.18158 21.9624 0.0
1.1873 21.8895 0.0
3.3282 21.9669 0.0
3.33102 22.6958 0.0
2.31511 22.6956 0.0
2.31795 22.0361 0.0
-2.31694 23.5852 0.0
-2.31424 24.3176 0.0
-3.3299 24.3176 0.0
-3.32725 23.5887 0.0
-1.18927 23.5864 0.0
-1.1864 24.3156 0.0
-2.20249 24.3156 0.0
-2.20519 23.5831 0.0
-2.19951 23.5104 0.0
-0.0603615 23.5865 0.0
-0.0574891 24.3156 0.0
-1.07348 24.3157 0.0
-1.07634 23.5865 0.0
-1.07062 23.5135 0.0
1.0685 23.5865 0.0
1.07138 24.3156 0.0
0.055398 24.3156 0.0
0.0525257 23.5865 0.0
0.0582463 23.5135 0.0
2.19757 23.5828 0.0
2.20327 23.6559 0.0
2.20042 24.3154 0.0
1.18445 24.3155 0.0
1.18158 23.5864 0.0
1.1873 23.5134 0.0
3.3282 23.5908 0.0
3.33102 24.3197 0.0
2.31511 24.3196 0.0
2.31795 23.66 0.0
-2.31703 25.2124 0.0
-2.31135 25.2851 0.0
-2.31408 25.9414 0.0
-3.33026 25.9415 0.0
-3.33302 25.282 0.0
-3.32734 25.209 0.0
-1.18713 25.2113 0.0
-1.18442 25.9436 0.0
-2.20012 25.9435 0.0
-2.19739 25.2872 0.0
-0.0604104 25.2103 0.0
-0.0576887 25.9394 0.0
-1.07366 25.9395 0.0
-1.07637 25.2072 0.0
-1.07067 25.1344 0.0
1.0685 25.2104 0.0
1.07136 25.9396 0.0
0.0552373 25.9395 0.0
0.0525156 25.2104 0.0
0.0582415 25.1374 0.0
2.19756 25.2067 0.0
2.20326 25.2798 0.0
2.20042 25.9394 0.0
1.18444 25.9395 0.0
1.18158 25.2103 0.0
1.1873 25.1373 0.0
3.3282 25.2148 0.0
3.33102 25.9436 0.0
2.31511 25.9435 0.0
2.31795 25.2839 0.0
-1.07532 -26.6836 0.0
-1.06964 -26.7567 0.0
-0.0593043 -26.7532 0.0
-0.0536266 -26.6805 0.0
-0.0563323 -26.0242 0.0
-1.0726 -26.0242 0.0
1.07075 -26.7545 0.0
1.07647 -26.6815 0.0
1.07378 -26.0222 0.0
0.0577929 -26.0222 0.0
0.0604985 -26.6785 0.0
-1.07223 27.5653 0.0
-1.06941 26.8364 0.0
-0.0590718 26.8328 0.0
-0.0533918 26.9059 0.0
-0.0562502 27.5652 0.0
1.0705 26.8386 0.0
1.07322 27.5674 0.0
0.0573773 27.5673 0.0
0.0602357 26.9079 0.0
-2.20223 -26.0221 0.0
-2.19937 -26.7509 0.0
-1.18911 -26.6816 0.0
-1.18638 -26.0221 0.0
1.18642 -26.0221 0.0
1.18911 -26.6815 0.0
2.19937 -26.7509 0.0
2.20224 -26.0221 0.0
-1.18731 26.7613 0.0
-1.18163 26.8343 0.0
-1.18446 27.5632 0.0
-2.20044 27.5632 0.0
-2.20327 26.9037 0.0
-2.19757 26.8306 0.0
2.19757 26.8306 0.0
2.20327 26.9037 0.0
2.20042 27.5633 0.0
1.18431 27.5632 0.0
1.18159 26.8345 0.0
1.18729 26.7614 0.0
-2.31615 -26.8281 0.0
-2.31045 -26.755 0.0
-2.31331 -26.0262 0.0
-3.32922 -26.0263 0.0
-3.33209 -26.6858 0.0
-3.3264 -26.7589 0.0
3.3264 -26.7589 0.0
3.3321 -26.6858 0.0
3.32922 -26.0263 0.0
2.31332 -26.0262 0.0
2.31045 -26.755 0.0
2.31615 -26.8281 0.0
-3.33098 27.568 0.0
-3.32819 26.8392 0.0
-2.31794 26.9083 0.0
-2.31511 27.5679 0.0
-2.82501 27.5867 0.0
2.31509 27.568 0.0
2.31794 26.9083 0.0
3.32819 26.8392 0.0
3.33099 27.568 0.0
2.82501 27.5867 0.0
-3.44478 -20.3325 0.0
-3.4391 -20.2594 0.0
-3.44174 -19.5304 0.0
-4.45737 -19.5304 0.0
-4.45479 -20.2596 0.0
3.44408 -19.5267 0.0
3.44696 -20.1862 0.0
4.45698 -20.259 0.0
4.46266 -20.186 0.0
4.45957 -19.5266 0.0
-4.45937 -17.9024 0.0
-4.4568 -18.6313 0.0
-3.44677 -18.562 0.0
-3.44388 -17.9025 0.0
3.44407 -17.9027 0.0
3.44696 -18.5623 0.0
4.45698 -18.635 0.0
4.46266 -18.5621 0.0
4.45957 -17.9026 0.0
-4.45939 -16.2785 0.0
-4.4568 -17.0074 0.0
-3.44678 -16.9381 0.0
-3.44402 -16.2786 0.0
3.44409 -16.2788 0.0
3.44697 -16.9381 0.0
4.45699 -17.0111 0.0
4.46266 -16.9381 0.0
4.45958 -16.2787 0.0
-3.44479 -15.4607 0.0
-3.43911 -15.3876 0.0
-3.4419 -14.6586 0.0
-4.45738 -14.6586 0.0
-4.45479 -15.3878 0.0
3.44423 -14.6548 0.0
3.44697 -15.3144 0.0
4.45699 -15.3872 0.0
4.46266 -15.3142 0.0
4.45959 -14.6548 0.0
-3.44478 -13.8367 0.0
-3.4391 -13.7637 0.0
-3.44174 -13.0347 0.0
-4.45737 -13.0347 0.0
-4.45479 -13.7639 0.0
4.45499 -13.7676 0.0
4.46065 -13.6945 0.0
4.45757 -13.0349 0.0
3.44208 -13.0348 0.0
3.43925 -13.764 0.0
3.44497 -13.837 0.0
-4.45939 -11.4067 0.0
-4.4568 -12.1356 0.0
-3.44678 -12.0663 0.0
-3.44403 -11.4068 0.0
4.45499 -12.1437 0.0
4.46065 -12.0705 0.0
4.45757 -11.411 0.0
3.44207 -11.4109 0.0
3.43925 -12.1401 0.0
3.44496 -12.2131 0.0
-3.44479 -10.5889 0.0
-3.43911 -10.5158 0.0
-3.44188 -9.78682 0.0
-4.45738 -9.78686 0.0
-4.45479 -10.516 0.0
4.45499 -10.5197 0.0
4.46065 -10.4466 0.0
4.45756 -9.78701 0.0
3.44194 -9.78698 0.0
3.43926 -10.5158 0.0
3.44496 -10.5889 0.0
-3.44478 -8.96496 0.0
-3.4391 -8.89191 0.0
-3.44174 -8.16293 0.0
-4.45737 -8.1629 0.0
-4.45479 -8.89208 0.0
3.44408 -8.15915 0.0
3.44696 -8.8187 0.0
4.45698 -8.89147 0.0
4.46266 -8.81848 0.0
4.45957 -8.15908 0.0
-4.45937 -6.53492 0.0
-4.4568 -7.2638 0.0
-3.44677 -7.1945 0.0
-3.44389 -6.53504 0.0
3.44422 -6.53515 0.0
3.44697 -7.19477 0.0
4.45699 -7.26754 0.0
4.46266 -7.19455 0.0
4.45959 -6.53519 0.0
-4.45939 -4.91102 0.0
-4.4568 -5.63987 0.0
-3.44678 -5.57057 0.0
-3.44402 -4.91107 0.0
4.455 -5.64793 0.0
4.46066 -5.57482 0.0
4.45758 -4.91527 0.0
3.44209 -4.91515 0.0
3.43927 -5.644 0.0
3.44496 -5.71712 0.0
-3.44478 -4.09317 0.0
-3.4391 -4.02012 0.0
-3.44175 -3.29115 0.0
-4.45737 -3.29112 0.0
-4.45479 -4.02029 0.0
4.45499 -4.02401 0.0
4.46065 -3.9509 0.0
4.45757 -3.29135 0.0
3.44207 -3.29124 0.0
3.43925 -4.02042 0.0
3.44496 -4.0934 0.0
-4.45937 -1.66314 0.0
-4.4568 -2.39201 0.0
-3.44677 -2.32272 0.0
-3.44387 -1.66325 0.0
4.45499 -2.40008 0.0
4.46065 -2.32696 0.0
4.45756 -1.66737 0.0
3.44194 -1.66734 0.0
3.43926 -2.39614 0.0
3.44496 -2.46926 0.0
-4.45937 -0.0392087 0.0
-4.4568 -0.768078 0.0
-3.44677 -0.69879 0.0
-3.44389 -0.0393202 0.0
3.44407 -0.0394591 0.0
3.44696 -0.699049 0.0
4.45698 -0.77182 0.0
4.46266 -0.698833 0.0
4.45957 -0.0394301 0.0
-4.45937 1.58472 0.0
-4.4568 0.855851 0.0
-3.44677 0.925139 0.0
-3.44388 1.58461 0.0
3.44424 1.5845 0.0
3.44698 0.925096 0.0
4.45699 0.852114 0.0
4.46267 0.925097 0.0
4.45959 1.58446 0.0
-4.45939 3.20862 0.0
-4.4568 2.47978 0.0
-3.44678 2.54907 0.0
-3.44403 3.20857 0.0
4.45499 2.4717 0.0
4.46065 2.54482 0.0
4.45757 3.20437 0.0
3.44208 3.20444 0.0
3.43925 2.47529 0.0
3.44497 2.40231 0.0
-3.44479 4.02647 0.0
-3.43911 4.09952 0.0
-3.44188 4.82854 0.0
-4.45738 4.8285 0.0
-4.45479 4.09935 0.0
4.45499 4.09563 0.0
4.46065 4.16875 0.0
4.45757 4.8283 0.0
3.44207 4.8284 0.0
3.43925 4.09922 0.0
3.44496 4.02624 0.0
-3.44478 5.6504 0.0
-3.4391 5.72345 0.0
-3.44175 6.45243 0.0
-4.45737 6.45246 0.0
-4.45479 5.72328 0.0
4.45499 5.71957 0.0
4.46065 5.79269 0.0
4.45756 6.45228 0.0
3.44193 6.45236 0.0
3.43926 5.72351 0.0
3.44495 5.65039 0.0
-4.45937 8.08044 0.0
-4.4568 7.35156 0.0
-3.44677 7.42086 0.0
-3.44388 8.08032 0.0
3.44424 8.08022 0.0
3.44698 7.42082 0.0
4.45699 7.34783 0.0
4.46267 7.42081 0.0
4.45959 8.08017 0.0
-4.45939 9.70434 0.0
-4.4568 8.97549 0.0
-3.44678 9.04479 0.0
-3.44403 9.70429 0.0
4.45499 8.96742 0.0
4.46065 9.04054 0.0
4.45757 9.70008 0.0
3.44208 9.70016 0.0
3.43925 8.97101 0.0
3.44497 8.89802 0.0
-3.44479 10.5222 0.0
-3.43911 10.5952 0.0
-3.44188 11.3243 0.0
-4.45738 11.3242 0.0
-4.45479 10.5951 0.0
4.45499 10.5913 0.0
4.46065 10.6645 0.0
4.45757 11.324 0.0
3.44207 11.3241 0.0
3.43925 10.5949 0.0
3.44496 10.522 0.0
-3.44478 12.1461 0.0
-3.4391 12.2192 0.0
-3.44174 12.9481 0.0
-4.45737 12.9482 0.0
-4.45479 12.219 0.0
4.45499 12.2153 0.0
4.46065 12.2884 0.0
4.45756 12.948 0.0
3.44193 12.9481 0.0
3.43926 12.2192 0.0
3.44496 12.1461 0.0
-4.45939 14.5761 0.0
-4.4568 13.8473 0.0
-3.44678 13.9166 0.0
-3.44404 14.5761 0.0
3.44408 14.5759 0.0
3.44697 13.9165 0.0
4.45699 13.8435 0.0
4.46266 13.9165 0.0
4.45957 14.5759 0.0
-3.44479 15.394 0.0
-3.43911 15.467 0.0
-3.44188 16.196 0.0
-4.45738 16.196 0.0
-4.45479 15.4669 0.0
3.44409 16.1998 0.0
3.44697 15.5405 0.0
4.45699 15.4675 0.0
4.46266 15.5405 0.0
4.45958 16.1999 0.0
-3.44478 17.0179 0.0
-3.4391 17.091 0.0
-3.44174 17.8199 0.0
-4.45737 17.82 0.0
-4.45479 17.0908 0.0
3.44408 17.8237 0.0
3.44696 17.1642 0.0
4.45698 17.0914 0.0
4.46266 17.1644 0.0
4.45957 17.8238 0.0
-4.45939 19.4479 0.0
-4.4568 18.7191 0.0
-3.44678 18.7884 0.0
-3.44404 19.4479 0.0
3.44422 19.4477 0.0
3.44697 18.7881 0.0
4.45699 18.7153 0.0
4.46266 18.7883 0.0
4.45959 19.4477 0.0
-3.44478 20.2658 0.0
-3.4391 20.3388 0.0
-3.44173 21.0678 0.0
-4.45737 21.0678 0.0
-4.45479 20.3386 0.0
4.455 20.3349 0.0
4.46065 20.408 0.0
4.45757 21.0676 0.0
3.44208 21.0677 0.0
3.43926 20.3389 0.0
3.44496 20.2657 0.0
-4.45939 -21.1503 0.0
-4.4568 -21.8792 0.0
-3.44678 -21.8099 0.0
-3.44404 -21.1504 0.0
3.44408 -21.1506 0.0
3.44696 -21.8101 0.0
4.45698 -21.8829 0.0
4.46266 -21.8099 0.0
4.45957 -21.1505 0.0
-4.45939 22.6958 0.0
-4.4568 21.9669 0.0
-3.44678 22.0362 0.0
-3.44403 22.6957 0.0
4.455 21.9589 0.0
4.46065 22.032 0.0
4.45757 22.6915 0.0
3.44208 22.6917 0.0
3.43926 21.9628 0.0
3.44496 21.8897 0.0
-3.44478 -23.5803 0.0
-3.4391 -23.5073 0.0
-3.44174 -22.7783 0.0
-4.45737 -22.7783 0.0
-4.45479 -23.5074 0.0
3.44409 -22.7745 0.0
3.44697 -23.4338 0.0
4.45699 -23.5068 0.0
4.46266 -23.4338 0.0
4.45958 -22.7744 0.0
-3.44478 23.5136 0.0
-3.4391 23.5867 0.0
-3.44175 24.3156 0.0
-4.45737 24.3157 0.0
-4.45479 23.5865 0.0
4.455 23.5828 0.0
4.46065 23.6559 0.0
4.45757 24.3155 0.0
3.44208 24.3156 0.0
3.43926 23.5867 0.0
3.44496 23.5136 0.0
-4.45939 -24.3982 0.0
-4.4568 -25.127 0.0
-3.44678 -25.0577 0.0
-3.44402 -24.3982 0.0
3.44407 -24.3984 0.0
3.44696 -25.058 0.0
4.45698 -25.1307 0.0
4.46266 -25.0578 0.0
4.45957 -24.3984 0.0
-4.45939 25.9436 0.0
-4.4568 25.2148 0.0
-3.44678 25.2841 0.0
-3.44402 25.9436 0.0
4.455 25.2067 0.0
4.46065 25.2798 0.0
4.45757 25.9394 0.0
3.44208 25.9395 0.0
3.43926 25.2106 0.0
3.44496 25.1375 0.0
-4.45937 -26.0221 0.0
-4.45679 -26.7509 0.0
-3.44676 -26.6817 0.0
-3.44388 -26.0222 0.0
3.44408 -26.0223 0.0
3.44696 -26.6819 0.0
4.45698 -26.7546 0.0
4.46266 -26.6816 0.0
4.45957 -26.0223 0.0
-3.44477 26.7615 0.0
-3.43907 26.8346 0.0
-3.44186 27.5635 0.0
-4.45738 27.5633 0.0
-4.45479 26.8343 0.0
4.455 26.8306 0.0
4.46066 26.9037 0.0
4.45772 27.5632 0.0
3.44207 27.5634 0.0
3.43927 26.8345 0.0
3.44496 26.7614 0.0
-0.0594533 -28.3764 0.0
-0.0567772 -27.6479 0.0
-1.07263 -27.6479 0.0
-1.07537 -28.3069 0.0
-1.06979 -28.3799 0.0
0.0527644 -28.3784 0.0
0.0584249 -28.4514 0.0
1.0687 -28.3822 0.0
1.07429 -28.3091 0.0
1.07155 -27.65 0.0
0.0554406 -27.65 0.0
-0.0590569 28.456 0.0
-0.0533955 28.529 0.0
-0.056234 29.1876 0.0
-1.07221 29.1877 0.0
-1.0694 28.4596 0.0
0.0575943 29.1895 0.0
0.0604327 28.5309 0.0
1.07069 28.4581 0.0
1.07631 28.531 0.0
1.07356 29.1896 0.0
-2.20221 -27.6459 0.0
-2.19792 -28.3741 0.0
-1.18895 -28.3049 0.0
-1.18622 -27.6459 0.0
1.1862 -27.6459 0.0
1.18894 -28.305 0.0
2.19792 -28.3741 0.0
2.20219 -27.6459 0.0
-1.18701 28.3845 0.0
-1.18143 28.4575 0.0
-1.18424 29.1856 0.0
-2.20012 29.1854 0.0
-2.19597 28.4537 0.0
2.19796 28.4582 0.0
2.20211 29.1895 0.0
1.18625 29.1896 0.0
1.189 28.5311 0.0
-2.7956 -29.1303 0.0
-2.28558 -29.1485 0.0
-2.28145 -28.4168 0.0
-2.28573 -27.6886 0.0
-2.79172 -27.7074 0.0
3.35851 -27.6887 0.0
2.85254 -27.7074 0.0
2.84866 -29.1303 0.0
3.35866 -29.1485 0.0
3.36278 -28.417 0.0
-2.79562 27.7057 0.0
-2.28572 27.6869 0.0
-2.28145 28.4151 0.0
-2.2856 29.1468 0.0
-2.79172 29.1287 0.0
3.35865 29.1471 0.0
2.84864 29.1289 0.0
2.85254 27.7059 0.0
3.35852 27.6873 0.0
3.36278 28.4156 0.0
-4.46177 -28.3069 0.0
-4.45623 -28.3799 0.0
-3.44742 -28.3764 0.0
-3.44318 -27.648 0.0
-4.45882 -27.6479 0.0
3.44315 -27.648 0.0
3.44742 -28.3764 0.0
4.45623 -28.3799 0.0
4.46176 -28.3069 0.0
4.45867 -27.6479 0.0
-3.44718 28.4561 0.0
-3.44306 29.1876 0.0
-4.45844 29.1877 0.0
-4.45599 28.4596 0.0
4.45599 28.4596 0.0
4.4583 29.1877 0.0
3.44305 29.1876 0.0
3.44718 28.4561 0.0
-4.57319 -23.5804 0.0
-4.56752 -23.5074 0.0
-4.5701 -22.7783 0.0
-5.58286 -22.7783 0.0
-5.58159 -23.5075 0.0
4.57229 -22.7744 0.0
4.57538 -23.4338 0.0
5.58377 -23.5068 0.0
5.58912 -23.4338 0.0
5.58504 -22.7744 0.0
-4.57319 -21.9563 0.0
-4.56753 -21.8832 0.0
-4.57012 -21.1543 0.0
-5.58286 -21.1544 0.0
-5.58159 -21.8835 0.0
4.57229 -21.1505 0.0
4.57538 -21.8099 0.0
5.58377 -21.8829 0.0
5.58912 -21.8099 0.0
5.58504 -21.1505 0.0
-4.57319 -20.3326 0.0
-4.56752 -20.2596 0.0
-4.5701 -19.5304 0.0
-5.58286 -19.5305 0.0
-5.58159 -20.2596 0.0
4.57229 -19.5266 0.0
4.57538 -20.186 0.0
5.58377 -20.259 0.0
5.58912 -20.1859 0.0
5.58504 -19.5266 0.0
-4.57319 -18.7084 0.0
-4.56753 -18.6353 0.0
-4.57011 -17.9064 0.0
-5.58286 -17.9065 0.0
-5.58159 -18.6357 0.0
4.57229 -17.9026 0.0
4.57538 -18.562 0.0
5.58377 -18.635 0.0
5.58912 -18.562 0.0
5.58504 -17.9026 0.0
-4.57319 -17.0845 0.0
-4.56753 -17.0114 0.0
-4.57012 -16.2825 0.0
-5.58286 -16.2826 0.0
-5.58159 -17.0117 0.0
4.57229 -16.2787 0.0
4.57538 -16.9381 0.0
5.58377 -17.0111 0.0
5.58912 -16.9381 0.0
5.58504 -16.2787 0.0
-4.57319 -15.4608 0.0
-4.56752 -15.3878 0.0
-4.57011 -14.6587 0.0
-5.58286 -14.6587 0.0
-5.58159 -15.3878 0.0
4.5723 -14.6548 0.0
4.57538 -15.3142 0.0
5.58377 -15.3872 0.0
5.58912 -15.3142 0.0
5.58504 -14.6548 0.0
-4.57319 -13.8369 0.0
-4.56752 -13.7639 0.0
-4.5701 -13.0347 0.0
-5.58286 -13.0347 0.0
-5.58159 -13.7639 0.0
4.57229 -13.0309 0.0
4.57537 -13.6905 0.0
5.58377 -13.7632 0.0
5.58912 -13.6902 0.0
5.58504 -13.0309 0.0
-4.57319 -12.2127 0.0
-4.56753 -12.1396 0.0
-4.57012 -11.4108 0.0
-5.58286 -11.4108 0.0
-5.58159 -12.14 0.0
4.57229 -11.407 0.0
4.57537 -12.0666 0.0
5.58377 -12.1393 0.0
5.58912 -12.0663 0.0
5.58504 -11.4069 0.0
-4.57319 -10.589 0.0
-4.56752 -10.516 0.0
-4.57011 -9.78687 0.0
-5.58286 -9.78688 0.0
-5.58159 -10.516 0.0
4.57228 -9.78304 0.0
4.57537 -10.4426 0.0
5.58377 -10.5154 0.0
5.58912 -10.4424 0.0
5.58504 -9.783 0.0
-4.57319 -8.96508 0.0
-4.56752 -8.89209 0.0
-4.5701 -8.16292 0.0
-5.58286 -8.16295 0.0
-5.58159 -8.8921 0.0
4.57229 -8.15907 0.0
4.57538 -8.81848 0.0
5.58377 -8.89145 0.0
5.58912 -8.81844 0.0
5.58504 -8.15907 0.0
-4.57319 -7.34093 0.0
-4.56753 -7.26781 0.0
-4.57011 -6.53893 0.0
-5.58286 -6.53901 0.0
-5.58159 -7.26817 0.0
4.5723 -6.53519 0.0
4.57538 -7.19455 0.0
5.58377 -7.26752 0.0
5.58912 -7.19452 0.0
5.58504 -6.53514 0.0
-4.57319 -5.71699 0.0
-4.56753 -5.64388 0.0
-4.57012 -4.91503 0.0
-5.58286 -4.91508 0.0
-5.58159 -5.64424 0.0
4.57229 -4.9113 0.0
4.57537 -5.57084 0.0
5.58377 -5.6436 0.0
5.58912 -5.57059 0.0
5.58504 -4.91122 0.0
-4.57319 -4.09329 0.0
-4.56752 -4.0203 0.0
-4.5701 -3.29113 0.0
-5.58286 -3.29116 0.0
-5.58159 -4.02032 0.0
4.57229 -3.28737 0.0
4.57537 -3.94692 0.0
5.58377 -4.01967 0.0
5.58912 -3.94667 0.0
5.58504 -3.28729 0.0
-4.57319 -2.46914 0.0
-4.56753 -2.39602 0.0
-4.57011 -1.66715 0.0
-5.58286 -1.66722 0.0
-5.58159 -2.39638 0.0
4.57228 -1.66339 0.0
4.57537 -2.32298 0.0
5.58377 -2.39574 0.0
5.58912 -2.32274 0.0
5.58504 -1.66336 0.0
-4.57319 -0.845205 0.0
-4.56753 -0.772087 0.0
-4.57011 -0.0432177 0.0
-5.58286 -0.0432959 0.0
-5.58159 -0.772449 0.0
4.57229 -0.0394284 0.0
4.57538 -0.698832 0.0
5.58377 -0.771806 0.0
5.58912 -0.6988 0.0
5.58504 -0.039424 0.0
-4.57319 0.778724 0.0
-4.56753 0.851842 0.0
-4.57011 1.58071 0.0
-5.58286 1.58063 0.0
-5.58159 0.851479 0.0
4.5723 1.58445 0.0
4.57538 0.925093 0.0
5.58377 0.852121 0.0
5.58912 0.925128 0.0
5.58504 1.5845 0.0
-4.57319 2.40265 0.0
-4.56753 2.47577 0.0
-4.57012 3.20461 0.0
-5.58286 3.20456 0.0
-5.58159 2.47541 0.0
4.57229 3.20835 0.0
4.57537 2.5488 0.0
5.58377 2.47604 0.0
5.58912 2.54905 0.0
5.58504 3.20843 0.0
-4.57319 4.02636 0.0
-4.56752 4.09934 0.0
-4.57011 4.82849 0.0
-5.58286 4.82848 0.0
-5.58159 4.09933 0.0
4.57229 4.83228 0.0
4.57537 4.17273 0.0
5.58377 4.09997 0.0
5.58912 4.17298 0.0
5.58504 4.83235 0.0
-4.57319 5.65028 0.0
-4.56752 5.72327 0.0
-4.5701 6.45245 0.0
-5.58286 6.45241 0.0
-5.58159 5.72326 0.0
4.57227 6.45625 0.0
4.57537 5.79666 0.0
5.58377 5.7239 0.0
5.58912 5.79691 0.0
5.58504 6.45629 0.0
-4.57319 7.27444 0.0
-4.56753 7.34756 0.0
-4.57011 8.07643 0.0
-5.58286 8.07635 0.0
-5.58159 7.3472 0.0
4.5723 8.08017 0.0
4.57538 7.42081 0.0
5.58377 7.34784 0.0
5.58912 7.42084 0.0
5.58504 8.08022 0.0
-4.57319 8.89837 0.0
-4.56753 8.97148 0.0
-4.57012 9.70033 0.0
-5.58286 9.70028 0.0
-5.58159 8.97112 0.0
4.57229 9.70406 0.0
4.57537 9.04452 0.0
5.58377 8.97176 0.0
5.58912 9.04477 0.0
5.58504 9.70414 0.0
-4.57319 10.5221 0.0
-4.56752 10.5951 0.0
-4.57011 11.3242 0.0
-5.58286 11.3242 0.0
-5.58159 10.595 0.0
4.57229 11.328 0.0
4.57537 10.6684 0.0
5.58377 10.5957 0.0
5.58912 10.6687 0.0
5.58504 11.3281 0.0
-4.57319 12.146 0.0
-4.56752 12.219 0.0
-4.5701 12.9482 0.0
-5.58286 12.9481 0.0
-5.58159 12.219 0.0
4.57227 12.952 0.0
4.57537 12.2924 0.0
5.58377 12.2196 0.0
5.58912 12.2926 0.0
5.58504 12.952 0.0
-4.57319 13.7701 0.0
-4.56753 13.8433 0.0
-4.57012 14.5721 0.0
-5.58286 14.5721 0.0
-5.58159 13.8429 0.0
4.57229 14.5759 0.0
4.57538 13.9165 0.0
5.58377 13.8436 0.0
5.58912 13.9166 0.0
5.58504 14.5759 0.0
-4.57319 15.3939 0.0
-4.56752 15.4668 0.0
-4.57011 16.196 0.0
-5.58286 16.196 0.0
-5.58159 15.4668 0.0
4.57229 16.1999 0.0
4.57538 15.5405 0.0
5.58377 15.4675 0.0
5.58912 15.5405 0.0
5.58504 16.1999 0.0
-4.57319 17.0178 0.0
-4.56752 17.0908 0.0
-4.5701 17.8199 0.0
-5.58286 17.8199 0.0
-5.58159 17.0908 0.0
4.57229 17.8238 0.0
4.57538 17.1644 0.0
5.58377 17.0914 0.0
5.58912 17.1644 0.0
5.58504 17.8238 0.0
-4.57319 18.6419 0.0
-4.56753 18.7151 0.0
-4.57012 19.4439 0.0
-5.58286 19.4439 0.0
-5.58159 18.7147 0.0
4.5723 19.4477 0.0
4.57538 18.7883 0.0
5.58377 18.7153 0.0
5.58912 18.7883 0.0
5.58504 19.4477 0.0
-4.57319 20.2656 0.0
-4.56752 20.3386 0.0
-4.57009 21.0678 0.0
-5.58286 21.0678 0.0
-5.58159 20.3386 0.0
4.57229 21.0716 0.0
4.57537 20.412 0.0
5.58377 20.3393 0.0
5.58912 20.4123 0.0
5.58504 21.0716 0.0
-4.57319 21.8898 0.0
-4.56753 21.9629 0.0
-4.57012 22.6918 0.0
-5.58286 22.6917 0.0
-5.58159 21.9626 0.0
4.57229 22.6955 0.0
4.57537 22.0359 0.0
5.58377 21.9632 0.0
5.58912 22.0362 0.0
5.58504 22.6956 0.0
-4.57319 23.5135 0.0
-4.56752 23.5865 0.0
-4.5701 24.3157 0.0
-5.58286 24.3156 0.0
-5.58159 23.5865 0.0
4.57229 24.3194 0.0
4.57537 23.6599 0.0
5.58377 23.5871 0.0
5.58912 23.6601 0.0
5.58504 24.3195 0.0
-4.57319 -25.2041 0.0
-4.56753 -25.131 0.0
-4.57012 -24.4022 0.0
-5.58286 -24.4022 0.0
-5.58159 -25.1314 0.0
4.57229 -24.3984 0.0
4.57538 -25.0578 0.0
5.58377 -25.1307 0.0
5.58912 -25.0577 0.0
5.58504 -24.3984 0.0
-4.57319 25.1376 0.0
-4.56753 25.2108 0.0
-4.57012 25.9396 0.0
-5.58286 25.9395 0.0
-5.58159 25.2104 0.0
4.57229 25.9433 0.0
4.57537 25.2838 0.0
5.58377 25.211 0.0
5.58912 25.284 0.0
5.58504 25.9434 0.0
-4.57319 -26.828 0.0
-4.56753 -26.7549 0.0
-4.57011 -26.0261 0.0
-5.58286 -26.0261 0.0
-5.58159 -26.7552 0.0
4.57229 -26.0223 0.0
4.57538 -26.6816 0.0
5.58377 -26.7546 0.0
5.58912 -26.6816 0.0
5.58504 -26.0223 0.0
-4.57319 26.7613 0.0
-4.56752 26.8343 0.0
-4.5701 27.5633 0.0
-5.58286 27.5633 0.0
-5.58159 26.8342 0.0
4.57243 27.5671 0.0
4.57537 26.9076 0.0
5.58377 26.8349 0.0
5.58912 26.9079 0.0
5.58505 27.5671 0.0
-5.58486 -27.6458 0.0
-5.58359 -28.3742 0.0
-4.57519 -28.3049 0.0
-4.57224 -27.6458 0.0
4.57229 -27.646 0.0
4.57538 -28.305 0.0
5.58377 -28.3779 0.0
5.5891 -28.3049 0.0
5.58504 -27.646 0.0
-4.57321 28.3846 0.0
-4.56767 28.4576 0.0
-4.57012 29.1857 0.0
-5.58286 29.1857 0.0
-5.5816 28.4574 0.0
5.58179 28.4538 0.0
5.58711 28.5268 0.0
5.58304 29.1855 0.0
4.57016 29.1855 0.0
4.56785 28.4575 0.0
4.57339 28.3845 0.0
-2.20111 -29.2698 0.0
-2.1985 -29.9946 0.0
-1.18799 -29.9981 0.0
-1.18524 -29.27 0.0
-1.07623 -30.0002 0.0
-1.07073 -30.0723 0.0
-0.0602992 -29.9969 0.0
-0.0575111 -29.272 0.0
-1.07349 -29.272 0.0
1.06875 -29.9967 0.0
1.07427 -29.9246 0.0
1.07152 -29.2721 0.0
0.0555489 -29.272 0.0
0.0527608 -29.9968 0.0
0.0583059 -30.0692 0.0
1.18649 -29.2681 0.0
1.18924 -29.9206 0.0
2.19968 -29.9959 0.0
2.20523 -29.9235 0.0
2.20248 -29.2679 0.0
-1.18808 30.0772 0.0
-1.18258 30.1493 0.0
-1.18532 30.7981 0.0
-2.20142 30.7981 0.0
-2.2041 30.1461 0.0
-2.19859 30.0737 0.0
-0.0580325 30.0758 0.0
-0.0524888 30.1482 0.0
-0.0552134 30.8001 0.0
-1.0712 30.8001 0.0
-1.06846 30.1512 0.0
1.07079 30.0757 0.0
1.07633 30.1481 0.0
1.07361 30.8 0.0
0.057629 30.8 0.0
0.0603537 30.1481 0.0
1.18649 30.8 0.0
1.18922 30.1481 0.0
2.19965 30.0757 0.0
2.20519 30.1481 0.0
2.20245 30.8 0.0
-3.32901 -29.2713 0.0
-3.3263 -29.9962 0.0
-2.3159 -30.0685 0.0
-2.31039 -29.9961 0.0
-2.31301 -29.2713 0.0
-2.82303 -29.2531 0.0
2.31531 -29.2674 0.0
2.31805 -29.9231 0.0
3.32846 -29.9955 0.0
3.334 -29.9231 0.0
3.33132 -29.2675 0.0
2.82132 -29.2493 0.0
-2.31788 30.1482 0.0
-2.3152 30.8001 0.0
-3.33099 30.8002 0.0
-3.32829 30.0793 0.0
3.32829 30.0793 0.0
3.33092 30.8001 0.0
2.31513 30.8002 0.0
2.31787 30.1483 0.0
-3.44469 -30.0691 0.0
-3.43915 -29.9967 0.0
-3.44185 -29.2718 0.0
-4.45724 -29.272 0.0
-4.45487 -29.9968 0.0
3.4442 -29.268 0.0
3.44687 -29.9236 0.0
4.45706 -29.996 0.0
4.46255 -29.9236 0.0
4.45957 -29.2681 0.0
-3.44468 30.0028 0.0
-3.43916 30.0753 0.0
-3.44186 30.7962 0.0
-4.45734 30.7962 0.0
-4.45488 30.075 0.0
4.45507 30.0715 0.0
4.46055 30.144 0.0
4.45759 30.796 0.0
3.44197 30.7961 0.0
3.43935 30.0752 0.0
3.44486 30.0027 0.0
-4.5731 -30.0691 0.0
-4.5676 -29.9968 0.0
-4.56997 -29.272 0.0
-5.58285 -29.2719 0.0
-5.58163 -29.9967 0.0
4.57229 -29.2681 0.0
4.57527 -29.9236 0.0
5.5838 -29.996 0.0
5.58897 -29.9236 0.0
5.58503 -29.2681 0.0
-4.57309 30.0026 0.0
-4.5676 30.075 0.0
-4.57006 30.7961 0.0
-5.58279 30.7961 0.0
-5.58163 30.0749 0.0
4.5723 30.8 0.0
4.57526 30.1479 0.0
5.58381 30.0757 0.0
5.58898 30.1481 0.0
5.58503 30.7999 0.0
-5.69874 -23.5805 0.0
-5.69338 -23.5075 0.0
-5.69466 -22.7784 0.0
-6.69037 -22.7784 0.0
-6.69487 -23.5077 0.0
5.69664 -22.7744 0.0
5.70073 -23.4338 0.0
6.69685 -23.5066 0.0
6.69235 -22.7744 0.0
-5.69874 -21.9566 0.0
-5.69338 -21.8836 0.0
-5.69466 -21.1544 0.0
-6.69037 -21.1545 0.0
-6.69487 -21.8838 0.0
5.69664 -21.1505 0.0
5.70073 -21.8099 0.0
6.69685 -21.8827 0.0
6.69235 -21.1504 0.0
-5.69874 -20.3327 0.0
-5.69338 -20.2596 0.0
-5.69466 -19.5305 0.0
-6.69037 -19.5305 0.0
-6.69487 -20.2598 0.0
5.69664 -19.5266 0.0
5.70073 -20.1859 0.0
6.69685 -20.2587 0.0
6.69235 -19.5265 0.0
-5.69874 -18.7087 0.0
-5.69338 -18.6357 0.0
-5.69466 -17.9066 0.0
-6.69037 -17.9066 0.0
-6.69487 -18.6359 0.0
5.69664 -17.9026 0.0
5.70073 -18.562 0.0
6.69685 -18.6348 0.0
6.69235 -17.9026 0.0
-5.69874 -17.0848 0.0
-5.69338 -17.0118 0.0
-5.69466 -16.2826 0.0
-6.69037 -16.2827 0.0
-6.69487 -17.012 0.0
5.69664 -16.2787 0.0
5.70073 -16.9381 0.0
6.69685 -17.0109 0.0
6.69235 -16.2786 0.0
-5.69874 -15.4609 0.0
-5.69338 -15.3879 0.0
-5.69466 -14.6587 0.0
-6.69037 -14.6588 0.0
-6.69487 -15.388 0.0
5.69665 -14.6548 0.0
5.70073 -15.3141 0.0
6.69685 -15.387 0.0
6.69235 -14.6547 0.0
-5.69874 -13.8369 0.0
-5.69338 -13.7639 0.0
-5.69466 -13.0348 0.0
-6.69037 -13.0348 0.0
-6.69487 -13.7641 0.0
5.69664 -13.0308 0.0
5.70073 -13.6902 0.0
6.69685 -13.763 0.0
6.69235 -13.0308 0.0
-5.69874 -12.213 0.0
-5.69338 -12.14 0.0
-5.69466 -11.4108 0.0
-6.69037 -11.4109 0.0
-6.69487 -12.1402 0.0
5.69664 -11.4069 0.0
5.70073 -12.0663 0.0
6.69685 -12.1391 0.0
6.69235 -11.4069 0.0
-5.69874 -10.5891 0.0
-5.69338 -10.5161 0.0
-5.69466 -9.78692 0.0
-6.69037 -9.78697 0.0
-6.69487 -10.5163 0.0
5.69664 -9.78298 0.0
5.70073 -10.4424 0.0
6.69685 -10.5152 0.0
6.69235 -9.78293 0.0
-5.69874 -8.96515 0.0
-5.69338 -8.89214 0.0
-5.69466 -8.16299 0.0
-6.69037 -8.16305 0.0
-6.69487 -8.89233 0.0
5.69664 -8.15905 0.0
5.70073 -8.81843 0.0
6.69685 -8.89125 0.0
6.69235 -8.159 0.0
-5.69874 -7.34122 0.0
-5.69338 -7.26821 0.0
-5.69466 -6.53906 0.0
-6.69037 -6.53912 0.0
-6.69487 -7.26841 0.0
5.69665 -6.53513 0.0
5.70073 -7.1945 0.0
6.69685 -7.26732 0.0
6.69235 -6.53507 0.0
-5.69874 -5.71729 0.0
-5.69338 -5.64429 0.0
-5.69466 -4.91513 0.0
-6.69037 -4.91519 0.0
-6.69487 -5.64448 0.0
5.69664 -4.9112 0.0
5.70073 -5.57057 0.0
6.69685 -5.64339 0.0
6.69235 -4.91114 0.0
-5.69874 -4.09336 0.0
-5.69338 -4.02036 0.0
-5.69466 -3.2912 0.0
-6.69037 -3.29126 0.0
-6.69487 -4.02055 0.0
5.69664 -3.28727 0.0
5.70073 -3.94664 0.0
6.69685 -4.01946 0.0
6.69235 -3.28721 0.0
-5.69874 -2.46943 0.0
-5.69338 -2.39643 0.0
-5.69466 -1.66727 0.0
-6.69037 -1.66733 0.0
-6.69487 -2.39662 0.0
5.69664 -1.66334 0.0
5.70073 -2.32271 0.0
6.69685 -2.39553 0.0
6.69235 -1.66328 0.0
-5.69874 -0.845505 0.0
-5.69338 -0.772499 0.0
-5.69466 -0.0433453 0.0
-6.69037 -0.0434009 0.0
-6.69487 -0.772689 0.0
5.69664 -0.0394092 0.0
5.70073 -0.698785 0.0
6.69685 -0.771601 0.0
6.69235 -0.0393538 0.0
-5.69874 0.778423 0.0
-5.69338 0.85143 0.0
-5.69466 1.58058 0.0
-6.69037 1.58053 0.0
-6.69487 0.85124 0.0
5.69665 1.58452 0.0
5.70073 0.925144 0.0
6.69685 0.852328 0.0
6.69235 1.58458 0.0
-5.69874 2.40235 0.0
-5.69338 2.47536 0.0
-5.69466 3.20451 0.0
-6.69037 3.20446 0.0
-6.69487 2.47517 0.0
5.69664 3.20845 0.0
5.70073 2.54907 0.0
6.69685 2.47626 0.0
6.69235 3.2085 0.0
-5.69874 4.02628 0.0
-5.69338 4.09929 0.0
-5.69466 4.82844 0.0
-6.69037 4.82839 0.0
-6.69487 4.0991 0.0
5.69664 4.83238 0.0
5.70073 4.173 0.0
6.69685 4.10019 0.0
6.69235 4.83243 0.0
-5.69874 5.65021 0.0
-5.69338 5.72322 0.0
-5.69466 6.45237 0.0
-6.69037 6.45231 0.0
-6.69487 5.72303 0.0
5.69664 6.45631 0.0
5.70073 5.79693 0.0
6.69685 5.72411 0.0
6.69235 6.45636 0.0
-5.69874 7.27414 0.0
-5.69338 7.34715 0.0
-5.69466 8.0763 0.0
-6.69037 8.07624 0.0
-6.69487 7.34696 0.0
5.69665 8.08024 0.0
5.70073 7.42086 0.0
6.69685 7.34804 0.0
6.69235 8.08029 0.0
-5.69874 8.89807 0.0
-5.69338 8.97107 0.0
-5.69466 9.70023 0.0
-6.69037 9.70017 0.0
-6.69487 8.97088 0.0
5.69664 9.70416 0.0
5.70073 9.04479 0.0
6.69685 8.97197 0.0
6.69235 9.70422 0.0
-5.69874 10.522 0.0
-5.69338 10.595 0.0
-5.69466 11.3242 0.0
-6.69037 11.3241 0.0
-6.69487 10.5948 0.0
5.69664 11.3281 0.0
5.70073 10.6687 0.0
6.69685 10.5959 0.0
6.69235 11.3281 0.0
-5.69874 12.1459 0.0
-5.69338 12.2189 0.0
-5.69466 12.9481 0.0
-6.69037 12.948 0.0
-6.69487 12.2187 0.0
5.69664 12.952 0.0
5.70073 12.2926 0.0
6.69685 12.2198 0.0
6.69235 12.9521 0.0
-5.69874 13.7699 0.0
-5.69338 13.8429 0.0
-5.69466 14.572 0.0
-6.69037 14.572 0.0
-6.69487 13.8427 0.0
5.69664 14.576 0.0
5.70073 13.9166 0.0
6.69685 13.8438 0.0
6.69235 14.576 0.0
-5.69874 15.3938 0.0
-5.69338 15.4668 0.0
-5.69466 16.1959 0.0
-6.69037 16.1959 0.0
-6.69487 15.4666 0.0
5.69664 16.1999 0.0
5.70073 15.5405 0.0
6.69685 15.4677 0.0
6.69235 16.1999 0.0
-5.69874 17.0177 0.0
-5.69338 17.0907 0.0
-5.69466 17.8199 0.0
-6.69037 17.8198 0.0
-6.69487 17.0905 0.0
5.69664 17.8238 0.0
5.70073 17.1644 0.0
6.69685 17.0916 0.0
6.69235 17.8239 0.0
-5.69874 18.6416 0.0
-5.69338 18.7146 0.0
-5.69466 19.4438 0.0
-6.69037 19.4437 0.0
-6.69487 18.7145 0.0
5.69665 19.4477 0.0
5.70073 18.7884 0.0
6.69685 18.7155 0.0
6.69235 19.4478 0.0
-5.69874 20.2656 0.0
-5.69338 20.3386 0.0
-5.69466 21.0677 0.0
-6.69037 21.0677 0.0
-6.69487 20.3384 0.0
5.69664 21.0717 0.0
5.70073 20.4123 0.0
6.69685 20.3395 0.0
6.69235 21.0717 0.0
-5.69874 21.8895 0.0
-5.69338 21.9625 0.0
-5.69466 22.6917 0.0
-6.69037 22.6916 0.0
-6.69487 21.9623 0.0
5.69664 22.6956 0.0
5.70073 22.0362 0.0
6.69685 21.9634 0.0
6.69235 22.6957 0.0
-5.69874 23.5134 0.0
-5.69338 23.5864 0.0
-5.69466 24.3156 0.0
-6.69037 24.3155 0.0
-6.69487 23.5862 0.0
5.69664 24.3195 0.0
5.70073 23.6601 0.0
6.69685 23.5873 0.0
6.69235 24.3196 0.0
5.69664 -24.3983 0.0
5.70072 -25.0577 0.0
6.69685 -25.1305 0.0
6.69235 -24.3983 0.0
-5.69874 25.1373 0.0
-5.69338 25.2104 0.0
-5.69466 25.9395 0.0
-6.69037 25.9394 0.0
-6.69487 25.2102 0.0
-5.69874 -25.2044 0.0
-5.69338 -25.1314 0.0
-5.69466 -24.4023 0.0
-6.69037 -24.4023 0.0
-6.69487 -25.1316 0.0
5.69664 25.9434 0.0
5.70073 25.2841 0.0
6.69685 25.2113 0.0
6.69235 25.9435 0.0
-5.69874 -26.8283 0.0
-5.69338 -26.7553 0.0
-5.69466 -26.0262 0.0
-6.69037 -26.0262 0.0
-6.69487 -26.7555 0.0
5.69664 -26.0222 0.0
5.70072 -26.6816 0.0
6.69685 -26.7544 0.0
6.69235 -26.0222 0.0
-5.69874 26.7612 0.0
-5.69338 26.8342 0.0
-5.69466 27.5632 0.0
-6.69037 27.5632 0.0
-6.69487 26.834 0.0
5.69666 27.5671 0.0
5.70072 26.9079 0.0
6.69685 26.8351 0.0
6.69235 27.5672 0.0
-5.69872 -28.4513 0.0
-5.6934 -28.3782 0.0
-5.69467 -27.6498 0.0
-6.69037 -27.6499 0.0
-6.69486 -28.3786 0.0
5.69664 -27.646 0.0
5.70071 -28.3049 0.0
6.69684 -28.3776 0.0
6.69235 -27.6459 0.0
-5.69872 28.3844 0.0
-5.69339 28.4574 0.0
-5.69465 29.1856 0.0
-6.69035 29.1854 0.0
-6.69486 28.4571 0.0
5.69663 29.1895 0.0
5.7007 28.5308 0.0
6.69684 28.4582 0.0
6.69234 29.1895 0.0
-5.69859 -30.0691 0.0
-5.69342 -29.9967 0.0
-5.69464 -29.2719 0.0
-6.69035 -29.2719 0.0
-6.69479 -29.9963 0.0
5.69662 -29.2681 0.0
5.70057 -29.9235 0.0
6.69677 -29.9953 0.0
6.69233 -29.2679 0.0
-5.69858 30.0024 0.0
-5.69342 30.0749 0.0
-5.69458 30.796 0.0
-6.69026 30.7953 0.0
-6.69479 30.0742 0.0
5.69663 30.7999 0.0
5.70058 30.1481 0.0
6.69677 30.0752 0.0
6.69226 30.7993 0.0
-3.32997 -30.8782 0.0
-3.32799 -31.5704 0.0
-2.31601 -31.5729 0.0
-2.31203 -31.5046 0.0
-2.31405 -30.8783 0.0
-2.20032 -30.8765 0.0
-2.1983 -31.5028 0.0
-1.18632 -31.5719 0.0
-1.18428 -30.8764 0.0
-0.0593802 -31.5716 0.0
-0.0553893 -31.5035 0.0
-0.0572701 -30.8803 0.0
-1.07331 -30.8802 0.0
-1.07535 -31.5756 0.0
-1.07135 -31.6436 0.0
1.07154 -31.5709 0.0
1.07554 -31.5026 0.0
1.07353 -30.8764 0.0
0.0576807 -30.8764 0.0
0.0595614 -31.4997 0.0
2.20036 -31.571 0.0
2.20435 -31.5027 0.0
2.20232 -30.8764 0.0
1.18637 -30.8765 0.0
1.18838 -31.5027 0.0
2.31521 -30.8764 0.0
2.31723 -31.5027 0.0
3.32918 -31.571 0.0
3.33317 -31.5027 0.0
3.33111 -30.8764 0.0
-3.32988 32.3125 0.0
-3.32797 31.6471 0.0
-2.316 31.6445 0.0
-2.31201 31.7128 0.0
-2.31397 32.3129 0.0
-1.18618 31.6464 0.0
-1.18218 31.7146 0.0
-1.18415 32.3147 0.0
-2.20012 32.3147 0.0
-2.19815 31.7146 0.0
-0.0573176 31.6464 0.0
-0.0533161 31.7146 0.0
-0.0552844 32.3147 0.0
-1.07126 32.3147 0.0
-1.06929 31.7146 0.0
1.07155 31.6464 0.0
1.07555 31.7146 0.0
1.07358 32.3147 0.0
0.0576019 32.3147 0.0
0.0595703 31.7146 0.0
1.18646 32.3147 0.0
1.18843 31.7146 0.0
2.20041 31.6464 0.0
2.20441 31.7146 0.0
2.20243 32.3147 0.0
2.31532 32.3147 0.0
2.31729 31.7146 0.0
3.32922 31.6464 0.0
3.33322 31.7146 0.0
3.33122 32.3147 0.0
3.44397 -30.8764 0.0
3.44603 -31.5027 0.0
4.45771 -31.571 0.0
4.46165 -31.5027 0.0
4.45946 -30.8764 0.0
-3.44392 31.5768 0.0
-3.43995 31.6452 0.0
-3.44186 32.3106 0.0
-4.45734 32.3106 0.0
-4.4556 31.645 0.0
4.45776 31.6464 0.0
4.4617 31.7146 0.0
4.45956 32.3146 0.0
3.44408 32.3147 0.0
3.44608 31.7146 0.0
-4.45747 -30.8801 0.0
-4.45565 -31.5723 0.0
-3.44397 -31.6405 0.0
-3.44 -31.5723 0.0
-3.44198 -30.8801 0.0
4.57216 -30.8764 0.0
4.57434 -31.5027 0.0
5.58414 -31.5707 0.0
5.5877 -31.5024 0.0
5.58489 -30.8763 0.0
-4.57225 31.5767 0.0
-4.56832 31.645 0.0
-4.57006 32.3106 0.0
-5.58274 32.3105 0.0
-5.58205 31.6448 0.0
4.57226 32.3146 0.0
4.5744 31.7146 0.0
5.58419 31.646 0.0
5.58777 31.7142 0.0
5.58493 32.3145 0.0
-4.5723 -31.6405 0.0
-4.56836 -31.5723 0.0
-4.57018 -30.8801 0.0
-5.5829 -30.88 0.0
-5.58209 -31.572 0.0
-5.69738 -31.6401 0.0
-5.6938 -31.5719 0.0
-5.69462 -30.8799 0.0
-6.69024 -30.8793 0.0
-6.69404 -31.5687 0.0
5.69647 -30.8762 0.0
5.69928 -31.5023 0.0
6.69597 -31.5679 0.0
6.69216 -30.8755 0.0
-5.69738 31.5763 0.0
-5.69382 31.6446 0.0
-5.69452 32.3104 0.0
-6.69009 32.3099 0.0
-6.69408 31.6419 0.0
5.69656 32.3144 0.0
5.6994 31.7141 0.0
6.69606 31.6427 0.0
6.69208 32.3135 0.0
</DataArray>
</Points>
<Cells>
<DataArray type="Int32" Name="connectivity" format="ascii">
1 1485 1494 1493 1485 1486 1495 1494 1486 0 1496 1495 0 1 1493 1496 2 1483 1498 1497 1483 1484 1499 1498 1484 1485 1500 1499 1485 1 1501 1500 1 2 1497 1501 1483 2 1503 1502 2 3 1504 1503 3 1476 1505 1504 1476 1475 1506 1505 1475 1483 1502 1506 1476 3 1508 1507 3 4 1509 1508 4 1446 1510 1509 1446 1445 1511 1510 1445 1476 1507 1511 1447 1446 1513 1512 1446 4 1514 1513 4 5 1515 1514 5 1450 1516 1515 1450 1448 1517 1516 1448 1447 1512 1517 6 1449 1519 1518 1449 1450 1520 1519 1450 5 1521 1520 5 6 1518 1521 7 1451 1523 1522 1451 1452 1524 1523 1452 1449 1525 1524 1449 6 1526 1525 6 7 1522 1526 8 1453 1528 1527 1453 1454 1529 1528 1454 1451 1530 1529 1451 7 1531 1530 7 8 1527 1531 1455 1453 1533 1532 1453 8 1534 1533 8 9 1535 1534 9 1456 1536 1535 1456 1455 1532 1536 1469 1456 1538 1537 1456 9 1539 1538 9 10 1540 1539 10 1470 1541 1540 1470 1469 1537 1541 1477 1470 1543 1542 1470 10 1544 1543 10 11 1545 1544 11 1478 1546 1545 1478 1477 1542 1546 1487 1478 1548 1547 1478 11 1549 1548 11 12 1550 1549 12 1488 1551 1550 1488 1487 1547 1551 14 1437 1553 1552 1437 1438 1554 1553 1438 13 1555 1554 13 14 1552 1555 15 1285 1557 1556 1285 1286 1558 1557 1286 1437 1559 1558 1437 14 1560 1559 14 15 1556 1560 16 1277 1562 1561 1277 1278 1563 1562 1278 1285 1564 1563 1285 15 1565 1564 15 16 1561 1565 1277 16 1567 1566 16 17 1568 1567 17 1270 1569 1568 1270 1269 1570 1569 1269 1277 1566 1570 1270 17 1572 1571 17 18 1573 1572 18 1255 1574 1573 1255 1254 1575 1574 1254 1253 1576 1575 1253 1270 1571 1576 1255 18 1578 1577 18 19 1579 1578 19 1258 1580 1579 1258 1256 1581 1580 1256 1255 1577 1581 20 1257 1583 1582 1257 1258 1584 1583 1258 19 1585 1584 19 20 1582 1585 1259 1257 1587 1586 1257 20 1588 1587 20 21 1589 1588 21 1260 1590 1589 1260 1259 1586 1590 1271 1260 1592 1591 1260 21 1593 1592 21 22 1594 1593 22 1272 1595 1594 1272 1271 1591 1595 1279 1272 1597 1596 1272 22 1598 1597 22 23 1599 1598 23 1280 1600 1599 1280 1279 1596 1600 1287 1280 1602 1601 1280 23 1603 1602 23 24 1604 1603 24 1288 1605 1604 1288 1287 1601 1605 1439 1288 1607 1606 1288 24 1608 1607 24 25 1609 1608 25 1440 1610 1609 1440 1439 1606 1610 27 1429 1612 1611 1429 1430 1613 1612 1430 26 1614 1613 26 27 1611 1614 1429 27 1616 1615 27 28 1617 1616 28 1101 1618 1617 1101 1246 1619 1618 1246 1245 1620 1619 1245 1429 1615 1620 1101 28 1622 1621 28 29 1623 1622 29 1102 1624 1623 1102 1101 1621 1624 29 1093 1626 1625 1093 1094 1627 1626 1094 42 1628 1627 42 1102 1629 1628 1102 29 1625 1629 1085 30 1631 1630 30 31 1632 1631 31 1078 1633 1632 1078 1086 1634 1633 1086 1085 1630 1634 32 1079 1636 1635 1079 1077 1637 1636 1077 1078 1638 1637 1078 31 1639 1638 31 32 1635 1639 1079 32 1641 1640 32 33 1642 1641 33 1080 1643 1642 1080 1079 1640 1643 1087 1080 1645 1644 1080 33 1646 1645 33 34 1647 1646 34 1088 1648 1647 1088 1087 1644 1648 1095 47 1650 1649 47 1088 1651 1650 1088 34 1652 1651 34 1096 1653 1652 1096 1095 1649 1653 1103 35 1655 1654 35 36 1656 1655 36 1104 1657 1656 1104 1103 1654 1657 1247 1104 1659 1658 1104 36 1660 1659 36 37 1661 1660 37 1248 1662 1661 1248 1247 1658 1662 1431 1248 1664 1663 1248 37 1665 1664 37 38 1666 1665 38 1432 1667 1666 1432 1431 1663 1667 40 1421 1669 1668 1421 1422 1670 1669 1422 39 1671 1670 39 40 1668 1671 41 1237 1673 1672 1237 1238 1674 1673 1238 1421 1675 1674 1421 40 1676 1675 40 41 1672 1676 1237 41 1678 1677 41 42 1679 1678 42 934 1680 1679 934 1070 1681 1680 1070 1069 1682 1681 1069 1237 1677 1682 43 933 1684 1683 933 934 1685 1684 934 42 1686 1685 42 1094 1687 1686 1094 43 1683 1687 933 43 1689 1688 43 44 1690 1689 44 917 1691 1690 917 926 1692 1691 926 925 1693 1692 925 933 1688 1693 917 44 1695 1694 44 45 1696 1695 45 918 1697 1696 918 917 1694 1697 46 919 1699 1698 919 920 1700 1699 920 918 1701 1700 918 45 1702 1701 45 46 1698 1702 927 919 1704 1703 919 46 1705 1704 46 47 1706 1705 47 936 1707 1706 936 928 1708 1707 928 927 1703 1708 48 935 1710 1709 935 936 1711 1710 936 47 1712 1711 47 1095 1713 1712 1095 48 1709 1713 1071 935 1715 1714 935 48 1716 1715 48 49 1717 1716 49 1072 1718 1717 1072 1071 1714 1718 1239 1072 1720 1719 1072 49 1721 1720 49 50 1722 1721 50 1240 1723 1722 1240 1239 1719 1723 1423 1240 1725 1724 1240 50 1726 1725 50 51 1727 1726 51 1424 1728 1727 1424 1423 1724 1728 53 1417 1730 1729 1417 1418 1731 1730 1418 52 1732 1731 52 53 1729 1732 54 1229 1734 1733 1229 1230 1735 1734 1230 1417 1736 1735 1417 53 1737 1736 53 54 1733 1737 1229 54 1739 1738 54 55 1740 1739 55 534 1741 1740 534 1062 1742 1741 1062 1061 1743 1742 1061 1229 1738 1743 56 533 1745 1744 533 534 1746 1745 534 55 1747 1746 55 56 1744 1747 57 535 1749 1748 535 536 1750 1749 536 533 1751 1750 533 56 1752 1751 56 57 1748 1752 58 540 1754 1753 540 537 1755 1754 537 538 1756 1755 538 535 1757 1756 535 57 1758 1757 57 58 1753 1758 59 542 1760 1759 542 539 1761 1760 539 540 1762 1761 540 58 1763 1762 58 59 1759 1763 60 544 1765 1764 544 541 1766 1765 541 542 1767 1766 542 59 1768 1767 59 60 1764 1768 61 543 1770 1769 543 544 1771 1770 544 60 1772 1771 60 61 1769 1772 1063 543 1774 1773 543 61 1775 1774 61 62 1776 1775 62 1064 1777 1776 1064 1063 1773 1777 1231 1064 1779 1778 1064 62 1780 1779 62 63 1781 1780 63 1232 1782 1781 1232 1231 1778 1782 1413 1232 1784 1783 1232 63 1785 1784 63 64 1786 1785 64 1414 1787 1786 1414 1413 1783 1787 66 1293 1789 1788 1293 1294 1790 1789 1294 65 1791 1790 65 66 1788 1791 67 1109 1793 1792 1109 1110 1794 1793 1110 1293 1795 1794 1293 66 1796 1795 66 67 1792 1796 68 1053 1798 1797 1053 1054 1799 1798 1054 1109 1800 1799 1109 67 1801 1800 67 68 1797 1801 69 548 1803 1802 548 545 1804 1803 545 546 1805 1804 546 1053 1806 1805 1053 68 1807 1806 68 69 1802 1807 70 550 1809 1808 550 547 1810 1809 547 548 1811 1810 548 69 1812 1811 69 70 1808 1812 71 552 1814 1813 552 549 1815 1814 549 550 1816 1815 550 70 1817 1816 70 71 1813 1817 72 554 1819 1818 554 551 1820 1819 551 552 1821 1820 552 71 1822 1821 71 72 1818 1822 73 553 1824 1823 553 554 1825 1824 554 72 1826 1825 72 73 1823 1826 74 555 1828 1827 555 556 1829 1828 556 553 1830 1829 553 73 1831 1830 73 74 1827 1831 1055 555 1833 1832 555 74 1834 1833 74 75 1835 1834 75 1056 1836 1835 1056 1055 1832 1836 1111 1056 1838 1837 1056 75 1839 1838 75 76 1840 1839 76 1112 1841 1840 1112 1111 1837 1841 1295 1112 1843 1842 1112 76 1844 1843 76 77 1845 1844 77 1296 1846 1845 1296 1295 1842 1846 79 1297 1848 1847 1297 1298 1849 1848 1298 78 1850 1849 78 79 1847 1850 80 1113 1852 1851 1113 1114 1853 1852 1114 1297 1854 1853 1297 79 1855 1854 79 80 1851 1855 1113 80 1857 1856 80 81 1858 1857 81 558 1859 1858 558 1046 1860 1859 1046 1045 1861 1860 1045 1113 1856 1861 82 560 1863 1862 560 557 1864 1863 557 558 1865 1864 558 81 1866 1865 81 82 1862 1866 83 559 1868 1867 559 560 1869 1868 560 82 1870 1869 82 83 1867 1870 84 564 1872 1871 564 561 1873 1872 561 562 1874 1873 562 559 1875 1874 559 83 1876 1875 83 84 1871 1876 85 566 1878 1877 566 563 1879 1878 563 564 1880 1879 564 84 1881 1880 84 85 1877 1881 86 568 1883 1882 568 565 1884 1883 565 566 1885 1884 566 85 1886 1885 85 86 1882 1886 87 567 1888 1887 567 568 1889 1888 568 86 1890 1889 86 87 1887 1890 1047 567 1892 1891 567 87 1893 1892 87 88 1894 1893 88 1048 1895 1894 1048 1047 1891 1895 1115 1048 1897 1896 1048 88 1898 1897 88 89 1899 1898 89 1116 1900 1899 1116 1115 1896 1900 1299 1116 1902 1901 1116 89 1903 1902 89 90 1904 1903 90 1300 1905 1904 1300 1299 1901 1905 92 1301 1907 1906 1301 1302 1908 1907 1302 91 1909 1908 91 92 1906 1909 93 1117 1911 1910 1117 1118 1912 1911 1118 1301 1913 1912 1301 92 1914 1913 92 93 1910 1914 94 941 1916 1915 941 942 1917 1916 942 1117 1918 1917 1117 93 1919 1918 93 94 1915 1919 95 569 1921 1920 569 570 1922 1921 570 941 1923 1922 941 94 1924 1923 94 95 1920 1924 96 571 1926 1925 571 572 1927 1926 572 569 1928 1927 569 95 1929 1928 95 96 1925 1929 97 573 1931 1930 573 574 1932 1931 574 571 1933 1932 571 96 1934 1933 96 97 1930 1934 98 578 1936 1935 578 575 1937 1936 575 576 1938 1937 576 573 1939 1938 573 97 1940 1939 97 98 1935 1940 99 580 1942 1941 580 577 1943 1942 577 578 1944 1943 578 98 1945 1944 98 99 1941 1945 100 579 1947 1946 579 580 1948 1947 580 99 1949 1948 99 100 1946 1949 943 579 1951 1950 579 100 1952 1951 100 101 1953 1952 101 944 1954 1953 944 943 1950 1954 1119 944 1956 1955 944 101 1957 1956 101 102 1958 1957 102 1120 1959 1958 1120 1119 1955 1959 1303 1120 1961 1960 1120 102 1962 1961 102 103 1963 1962 103 1304 1964 1963 1304 1303 1960 1964 105 1305 1966 1965 1305 1306 1967 1966 1306 104 1968 1967 104 105 1965 1968 106 1121 1970 1969 1121 1122 1971 1970 1122 1305 1972 1971 1305 105 1973 1972 105 106 1969 1973 1121 106 1975 1974 106 107 1976 1975 107 582 1977 1976 582 946 1978 1977 946 945 1979 1978 945 1121 1974 1979 108 581 1981 1980 581 582 1982 1981 582 107 1983 1982 107 108 1980 1983 109 583 1985 1984 583 584 1986 1985 584 581 1987 1986 581 108 1988 1987 108 109 1984 1988 110 585 1990 1989 585 586 1991 1990 586 583 1992 1991 583 109 1993 1992 109 110 1989 1993 111 590 1995 1994 590 587 1996 1995 587 588 1997 1996 588 585 1998 1997 585 110 1999 1998 110 111 1994 1999 112 592 2001 2000 592 589 2002 2001 589 590 2003 2002 590 111 2004 2003 111 112 2000 2004 113 591 2006 2005 591 592 2007 2006 592 112 2008 2007 112 113 2005 2008 947 591 2010 2009 591 113 2011 2010 113 114 2012 2011 114 948 2013 2012 948 947 2009 2013 1123 948 2015 2014 948 114 2016 2015 114 115 2017 2016 115 1124 2018 2017 1124 1123 2014 2018 1307 1124 2020 2019 1124 115 2021 2020 115 116 2022 2021 116 1308 2023 2022 1308 1307 2019 2023 118 1309 2025 2024 1309 1310 2026 2025 1310 117 2027 2026 117 118 2024 2027 119 1125 2029 2028 1125 1126 2030 2029 1126 1309 2031 2030 1309 118 2032 2031 118 119 2028 2032 1125 119 2034 2033 119 120 2035 2034 120 594 2036 2035 594 950 2037 2036 950 949 2038 2037 949 1125 2033 2038 121 593 2040 2039 593 594 2041 2040 594 120 2042 2041 120 121 2039 2042 122 595 2044 2043 595 596 2045 2044 596 593 2046 2045 593 121 2047 2046 121 122 2043 2047 123 597 2049 2048 597 598 2050 2049 598 595 2051 2050 595 122 2052 2051 122 123 2048 2052 124 599 2054 2053 599 600 2055 2054 600 597 2056 2055 597 123 2057 2056 123 124 2053 2057 125 601 2059 2058 601 602 2060 2059 602 599 2061 2060 599 124 2062 2061 124 125 2058 2062 126 603 2064 2063 603 604 2065 2064 604 601 2066 2065 601 125 2067 2066 125 126 2063 2067 951 603 2069 2068 603 126 2070 2069 126 127 2071 2070 127 952 2072 2071 952 951 2068 2072 1127 952 2074 2073 952 127 2075 2074 127 128 2076 2075 128 1128 2077 2076 1128 1127 2073 2077 1311 1128 2079 2078 1128 128 2080 2079 128 129 2081 2080 129 1312 2082 2081 1312 1311 2078 2082 131 1313 2084 2083 1313 1314 2085 2084 1314 130 2086 2085 130 131 2083 2086 132 1129 2088 2087 1129 1130 2089 2088 1130 1313 2090 2089 1313 131 2091 2090 131 132 2087 2091 133 953 2093 2092 953 954 2094 2093 954 1129 2095 2094 1129 132 2096 2095 132 133 2092 2096 134 608 2098 2097 608 605 2099 2098 605 606 2100 2099 606 953 2101 2100 953 133 2102 2101 133 134 2097 2102 135 607 2104 2103 607 608 2105 2104 608 134 2106 2105 134 135 2103 2106 136 609 2108 2107 609 610 2109 2108 610 607 2110 2109 607 135 2111 2110 135 136 2107 2111 137 614 2113 2112 614 611 2114 2113 611 612 2115 2114 612 609 2116 2115 609 136 2117 2116 136 137 2112 2117 138 616 2119 2118 616 613 2120 2119 613 614 2121 2120 614 137 2122 2121 137 138 2118 2122 139 615 2124 2123 615 616 2125 2124 616 138 2126 2125 138 139 2123 2126 955 615 2128 2127 615 139 2129 2128 139 140 2130 2129 140 956 2131 2130 956 955 2127 2131 1131 956 2133 2132 956 140 2134 2133 140 141 2135 2134 141 1132 2136 2135 1132 1131 2132 2136 1315 1132 2138 2137 1132 141 2139 2138 141 142 2140 2139 142 1316 2141 2140 1316 1315 2137 2141 144 1317 2143 2142 1317 1318 2144 2143 1318 143 2145 2144 143 144 2142 2145 145 1133 2147 2146 1133 1134 2148 2147 1134 1317 2149 2148 1317 144 2150 2149 144 145 2146 2150 146 957 2152 2151 957 958 2153 2152 958 1133 2154 2153 1133 145 2155 2154 145 146 2151 2155 147 617 2157 2156 617 618 2158 2157 618 957 2159 2158 957 146 2160 2159 146 147 2156 2160 148 622 2162 2161 622 619 2163 2162 619 620 2164 2163 620 617 2165 2164 617 147 2166 2165 147 148 2161 2166 149 621 2168 2167 621 622 2169 2168 622 148 2170 2169 148 149 2167 2170 150 623 2172 2171 623 624 2173 2172 624 621 2174 2173 621 149 2175 2174 149 150 2171 2175 151 628 2177 2176 628 625 2178 2177 625 626 2179 2178 626 623 2180 2179 623 150 2181 2180 150 151 2176 2181 152 960 2183 2182 960 627 2184 2183 627 628 2185 2184 628 151 2186 2185 151 152 2182 2186 153 959 2188 2187 959 960 2189 2188 960 152 2190 2189 152 153 2187 2190 1135 959 2192 2191 959 153 2193 2192 153 154 2194 2193 154 1136 2195 2194 1136 1135 2191 2195 1319 1136 2197 2196 1136 154 2198 2197 154 155 2199 2198 155 1320 2200 2199 1320 1319 2196 2200 157 1321 2202 2201 1321 1322 2203 2202 1322 156 2204 2203 156 157 2201 2204 158 1137 2206 2205 1137 1138 2207 2206 1138 1321 2208 2207 1321 157 2209 2208 157 158 2205 2209 1137 158 2211 2210 158 159 2212 2211 159 630 2213 2212 630 962 2214 2213 962 961 2215 2214 961 1137 2210 2215 160 629 2217 2216 629 630 2218 2217 630 159 2219 2218 159 160 2216 2219 161 631 2221 2220 631 632 2222 2221 632 629 2223 2222 629 160 2224 2223 160 161 2220 2224 162 636 2226 2225 636 633 2227 2226 633 634 2228 2227 634 631 2229 2228 631 161 2230 2229 161 162 2225 2230 163 638 2232 2231 638 635 2233 2232 635 636 2234 2233 636 162 2235 2234 162 163 2231 2235 164 640 2237 2236 640 637 2238 2237 637 638 2239 2238 638 163 2240 2239 163 164 2236 2240 165 964 2242 2241 964 639 2243 2242 639 640 2244 2243 640 164 2245 2244 164 165 2241 2245 166 963 2247 2246 963 964 2248 2247 964 165 2249 2248 165 166 2246 2249 1139 963 2251 2250 963 166 2252 2251 166 167 2253 2252 167 1140 2254 2253 1140 1139 2250 2254 1323 1140 2256 2255 1140 167 2257 2256 167 168 2258 2257 168 1324 2259 2258 1324 1323 2255 2259 170 1325 2261 2260 1325 1326 2262 2261 1326 169 2263 2262 169 170 2260 2263 171 1141 2265 2264 1141 1142 2266 2265 1142 1325 2267 2266 1325 170 2268 2267 170 171 2264 2268 172 965 2270 2269 965 966 2271 2270 966 1141 2272 2271 1141 171 2273 2272 171 172 2269 2273 173 641 2275 2274 641 642 2276 2275 642 965 2277 2276 965 172 2278 2277 172 173 2274 2278 174 643 2280 2279 643 644 2281 2280 644 641 2282 2281 641 173 2283 2282 173 174 2279 2283 175 645 2285 2284 645 646 2286 2285 646 643 2287 2286 643 174 2288 2287 174 175 2284 2288 176 647 2290 2289 647 648 2291 2290 648 645 2292 2291 645 175 2293 2292 175 176 2289 2293 177 649 2295 2294 649 650 2296 2295 650 647 2297 2296 647 176 2298 2297 176 177 2294 2298 178 968 2300 2299 968 651 2301 2300 651 652 2302 2301 652 649 2303 2302 649 177 2304 2303 177 178 2299 2304 179 967 2306 2305 967 968 2307 2306 968 178 2308 2307 178 179 2305 2308 1143 967 2310 2309 967 179 2311 2310 179 180 2312 2311 180 1144 2313 2312 1144 1143 2309 2313 1327 1144 2315 2314 1144 180 2316 2315 180 181 2317 2316 181 1328 2318 2317 1328 1327 2314 2318 183 1329 2320 2319 1329 1330 2321 2320 1330 182 2322 2321 182 183 2319 2322 184 1145 2324 2323 1145 1146 2325 2324 1146 1329 2326 2325 1329 183 2327 2326 183 184 2323 2327 185 969 2329 2328 969 970 2330 2329 970 1145 2331 2330 1145 184 2332 2331 184 185 2328 2332 186 656 2334 2333 656 653 2335 2334 653 654 2336 2335 654 969 2337 2336 969 185 2338 2337 185 186 2333 2338 187 658 2340 2339 658 655 2341 2340 655 656 2342 2341 656 186 2343 2342 186 187 2339 2343 188 660 2345 2344 660 657 2346 2345 657 658 2347 2346 658 187 2348 2347 187 188 2344 2348 189 662 2350 2349 662 659 2351 2350 659 660 2352 2351 660 188 2353 2352 188 189 2349 2353 190 664 2355 2354 664 661 2356 2355 661 662 2357 2356 662 189 2358 2357 189 190 2354 2358 191 663 2360 2359 663 664 2361 2360 664 190 2362 2361 190 191 2359 2362 971 663 2364 2363 663 191 2365 2364 191 192 2366 2365 192 972 2367 2366 972 971 2363 2367 1147 972 2369 2368 972 192 2370 2369 192 193 2371 2370 193 1148 2372 2371 1148 1147 2368 2372 1331 1148 2374 2373 1148 193 2375 2374 193 194 2376 2375 194 1332 2377 2376 1332 1331 2373 2377 196 1333 2379 2378 1333 1334 2380 2379 1334 195 2381 2380 195 196 2378 2381 197 1149 2383 2382 1149 1150 2384 2383 1150 1333 2385 2384 1333 196 2386 2385 196 197 2382 2386 1149 197 2388 2387 197 198 2389 2388 198 666 2390 2389 666 974 2391 2390 974 973 2392 2391 973 1149 2387 2392 199 668 2394 2393 668 665 2395 2394 665 666 2396 2395 666 198 2397 2396 198 199 2393 2397 200 667 2399 2398 667 668 2400 2399 668 199 2401 2400 199 200 2398 2401 201 669 2403 2402 669 670 2404 2403 670 667 2405 2404 667 200 2406 2405 200 201 2402 2406 202 671 2408 2407 671 672 2409 2408 672 669 2410 2409 669 201 2411 2410 201 202 2407 2411 203 676 2413 2412 676 673 2414 2413 673 674 2415 2414 674 671 2416 2415 671 202 2417 2416 202 203 2412 2417 204 675 2419 2418 675 676 2420 2419 676 203 2421 2420 203 204 2418 2421 975 675 2423 2422 675 204 2424 2423 204 205 2425 2424 205 976 2426 2425 976 975 2422 2426 1151 976 2428 2427 976 205 2429 2428 205 206 2430 2429 206 1152 2431 2430 1152 1151 2427 2431 1335 1152 2433 2432 1152 206 2434 2433 206 207 2435 2434 207 1336 2436 2435 1336 1335 2432 2436 209 1337 2438 2437 1337 1338 2439 2438 1338 208 2440 2439 208 209 2437 2440 210 1153 2442 2441 1153 1154 2443 2442 1154 1337 2444 2443 1337 209 2445 2444 209 210 2441 2445 1153 210 2447 2446 210 211 2448 2447 211 678 2449 2448 678 978 2450 2449 978 977 2451 2450 977 1153 2446 2451 212 677 2453 2452 677 678 2454 2453 678 211 2455 2454 211 212 2452 2455 213 682 2457 2456 682 679 2458 2457 679 680 2459 2458 680 677 2460 2459 677 212 2461 2460 212 213 2456 2461 214 684 2463 2462 684 681 2464 2463 681 682 2465 2464 682 213 2466 2465 213 214 2462 2466 215 686 2468 2467 686 683 2469 2468 683 684 2470 2469 684 214 2471 2470 214 215 2467 2471 216 685 2473 2472 685 686 2474 2473 686 215 2475 2474 215 216 2472 2475 217 980 2477 2476 980 687 2478 2477 687 688 2479 2478 688 685 2480 2479 685 216 2481 2480 216 217 2476 2481 218 979 2483 2482 979 980 2484 2483 980 217 2485 2484 217 218 2482 2485 1155 979 2487 2486 979 218 2488 2487 218 219 2489 2488 219 1156 2490 2489 1156 1155 2486 2490 1339 1156 2492 2491 1156 219 2493 2492 219 220 2494 2493 220 1340 2495 2494 1340 1339 2491 2495 222 1341 2497 2496 1341 1342 2498 2497 1342 221 2499 2498 221 222 2496 2499 223 1157 2501 2500 1157 1158 2502 2501 1158 1341 2503 2502 1341 222 2504 2503 222 223 2500 2504 224 981 2506 2505 981 982 2507 2506 982 1157 2508 2507 1157 223 2509 2508 223 224 2505 2509 225 692 2511 2510 692 689 2512 2511 689 690 2513 2512 690 981 2514 2513 981 224 2515 2514 224 225 2510 2515 226 691 2517 2516 691 692 2518 2517 692 225 2519 2518 225 226 2516 2519 227 693 2521 2520 693 694 2522 2521 694 691 2523 2522 691 226 2524 2523 226 227 2520 2524 228 698 2526 2525 698 695 2527 2526 695 696 2528 2527 696 693 2529 2528 693 227 2530 2529 227 228 2525 2530 229 700 2532 2531 700 697 2533 2532 697 698 2534 2533 698 228 2535 2534 228 229 2531 2535 230 984 2537 2536 984 699 2538 2537 699 700 2539 2538 700 229 2540 2539 229 230 2536 2540 231 983 2542 2541 983 984 2543 2542 984 230 2544 2543 230 231 2541 2544 1159 983 2546 2545 983 231 2547 2546 231 232 2548 2547 232 1160 2549 2548 1160 1159 2545 2549 1343 1160 2551 2550 1160 232 2552 2551 232 233 2553 2552 233 1344 2554 2553 1344 1343 2550 2554 235 1345 2556 2555 1345 1346 2557 2556 1346 234 2558 2557 234 235 2555 2558 236 1161 2560 2559 1161 1162 2561 2560 1162 1345 2562 2561 1345 235 2563 2562 235 236 2559 2563 1161 236 2565 2564 236 237 2566 2565 237 702 2567 2566 702 986 2568 2567 986 985 2569 2568 985 1161 2564 2569 238 701 2571 2570 701 702 2572 2571 702 237 2573 2572 237 238 2570 2573 239 706 2575 2574 706 703 2576 2575 703 704 2577 2576 704 701 2578 2577 701 238 2579 2578 238 239 2574 2579 240 708 2581 2580 708 705 2582 2581 705 706 2583 2582 706 239 2584 2583 239 240 2580 2584 241 710 2586 2585 710 707 2587 2586 707 708 2588 2587 708 240 2589 2588 240 241 2585 2589 242 709 2591 2590 709 710 2592 2591 710 241 2593 2592 241 242 2590 2593 243 988 2595 2594 988 711 2596 2595 711 712 2597 2596 712 709 2598 2597 709 242 2599 2598 242 243 2594 2599 244 987 2601 2600 987 988 2602 2601 988 243 2603 2602 243 244 2600 2603 1163 987 2605 2604 987 244 2606 2605 244 245 2607 2606 245 1164 2608 2607 1164 1163 2604 2608 1347 1164 2610 2609 1164 245 2611 2610 245 246 2612 2611 246 1348 2613 2612 1348 1347 2609 2613 248 1349 2615 2614 1349 1350 2616 2615 1350 247 2617 2616 247 248 2614 2617 249 1165 2619 2618 1165 1166 2620 2619 1166 1349 2621 2620 1349 248 2622 2621 248 249 2618 2622 1165 249 2624 2623 249 250 2625 2624 250 714 2626 2625 714 990 2627 2626 990 989 2628 2627 989 1165 2623 2628 251 716 2630 2629 716 713 2631 2630 713 714 2632 2631 714 250 2633 2632 250 251 2629 2633 252 718 2635 2634 718 715 2636 2635 715 716 2637 2636 716 251 2638 2637 251 252 2634 2638 253 720 2640 2639 720 717 2641 2640 717 718 2642 2641 718 252 2643 2642 252 253 2639 2643 254 719 2645 2644 719 720 2646 2645 720 253 2647 2646 253 254 2644 2647 255 724 2649 2648 724 721 2650 2649 721 722 2651 2650 722 719 2652 2651 719 254 2653 2652 254 255 2648 2653 256 723 2655 2654 723 724 2656 2655 724 255 2657 2656 255 256 2654 2657 991 723 2659 2658 723 256 2660 2659 256 257 2661 2660 257 992 2662 2661 992 991 2658 2662 1167 992 2664 2663 992 257 2665 2664 257 258 2666 2665 258 1168 2667 2666 1168 1167 2663 2667 1351 1168 2669 2668 1168 258 2670 2669 258 259 2671 2670 259 1352 2672 2671 1352 1351 2668 2672 261 1353 2674 2673 1353 1354 2675 2674 1354 260 2676 2675 260 261 2673 2676 262 1169 2678 2677 1169 1170 2679 2678 1170 1353 2680 2679 1353 261 2681 2680 261 262 2677 2681 1169 262 2683 2682 262 263 2684 2683 263 726 2685 2684 726 994 2686 2685 994 993 2687 2686 993 1169 2682 2687 264 725 2689 2688 725 726 2690 2689 726 263 2691 2690 263 264 2688 2691 265 730 2693 2692 730 727 2694 2693 727 728 2695 2694 728 725 2696 2695 725 264 2697 2696 264 265 2692 2697 266 732 2699 2698 732 729 2700 2699 729 730 2701 2700 730 265 2702 2701 265 266 2698 2702 267 734 2704 2703 734 731 2705 2704 731 732 2706 2705 732 266 2707 2706 266 267 2703 2707 268 733 2709 2708 733 734 2710 2709 734 267 2711 2710 267 268 2708 2711 269 735 2713 2712 735 736 2714 2713 736 733 2715 2714 733 268 2716 2715 268 269 2712 2716 995 735 2718 2717 735 269 2719 2718 269 270 2720 2719 270 996 2721 2720 996 995 2717 2721 1171 996 2723 2722 996 270 2724 2723 270 271 2725 2724 271 1172 2726 2725 1172 1171 2722 2726 1355 1172 2728 2727 1172 271 2729 2728 271 272 2730 2729 272 1356 2731 2730 1356 1355 2727 2731 274 1357 2733 2732 1357 1358 2734 2733 1358 273 2735 2734 273 274 2732 2735 275 1173 2737 2736 1173 1174 2738 2737 1174 1357 2739 2738 1357 274 2740 2739 274 275 2736 2740 1173 275 2742 2741 275 276 2743 2742 276 738 2744 2743 738 998 2745 2744 998 997 2746 2745 997 1173 2741 2746 277 737 2748 2747 737 738 2749 2748 738 276 2750 2749 276 277 2747 2750 278 739 2752 2751 739 740 2753 2752 740 737 2754 2753 737 277 2755 2754 277 278 2751 2755 279 741 2757 2756 741 742 2758 2757 742 739 2759 2758 739 278 2760 2759 278 279 2756 2760 280 743 2762 2761 743 744 2763 2762 744 741 2764 2763 741 279 2765 2764 279 280 2761 2765 281 748 2767 2766 748 745 2768 2767 745 746 2769 2768 746 743 2770 2769 743 280 2771 2770 280 281 2766 2771 282 1000 2773 2772 1000 747 2774 2773 747 748 2775 2774 748 281 2776 2775 281 282 2772 2776 283 999 2778 2777 999 1000 2779 2778 1000 282 2780 2779 282 283 2777 2780 1175 999 2782 2781 999 283 2783 2782 283 284 2784 2783 284 1176 2785 2784 1176 1175 2781 2785 1359 1176 2787 2786 1176 284 2788 2787 284 285 2789 2788 285 1360 2790 2789 1360 1359 2786 2790 287 1361 2792 2791 1361 1362 2793 2792 1362 286 2794 2793 286 287 2791 2794 288 1177 2796 2795 1177 1178 2797 2796 1178 1361 2798 2797 1361 287 2799 2798 287 288 2795 2799 289 1001 2801 2800 1001 1002 2802 2801 1002 1177 2803 2802 1177 288 2804 2803 288 289 2800 2804 290 749 2806 2805 749 750 2807 2806 750 1001 2808 2807 1001 289 2809 2808 289 290 2805 2809 291 754 2811 2810 754 751 2812 2811 751 752 2813 2812 752 749 2814 2813 749 290 2815 2814 290 291 2810 2815 292 753 2817 2816 753 754 2818 2817 754 291 2819 2818 291 292 2816 2819 293 755 2821 2820 755 756 2822 2821 756 753 2823 2822 753 292 2824 2823 292 293 2820 2824 294 760 2826 2825 760 757 2827 2826 757 758 2828 2827 758 755 2829 2828 755 293 2830 2829 293 294 2825 2830 295 1004 2832 2831 1004 759 2833 2832 759 760 2834 2833 760 294 2835 2834 294 295 2831 2835 296 1003 2837 2836 1003 1004 2838 2837 1004 295 2839 2838 295 296 2836 2839 1179 1003 2841 2840 1003 296 2842 2841 296 297 2843 2842 297 1180 2844 2843 1180 1179 2840 2844 1363 1180 2846 2845 1180 297 2847 2846 297 298 2848 2847 298 1364 2849 2848 1364 1363 2845 2849 300 1365 2851 2850 1365 1366 2852 2851 1366 299 2853 2852 299 300 2850 2853 301 1181 2855 2854 1181 1182 2856 2855 1182 1365 2857 2856 1365 300 2858 2857 300 301 2854 2858 302 1005 2860 2859 1005 1006 2861 2860 1006 1181 2862 2861 1181 301 2863 2862 301 302 2859 2863 303 764 2865 2864 764 761 2866 2865 761 762 2867 2866 762 1005 2868 2867 1005 302 2869 2868 302 303 2864 2869 304 763 2871 2870 763 764 2872 2871 764 303 2873 2872 303 304 2870 2873 305 765 2875 2874 765 766 2876 2875 766 763 2877 2876 763 304 2878 2877 304 305 2874 2878 306 767 2880 2879 767 768 2881 2880 768 765 2882 2881 765 305 2883 2882 305 306 2879 2883 307 769 2885 2884 769 770 2886 2885 770 767 2887 2886 767 306 2888 2887 306 307 2884 2888 308 1008 2890 2889 1008 771 2891 2890 771 772 2892 2891 772 769 2893 2892 769 307 2894 2893 307 308 2889 2894 309 1007 2896 2895 1007 1008 2897 2896 1008 308 2898 2897 308 309 2895 2898 1183 1007 2900 2899 1007 309 2901 2900 309 310 2902 2901 310 1184 2903 2902 1184 1183 2899 2903 1367 1184 2905 2904 1184 310 2906 2905 310 311 2907 2906 311 1368 2908 2907 1368 1367 2904 2908 313 1369 2910 2909 1369 1370 2911 2910 1370 312 2912 2911 312 313 2909 2912 314 1185 2914 2913 1185 1186 2915 2914 1186 1369 2916 2915 1369 313 2917 2916 313 314 2913 2917 1185 314 2919 2918 314 315 2920 2919 315 774 2921 2920 774 1010 2922 2921 1010 1009 2923 2922 1009 1185 2918 2923 316 773 2925 2924 773 774 2926 2925 774 315 2927 2926 315 316 2924 2927 317 775 2929 2928 775 776 2930 2929 776 773 2931 2930 773 316 2932 2931 316 317 2928 2932 318 777 2934 2933 777 778 2935 2934 778 775 2936 2935 775 317 2937 2936 317 318 2933 2937 319 779 2939 2938 779 780 2940 2939 780 777 2941 2940 777 318 2942 2941 318 319 2938 2942 320 781 2944 2943 781 782 2945 2944 782 779 2946 2945 779 319 2947 2946 319 320 2943 2947 321 783 2949 2948 783 784 2950 2949 784 781 2951 2950 781 320 2952 2951 320 321 2948 2952 1011 783 2954 2953 783 321 2955 2954 321 322 2956 2955 322 1012 2957 2956 1012 1011 2953 2957 1187 1012 2959 2958 1012 322 2960 2959 322 323 2961 2960 323 1188 2962 2961 1188 1187 2958 2962 1371 1188 2964 2963 1188 323 2965 2964 323 324 2966 2965 324 1372 2967 2966 1372 1371 2963 2967 326 1373 2969 2968 1373 1374 2970 2969 1374 325 2971 2970 325 326 2968 2971 327 1189 2973 2972 1189 1190 2974 2973 1190 1373 2975 2974 1373 326 2976 2975 326 327 2972 2976 1189 327 2978 2977 327 328 2979 2978 328 786 2980 2979 786 1014 2981 2980 1014 1013 2982 2981 1013 1189 2977 2982 329 785 2984 2983 785 786 2985 2984 786 328 2986 2985 328 329 2983 2986 330 790 2988 2987 790 787 2989 2988 787 788 2990 2989 788 785 2991 2990 785 329 2992 2991 329 330 2987 2992 331 792 2994 2993 792 789 2995 2994 789 790 2996 2995 790 330 2997 2996 330 331 2993 2997 332 794 2999 2998 794 791 3000 2999 791 792 3001 3000 792 331 3002 3001 331 332 2998 3002 333 796 3004 3003 796 793 3005 3004 793 794 3006 3005 794 332 3007 3006 332 333 3003 3007 334 1016 3009 3008 1016 795 3010 3009 795 796 3011 3010 796 333 3012 3011 333 334 3008 3012 335 1015 3014 3013 1015 1016 3015 3014 1016 334 3016 3015 334 335 3013 3016 1191 1015 3018 3017 1015 335 3019 3018 335 336 3020 3019 336 1192 3021 3020 1192 1191 3017 3021 1375 1192 3023 3022 1192 336 3024 3023 336 337 3025 3024 337 1376 3026 3025 1376 1375 3022 3026 339 1377 3028 3027 1377 1378 3029 3028 1378 338 3030 3029 338 339 3027 3030 340 1193 3032 3031 1193 1194 3033 3032 1194 1377 3034 3033 1377 339 3035 3034 339 340 3031 3035 341 1017 3037 3036 1017 1018 3038 3037 1018 1193 3039 3038 1193 340 3040 3039 340 341 3036 3040 342 797 3042 3041 797 798 3043 3042 798 1017 3044 3043 1017 341 3045 3044 341 342 3041 3045 343 799 3047 3046 799 800 3048 3047 800 797 3049 3048 797 342 3050 3049 342 343 3046 3050 344 801 3052 3051 801 802 3053 3052 802 799 3054 3053 799 343 3055 3054 343 344 3051 3055 345 803 3057 3056 803 804 3058 3057 804 801 3059 3058 801 344 3060 3059 344 345 3056 3060 346 808 3062 3061 808 805 3063 3062 805 806 3064 3063 806 803 3065 3064 803 345 3066 3065 345 346 3061 3066 347 1020 3068 3067 1020 807 3069 3068 807 808 3070 3069 808 346 3071 3070 346 347 3067 3071 348 1019 3073 3072 1019 1020 3074 3073 1020 347 3075 3074 347 348 3072 3075 1195 1019 3077 3076 1019 348 3078 3077 348 349 3079 3078 349 1196 3080 3079 1196 1195 3076 3080 1379 1196 3082 3081 1196 349 3083 3082 349 350 3084 3083 350 1380 3085 3084 1380 1379 3081 3085 352 1381 3087 3086 1381 1382 3088 3087 1382 351 3089 3088 351 352 3086 3089 353 1197 3091 3090 1197 1198 3092 3091 1198 1381 3093 3092 1381 352 3094 3093 352 353 3090 3094 354 1021 3096 3095 1021 1022 3097 3096 1022 1197 3098 3097 1197 353 3099 3098 353 354 3095 3099 355 812 3101 3100 812 809 3102 3101 809 810 3103 3102 810 1021 3104 3103 1021 354 3105 3104 354 355 3100 3105 356 811 3107 3106 811 812 3108 3107 812 355 3109 3108 355 356 3106 3109 357 813 3111 3110 813 814 3112 3111 814 811 3113 3112 811 356 3114 3113 356 357 3110 3114 358 818 3116 3115 818 815 3117 3116 815 816 3118 3117 816 813 3119 3118 813 357 3120 3119 357 358 3115 3120 359 817 3122 3121 817 818 3123 3122 818 358 3124 3123 358 359 3121 3124 360 1024 3126 3125 1024 819 3127 3126 819 820 3128 3127 820 817 3129 3128 817 359 3130 3129 359 360 3125 3130 361 1023 3132 3131 1023 1024 3133 3132 1024 360 3134 3133 360 361 3131 3134 1199 1023 3136 3135 1023 361 3137 3136 361 362 3138 3137 362 1200 3139 3138 1200 1199 3135 3139 1383 1200 3141 3140 1200 362 3142 3141 362 363 3143 3142 363 1384 3144 3143 1384 1383 3140 3144 365 1385 3146 3145 1385 1386 3147 3146 1386 364 3148 3147 364 365 3145 3148 366 1201 3150 3149 1201 1202 3151 3150 1202 1385 3152 3151 1385 365 3153 3152 365 366 3149 3153 1201 366 3155 3154 366 367 3156 3155 367 822 3157 3156 822 1026 3158 3157 1026 1025 3159 3158 1025 1201 3154 3159 368 824 3161 3160 824 821 3162 3161 821 822 3163 3162 822 367 3164 3163 367 368 3160 3164 369 823 3166 3165 823 824 3167 3166 824 368 3168 3167 368 369 3165 3168 370 825 3170 3169 825 826 3171 3170 826 823 3172 3171 823 369 3173 3172 369 370 3169 3173 371 827 3175 3174 827 828 3176 3175 828 825 3177 3176 825 370 3178 3177 370 371 3174 3178 372 829 3180 3179 829 830 3181 3180 830 827 3182 3181 827 371 3183 3182 371 372 3179 3183 373 831 3185 3184 831 832 3186 3185 832 829 3187 3186 829 372 3188 3187 372 373 3184 3188 1027 831 3190 3189 831 373 3191 3190 373 374 3192 3191 374 1028 3193 3192 1028 1027 3189 3193 1203 1028 3195 3194 1028 374 3196 3195 374 375 3197 3196 375 1204 3198 3197 1204 1203 3194 3198 1387 1204 3200 3199 1204 375 3201 3200 375 376 3202 3201 376 1388 3203 3202 1388 1387 3199 3203 378 1389 3205 3204 1389 1390 3206 3205 1390 377 3207 3206 377 378 3204 3207 379 1205 3209 3208 1205 1206 3210 3209 1206 1389 3211 3210 1389 378 3212 3211 378 379 3208 3212 380 1029 3214 3213 1029 1030 3215 3214 1030 1205 3216 3215 1205 379 3217 3216 379 380 3213 3217 381 833 3219 3218 833 834 3220 3219 834 1029 3221 3220 1029 380 3222 3221 380 381 3218 3222 382 838 3224 3223 838 835 3225 3224 835 836 3226 3225 836 833 3227 3226 833 381 3228 3227 381 382 3223 3228 383 840 3230 3229 840 837 3231 3230 837 838 3232 3231 838 382 3233 3232 382 383 3229 3233 384 842 3235 3234 842 839 3236 3235 839 840 3237 3236 840 383 3238 3237 383 384 3234 3238 385 841 3240 3239 841 842 3241 3240 842 384 3242 3241 384 385 3239 3242 386 843 3244 3243 843 844 3245 3244 844 841 3246 3245 841 385 3247 3246 385 386 3243 3247 1031 843 3249 3248 843 386 3250 3249 386 387 3251 3250 387 1032 3252 3251 1032 1031 3248 3252 1207 1032 3254 3253 1032 387 3255 3254 387 388 3256 3255 388 1208 3257 3256 1208 1207 3253 3257 1391 1208 3259 3258 1208 388 3260 3259 388 389 3261 3260 389 1392 3262 3261 1392 1391 3258 3262 391 1393 3264 3263 1393 1394 3265 3264 1394 390 3266 3265 390 391 3263 3266 392 1209 3268 3267 1209 1210 3269 3268 1210 1393 3270 3269 1393 391 3271 3270 391 392 3267 3271 393 1033 3273 3272 1033 1034 3274 3273 1034 1209 3275 3274 1209 392 3276 3275 392 393 3272 3276 394 848 3278 3277 848 845 3279 3278 845 846 3280 3279 846 1033 3281 3280 1033 393 3282 3281 393 394 3277 3282 395 847 3284 3283 847 848 3285 3284 848 394 3286 3285 394 395 3283 3286 396 849 3288 3287 849 850 3289 3288 850 847 3290 3289 847 395 3291 3290 395 396 3287 3291 397 854 3293 3292 854 851 3294 3293 851 852 3295 3294 852 849 3296 3295 849 396 3297 3296 396 397 3292 3297 398 856 3299 3298 856 853 3300 3299 853 854 3301 3300 854 397 3302 3301 397 398 3298 3302 399 855 3304 3303 855 856 3305 3304 856 398 3306 3305 398 399 3303 3306 1035 855 3308 3307 855 399 3309 3308 399 400 3310 3309 400 1036 3311 3310 1036 1035 3307 3311 1211 1036 3313 3312 1036 400 3314 3313 400 401 3315 3314 401 1212 3316 3315 1212 1211 3312 3316 1395 1212 3318 3317 1212 401 3319 3318 401 402 3320 3319 402 1396 3321 3320 1396 1395 3317 3321 404 1397 3323 3322 1397 1398 3324 3323 1398 403 3325 3324 403 404 3322 3325 405 1213 3327 3326 1213 1214 3328 3327 1214 1397 3329 3328 1397 404 3330 3329 404 405 3326 3330 1213 405 3332 3331 405 406 3333 3332 406 858 3334 3333 858 1038 3335 3334 1038 1037 3336 3335 1037 1213 3331 3336 407 860 3338 3337 860 857 3339 3338 857 858 3340 3339 858 406 3341 3340 406 407 3337 3341 408 862 3343 3342 862 859 3344 3343 859 860 3345 3344 860 407 3346 3345 407 408 3342 3346 409 864 3348 3347 864 861 3349 3348 861 862 3350 3349 862 408 3351 3350 408 409 3347 3351 410 866 3353 3352 866 863 3354 3353 863 864 3355 3354 864 409 3356 3355 409 410 3352 3356 411 868 3358 3357 868 865 3359 3358 865 866 3360 3359 866 410 3361 3360 410 411 3357 3361 412 867 3363 3362 867 868 3364 3363 868 411 3365 3364 411 412 3362 3365 1039 867 3367 3366 867 412 3368 3367 412 413 3369 3368 413 1040 3370 3369 1040 1039 3366 3370 1215 1040 3372 3371 1040 413 3373 3372 413 414 3374 3373 414 1216 3375 3374 1216 1215 3371 3375 1399 1216 3377 3376 1216 414 3378 3377 414 415 3379 3378 415 1400 3380 3379 1400 1399 3376 3380 417 1401 3382 3381 1401 1402 3383 3382 1402 416 3384 3383 416 417 3381 3384 418 1217 3386 3385 1217 1218 3387 3386 1218 1401 3388 3387 1401 417 3389 3388 417 418 3385 3389 419 1041 3391 3390 1041 1042 3392 3391 1042 1217 3393 3392 1217 418 3394 3393 418 419 3390 3394 420 869 3396 3395 869 870 3397 3396 870 1041 3398 3397 1041 419 3399 3398 419 420 3395 3399 421 871 3401 3400 871 872 3402 3401 872 869 3403 3402 869 420 3404 3403 420 421 3400 3404 422 873 3406 3405 873 874 3407 3406 874 871 3408 3407 871 421 3409 3408 421 422 3405 3409 423 878 3411 3410 878 875 3412 3411 875 876 3413 3412 876 873 3414 3413 873 422 3415 3414 422 423 3410 3415 424 877 3417 3416 877 878 3418 3417 878 423 3419 3418 423 424 3416 3419 425 1044 3421 3420 1044 879 3422 3421 879 880 3423 3422 880 877 3424 3423 877 424 3425 3424 424 425 3420 3425 426 1043 3427 3426 1043 1044 3428 3427 1044 425 3429 3428 425 426 3426 3429 1219 1043 3431 3430 1043 426 3432 3431 426 427 3433 3432 427 1220 3434 3433 1220 1219 3430 3434 1403 1220 3436 3435 1220 427 3437 3436 427 428 3438 3437 428 1404 3439 3438 1404 1403 3435 3439 430 1405 3441 3440 1405 1406 3442 3441 1406 429 3443 3442 429 430 3440 3443 431 1221 3445 3444 1221 1222 3446 3445 1222 1405 3447 3446 1405 430 3448 3447 430 431 3444 3448 1221 431 3450 3449 431 432 3451 3450 432 882 3452 3451 882 1050 3453 3452 1050 1049 3454 3453 1049 1221 3449 3454 433 884 3456 3455 884 881 3457 3456 881 882 3458 3457 882 432 3459 3458 432 433 3455 3459 434 886 3461 3460 886 883 3462 3461 883 884 3463 3462 884 433 3464 3463 433 434 3460 3464 435 888 3466 3465 888 885 3467 3466 885 886 3468 3467 886 434 3469 3468 434 435 3465 3469 436 890 3471 3470 890 887 3472 3471 887 888 3473 3472 888 435 3474 3473 435 436 3470 3474 437 889 3476 3475 889 890 3477 3476 890 436 3478 3477 436 437 3475 3478 438 1052 3480 3479 1052 891 3481 3480 891 892 3482 3481 892 889 3483 3482 889 437 3484 3483 437 438 3479 3484 439 1051 3486 3485 1051 1052 3487 3486 1052 438 3488 3487 438 439 3485 3488 1223 1051 3490 3489 1051 439 3491 3490 439 440 3492 3491 440 1224 3493 3492 1224 1223 3489 3493 1407 1224 3495 3494 1224 440 3496 3495 440 441 3497 3496 441 1408 3498 3497 1408 1407 3494 3498 443 1409 3500 3499 1409 1410 3501 3500 1410 442 3502 3501 442 443 3499 3502 444 1225 3504 3503 1225 1226 3505 3504 1226 1409 3506 3505 1409 443 3507 3506 443 444 3503 3507 445 1057 3509 3508 1057 1058 3510 3509 1058 1225 3511 3510 1225 444 3512 3511 444 445 3508 3512 446 896 3514 3513 896 893 3515 3514 893 894 3516 3515 894 1057 3517 3516 1057 445 3518 3517 445 446 3513 3518 447 898 3520 3519 898 895 3521 3520 895 896 3522 3521 896 446 3523 3522 446 447 3519 3523 448 900 3525 3524 900 897 3526 3525 897 898 3527 3526 898 447 3528 3527 447 448 3524 3528 449 902 3530 3529 902 899 3531 3530 899 900 3532 3531 900 448 3533 3532 448 449 3529 3533 450 901 3535 3534 901 902 3536 3535 902 449 3537 3536 449 450 3534 3537 451 1060 3539 3538 1060 903 3540 3539 903 904 3541 3540 904 901 3542 3541 901 450 3543 3542 450 451 3538 3543 452 1059 3545 3544 1059 1060 3546 3545 1060 451 3547 3546 451 452 3544 3547 1227 1059 3549 3548 1059 452 3550 3549 452 453 3551 3550 453 1228 3552 3551 1228 1227 3548 3552 1411 1228 3554 3553 1228 453 3555 3554 453 454 3556 3555 454 1412 3557 3556 1412 1411 3553 3557 456 1415 3559 3558 1415 1416 3560 3559 1416 455 3561 3560 455 456 3558 3561 457 1233 3563 3562 1233 1234 3564 3563 1234 1415 3565 3564 1415 456 3566 3565 456 457 3562 3566 1233 457 3568 3567 457 458 3569 3568 458 906 3570 3569 906 1066 3571 3570 1066 1065 3572 3571 1065 1233 3567 3572 459 905 3574 3573 905 906 3575 3574 906 458 3576 3575 458 459 3573 3576 460 910 3578 3577 910 907 3579 3578 907 908 3580 3579 908 905 3581 3580 905 459 3582 3581 459 460 3577 3582 461 912 3584 3583 912 909 3585 3584 909 910 3586 3585 910 460 3587 3586 460 461 3583 3587 462 914 3589 3588 914 911 3590 3589 911 912 3591 3590 912 461 3592 3591 461 462 3588 3592 463 913 3594 3593 913 914 3595 3594 914 462 3596 3595 462 463 3593 3596 464 1068 3598 3597 1068 915 3599 3598 915 916 3600 3599 916 913 3601 3600 913 463 3602 3601 463 464 3597 3602 465 1067 3604 3603 1067 1068 3605 3604 1068 464 3606 3605 464 465 3603 3606 1235 1067 3608 3607 1067 465 3609 3608 465 466 3610 3609 466 1236 3611 3610 1236 1235 3607 3611 1419 1236 3613 3612 1236 466 3614 3613 466 467 3615 3614 467 1420 3616 3615 1420 1419 3612 3616 469 1425 3618 3617 1425 1426 3619 3618 1426 468 3620 3619 468 469 3617 3620 470 1241 3622 3621 1241 1242 3623 3622 1242 1425 3624 3623 1425 469 3625 3624 469 470 3621 3625 471 1073 3627 3626 1073 1074 3628 3627 1074 1241 3629 3628 1241 470 3630 3629 470 471 3626 3630 1073 471 3632 3631 471 472 3633 3632 472 930 3634 3633 930 938 3635 3634 938 937 3636 3635 937 1073 3631 3636 473 929 3638 3637 929 930 3639 3638 930 472 3640 3639 472 473 3637 3640 929 473 3642 3641 473 474 3643 3642 474 922 3644 3643 922 921 3645 3644 921 929 3641 3645 475 932 3647 3646 932 923 3648 3647 923 924 3649 3648 924 922 3650 3649 922 474 3651 3650 474 475 3646 3651 476 931 3653 3652 931 932 3654 3653 932 475 3655 3654 475 476 3652 3655 939 931 3657 3656 931 476 3658 3657 476 477 3659 3658 477 1076 3660 3659 1076 940 3661 3660 940 939 3656 3661 478 1075 3663 3662 1075 1076 3664 3663 1076 477 3665 3664 477 478 3662 3665 1243 1075 3667 3666 1075 478 3668 3667 478 479 3669 3668 479 1244 3670 3669 1244 1243 3666 3670 1427 1244 3672 3671 1244 479 3673 3672 479 480 3674 3673 480 1428 3675 3674 1428 1427 3671 3675 482 1433 3677 3676 1433 1434 3678 3677 1434 481 3679 3678 481 482 3676 3679 483 1249 3681 3680 1249 1250 3682 3681 1250 1433 3683 3682 1433 482 3684 3683 482 483 3680 3684 484 1105 3686 3685 1105 1106 3687 3686 1106 1249 3688 3687 1249 483 3689 3688 483 484 3685 3689 484 1097 3691 3690 1097 1098 3692 3691 1098 497 3693 3692 497 1105 3694 3693 1105 484 3690 3694 486 1089 3696 3695 1089 1090 3697 3696 1090 485 3698 3697 485 486 3695 3698 487 1081 3700 3699 1081 1082 3701 3700 1082 1089 3702 3701 1089 486 3703 3702 486 487 3699 3703 1083 1081 3705 3704 1081 487 3706 3705 487 488 3707 3706 488 1084 3708 3707 1084 1083 3704 3708 489 1091 3710 3709 1091 1092 3711 3710 1092 1084 3712 3711 1084 488 3713 3712 488 489 3709 3713 1099 502 3715 3714 502 1091 3716 3715 1091 489 3717 3716 489 1100 3718 3717 1100 1099 3714 3718 491 1252 3720 3719 1252 1107 3721 3720 1107 1108 3722 3721 1108 490 3723 3722 490 491 3719 3723 492 1251 3725 3724 1251 1252 3726 3725 1252 491 3727 3726 491 492 3724 3727 1435 1251 3729 3728 1251 492 3730 3729 492 493 3731 3730 493 1436 3732 3731 1436 1435 3728 3732 495 1441 3734 3733 1441 1442 3735 3734 1442 494 3736 3735 494 495 3733 3736 496 1289 3738 3737 1289 1290 3739 3738 1290 1441 3740 3739 1441 495 3741 3740 495 496 3737 3741 497 1281 3743 3742 1281 1282 3744 3743 1282 1289 3745 3744 1289 496 3746 3745 496 497 3742 3746 1262 1273 3748 3747 1273 1274 3749 3748 1274 1281 3750 3749 1281 497 3751 3750 497 1098 3752 3751 1098 498 3753 3752 498 1262 3747 3753 499 1261 3755 3754 1261 1262 3756 3755 1262 498 3757 3756 498 499 3754 3757 500 1263 3759 3758 1263 1264 3760 3759 1264 1261 3761 3760 1261 499 3762 3761 499 500 3758 3762 501 1265 3764 3763 1265 1266 3765 3764 1266 1263 3766 3765 1263 500 3767 3766 500 501 3763 3767 1267 1265 3769 3768 1265 501 3770 3769 501 502 3771 3770 502 1268 3772 3771 1268 1267 3768 3772 503 1284 3774 3773 1284 1275 3775 3774 1275 1276 3776 3775 1276 1268 3777 3776 1268 502 3778 3777 502 1099 3779 3778 1099 503 3773 3779 504 1283 3781 3780 1283 1284 3782 3781 1284 503 3783 3782 503 504 3780 3783 1291 1283 3785 3784 1283 504 3786 3785 504 505 3787 3786 505 1292 3788 3787 1292 1291 3784 3788 1443 1292 3790 3789 1292 505 3791 3790 505 506 3792 3791 506 1444 3793 3792 1444 1443 3789 3793 508 1489 3795 3794 1489 1490 3796 3795 1490 507 3797 3796 507 508 3794 3797 509 1479 3799 3798 1479 1480 3800 3799 1480 1489 3801 3800 1489 508 3802 3801 508 509 3798 3802 510 1471 3804 3803 1471 1472 3805 3804 1472 1479 3806 3805 1479 509 3807 3806 509 510 3803 3807 1471 510 3809 3808 510 511 3810 3809 511 1458 3811 3810 1458 1457 3812 3811 1457 1471 3808 3812 512 1459 3814 3813 1459 1460 3815 3814 1460 1458 3816 3815 1458 511 3817 3816 511 512 3813 3817 513 1461 3819 3818 1461 1462 3820 3819 1462 1459 3821 3820 1459 512 3822 3821 512 513 3818 3822 514 1463 3824 3823 1463 1464 3825 3824 1464 1461 3826 3825 1461 513 3827 3826 513 514 3823 3827 1465 1463 3829 3828 1463 514 3830 3829 514 515 3831 3830 515 1466 3832 3831 1466 1465 3828 3832 1467 1466 3834 3833 1466 515 3835 3834 515 516 3836 3835 516 1468 3837 3836 1468 1467 3833 3837 517 1473 3839 3838 1473 1474 3840 3839 1474 1468 3841 3840 1468 516 3842 3841 516 517 3838 3842 1481 1473 3844 3843 1473 517 3845 3844 517 518 3846 3845 518 1482 3847 3846 1482 1481 3843 3847 1491 1482 3849 3848 1482 518 3850 3849 518 519 3851 3850 519 1492 3852 3851 1492 1491 3848 3852 533 536 3854 3853 536 69 3855 3854 69 68 3856 3855 68 1062 3857 3856 1062 534 3858 3857 534 533 3853 3858 535 538 3860 3859 538 70 3861 3860 70 69 3862 3861 69 536 3863 3862 536 535 3859 3863 537 71 3865 3864 71 70 3866 3865 70 538 3867 3866 538 537 3864 3867 539 72 3869 3868 72 71 3870 3869 71 537 3871 3870 537 540 3872 3871 540 539 3868 3872 541 73 3874 3873 73 72 3875 3874 72 539 3876 3875 539 542 3877 3876 542 541 3873 3877 543 1063 3879 3878 1063 74 3880 3879 74 73 3881 3880 73 541 3882 3881 541 544 3883 3882 544 543 3878 3883 545 82 3885 3884 82 81 3886 3885 81 546 3887 3886 546 545 3884 3887 547 83 3889 3888 83 82 3890 3889 82 545 3891 3890 545 548 3892 3891 548 547 3888 3892 549 84 3894 3893 84 83 3895 3894 83 547 3896 3895 547 550 3897 3896 550 549 3893 3897 551 85 3899 3898 85 84 3900 3899 84 549 3901 3900 549 552 3902 3901 552 551 3898 3902 553 556 3904 3903 556 86 3905 3904 86 85 3906 3905 85 551 3907 3906 551 554 3908 3907 554 553 3903 3908 555 1055 3910 3909 1055 87 3911 3910 87 86 3912 3911 86 556 3913 3912 556 555 3909 3913 557 95 3915 3914 95 94 3916 3915 94 1046 3917 3916 1046 558 3918 3917 558 557 3914 3918 559 562 3920 3919 562 96 3921 3920 96 95 3922 3921 95 557 3923 3922 557 560 3924 3923 560 559 3919 3924 561 97 3926 3925 97 96 3927 3926 96 562 3928 3927 562 561 3925 3928 563 98 3930 3929 98 97 3931 3930 97 561 3932 3931 561 564 3933 3932 564 563 3929 3933 565 99 3935 3934 99 98 3936 3935 98 563 3937 3936 563 566 3938 3937 566 565 3934 3938 567 1047 3940 3939 1047 100 3941 3940 100 99 3942 3941 99 565 3943 3942 565 568 3944 3943 568 567 3939 3944 569 572 3946 3945 572 108 3947 3946 108 107 3948 3947 107 570 3949 3948 570 569 3945 3949 571 574 3951 3950 574 109 3952 3951 109 108 3953 3952 108 572 3954 3953 572 571 3950 3954 573 576 3956 3955 576 110 3957 3956 110 109 3958 3957 109 574 3959 3958 574 573 3955 3959 575 111 3961 3960 111 110 3962 3961 110 576 3963 3962 576 575 3960 3963 577 112 3965 3964 112 111 3966 3965 111 575 3967 3966 575 578 3968 3967 578 577 3964 3968 579 943 3970 3969 943 113 3971 3970 113 112 3972 3971 112 577 3973 3972 577 580 3974 3973 580 579 3969 3974 581 584 3976 3975 584 121 3977 3976 121 120 3978 3977 120 946 3979 3978 946 582 3980 3979 582 581 3975 3980 583 586 3982 3981 586 122 3983 3982 122 121 3984 3983 121 584 3985 3984 584 583 3981 3985 585 588 3987 3986 588 123 3988 3987 123 122 3989 3988 122 586 3990 3989 586 585 3986 3990 587 124 3992 3991 124 123 3993 3992 123 588 3994 3993 588 587 3991 3994 589 125 3996 3995 125 124 3997 3996 124 587 3998 3997 587 590 3999 3998 590 589 3995 3999 591 947 4001 4000 947 126 4002 4001 126 125 4003 4002 125 589 4004 4003 589 592 4005 4004 592 591 4000 4005 593 596 4007 4006 596 134 4008 4007 134 133 4009 4008 133 950 4010 4009 950 594 4011 4010 594 593 4006 4011 595 598 4013 4012 598 135 4014 4013 135 134 4015 4014 134 596 4016 4015 596 595 4012 4016 597 600 4018 4017 600 136 4019 4018 136 135 4020 4019 135 598 4021 4020 598 597 4017 4021 599 602 4023 4022 602 137 4024 4023 137 136 4025 4024 136 600 4026 4025 600 599 4022 4026 601 604 4028 4027 604 138 4029 4028 138 137 4030 4029 137 602 4031 4030 602 601 4027 4031 603 951 4033 4032 951 139 4034 4033 139 138 4035 4034 138 604 4036 4035 604 603 4032 4036 605 147 4038 4037 147 146 4039 4038 146 606 4040 4039 606 605 4037 4040 607 610 4042 4041 610 148 4043 4042 148 147 4044 4043 147 605 4045 4044 605 608 4046 4045 608 607 4041 4046 609 612 4048 4047 612 149 4049 4048 149 148 4050 4049 148 610 4051 4050 610 609 4047 4051 611 150 4053 4052 150 149 4054 4053 149 612 4055 4054 612 611 4052 4055 613 151 4057 4056 151 150 4058 4057 150 611 4059 4058 611 614 4060 4059 614 613 4056 4060 615 955 4062 4061 955 152 4063 4062 152 151 4064 4063 151 613 4065 4064 613 616 4066 4065 616 615 4061 4066 617 620 4068 4067 620 160 4069 4068 160 159 4070 4069 159 618 4071 4070 618 617 4067 4071 619 161 4073 4072 161 160 4074 4073 160 620 4075 4074 620 619 4072 4075 621 624 4077 4076 624 162 4078 4077 162 161 4079 4078 161 619 4080 4079 619 622 4081 4080 622 621 4076 4081 623 626 4083 4082 626 163 4084 4083 163 162 4085 4084 162 624 4086 4085 624 623 4082 4086 625 164 4088 4087 164 163 4089 4088 163 626 4090 4089 626 625 4087 4090 627 165 4092 4091 165 164 4093 4092 164 625 4094 4093 625 628 4095 4094 628 627 4091 4095 629 632 4097 4096 632 173 4098 4097 173 172 4099 4098 172 962 4100 4099 962 630 4101 4100 630 629 4096 4101 631 634 4103 4102 634 174 4104 4103 174 173 4105 4104 173 632 4106 4105 632 631 4102 4106 633 175 4108 4107 175 174 4109 4108 174 634 4110 4109 634 633 4107 4110 635 176 4112 4111 176 175 4113 4112 175 633 4114 4113 633 636 4115 4114 636 635 4111 4115 637 177 4117 4116 177 176 4118 4117 176 635 4119 4118 635 638 4120 4119 638 637 4116 4120 639 178 4122 4121 178 177 4123 4122 177 637 4124 4123 637 640 4125 4124 640 639 4121 4125 641 644 4127 4126 644 186 4128 4127 186 185 4129 4128 185 642 4130 4129 642 641 4126 4130 643 646 4132 4131 646 187 4133 4132 187 186 4134 4133 186 644 4135 4134 644 643 4131 4135 645 648 4137 4136 648 188 4138 4137 188 187 4139 4138 187 646 4140 4139 646 645 4136 4140 647 650 4142 4141 650 189 4143 4142 189 188 4144 4143 188 648 4145 4144 648 647 4141 4145 649 652 4147 4146 652 190 4148 4147 190 189 4149 4148 189 650 4150 4149 650 649 4146 4150 651 191 4152 4151 191 190 4153 4152 190 652 4154 4153 652 651 4151 4154 653 199 4156 4155 199 198 4157 4156 198 654 4158 4157 654 653 4155 4158 655 200 4160 4159 200 199 4161 4160 199 653 4162 4161 653 656 4163 4162 656 655 4159 4163 657 201 4165 4164 201 200 4166 4165 200 655 4167 4166 655 658 4168 4167 658 657 4164 4168 659 202 4170 4169 202 201 4171 4170 201 657 4172 4171 657 660 4173 4172 660 659 4169 4173 661 203 4175 4174 203 202 4176 4175 202 659 4177 4176 659 662 4178 4177 662 661 4174 4178 663 971 4180 4179 971 204 4181 4180 204 203 4182 4181 203 661 4183 4182 661 664 4184 4183 664 663 4179 4184 665 212 4186 4185 212 211 4187 4186 211 974 4188 4187 974 666 4189 4188 666 665 4185 4189 667 670 4191 4190 670 213 4192 4191 213 212 4193 4192 212 665 4194 4193 665 668 4195 4194 668 667 4190 4195 669 672 4197 4196 672 214 4198 4197 214 213 4199 4198 213 670 4200 4199 670 669 4196 4200 671 674 4202 4201 674 215 4203 4202 215 214 4204 4203 214 672 4205 4204 672 671 4201 4205 673 216 4207 4206 216 215 4208 4207 215 674 4209 4208 674 673 4206 4209 675 975 4211 4210 975 217 4212 4211 217 216 4213 4212 216 673 4214 4213 673 676 4215 4214 676 675 4210 4215 677 680 4217 4216 680 225 4218 4217 225 224 4219 4218 224 978 4220 4219 978 678 4221 4220 678 677 4216 4221 679 226 4223 4222 226 225 4224 4223 225 680 4225 4224 680 679 4222 4225 681 227 4227 4226 227 226 4228 4227 226 679 4229 4228 679 682 4230 4229 682 681 4226 4230 683 228 4232 4231 228 227 4233 4232 227 681 4234 4233 681 684 4235 4234 684 683 4231 4235 685 688 4237 4236 688 229 4238 4237 229 228 4239 4238 228 683 4240 4239 683 686 4241 4240 686 685 4236 4241 687 230 4243 4242 230 229 4244 4243 229 688 4245 4244 688 687 4242 4245 689 238 4247 4246 238 237 4248 4247 237 690 4249 4248 690 689 4246 4249 691 694 4251 4250 694 239 4252 4251 239 238 4253 4252 238 689 4254 4253 689 692 4255 4254 692 691 4250 4255 693 696 4257 4256 696 240 4258 4257 240 239 4259 4258 239 694 4260 4259 694 693 4256 4260 695 241 4262 4261 241 240 4263 4262 240 696 4264 4263 696 695 4261 4264 697 242 4266 4265 242 241 4267 4266 241 695 4268 4267 695 698 4269 4268 698 697 4265 4269 699 243 4271 4270 243 242 4272 4271 242 697 4273 4272 697 700 4274 4273 700 699 4270 4274 701 704 4276 4275 704 251 4277 4276 251 250 4278 4277 250 986 4279 4278 986 702 4280 4279 702 701 4275 4280 703 252 4282 4281 252 251 4283 4282 251 704 4284 4283 704 703 4281 4284 705 253 4286 4285 253 252 4287 4286 252 703 4288 4287 703 706 4289 4288 706 705 4285 4289 707 254 4291 4290 254 253 4292 4291 253 705 4293 4292 705 708 4294 4293 708 707 4290 4294 709 712 4296 4295 712 255 4297 4296 255 254 4298 4297 254 707 4299 4298 707 710 4300 4299 710 709 4295 4300 711 256 4302 4301 256 255 4303 4302 255 712 4304 4303 712 711 4301 4304 713 264 4306 4305 264 263 4307 4306 263 990 4308 4307 990 714 4309 4308 714 713 4305 4309 715 265 4311 4310 265 264 4312 4311 264 713 4313 4312 713 716 4314 4313 716 715 4310 4314 717 266 4316 4315 266 265 4317 4316 265 715 4318 4317 715 718 4319 4318 718 717 4315 4319 719 722 4321 4320 722 267 4322 4321 267 266 4323 4322 266 717 4324 4323 717 720 4325 4324 720 719 4320 4325 721 268 4327 4326 268 267 4328 4327 267 722 4329 4328 722 721 4326 4329 723 991 4331 4330 991 269 4332 4331 269 268 4333 4332 268 721 4334 4333 721 724 4335 4334 724 723 4330 4335 725 728 4337 4336 728 277 4338 4337 277 276 4339 4338 276 994 4340 4339 994 726 4341 4340 726 725 4336 4341 727 278 4343 4342 278 277 4344 4343 277 728 4345 4344 728 727 4342 4345 729 279 4347 4346 279 278 4348 4347 278 727 4349 4348 727 730 4350 4349 730 729 4346 4350 731 280 4352 4351 280 279 4353 4352 279 729 4354 4353 729 732 4355 4354 732 731 4351 4355 733 736 4357 4356 736 281 4358 4357 281 280 4359 4358 280 731 4360 4359 731 734 4361 4360 734 733 4356 4361 735 995 4363 4362 995 282 4364 4363 282 281 4365 4364 281 736 4366 4365 736 735 4362 4366 737 740 4368 4367 740 290 4369 4368 290 289 4370 4369 289 998 4371 4370 998 738 4372 4371 738 737 4367 4372 739 742 4374 4373 742 291 4375 4374 291 290 4376 4375 290 740 4377 4376 740 739 4373 4377 741 744 4379 4378 744 292 4380 4379 292 291 4381 4380 291 742 4382 4381 742 741 4378 4382 743 746 4384 4383 746 293 4385 4384 293 292 4386 4385 292 744 4387 4386 744 743 4383 4387 745 294 4389 4388 294 293 4390 4389 293 746 4391 4390 746 745 4388 4391 747 295 4393 4392 295 294 4394 4393 294 745 4395 4394 745 748 4396 4395 748 747 4392 4396 749 752 4398 4397 752 303 4399 4398 303 302 4400 4399 302 750 4401 4400 750 749 4397 4401 751 304 4403 4402 304 303 4404 4403 303 752 4405 4404 752 751 4402 4405 753 756 4407 4406 756 305 4408 4407 305 304 4409 4408 304 751 4410 4409 751 754 4411 4410 754 753 4406 4411 755 758 4413 4412 758 306 4414 4413 306 305 4415 4414 305 756 4416 4415 756 755 4412 4416 757 307 4418 4417 307 306 4419 4418 306 758 4420 4419 758 757 4417 4420 759 308 4422 4421 308 307 4423 4422 307 757 4424 4423 757 760 4425 4424 760 759 4421 4425 761 316 4427 4426 316 315 4428 4427 315 762 4429 4428 762 761 4426 4429 763 766 4431 4430 766 317 4432 4431 317 316 4433 4432 316 761 4434 4433 761 764 4435 4434 764 763 4430 4435 765 768 4437 4436 768 318 4438 4437 318 317 4439 4438 317 766 4440 4439 766 765 4436 4440 767 770 4442 4441 770 319 4443 4442 319 318 4444 4443 318 768 4445 4444 768 767 4441 4445 769 772 4447 4446 772 320 4448 4447 320 319 4449 4448 319 770 4450 4449 770 769 4446 4450 771 321 4452 4451 321 320 4453 4452 320 772 4454 4453 772 771 4451 4454 773 776 4456 4455 776 329 4457 4456 329 328 4458 4457 328 1010 4459 4458 1010 774 4460 4459 774 773 4455 4460 775 778 4462 4461 778 330 4463 4462 330 329 4464 4463 329 776 4465 4464 776 775 4461 4465 777 780 4467 4466 780 331 4468 4467 331 330 4469 4468 330 778 4470 4469 778 777 4466 4470 779 782 4472 4471 782 332 4473 4472 332 331 4474 4473 331 780 4475 4474 780 779 4471 4475 781 784 4477 4476 784 333 4478 4477 333 332 4479 4478 332 782 4480 4479 782 781 4476 4480 783 1011 4482 4481 1011 334 4483 4482 334 333 4484 4483 333 784 4485 4484 784 783 4481 4485 785 788 4487 4486 788 342 4488 4487 342 341 4489 4488 341 1014 4490 4489 1014 786 4491 4490 786 785 4486 4491 787 343 4493 4492 343 342 4494 4493 342 788 4495 4494 788 787 4492 4495 789 344 4497 4496 344 343 4498 4497 343 787 4499 4498 787 790 4500 4499 790 789 4496 4500 791 345 4502 4501 345 344 4503 4502 344 789 4504 4503 789 792 4505 4504 792 791 4501 4505 793 346 4507 4506 346 345 4508 4507 345 791 4509 4508 791 794 4510 4509 794 793 4506 4510 795 347 4512 4511 347 346 4513 4512 346 793 4514 4513 793 796 4515 4514 796 795 4511 4515 797 800 4517 4516 800 355 4518 4517 355 354 4519 4518 354 798 4520 4519 798 797 4516 4520 799 802 4522 4521 802 356 4523 4522 356 355 4524 4523 355 800 4525 4524 800 799 4521 4525 801 804 4527 4526 804 357 4528 4527 357 356 4529 4528 356 802 4530 4529 802 801 4526 4530 803 806 4532 4531 806 358 4533 4532 358 357 4534 4533 357 804 4535 4534 804 803 4531 4535 805 359 4537 4536 359 358 4538 4537 358 806 4539 4538 806 805 4536 4539 807 360 4541 4540 360 359 4542 4541 359 805 4543 4542 805 808 4544 4543 808 807 4540 4544 809 368 4546 4545 368 367 4547 4546 367 810 4548 4547 810 809 4545 4548 811 814 4550 4549 814 369 4551 4550 369 368 4552 4551 368 809 4553 4552 809 812 4554 4553 812 811 4549 4554 813 816 4556 4555 816 370 4557 4556 370 369 4558 4557 369 814 4559 4558 814 813 4555 4559 815 371 4561 4560 371 370 4562 4561 370 816 4563 4562 816 815 4560 4563 817 820 4565 4564 820 372 4566 4565 372 371 4567 4566 371 815 4568 4567 815 818 4569 4568 818 817 4564 4569 819 373 4571 4570 373 372 4572 4571 372 820 4573 4572 820 819 4570 4573 821 381 4575 4574 381 380 4576 4575 380 1026 4577 4576 1026 822 4578 4577 822 821 4574 4578 823 826 4580 4579 826 382 4581 4580 382 381 4582 4581 381 821 4583 4582 821 824 4584 4583 824 823 4579 4584 825 828 4586 4585 828 383 4587 4586 383 382 4588 4587 382 826 4589 4588 826 825 4585 4589 827 830 4591 4590 830 384 4592 4591 384 383 4593 4592 383 828 4594 4593 828 827 4590 4594 829 832 4596 4595 832 385 4597 4596 385 384 4598 4597 384 830 4599 4598 830 829 4595 4599 831 1027 4601 4600 1027 386 4602 4601 386 385 4603 4602 385 832 4604 4603 832 831 4600 4604 833 836 4606 4605 836 394 4607 4606 394 393 4608 4607 393 834 4609 4608 834 833 4605 4609 835 395 4611 4610 395 394 4612 4611 394 836 4613 4612 836 835 4610 4613 837 396 4615 4614 396 395 4616 4615 395 835 4617 4616 835 838 4618 4617 838 837 4614 4618 839 397 4620 4619 397 396 4621 4620 396 837 4622 4621 837 840 4623 4622 840 839 4619 4623 841 844 4625 4624 844 398 4626 4625 398 397 4627 4626 397 839 4628 4627 839 842 4629 4628 842 841 4624 4629 843 1031 4631 4630 1031 399 4632 4631 399 398 4633 4632 398 844 4634 4633 844 843 4630 4634 845 407 4636 4635 407 406 4637 4636 406 846 4638 4637 846 845 4635 4638 847 850 4640 4639 850 408 4641 4640 408 407 4642 4641 407 845 4643 4642 845 848 4644 4643 848 847 4639 4644 849 852 4646 4645 852 409 4647 4646 409 408 4648 4647 408 850 4649 4648 850 849 4645 4649 851 410 4651 4650 410 409 4652 4651 409 852 4653 4652 852 851 4650 4653 853 411 4655 4654 411 410 4656 4655 410 851 4657 4656 851 854 4658 4657 854 853 4654 4658 855 1035 4660 4659 1035 412 4661 4660 412 411 4662 4661 411 853 4663 4662 853 856 4664 4663 856 855 4659 4664 857 420 4666 4665 420 419 4667 4666 419 1038 4668 4667 1038 858 4669 4668 858 857 4665 4669 859 421 4671 4670 421 420 4672 4671 420 857 4673 4672 857 860 4674 4673 860 859 4670 4674 861 422 4676 4675 422 421 4677 4676 421 859 4678 4677 859 862 4679 4678 862 861 4675 4679 863 423 4681 4680 423 422 4682 4681 422 861 4683 4682 861 864 4684 4683 864 863 4680 4684 865 424 4686 4685 424 423 4687 4686 423 863 4688 4687 863 866 4689 4688 866 865 4685 4689 867 1039 4691 4690 1039 425 4692 4691 425 424 4693 4692 424 865 4694 4693 865 868 4695 4694 868 867 4690 4695 869 872 4697 4696 872 433 4698 4697 433 432 4699 4698 432 870 4700 4699 870 869 4696 4700 871 874 4702 4701 874 434 4703 4702 434 433 4704 4703 433 872 4705 4704 872 871 4701 4705 873 876 4707 4706 876 435 4708 4707 435 434 4709 4708 434 874 4710 4709 874 873 4706 4710 875 436 4712 4711 436 435 4713 4712 435 876 4714 4713 876 875 4711 4714 877 880 4716 4715 880 437 4717 4716 437 436 4718 4717 436 875 4719 4718 875 878 4720 4719 878 877 4715 4720 879 438 4722 4721 438 437 4723 4722 437 880 4724 4723 880 879 4721 4724 881 446 4726 4725 446 445 4727 4726 445 1050 4728 4727 1050 882 4729 4728 882 881 4725 4729 883 447 4731 4730 447 446 4732 4731 446 881 4733 4732 881 884 4734 4733 884 883 4730 4734 885 448 4736 4735 448 447 4737 4736 447 883 4738 4737 883 886 4739 4738 886 885 4735 4739 887 449 4741 4740 449 448 4742 4741 448 885 4743 4742 885 888 4744 4743 888 887 4740 4744 889 892 4746 4745 892 450 4747 4746 450 449 4748 4747 449 887 4749 4748 887 890 4750 4749 890 889 4745 4750 891 451 4752 4751 451 450 4753 4752 450 892 4754 4753 892 891 4751 4754 893 459 4756 4755 459 458 4757 4756 458 894 4758 4757 894 893 4755 4758 895 460 4760 4759 460 459 4761 4760 459 893 4762 4761 893 896 4763 4762 896 895 4759 4763 897 461 4765 4764 461 460 4766 4765 460 895 4767 4766 895 898 4768 4767 898 897 4764 4768 899 462 4770 4769 462 461 4771 4770 461 897 4772 4771 897 900 4773 4772 900 899 4769 4773 901 904 4775 4774 904 463 4776 4775 463 462 4777 4776 462 899 4778 4777 899 902 4779 4778 902 901 4774 4779 903 464 4781 4780 464 463 4782 4781 463 904 4783 4782 904 903 4780 4783 905 908 4785 4784 908 472 4786 4785 472 471 4787 4786 471 1066 4788 4787 1066 906 4789 4788 906 905 4784 4789 907 473 4791 4790 473 472 4792 4791 472 908 4793 4792 908 907 4790 4793 909 474 4795 4794 474 473 4796 4795 473 907 4797 4796 907 910 4798 4797 910 909 4794 4798 911 475 4800 4799 475 474 4801 4800 474 909 4802 4801 909 912 4803 4802 912 911 4799 4803 913 916 4805 4804 916 476 4806 4805 476 475 4807 4806 475 911 4808 4807 911 914 4809 4808 914 913 4804 4809 915 477 4811 4810 477 476 4812 4811 476 916 4813 4812 916 915 4810 4813 926 917 4815 4814 917 918 4816 4815 918 920 4817 4816 920 58 4818 4817 58 57 4819 4818 57 926 4814 4819 919 927 4821 4820 927 59 4822 4821 59 58 4823 4822 58 920 4824 4823 920 919 4820 4824 486 921 4826 4825 921 922 4827 4826 922 924 4828 4827 924 487 4829 4828 487 486 4825 4829 923 488 4831 4830 488 487 4832 4831 487 924 4833 4832 924 923 4830 4833 56 925 4835 4834 925 926 4836 4835 926 57 4837 4836 57 56 4834 4837 59 927 4839 4838 927 928 4840 4839 928 60 4841 4840 60 59 4838 4841 929 921 4843 4842 921 486 4844 4843 486 485 4845 4844 485 938 4846 4845 938 930 4847 4846 930 929 4842 4847 931 939 4849 4848 939 489 4850 4849 489 488 4851 4850 488 923 4852 4851 923 932 4853 4852 932 931 4848 4853 933 925 4855 4854 925 56 4856 4855 56 55 4857 4856 55 1070 4858 4857 1070 934 4859 4858 934 933 4854 4859 935 1071 4861 4860 1071 61 4862 4861 61 60 4863 4862 60 928 4864 4863 928 936 4865 4864 936 935 4860 4865 484 937 4867 4866 937 938 4868 4867 938 485 4869 4868 485 1097 4870 4869 1097 484 4866 4870 489 939 4872 4871 939 940 4873 4872 940 490 4874 4873 490 1100 4875 4874 1100 489 4871 4875 941 570 4877 4876 570 107 4878 4877 107 106 4879 4878 106 942 4880 4879 942 941 4876 4880 113 943 4882 4881 943 944 4883 4882 944 1119 4884 4883 1119 114 4885 4884 114 113 4881 4885 119 945 4887 4886 945 946 4888 4887 946 120 4889 4888 120 119 4886 4889 126 947 4891 4890 947 948 4892 4891 948 1123 4893 4892 1123 127 4894 4893 127 126 4890 4894 132 949 4896 4895 949 950 4897 4896 950 133 4898 4897 133 132 4895 4898 139 951 4900 4899 951 952 4901 4900 952 1127 4902 4901 1127 140 4903 4902 140 139 4899 4903 953 606 4905 4904 606 146 4906 4905 146 145 4907 4906 145 954 4908 4907 954 953 4904 4908 152 955 4910 4909 955 956 4911 4910 956 1131 4912 4911 1131 153 4913 4912 153 152 4909 4913 957 618 4915 4914 618 159 4916 4915 159 158 4917 4916 158 958 4918 4917 958 957 4914 4918 959 1135 4920 4919 1135 166 4921 4920 166 165 4922 4921 165 627 4923 4922 627 960 4924 4923 960 959 4919 4924 171 961 4926 4925 961 962 4927 4926 962 172 4928 4927 172 171 4925 4928 963 1139 4930 4929 1139 179 4931 4930 179 178 4932 4931 178 639 4933 4932 639 964 4934 4933 964 963 4929 4934 965 642 4936 4935 642 185 4937 4936 185 184 4938 4937 184 966 4939 4938 966 965 4935 4939 967 1143 4941 4940 1143 192 4942 4941 192 191 4943 4942 191 651 4944 4943 651 968 4945 4944 968 967 4940 4945 969 654 4947 4946 654 198 4948 4947 198 197 4949 4948 197 970 4950 4949 970 969 4946 4950 204 971 4952 4951 971 972 4953 4952 972 1147 4954 4953 1147 205 4955 4954 205 204 4951 4955 210 973 4957 4956 973 974 4958 4957 974 211 4959 4958 211 210 4956 4959 217 975 4961 4960 975 976 4962 4961 976 1151 4963 4962 1151 218 4964 4963 218 217 4960 4964 223 977 4966 4965 977 978 4967 4966 978 224 4968 4967 224 223 4965 4968 979 1155 4970 4969 1155 231 4971 4970 231 230 4972 4971 230 687 4973 4972 687 980 4974 4973 980 979 4969 4974 981 690 4976 4975 690 237 4977 4976 237 236 4978 4977 236 982 4979 4978 982 981 4975 4979 983 1159 4981 4980 1159 244 4982 4981 244 243 4983 4982 243 699 4984 4983 699 984 4985 4984 984 983 4980 4985 249 985 4987 4986 985 986 4988 4987 986 250 4989 4988 250 249 4986 4989 987 1163 4991 4990 1163 257 4992 4991 257 256 4993 4992 256 711 4994 4993 711 988 4995 4994 988 987 4990 4995 262 989 4997 4996 989 990 4998 4997 990 263 4999 4998 263 262 4996 4999 269 991 5001 5000 991 992 5002 5001 992 1167 5003 5002 1167 270 5004 5003 270 269 5000 5004 275 993 5006 5005 993 994 5007 5006 994 276 5008 5007 276 275 5005 5008 282 995 5010 5009 995 996 5011 5010 996 1171 5012 5011 1171 283 5013 5012 283 282 5009 5013 288 997 5015 5014 997 998 5016 5015 998 289 5017 5016 289 288 5014 5017 999 1175 5019 5018 1175 296 5020 5019 296 295 5021 5020 295 747 5022 5021 747 1000 5023 5022 1000 999 5018 5023 1001 750 5025 5024 750 302 5026 5025 302 301 5027 5026 301 1002 5028 5027 1002 1001 5024 5028 1003 1179 5030 5029 1179 309 5031 5030 309 308 5032 5031 308 759 5033 5032 759 1004 5034 5033 1004 1003 5029 5034 1005 762 5036 5035 762 315 5037 5036 315 314 5038 5037 314 1006 5039 5038 1006 1005 5035 5039 1007 1183 5041 5040 1183 322 5042 5041 322 321 5043 5042 321 771 5044 5043 771 1008 5045 5044 1008 1007 5040 5045 327 1009 5047 5046 1009 1010 5048 5047 1010 328 5049 5048 328 327 5046 5049 334 1011 5051 5050 1011 1012 5052 5051 1012 1187 5053 5052 1187 335 5054 5053 335 334 5050 5054 340 1013 5056 5055 1013 1014 5057 5056 1014 341 5058 5057 341 340 5055 5058 1015 1191 5060 5059 1191 348 5061 5060 348 347 5062 5061 347 795 5063 5062 795 1016 5064 5063 1016 1015 5059 5064 1017 798 5066 5065 798 354 5067 5066 354 353 5068 5067 353 1018 5069 5068 1018 1017 5065 5069 1019 1195 5071 5070 1195 361 5072 5071 361 360 5073 5072 360 807 5074 5073 807 1020 5075 5074 1020 1019 5070 5075 1021 810 5077 5076 810 367 5078 5077 367 366 5079 5078 366 1022 5080 5079 1022 1021 5076 5080 1023 1199 5082 5081 1199 374 5083 5082 374 373 5084 5083 373 819 5085 5084 819 1024 5086 5085 1024 1023 5081 5086 379 1025 5088 5087 1025 1026 5089 5088 1026 380 5090 5089 380 379 5087 5090 386 1027 5092 5091 1027 1028 5093 5092 1028 1203 5094 5093 1203 387 5095 5094 387 386 5091 5095 1029 834 5097 5096 834 393 5098 5097 393 392 5099 5098 392 1030 5100 5099 1030 1029 5096 5100 399 1031 5102 5101 1031 1032 5103 5102 1032 1207 5104 5103 1207 400 5105 5104 400 399 5101 5105 1033 846 5107 5106 846 406 5108 5107 406 405 5109 5108 405 1034 5110 5109 1034 1033 5106 5110 412 1035 5112 5111 1035 1036 5113 5112 1036 1211 5114 5113 1211 413 5115 5114 413 412 5111 5115 418 1037 5117 5116 1037 1038 5118 5117 1038 419 5119 5118 419 418 5116 5119 425 1039 5121 5120 1039 1040 5122 5121 1040 1215 5123 5122 1215 426 5124 5123 426 425 5120 5124 1041 870 5126 5125 870 432 5127 5126 432 431 5128 5127 431 1042 5129 5128 1042 1041 5125 5129 1043 1219 5131 5130 1219 439 5132 5131 439 438 5133 5132 438 879 5134 5133 879 1044 5135 5134 1044 1043 5130 5135 93 1045 5137 5136 1045 1046 5138 5137 1046 94 5139 5138 94 93 5136 5139 100 1047 5141 5140 1047 1048 5142 5141 1048 1115 5143 5142 1115 101 5144 5143 101 100 5140 5144 444 1049 5146 5145 1049 1050 5147 5146 1050 445 5148 5147 445 444 5145 5148 1051 1223 5150 5149 1223 452 5151 5150 452 451 5152 5151 451 891 5153 5152 891 1052 5154 5153 1052 1051 5149 5154 1053 546 5156 5155 546 81 5157 5156 81 80 5158 5157 80 1054 5159 5158 1054 1053 5155 5159 87 1055 5161 5160 1055 1056 5162 5161 1056 1111 5163 5162 1111 88 5164 5163 88 87 5160 5164 1057 894 5166 5165 894 458 5167 5166 458 457 5168 5167 457 1058 5169 5168 1058 1057 5165 5169 1059 1227 5171 5170 1227 465 5172 5171 465 464 5173 5172 464 903 5174 5173 903 1060 5175 5174 1060 1059 5170 5175 67 1061 5177 5176 1061 1062 5178 5177 1062 68 5179 5178 68 67 5176 5179 74 1063 5181 5180 1063 1064 5182 5181 1064 1231 5183 5182 1231 75 5184 5183 75 74 5180 5184 470 1065 5186 5185 1065 1066 5187 5186 1066 471 5188 5187 471 470 5185 5188 1067 1235 5190 5189 1235 478 5191 5190 478 477 5192 5191 477 915 5193 5192 915 1068 5194 5193 1068 1067 5189 5194 54 1069 5196 5195 1069 1070 5197 5196 1070 55 5198 5197 55 54 5195 5198 61 1071 5200 5199 1071 1072 5201 5200 1072 1239 5202 5201 1239 62 5203 5202 62 61 5199 5203 1073 937 5205 5204 937 484 5206 5205 484 483 5207 5206 483 1074 5208 5207 1074 1073 5204 5208 1075 1243 5210 5209 1243 491 5211 5210 491 490 5212 5211 490 940 5213 5212 940 1076 5214 5213 1076 1075 5209 5214 1077 45 5216 5215 45 44 5217 5216 44 1086 5218 5217 1086 1078 5219 5218 1078 1077 5215 5219 1077 1079 5221 5220 1079 1080 5222 5221 1080 1087 5223 5222 1087 46 5224 5223 46 45 5225 5224 45 1077 5220 5225 1081 1083 5227 5226 1083 500 5228 5227 500 499 5229 5228 499 1082 5230 5229 1082 1081 5226 5230 500 1083 5232 5231 1083 1084 5233 5232 1084 1092 5234 5233 1092 501 5235 5234 501 500 5231 5235 43 1085 5237 5236 1085 1086 5238 5237 1086 44 5239 5238 44 43 5236 5239 46 1087 5241 5240 1087 1088 5242 5241 1088 47 5243 5242 47 46 5240 5243 1089 1082 5245 5244 1082 499 5246 5245 499 498 5247 5246 498 1090 5248 5247 1090 1089 5244 5248 1091 502 5250 5249 502 501 5251 5250 501 1092 5252 5251 1092 1091 5249 5252 1093 30 5254 5253 30 1085 5255 5254 1085 43 5256 5255 43 1094 5257 5256 1094 1093 5253 5257 48 1095 5259 5258 1095 1096 5260 5259 1096 35 5261 5260 35 1103 5262 5261 1103 48 5258 5262 1097 485 5264 5263 485 1090 5265 5264 1090 498 5266 5265 498 1098 5267 5266 1098 1097 5263 5267 503 1099 5269 5268 1099 1100 5270 5269 1100 490 5271 5270 490 1108 5272 5271 1108 503 5268 5272 1246 1101 5274 5273 1101 1102 5275 5274 1102 42 5276 5275 42 41 5277 5276 41 1246 5273 5277 48 1103 5279 5278 1103 1104 5280 5279 1104 1247 5281 5280 1247 49 5282 5281 49 48 5278 5282 1105 497 5284 5283 497 496 5285 5284 496 1106 5286 5285 1106 1105 5283 5286 1107 504 5288 5287 504 503 5289 5288 503 1108 5290 5289 1108 1107 5287 5290 1109 1054 5292 5291 1054 80 5293 5292 80 79 5294 5293 79 1110 5295 5294 1110 1109 5291 5295 88 1111 5297 5296 1111 1112 5298 5297 1112 1295 5299 5298 1295 89 5300 5299 89 88 5296 5300 1113 1045 5302 5301 1045 93 5303 5302 93 92 5304 5303 92 1114 5305 5304 1114 1113 5301 5305 101 1115 5307 5306 1115 1116 5308 5307 1116 1299 5309 5308 1299 102 5310 5309 102 101 5306 5310 1117 942 5312 5311 942 106 5313 5312 106 105 5314 5313 105 1118 5315 5314 1118 1117 5311 5315 114 1119 5317 5316 1119 1120 5318 5317 1120 1303 5319 5318 1303 115 5320 5319 115 114 5316 5320 1121 945 5322 5321 945 119 5323 5322 119 118 5324 5323 118 1122 5325 5324 1122 1121 5321 5325 127 1123 5327 5326 1123 1124 5328 5327 1124 1307 5329 5328 1307 128 5330 5329 128 127 5326 5330 1125 949 5332 5331 949 132 5333 5332 132 131 5334 5333 131 1126 5335 5334 1126 1125 5331 5335 140 1127 5337 5336 1127 1128 5338 5337 1128 1311 5339 5338 1311 141 5340 5339 141 140 5336 5340 1129 954 5342 5341 954 145 5343 5342 145 144 5344 5343 144 1130 5345 5344 1130 1129 5341 5345 153 1131 5347 5346 1131 1132 5348 5347 1132 1315 5349 5348 1315 154 5350 5349 154 153 5346 5350 1133 958 5352 5351 958 158 5353 5352 158 157 5354 5353 157 1134 5355 5354 1134 1133 5351 5355 166 1135 5357 5356 1135 1136 5358 5357 1136 1319 5359 5358 1319 167 5360 5359 167 166 5356 5360 1137 961 5362 5361 961 171 5363 5362 171 170 5364 5363 170 1138 5365 5364 1138 1137 5361 5365 179 1139 5367 5366 1139 1140 5368 5367 1140 1323 5369 5368 1323 180 5370 5369 180 179 5366 5370 1141 966 5372 5371 966 184 5373 5372 184 183 5374 5373 183 1142 5375 5374 1142 1141 5371 5375 192 1143 5377 5376 1143 1144 5378 5377 1144 1327 5379 5378 1327 193 5380 5379 193 192 5376 5380 1145 970 5382 5381 970 197 5383 5382 197 196 5384 5383 196 1146 5385 5384 1146 1145 5381 5385 205 1147 5387 5386 1147 1148 5388 5387 1148 1331 5389 5388 1331 206 5390 5389 206 205 5386 5390 1149 973 5392 5391 973 210 5393 5392 210 209 5394 5393 209 1150 5395 5394 1150 1149 5391 5395 218 1151 5397 5396 1151 1152 5398 5397 1152 1335 5399 5398 1335 219 5400 5399 219 218 5396 5400 1153 977 5402 5401 977 223 5403 5402 223 222 5404 5403 222 1154 5405 5404 1154 1153 5401 5405 231 1155 5407 5406 1155 1156 5408 5407 1156 1339 5409 5408 1339 232 5410 5409 232 231 5406 5410 1157 982 5412 5411 982 236 5413 5412 236 235 5414 5413 235 1158 5415 5414 1158 1157 5411 5415 244 1159 5417 5416 1159 1160 5418 5417 1160 1343 5419 5418 1343 245 5420 5419 245 244 5416 5420 1161 985 5422 5421 985 249 5423 5422 249 248 5424 5423 248 1162 5425 5424 1162 1161 5421 5425 257 1163 5427 5426 1163 1164 5428 5427 1164 1347 5429 5428 1347 258 5430 5429 258 257 5426 5430 1165 989 5432 5431 989 262 5433 5432 262 261 5434 5433 261 1166 5435 5434 1166 1165 5431 5435 270 1167 5437 5436 1167 1168 5438 5437 1168 1351 5439 5438 1351 271 5440 5439 271 270 5436 5440 1169 993 5442 5441 993 275 5443 5442 275 274 5444 5443 274 1170 5445 5444 1170 1169 5441 5445 283 1171 5447 5446 1171 1172 5448 5447 1172 1355 5449 5448 1355 284 5450 5449 284 283 5446 5450 1173 997 5452 5451 997 288 5453 5452 288 287 5454 5453 287 1174 5455 5454 1174 1173 5451 5455 296 1175 5457 5456 1175 1176 5458 5457 1176 1359 5459 5458 1359 297 5460 5459 297 296 5456 5460 1177 1002 5462 5461 1002 301 5463 5462 301 300 5464 5463 300 1178 5465 5464 1178 1177 5461 5465 309 1179 5467 5466 1179 1180 5468 5467 1180 1363 5469 5468 1363 310 5470 5469 310 309 5466 5470 1181 1006 5472 5471 1006 314 5473 5472 314 313 5474 5473 313 1182 5475 5474 1182 1181 5471 5475 322 1183 5477 5476 1183 1184 5478 5477 1184 1367 5479 5478 1367 323 5480 5479 323 322 5476 5480 1185 1009 5482 5481 1009 327 5483 5482 327 326 5484 5483 326 1186 5485 5484 1186 1185 5481 5485 335 1187 5487 5486 1187 1188 5488 5487 1188 1371 5489 5488 1371 336 5490 5489 336 335 5486 5490 1189 1013 5492 5491 1013 340 5493 5492 340 339 5494 5493 339 1190 5495 5494 1190 1189 5491 5495 348 1191 5497 5496 1191 1192 5498 5497 1192 1375 5499 5498 1375 349 5500 5499 349 348 5496 5500 1193 1018 5502 5501 1018 353 5503 5502 353 352 5504 5503 352 1194 5505 5504 1194 1193 5501 5505 361 1195 5507 5506 1195 1196 5508 5507 1196 1379 5509 5508 1379 362 5510 5509 362 361 5506 5510 1197 1022 5512 5511 1022 366 5513 5512 366 365 5514 5513 365 1198 5515 5514 1198 1197 5511 5515 374 1199 5517 5516 1199 1200 5518 5517 1200 1383 5519 5518 1383 375 5520 5519 375 374 5516 5520 1201 1025 5522 5521 1025 379 5523 5522 379 378 5524 5523 378 1202 5525 5524 1202 1201 5521 5525 387 1203 5527 5526 1203 1204 5528 5527 1204 1387 5529 5528 1387 388 5530 5529 388 387 5526 5530 1205 1030 5532 5531 1030 392 5533 5532 392 391 5534 5533 391 1206 5535 5534 1206 1205 5531 5535 400 1207 5537 5536 1207 1208 5538 5537 1208 1391 5539 5538 1391 401 5540 5539 401 400 5536 5540 1209 1034 5542 5541 1034 405 5543 5542 405 404 5544 5543 404 1210 5545 5544 1210 1209 5541 5545 413 1211 5547 5546 1211 1212 5548 5547 1212 1395 5549 5548 1395 414 5550 5549 414 413 5546 5550 1213 1037 5552 5551 1037 418 5553 5552 418 417 5554 5553 417 1214 5555 5554 1214 1213 5551 5555 426 1215 5557 5556 1215 1216 5558 5557 1216 1399 5559 5558 1399 427 5560 5559 427 426 5556 5560 1217 1042 5562 5561 1042 431 5563 5562 431 430 5564 5563 430 1218 5565 5564 1218 1217 5561 5565 439 1219 5567 5566 1219 1220 5568 5567 1220 1403 5569 5568 1403 440 5570 5569 440 439 5566 5570 1221 1049 5572 5571 1049 444 5573 5572 444 443 5574 5573 443 1222 5575 5574 1222 1221 5571 5575 452 1223 5577 5576 1223 1224 5578 5577 1224 1407 5579 5578 1407 453 5580 5579 453 452 5576 5580 1225 1058 5582 5581 1058 457 5583 5582 457 456 5584 5583 456 1226 5585 5584 1226 1225 5581 5585 465 1227 5587 5586 1227 1228 5588 5587 1228 1411 5589 5588 1411 466 5590 5589 466 465 5586 5590 1229 1061 5592 5591 1061 67 5593 5592 67 66 5594 5593 66 1230 5595 5594 1230 1229 5591 5595 75 1231 5597 5596 1231 1232 5598 5597 1232 1413 5599 5598 1413 76 5600 5599 76 75 5596 5600 1233 1065 5602 5601 1065 470 5603 5602 470 469 5604 5603 469 1234 5605 5604 1234 1233 5601 5605 478 1235 5607 5606 1235 1236 5608 5607 1236 1419 5609 5608 1419 479 5610 5609 479 478 5606 5610 1237 1069 5612 5611 1069 54 5613 5612 54 53 5614 5613 53 1238 5615 5614 1238 1237 5611 5615 62 1239 5617 5616 1239 1240 5618 5617 1240 1423 5619 5618 1423 63 5620 5619 63 62 5616 5620 1241 1074 5622 5621 1074 483 5623 5622 483 482 5624 5623 482 1242 5625 5624 1242 1241 5621 5625 491 1243 5627 5626 1243 1244 5628 5627 1244 1427 5629 5628 1427 492 5630 5629 492 491 5626 5630 40 1245 5632 5631 1245 1246 5633 5632 1246 41 5634 5633 41 40 5631 5634 49 1247 5636 5635 1247 1248 5637 5636 1248 1431 5638 5637 1431 50 5639 5638 50 49 5635 5639 1249 1106 5641 5640 1106 496 5642 5641 496 495 5643 5642 495 1250 5644 5643 1250 1249 5640 5644 1251 1435 5646 5645 1435 505 5647 5646 505 504 5648 5647 504 1107 5649 5648 1107 1252 5650 5649 1252 1251 5645 5650 30 1253 5652 5651 1253 1254 5653 5652 1254 31 5654 5653 31 30 5651 5654 1254 1255 5656 5655 1255 1256 5657 5656 1256 32 5658 5657 32 31 5659 5658 31 1254 5655 5659 1257 1259 5661 5660 1259 33 5662 5661 33 32 5663 5662 32 1256 5664 5663 1256 1258 5665 5664 1258 1257 5660 5665 33 1259 5667 5666 1259 1260 5668 5667 1260 1271 5669 5668 1271 34 5670 5669 34 33 5666 5670 1261 1264 5672 5671 1264 512 5673 5672 512 511 5674 5673 511 1273 5675 5674 1273 1262 5676 5675 1262 1261 5671 5676 1263 1266 5678 5677 1266 513 5679 5678 513 512 5680 5679 512 1264 5681 5680 1264 1263 5677 5681 1265 1267 5683 5682 1267 514 5684 5683 514 513 5685 5684 513 1266 5686 5685 1266 1265 5682 5686 514 1267 5688 5687 1267 1268 5689 5688 1268 1276 5690 5689 1276 515 5691 5690 515 514 5687 5691 29 1269 5693 5692 1269 1270 5694 5693 1270 1253 5695 5694 1253 30 5696 5695 30 1093 5697 5696 1093 29 5692 5697 34 1271 5699 5698 1271 1272 5700 5699 1272 1279 5701 5700 1279 35 5702 5701 35 1096 5703 5702 1096 34 5698 5703 1273 511 5705 5704 511 510 5706 5705 510 1274 5707 5706 1274 1273 5704 5707 1275 516 5709 5708 516 515 5710 5709 515 1276 5711 5710 1276 1275 5708 5711 1277 1269 5713 5712 1269 29 5714 5713 29 28 5715 5714 28 1278 5716 5715 1278 1277 5712 5716 35 1279 5718 5717 1279 1280 5719 5718 1280 1287 5720 5719 1287 36 5721 5720 36 35 5717 5721 1281 1274 5723 5722 1274 510 5724 5723 510 509 5725 5724 509 1282 5726 5725 1282 1281 5722 5726 1283 1291 5728 5727 1291 517 5729 5728 517 516 5730 5729 516 1275 5731 5730 1275 1284 5732 5731 1284 1283 5727 5732 1285 1278 5734 5733 1278 28 5735 5734 28 27 5736 5735 27 1286 5737 5736 1286 1285 5733 5737 36 1287 5739 5738 1287 1288 5740 5739 1288 1439 5741 5740 1439 37 5742 5741 37 36 5738 5742 1289 1282 5744 5743 1282 509 5745 5744 509 508 5746 5745 508 1290 5747 5746 1290 1289 5743 5747 517 1291 5749 5748 1291 1292 5750 5749 1292 1443 5751 5750 1443 518 5752 5751 518 517 5748 5752 1293 1110 5754 5753 1110 79 5755 5754 79 78 5756 5755 78 1294 5757 5756 1294 1293 5753 5757 89 1295 5759 5758 1295 1296 5760 5759 1296 90 5761 5760 90 89 5758 5761 1297 1114 5763 5762 1114 92 5764 5763 92 91 5765 5764 91 1298 5766 5765 1298 1297 5762 5766 102 1299 5768 5767 1299 1300 5769 5768 1300 103 5770 5769 103 102 5767 5770 1301 1118 5772 5771 1118 105 5773 5772 105 104 5774 5773 104 1302 5775 5774 1302 1301 5771 5775 115 1303 5777 5776 1303 1304 5778 5777 1304 116 5779 5778 116 115 5776 5779 1305 1122 5781 5780 1122 118 5782 5781 118 117 5783 5782 117 1306 5784 5783 1306 1305 5780 5784 128 1307 5786 5785 1307 1308 5787 5786 1308 129 5788 5787 129 128 5785 5788 1309 1126 5790 5789 1126 131 5791 5790 131 130 5792 5791 130 1310 5793 5792 1310 1309 5789 5793 141 1311 5795 5794 1311 1312 5796 5795 1312 142 5797 5796 142 141 5794 5797 1313 1130 5799 5798 1130 144 5800 5799 144 143 5801 5800 143 1314 5802 5801 1314 1313 5798 5802 154 1315 5804 5803 1315 1316 5805 5804 1316 155 5806 5805 155 154 5803 5806 1317 1134 5808 5807 1134 157 5809 5808 157 156 5810 5809 156 1318 5811 5810 1318 1317 5807 5811 167 1319 5813 5812 1319 1320 5814 5813 1320 168 5815 5814 168 167 5812 5815 1321 1138 5817 5816 1138 170 5818 5817 170 169 5819 5818 169 1322 5820 5819 1322 1321 5816 5820 180 1323 5822 5821 1323 1324 5823 5822 1324 181 5824 5823 181 180 5821 5824 1325 1142 5826 5825 1142 183 5827 5826 183 182 5828 5827 182 1326 5829 5828 1326 1325 5825 5829 193 1327 5831 5830 1327 1328 5832 5831 1328 194 5833 5832 194 193 5830 5833 1329 1146 5835 5834 1146 196 5836 5835 196 195 5837 5836 195 1330 5838 5837 1330 1329 5834 5838 206 1331 5840 5839 1331 1332 5841 5840 1332 207 5842 5841 207 206 5839 5842 1333 1150 5844 5843 1150 209 5845 5844 209 208 5846 5845 208 1334 5847 5846 1334 1333 5843 5847 219 1335 5849 5848 1335 1336 5850 5849 1336 220 5851 5850 220 219 5848 5851 1337 1154 5853 5852 1154 222 5854 5853 222 221 5855 5854 221 1338 5856 5855 1338 1337 5852 5856 232 1339 5858 5857 1339 1340 5859 5858 1340 233 5860 5859 233 232 5857 5860 1341 1158 5862 5861 1158 235 5863 5862 235 234 5864 5863 234 1342 5865 5864 1342 1341 5861 5865 245 1343 5867 5866 1343 1344 5868 5867 1344 246 5869 5868 246 245 5866 5869 1345 1162 5871 5870 1162 248 5872 5871 248 247 5873 5872 247 1346 5874 5873 1346 1345 5870 5874 258 1347 5876 5875 1347 1348 5877 5876 1348 259 5878 5877 259 258 5875 5878 1349 1166 5880 5879 1166 261 5881 5880 261 260 5882 5881 260 1350 5883 5882 1350 1349 5879 5883 271 1351 5885 5884 1351 1352 5886 5885 1352 272 5887 5886 272 271 5884 5887 1353 1170 5889 5888 1170 274 5890 5889 274 273 5891 5890 273 1354 5892 5891 1354 1353 5888 5892 284 1355 5894 5893 1355 1356 5895 5894 1356 285 5896 5895 285 284 5893 5896 1357 1174 5898 5897 1174 287 5899 5898 287 286 5900 5899 286 1358 5901 5900 1358 1357 5897 5901 297 1359 5903 5902 1359 1360 5904 5903 1360 298 5905 5904 298 297 5902 5905 1361 1178 5907 5906 1178 300 5908 5907 300 299 5909 5908 299 1362 5910 5909 1362 1361 5906 5910 310 1363 5912 5911 1363 1364 5913 5912 1364 311 5914 5913 311 310 5911 5914 1365 1182 5916 5915 1182 313 5917 5916 313 312 5918 5917 312 1366 5919 5918 1366 1365 5915 5919 323 1367 5921 5920 1367 1368 5922 5921 1368 324 5923 5922 324 323 5920 5923 1369 1186 5925 5924 1186 326 5926 5925 326 325 5927 5926 325 1370 5928 5927 1370 1369 5924 5928 336 1371 5930 5929 1371 1372 5931 5930 1372 337 5932 5931 337 336 5929 5932 1373 1190 5934 5933 1190 339 5935 5934 339 338 5936 5935 338 1374 5937 5936 1374 1373 5933 5937 349 1375 5939 5938 1375 1376 5940 5939 1376 350 5941 5940 350 349 5938 5941 1377 1194 5943 5942 1194 352 5944 5943 352 351 5945 5944 351 1378 5946 5945 1378 1377 5942 5946 362 1379 5948 5947 1379 1380 5949 5948 1380 363 5950 5949 363 362 5947 5950 1381 1198 5952 5951 1198 365 5953 5952 365 364 5954 5953 364 1382 5955 5954 1382 1381 5951 5955 375 1383 5957 5956 1383 1384 5958 5957 1384 376 5959 5958 376 375 5956 5959 1385 1202 5961 5960 1202 378 5962 5961 378 377 5963 5962 377 1386 5964 5963 1386 1385 5960 5964 388 1387 5966 5965 1387 1388 5967 5966 1388 389 5968 5967 389 388 5965 5968 1389 1206 5970 5969 1206 391 5971 5970 391 390 5972 5971 390 1390 5973 5972 1390 1389 5969 5973 401 1391 5975 5974 1391 1392 5976 5975 1392 402 5977 5976 402 401 5974 5977 1393 1210 5979 5978 1210 404 5980 5979 404 403 5981 5980 403 1394 5982 5981 1394 1393 5978 5982 414 1395 5984 5983 1395 1396 5985 5984 1396 415 5986 5985 415 414 5983 5986 1397 1214 5988 5987 1214 417 5989 5988 417 416 5990 5989 416 1398 5991 5990 1398 1397 5987 5991 427 1399 5993 5992 1399 1400 5994 5993 1400 428 5995 5994 428 427 5992 5995 1401 1218 5997 5996 1218 430 5998 5997 430 429 5999 5998 429 1402 6000 5999 1402 1401 5996 6000 440 1403 6002 6001 1403 1404 6003 6002 1404 441 6004 6003 441 440 6001 6004 1405 1222 6006 6005 1222 443 6007 6006 443 442 6008 6007 442 1406 6009 6008 1406 1405 6005 6009 453 1407 6011 6010 1407 1408 6012 6011 1408 454 6013 6012 454 453 6010 6013 1409 1226 6015 6014 1226 456 6016 6015 456 455 6017 6016 455 1410 6018 6017 1410 1409 6014 6018 466 1411 6020 6019 1411 1412 6021 6020 1412 467 6022 6021 467 466 6019 6022 76 1413 6024 6023 1413 1414 6025 6024 1414 77 6026 6025 77 76 6023 6026 1415 1234 6028 6027 1234 469 6029 6028 469 468 6030 6029 468 1416 6031 6030 1416 1415 6027 6031 1417 1230 6033 6032 1230 66 6034 6033 66 65 6035 6034 65 1418 6036 6035 1418 1417 6032 6036 479 1419 6038 6037 1419 1420 6039 6038 1420 480 6040 6039 480 479 6037 6040 1421 1238 6042 6041 1238 53 6043 6042 53 52 6044 6043 52 1422 6045 6044 1422 1421 6041 6045 63 1423 6047 6046 1423 1424 6048 6047 1424 64 6049 6048 64 63 6046 6049 1425 1242 6051 6050 1242 482 6052 6051 482 481 6053 6052 481 1426 6054 6053 1426 1425 6050 6054 492 1427 6056 6055 1427 1428 6057 6056 1428 493 6058 6057 493 492 6055 6058 1429 1245 6060 6059 1245 40 6061 6060 40 39 6062 6061 39 1430 6063 6062 1430 1429 6059 6063 50 1431 6065 6064 1431 1432 6066 6065 1432 51 6067 6066 51 50 6064 6067 1433 1250 6069 6068 1250 495 6070 6069 495 494 6071 6070 494 1434 6072 6071 1434 1433 6068 6072 505 1435 6074 6073 1435 1436 6075 6074 1436 506 6076 6075 506 505 6073 6076 1437 1286 6078 6077 1286 27 6079 6078 27 26 6080 6079 26 1438 6081 6080 1438 1437 6077 6081 37 1439 6083 6082 1439 1440 6084 6083 1440 38 6085 6084 38 37 6082 6085 1441 1290 6087 6086 1290 508 6088 6087 508 507 6089 6088 507 1442 6090 6089 1442 1441 6086 6090 518 1443 6092 6091 1443 1444 6093 6092 1444 519 6094 6093 519 518 6091 6094 16 1445 6096 6095 1445 1446 6097 6096 1446 1447 6098 6097 1447 17 6099 6098 17 16 6095 6099 17 1447 6101 6100 1447 1448 6102 6101 1448 18 6103 6102 18 17 6100 6103 1449 1452 6105 6104 1452 19 6106 6105 19 18 6107 6106 18 1448 6108 6107 1448 1450 6109 6108 1450 1449 6104 6109 1451 1454 6111 6110 1454 20 6112 6111 20 19 6113 6112 19 1452 6114 6113 1452 1451 6110 6114 1453 1455 6116 6115 1455 21 6117 6116 21 20 6118 6117 20 1454 6119 6118 1454 1453 6115 6119 21 1455 6121 6120 1455 1456 6122 6121 1456 1469 6123 6122 1469 22 6124 6123 22 21 6120 6124 523 1457 6126 6125 1457 1458 6127 6126 1458 1460 6128 6127 1460 524 6129 6128 524 523 6125 6129 1459 1462 6131 6130 1462 525 6132 6131 525 524 6133 6132 524 1460 6134 6133 1460 1459 6130 6134 1461 1464 6136 6135 1464 526 6137 6136 526 525 6138 6137 525 1462 6139 6138 1462 1461 6135 6139 1463 1465 6141 6140 1465 527 6142 6141 527 526 6143 6142 526 1464 6144 6143 1464 1463 6140 6144 527 1465 6146 6145 1465 1466 6147 6146 1466 1467 6148 6147 1467 528 6149 6148 528 527 6145 6149 528 1467 6151 6150 1467 1468 6152 6151 1468 1474 6153 6152 1474 529 6154 6153 529 528 6150 6154 22 1469 6156 6155 1469 1470 6157 6156 1470 1477 6158 6157 1477 23 6159 6158 23 22 6155 6159 1471 1457 6161 6160 1457 523 6162 6161 523 522 6163 6162 522 1472 6164 6163 1472 1471 6160 6164 1473 1481 6166 6165 1481 530 6167 6166 530 529 6168 6167 529 1474 6169 6168 1474 1473 6165 6169 15 1475 6171 6170 1475 1476 6172 6171 1476 1445 6173 6172 1445 16 6174 6173 16 15 6170 6174 23 1477 6176 6175 1477 1478 6177 6176 1478 1487 6178 6177 1487 24 6179 6178 24 23 6175 6179 1479 1472 6181 6180 1472 522 6182 6181 522 521 6183 6182 521 1480 6184 6183 1480 1479 6180 6184 530 1481 6186 6185 1481 1482 6187 6186 1482 1491 6188 6187 1491 531 6189 6188 531 530 6185 6189 1483 1475 6191 6190 1475 15 6192 6191 15 14 6193 6192 14 1484 6194 6193 1484 1483 6190 6194 1485 1484 6196 6195 1484 14 6197 6196 14 13 6198 6197 13 1486 6199 6198 1486 1485 6195 6199 24 1487 6201 6200 1487 1488 6202 6201 1488 25 6203 6202 25 24 6200 6203 1489 1480 6205 6204 1480 521 6206 6205 521 520 6207 6206 520 1490 6208 6207 1490 1489 6204 6208 531 1491 6210 6209 1491 1492 6211 6210 1492 532 6212 6211 532 531 6209 6212 
</DataArray>
<DataArray type="Int32" Name="offsets" format="ascii">
4 8 12 16 20 24 28 32 36 40 44 48 52 56 60 64 68 72 76 80 84 88 92 96 100 104 108 112 116 120 124 128 132 136 140 144 148 152 156 160 164 168 172 176 180 184 188 192 196 200 204 208 212 216 220 224 228 232 236 240 244 248 252 256 260 264 268 272 276 280 284 288 292 296 300 304 308 312 316 320 324 328 332 336 340 344 348 352 356 360 364 368 372 376 380 384 388 392 396 400 404 408 412 416 420 424 428 432 436 440 444 448 452 456 460 464 468 472 476 480 484 488 492 496 500 504 508 512 516 520 524 528 532 536 540 544 548 552 556 560 564 568 572 576 580 584 588 592 596 600 604 608 612 616 620 624 628 632 636 640 644 648 652 656 660 664 668 672 676 680 684 688 692 696 700 704 708 712 716 720 724 728 732 736 740 744 748 752 756 760 764 768 772 776 780 784 788 792 796 800 804 808 812 816 820 824 828 832 836 840 844 848 852 856 860 864 868 872 876 880 884 888 892 896 900 904 908 912 916 920 924 928 932 936 940 944 948 952 956 960 964 968 972 976 980 984 988 992 996 1000 1004 1008 1012 1016 1020 1024 1028 1032 1036 1040 1044 1048 1052 1056 1060 1064 1068 1072 1076 1080 1084 1088 1092 1096 1100 1104 1108 1112 1116 1120 1124 1128 1132 1136 1140 1144 1148 1152 1156 1160 1164 1168 1172 1176 1180 1184 1188 1192 1196 1200 1204 1208 1212 1216 1220 1224 1228 1232 1236 1240 1244 1248 1252 1256 1260 1264 1268 1272 1276 1280 1284 1288 1292 1296 1300 1304 1308 1312 1316 1320 1324 1328 1332 1336 1340 1344 1348 1352 1356 1360 1364 1368 1372 1376 1380 1384 1388 1392 1396 1400 1404 1408 1412 1416 1420 1424 1428 1432 1436 1440 1444 1448 1452 1456 1460 1464 1468 1472 1476 1480 1484 1488 1492 1496 1500 1504 1508 1512 1516 1520 1524 1528 1532 1536 1540 1544 1548 1552 1556 1560 1564 1568 1572 1576 1580 1584 1588 1592 1596 1600 1604 1608 1612 1616 1620 1624 1628 1632 1636 1640 1644 1648 1652 1656 1660 1664 1668 1672 1676 1680 1684 1688 1692 1696 1700 1704 1708 1712 1716 1720 1724 1728 1732 1736 1740 1744 1748 1752 1756 1760 1764 1768 1772 1776 1780 1784 1788 1792 1796 1800 1804 1808 1812 1816 1820 1824 1828 1832 1836 1840 1844 1848 1852 1856 1860 1864 1868 1872 1876 1880 1884 1888 1892 1896 1900 1904 1908 1912 1916 1920 1924 1928 1932 1936 1940 1944 1948 1952 1956 1960 1964 1968 1972 1976 1980 1984 1988 1992 1996 2000 2004 2008 2012 2016 2020 2024 2028 2032 2036 2040 2044 2048 2052 2056 2060 2064 2068 2072 2076 2080 2084 2088 2092 2096 2100 2104 2108 2112 2116 2120 2124 2128 2132 2136 2140 2144 2148 2152 2156 2160 2164 2168 2172 2176 2180 2184 2188 2192 2196 2200 2204 2208 2212 2216 2220 2224 2228 2232 2236 2240 2244 2248 2252 2256 2260 2264 2268 2272 2276 2280 2284 2288 2292 2296 2300 2304 2308 2312 2316 2320 2324 2328 2332 2336 2340 2344 2348 2352 2356 2360 2364 2368 2372 2376 2380 2384 2388 2392 2396 2400 2404 2408 2412 2416 2420 2424 2428 2432 2436 2440 2444 2448 2452 2456 2460 2464 2468 2472 2476 2480 2484 2488 2492 2496 2500 2504 2508 2512 2516 2520 2524 2528 2532 2536 2540 2544 2548 2552 2556 2560 2564 2568 2572 2576 2580 2584 2588 2592 2596 2600 2604 2608 2612 2616 2620 2624 2628 2632 2636 2640 2644 2648 2652 2656 2660 2664 2668 2672 2676 2680 2684 2688 2692 2696 2700 2704 2708 2712 2716 2720 2724 2728 2732 2736 2740 2744 2748 2752 2756 2760 2764 2768 2772 2776 2780 2784 2788 2792 2796 2800 2804 2808 2812 2816 2820 2824 2828 2832 2836 2840 2844 2848 2852 2856 2860 2864 2868 2872 2876 2880 2884 2888 2892 2896 2900 2904 2908 2912 2916 2920 2924 2928 2932 2936 2940 2944 2948 2952 2956 2960 2964 2968 2972 2976 2980 2984 2988 2992 2996 3000 3004 3008 3012 3016 3020 3024 3028 3032 3036 3040 3044 3048 3052 3056 3060 3064 3068 3072 3076 3080 3084 3088 3092 3096 3100 3104 3108 3112 3116 3120 3124 3128 3132 3136 3140 3144 3148 3152 3156 3160 3164 3168 3172 3176 3180 3184 3188 3192 3196 3200 3204 3208 3212 3216 3220 3224 3228 3232 3236 3240 3244 3248 3252 3256 3260 3264 3268 3272 3276 3280 3284 3288 3292 3296 3300 3304 3308 3312 3316 3320 3324 3328 3332 3336 3340 3344 3348 3352 3356 3360 3364 3368 3372 3376 3380 3384 3388 3392 3396 3400 3404 3408 3412 3416 3420 3424 3428 3432 3436 3440 3444 3448 3452 3456 3460 3464 3468 3472 3476 3480 3484 3488 3492 3496 3500 3504 3508 3512 3516 3520 3524 3528 3532 3536 3540 3544 3548 3552 3556 3560 3564 3568 3572 3576 3580 3584 3588 3592 3596 3600 3604 3608 3612 3616 3620 3624 3628 3632 3636 3640 3644 3648 3652 3656 3660 3664 3668 3672 3676 3680 3684 3688 3692 3696 3700 3704 3708 3712 3716 3720 3724 3728 3732 3736 3740 3744 3748 3752 3756 3760 3764 3768 3772 3776 3780 3784 3788 3792 3796 3800 3804 3808 3812 3816 3820 3824 3828 3832 3836 3840 3844 3848 3852 3856 3860 3864 3868 3872 3876 3880 3884 3888 3892 3896 3900 3904 3908 3912 3916 3920 3924 3928 3932 3936 3940 3944 3948 3952 3956 3960 3964 3968 3972 3976 3980 3984 3988 3992 3996 4000 4004 4008 4012 4016 4020 4024 4028 4032 4036 4040 4044 4048 4052 4056 4060 4064 4068 4072 4076 4080 4084 4088 4092 4096 4100 4104 4108 4112 4116 4120 4124 4128 4132 4136 4140 4144 4148 4152 4156 4160 4164 4168 4172 4176 4180 4184 4188 4192 4196 4200 4204 4208 4212 4216 4220 4224 4228 4232 4236 4240 4244 4248 4252 4256 4260 4264 4268 4272 4276 4280 4284 4288 4292 4296 4300 4304 4308 4312 4316 4320 4324 4328 4332 4336 4340 4344 4348 4352 4356 4360 4364 4368 4372 4376 4380 4384 4388 4392 4396 4400 4404 4408 4412 4416 4420 4424 4428 4432 4436 4440 4444 4448 4452 4456 4460 4464 4468 4472 4476 4480 4484 4488 4492 4496 4500 4504 4508 4512 4516 4520 4524 4528 4532 4536 4540 4544 4548 4552 4556 4560 4564 4568 4572 4576 4580 4584 4588 4592 4596 4600 4604 4608 4612 4616 4620 4624 4628 4632 4636 4640 4644 4648 4652 4656 4660 4664 4668 4672 4676 4680 4684 4688 4692 4696 4700 4704 4708 4712 4716 4720 4724 4728 4732 4736 4740 4744 4748 4752 4756 4760 4764 4768 4772 4776 4780 4784 4788 4792 4796 4800 4804 4808 4812 4816 4820 4824 4828 4832 4836 4840 4844 4848 4852 4856 4860 4864 4868 4872 4876 4880 4884 4888 4892 4896 4900 4904 4908 4912 4916 4920 4924 4928 4932 4936 4940 4944 4948 4952 4956 4960 4964 4968 4972 4976 4980 4984 4988 4992 4996 5000 5004 5008 5012 5016 5020 5024 5028 5032 5036 5040 5044 5048 5052 5056 5060 5064 5068 5072 5076 5080 5084 5088 5092 5096 5100 5104 5108 5112 5116 5120 5124 5128 5132 5136 5140 5144 5148 5152 5156 5160 5164 5168 5172 5176 5180 5184 5188 5192 5196 5200 5204 5208 5212 5216 5220 5224 5228 5232 5236 5240 5244 5248 5252 5256 5260 5264 5268 5272 5276 5280 5284 5288 5292 5296 5300 5304 5308 5312 5316 5320 5324 5328 5332 5336 5340 5344 5348 5352 5356 5360 5364 5368 5372 5376 5380 5384 5388 5392 5396 5400 5404 5408 5412 5416 5420 5424 5428 5432 5436 5440 5444 5448 5452 5456 5460 5464 5468 5472 5476 5480 5484 5488 5492 5496 5500 5504 5508 5512 5516 5520 5524 5528 5532 5536 5540 5544 5548 5552 5556 5560 5564 5568 5572 5576 5580 5584 5588 5592 5596 5600 5604 5608 5612 5616 5620 5624 5628 5632 5636 5640 5644 5648 5652 5656 5660 5664 5668 5672 5676 5680 5684 5688 5692 5696 5700 5704 5708 5712 5716 5720 5724 5728 5732 5736 5740 5744 5748 5752 5756 5760 5764 5768 5772 5776 5780 5784 5788 5792 5796 5800 5804 5808 5812 5816 5820 5824 5828 5832 5836 5840 5844 5848 5852 5856 5860 5864 5868 5872 5876 5880 5884 5888 5892 5896 5900 5904 5908 5912 5916 5920 5924 5928 5932 5936 5940 5944 5948 5952 5956 5960 5964 5968 5972 5976 5980 5984 5988 5992 5996 6000 6004 6008 6012 6016 6020 6024 6028 6032 6036 6040 6044 6048 6052 6056 6060 6064 6068 6072 6076 6080 6084 6088 6092 6096 6100 6104 6108 6112 6116 6120 6124 6128 6132 6136 6140 6144 6148 6152 6156 6160 6164 6168 6172 6176 6180 6184 6188 6192 6196 6200 6204 6208 6212 6216 6220 6224 6228 6232 6236 6240 6244 6248 6252 6256 6260 6264 6268 6272 6276 6280 6284 6288 6292 6296 6300 6304 6308 6312 6316 6320 6324 6328 6332 6336 6340 6344 6348 6352 6356 6360 6364 6368 6372 6376 6380 6384 6388 6392 6396 6400 6404 6408 6412 6416 6420 6424 6428 6432 6436 6440 6444 6448 6452 6456 6460 6464 6468 6472 6476 6480 6484 6488 6492 6496 6500 6504 6508 6512 6516 6520 6524 6528 6532 6536 6540 6544 6548 6552 6556 6560 6564 6568 6572 6576 6580 6584 6588 6592 6596 6600 6604 6608 6612 6616 6620 6624 6628 6632 6636 6640 6644 6648 6652 6656 6660 6664 6668 6672 6676 6680 6684 6688 6692 6696 6700 6704 6708 6712 6716 6720 6724 6728 6732 6736 6740 6744 6748 6752 6756 6760 6764 6768 6772 6776 6780 6784 6788 6792 6796 6800 6804 6808 6812 6816 6820 6824 6828 6832 6836 6840 6844 6848 6852 6856 6860 6864 6868 6872 6876 6880 6884 6888 6892 6896 6900 6904 6908 6912 6916 6920 6924 6928 6932 6936 6940 6944 6948 6952 6956 6960 6964 6968 6972 6976 6980 6984 6988 6992 6996 7000 7004 7008 7012 7016 7020 7024 7028 7032 7036 7040 7044 7048 7052 7056 7060 7064 7068 7072 7076 7080 7084 7088 7092 7096 7100 7104 7108 7112 7116 7120 7124 7128 7132 7136 7140 7144 7148 7152 7156 7160 7164 7168 7172 7176 7180 7184 7188 7192 7196 7200 7204 7208 7212 7216 7220 7224 7228 7232 7236 7240 7244 7248 7252 7256 7260 7264 7268 7272 7276 7280 7284 7288 7292 7296 7300 7304 7308 7312 7316 7320 7324 7328 7332 7336 7340 7344 7348 7352 7356 7360 7364 7368 7372 7376 7380 7384 7388 7392 7396 7400 7404 7408 7412 7416 7420 7424 7428 7432 7436 7440 7444 7448 7452 7456 7460 7464 7468 7472 7476 7480 7484 7488 7492 7496 7500 7504 7508 7512 7516 7520 7524 7528 7532 7536 7540 7544 7548 7552 7556 7560 7564 7568 7572 7576 7580 7584 7588 7592 7596 7600 7604 7608 7612 7616 7620 7624 7628 7632 7636 7640 7644 7648 7652 7656 7660 7664 7668 7672 7676 7680 7684 7688 7692 7696 7700 7704 7708 7712 7716 7720 7724 7728 7732 7736 7740 7744 7748 7752 7756 7760 7764 7768 7772 7776 7780 7784 7788 7792 7796 7800 7804 7808 7812 7816 7820 7824 7828 7832 7836 7840 7844 7848 7852 7856 7860 7864 7868 7872 7876 7880 7884 7888 7892 7896 7900 7904 7908 7912 7916 7920 7924 7928 7932 7936 7940 7944 7948 7952 7956 7960 7964 7968 7972 7976 7980 7984 7988 7992 7996 8000 8004 8008 8012 8016 8020 8024 8028 8032 8036 8040 8044 8048 8052 8056 8060 8064 8068 8072 8076 8080 8084 8088 8092 8096 8100 8104 8108 8112 8116 8120 8124 8128 8132 8136 8140 8144 8148 8152 8156 8160 8164 8168 8172 8176 8180 8184 8188 8192 8196 8200 8204 8208 8212 8216 8220 8224 8228 8232 8236 8240 8244 8248 8252 8256 8260 8264 8268 8272 8276 8280 8284 8288 8292 8296 8300 8304 8308 8312 8316 8320 8324 8328 8332 8336 8340 8344 8348 8352 8356 8360 8364 8368 8372 8376 8380 8384 8388 8392 8396 8400 8404 8408 8412 8416 8420 8424 8428 8432 8436 8440 8444 8448 8452 8456 8460 8464 8468 8472 8476 8480 8484 8488 8492 8496 8500 8504 8508 8512 8516 8520 8524 8528 8532 8536 8540 8544 8548 8552 8556 8560 8564 8568 8572 8576 8580 8584 8588 8592 8596 8600 8604 8608 8612 8616 8620 8624 8628 8632 8636 8640 8644 8648 8652 8656 8660 8664 8668 8672 8676 8680 8684 8688 8692 8696 8700 8704 8708 8712 8716 8720 8724 8728 8732 8736 8740 8744 8748 8752 8756 8760 8764 8768 8772 8776 8780 8784 8788 8792 8796 8800 8804 8808 8812 8816 8820 8824 8828 8832 8836 8840 8844 8848 8852 8856 8860 8864 8868 8872 8876 8880 8884 8888 8892 8896 8900 8904 8908 8912 8916 8920 8924 8928 8932 8936 8940 8944 8948 8952 8956 8960 8964 8968 8972 8976 8980 8984 8988 8992 8996 9000 9004 9008 9012 9016 9020 9024 9028 9032 9036 9040 9044 9048 9052 9056 9060 9064 9068 9072 9076 9080 9084 9088 9092 9096 9100 9104 9108 9112 9116 9120 9124 9128 9132 9136 9140 9144 9148 9152 9156 9160 9164 9168 9172 9176 9180 9184 9188 9192 9196 9200 9204 9208 9212 9216 9220 9224 9228 9232 9236 9240 9244 9248 9252 9256 9260 9264 9268 9272 9276 9280 9284 9288 9292 9296 9300 9304 9308 9312 9316 9320 9324 9328 9332 9336 9340 9344 9348 9352 9356 9360 9364 9368 9372 9376 9380 9384 9388 9392 9396 9400 9404 9408 9412 9416 9420 9424 9428 9432 9436 9440 9444 9448 9452 9456 9460 9464 9468 9472 9476 9480 9484 9488 9492 9496 9500 9504 9508 9512 9516 9520 9524 9528 9532 9536 9540 9544 9548 9552 9556 9560 9564 9568 9572 9576 9580 9584 9588 9592 9596 9600 9604 9608 9612 9616 9620 9624 9628 9632 9636 9640 9644 9648 9652 9656 9660 9664 9668 9672 9676 9680 9684 9688 9692 9696 9700 9704 9708 9712 9716 9720 9724 9728 9732 9736 9740 9744 9748 9752 9756 9760 9764 9768 9772 9776 9780 9784 9788 9792 9796 9800 9804 9808 9812 9816 9820 9824 9828 9832 9836 9840 9844 9848 9852 9856 9860 9864 9868 9872 9876 9880 9884 9888 9892 9896 9900 9904 9908 9912 9916 9920 9924 9928 9932 9936 9940 9944 9948 9952 9956 9960 9964 9968 9972 9976 9980 9984 9988 9992 9996 10000 10004 10008 10012 10016 10020 10024 10028 10032 10036 10040 10044 10048 10052 10056 10060 10064 10068 10072 10076 10080 10084 10088 10092 10096 10100 10104 10108 10112 10116 10120 10124 10128 10132 10136 10140 10144 10148 10152 10156 10160 10164 10168 10172 10176 10180 10184 10188 10192 10196 10200 10204 10208 10212 10216 10220 10224 10228 10232 10236 10240 10244 10248 10252 10256 10260 10264 10268 10272 10276 10280 10284 10288 10292 10296 10300 10304 10308 10312 10316 10320 10324 10328 10332 10336 10340 10344 10348 10352 10356 10360 10364 10368 10372 10376 10380 10384 10388 10392 10396 10400 10404 10408 10412 10416 10420 10424 10428 10432 10436 10440 10444 10448 10452 10456 10460 10464 10468 10472 10476 10480 10484 10488 10492 10496 10500 10504 10508 10512 10516 10520 10524 10528 10532 10536 10540 10544 10548 10552 10556 10560 10564 10568 10572 10576 10580 10584 10588 10592 10596 10600 10604 10608 10612 10616 10620 10624 10628 10632 10636 10640 10644 10648 10652 10656 10660 10664 10668 10672 10676 10680 10684 10688 10692 10696 10700 10704 10708 10712 10716 10720 10724 10728 10732 10736 10740 10744 10748 10752 10756 10760 10764 10768 10772 10776 10780 10784 10788 10792 10796 10800 10804 10808 10812 10816 10820 10824 10828 10832 10836 10840 10844 10848 10852 10856 10860 10864 10868 10872 10876 10880 10884 10888 10892 10896 10900 10904 10908 10912 10916 10920 10924 10928 10932 10936 10940 10944 10948 10952 10956 10960 10964 10968 10972 10976 10980 10984 10988 10992 10996 11000 11004 11008 11012 11016 11020 11024 11028 11032 11036 11040 11044 11048 11052 11056 11060 11064 11068 11072 11076 11080 11084 11088 11092 11096 11100 11104 11108 11112 11116 11120 11124 11128 11132 11136 11140 11144 11148 11152 11156 11160 11164 11168 11172 11176 11180 11184 11188 11192 11196 11200 11204 11208 11212 11216 11220 11224 11228 11232 11236 11240 11244 11248 11252 11256 11260 11264 11268 11272 11276 11280 11284 11288 11292 11296 11300 11304 11308 11312 11316 11320 11324 11328 11332 11336 11340 11344 11348 11352 11356 11360 11364 11368 11372 11376 11380 11384 11388 11392 11396 11400 11404 11408 11412 11416 11420 11424 11428 11432 11436 11440 11444 11448 11452 11456 11460 11464 11468 11472 11476 11480 11484 11488 11492 11496 11500 11504 11508 11512 11516 11520 11524 11528 11532 11536 11540 11544 11548 11552 11556 11560 11564 11568 11572 11576 11580 11584 11588 11592 11596 11600 11604 11608 11612 11616 11620 11624 11628 11632 11636 11640 11644 11648 11652 11656 11660 11664 11668 11672 11676 11680 11684 11688 11692 11696 11700 11704 11708 11712 11716 11720 11724 11728 11732 11736 11740 11744 11748 11752 11756 11760 11764 11768 11772 11776 11780 11784 11788 11792 11796 11800 11804 11808 11812 11816 11820 11824 11828 11832 11836 11840 11844 11848 11852 11856 11860 11864 11868 11872 11876 11880 11884 11888 11892 11896 11900 11904 11908 11912 11916 11920 11924 11928 11932 11936 11940 11944 11948 11952 11956 11960 11964 11968 11972 11976 11980 11984 11988 11992 11996 12000 12004 12008 12012 12016 12020 12024 12028 12032 12036 12040 12044 12048 12052 12056 12060 12064 12068 12072 12076 12080 12084 12088 12092 12096 12100 12104 12108 12112 12116 12120 12124 12128 12132 12136 12140 12144 12148 12152 12156 12160 12164 12168 12172 12176 12180 12184 12188 12192 12196 12200 12204 12208 12212 12216 12220 12224 12228 12232 12236 12240 12244 12248 12252 12256 12260 12264 12268 12272 12276 12280 12284 12288 12292 12296 12300 12304 12308 12312 12316 12320 12324 12328 12332 12336 12340 12344 12348 12352 12356 12360 12364 12368 12372 12376 12380 12384 12388 12392 12396 12400 12404 12408 12412 12416 12420 12424 12428 12432 12436 12440 12444 12448 12452 12456 12460 12464 12468 12472 12476 12480 12484 12488 12492 12496 12500 12504 12508 12512 12516 12520 12524 12528 12532 12536 12540 12544 12548 12552 12556 12560 12564 12568 12572 12576 12580 12584 12588 12592 12596 12600 12604 12608 12612 12616 12620 12624 12628 12632 12636 12640 12644 12648 12652 12656 12660 12664 12668 12672 12676 12680 12684 12688 12692 12696 12700 12704 12708 12712 12716 12720 12724 12728 12732 12736 12740 12744 12748 12752 12756 12760 12764 12768 12772 12776 12780 12784 12788 12792 12796 12800 12804 12808 12812 12816 12820 12824 12828 12832 12836 12840 12844 12848 12852 12856 12860 12864 12868 12872 12876 12880 12884 12888 12892 12896 12900 12904 12908 12912 12916 12920 12924 12928 12932 12936 12940 12944 12948 12952 12956 12960 12964 12968 12972 12976 12980 12984 12988 12992 12996 13000 13004 13008 13012 13016 13020 13024 13028 13032 13036 13040 13044 13048 13052 13056 13060 13064 13068 13072 13076 13080 13084 13088 13092 13096 13100 13104 13108 13112 13116 13120 13124 13128 13132 13136 13140 13144 13148 13152 13156 13160 13164 13168 13172 13176 13180 13184 13188 13192 13196 13200 13204 13208 13212 13216 13220 13224 13228 13232 13236 13240 13244 13248 13252 13256 13260 13264 13268 13272 13276 13280 13284 13288 13292 13296 13300 13304 13308 13312 13316 13320 13324 13328 13332 13336 13340 13344 13348 13352 13356 13360 13364 13368 13372 13376 13380 13384 13388 13392 13396 13400 13404 13408 13412 13416 13420 13424 13428 13432 13436 13440 13444 13448 13452 13456 13460 13464 13468 13472 13476 13480 13484 13488 13492 13496 13500 13504 13508 13512 13516 13520 13524 13528 13532 13536 13540 13544 13548 13552 13556 13560 13564 13568 13572 13576 13580 13584 13588 13592 13596 13600 13604 13608 13612 13616 13620 13624 13628 13632 13636 13640 13644 13648 13652 13656 13660 13664 13668 13672 13676 13680 13684 13688 13692 13696 13700 13704 13708 13712 13716 13720 13724 13728 13732 13736 13740 13744 13748 13752 13756 13760 13764 13768 13772 13776 13780 13784 13788 13792 13796 13800 13804 13808 13812 13816 13820 13824 13828 13832 13836 13840 13844 13848 13852 13856 13860 13864 13868 13872 13876 13880 13884 13888 13892 13896 13900 13904 13908 13912 13916 13920 13924 13928 13932 13936 13940 13944 13948 13952 13956 13960 13964 13968 13972 13976 13980 13984 13988 13992 13996 14000 14004 14008 14012 14016 14020 14024 14028 14032 14036 14040 14044 14048 14052 14056 14060 14064 14068 14072 14076 14080 14084 14088 14092 14096 14100 14104 14108 14112 14116 14120 14124 14128 14132 14136 14140 14144 14148 14152 14156 14160 14164 14168 14172 14176 14180 14184 14188 14192 14196 14200 14204 14208 14212 14216 14220 14224 14228 14232 14236 14240 14244 14248 14252 14256 14260 14264 14268 14272 14276 14280 14284 14288 14292 14296 14300 14304 14308 14312 14316 14320 14324 14328 14332 14336 14340 14344 14348 14352 14356 14360 14364 14368 14372 14376 14380 14384 14388 14392 14396 14400 14404 14408 14412 14416 14420 14424 14428 14432 14436 14440 14444 14448 14452 14456 14460 14464 14468 14472 14476 14480 14484 14488 14492 14496 14500 14504 14508 14512 14516 14520 14524 14528 14532 14536 14540 14544 14548 14552 14556 14560 14564 14568 14572 14576 14580 14584 14588 14592 14596 14600 14604 14608 14612 14616 14620 14624 14628 14632 14636 14640 14644 14648 14652 14656 14660 14664 14668 14672 14676 14680 14684 14688 14692 14696 14700 14704 14708 14712 14716 14720 14724 14728 14732 14736 14740 14744 14748 14752 14756 14760 14764 14768 14772 14776 14780 14784 14788 14792 14796 14800 14804 14808 14812 14816 14820 14824 14828 14832 14836 14840 14844 14848 14852 14856 14860 14864 14868 14872 14876 14880 14884 14888 14892 14896 14900 14904 14908 14912 14916 14920 14924 14928 14932 14936 14940 14944 14948 14952 14956 14960 14964 14968 14972 14976 14980 14984 14988 14992 14996 15000 15004 15008 15012 15016 15020 15024 15028 15032 15036 15040 15044 15048 15052 15056 15060 15064 15068 15072 15076 15080 15084 15088 15092 15096 15100 15104 15108 15112 15116 15120 15124 15128 15132 15136 15140 15144 15148 15152 15156 15160 15164 15168 15172 15176 15180 15184 15188 15192 15196 15200 15204 15208 15212 15216 15220 15224 15228 15232 15236 15240 15244 15248 15252 15256 15260 15264 15268 15272 15276 15280 15284 15288 15292 15296 15300 15304 15308 15312 15316 15320 15324 15328 15332 15336 15340 15344 15348 15352 15356 15360 15364 15368 15372 15376 15380 15384 15388 15392 15396 15400 15404 15408 15412 15416 15420 15424 15428 15432 15436 15440 15444 15448 15452 15456 15460 15464 15468 15472 15476 15480 15484 15488 15492 15496 15500 15504 15508 15512 15516 15520 15524 15528 15532 15536 15540 15544 15548 15552 15556 15560 15564 15568 15572 15576 15580 15584 15588 15592 15596 15600 15604 15608 15612 15616 15620 15624 15628 15632 15636 15640 15644 15648 15652 15656 15660 15664 15668 15672 15676 15680 15684 15688 15692 15696 15700 15704 15708 15712 15716 15720 15724 15728 15732 15736 15740 15744 15748 15752 15756 15760 15764 15768 15772 15776 15780 15784 15788 15792 15796 15800 15804 15808 15812 15816 15820 15824 15828 15832 15836 15840 15844 15848 15852 15856 15860 15864 15868 15872 15876 15880 15884 15888 15892 15896 15900 15904 15908 15912 15916 15920 15924 15928 15932 15936 15940 15944 15948 15952 15956 15960 15964 15968 15972 15976 15980 15984 15988 15992 15996 16000 16004 16008 16012 16016 16020 16024 16028 16032 16036 16040 16044 16048 16052 16056 16060 16064 16068 16072 16076 16080 16084 16088 16092 16096 16100 16104 16108 16112 16116 16120 16124 16128 16132 16136 16140 16144 16148 16152 16156 16160 16164 16168 16172 16176 16180 16184 16188 16192 16196 16200 16204 16208 16212 16216 16220 16224 16228 16232 16236 16240 16244 16248 16252 16256 16260 16264 16268 16272 16276 16280 16284 16288 16292 16296 16300 16304 16308 16312 16316 16320 16324 16328 16332 16336 16340 16344 16348 16352 16356 16360 16364 16368 16372 16376 16380 16384 16388 16392 16396 16400 16404 16408 16412 16416 16420 16424 16428 16432 16436 16440 16444 16448 16452 16456 16460 16464 16468 16472 16476 16480 16484 16488 16492 16496 16500 16504 16508 16512 16516 16520 16524 16528 16532 16536 16540 16544 16548 16552 16556 16560 16564 16568 16572 16576 16580 16584 16588 16592 16596 16600 16604 16608 16612 16616 16620 16624 16628 16632 16636 16640 16644 16648 16652 16656 16660 16664 16668 16672 16676 16680 16684 16688 16692 16696 16700 16704 16708 16712 16716 16720 16724 16728 16732 16736 16740 16744 16748 16752 16756 16760 16764 16768 16772 16776 16780 16784 16788 16792 16796 16800 16804 16808 16812 16816 16820 16824 16828 16832 16836 16840 16844 16848 16852 16856 16860 16864 16868 16872 16876 16880 16884 16888 16892 16896 16900 16904 16908 16912 16916 16920 16924 16928 16932 16936 16940 16944 16948 16952 16956 16960 16964 16968 16972 16976 16980 16984 16988 16992 16996 17000 17004 17008 17012 17016 17020 17024 17028 17032 17036 17040 17044 17048 17052 17056 17060 17064 17068 17072 17076 17080 17084 17088 17092 17096 17100 17104 17108 17112 17116 17120 17124 17128 17132 17136 17140 17144 17148 17152 17156 17160 17164 17168 17172 17176 17180 17184 17188 17192 17196 17200 17204 17208 17212 17216 17220 17224 17228 17232 17236 17240 17244 17248 17252 17256 17260 17264 17268 17272 17276 17280 17284 17288 17292 17296 17300 17304 17308 17312 17316 17320 17324 17328 17332 17336 17340 17344 17348 17352 17356 17360 17364 17368 17372 17376 17380 17384 17388 17392 17396 17400 17404 17408 17412 17416 17420 17424 17428 17432 17436 17440 17444 17448 17452 17456 17460 17464 17468 17472 17476 17480 17484 17488 17492 17496 17500 17504 17508 17512 17516 17520 17524 17528 17532 17536 17540 17544 17548 17552 17556 17560 17564 17568 17572 17576 17580 17584 17588 17592 17596 17600 17604 17608 17612 17616 17620 17624 17628 17632 17636 17640 17644 17648 17652 17656 17660 17664 17668 17672 17676 17680 17684 17688 17692 17696 17700 17704 17708 17712 17716 17720 17724 17728 17732 17736 17740 17744 17748 17752 17756 17760 17764 17768 17772 17776 17780 17784 17788 17792 17796 17800 17804 17808 17812 17816 17820 17824 17828 17832 17836 17840 17844 17848 17852 17856 17860 17864 17868 17872 17876 17880 17884 17888 17892 17896 17900 17904 17908 17912 17916 17920 17924 17928 17932 17936 17940 17944 17948 17952 17956 17960 17964 17968 17972 17976 17980 17984 17988 17992 17996 18000 18004 18008 18012 18016 18020 18024 18028 18032 18036 18040 18044 18048 18052 18056 18060 18064 18068 18072 18076 18080 18084 18088 18092 18096 18100 18104 18108 18112 18116 18120 18124 18128 18132 18136 18140 18144 18148 18152 18156 18160 18164 18168 18172 18176 18180 18184 18188 18192 18196 18200 18204 18208 18212 18216 18220 18224 18228 18232 18236 18240 18244 18248 18252 18256 18260 18264 18268 18272 18276 18280 18284 18288 18292 18296 18300 18304 18308 18312 18316 18320 18324 18328 18332 18336 18340 18344 18348 18352 18356 18360 18364 18368 18372 18376 18380 18384 18388 18392 18396 18400 18404 18408 18412 18416 18420 18424 18428 18432 18436 18440 18444 18448 18452 18456 18460 18464 18468 18472 18476 18480 18484 18488 18492 18496 18500 18504 18508 18512 18516 18520 18524 18528 18532 18536 18540 18544 18548 18552 18556 18560 18564 18568 18572 18576 18580 18584 18588 18592 18596 18600 18604 18608 18612 18616 18620 18624 18628 18632 18636 18640 18644 18648 18652 18656 18660 18664 18668 18672 18676 18680 18684 18688 18692 18696 18700 18704 18708 18712 18716 18720 18724 18728 18732 18736 18740 18744 18748 18752 18756 18760 18764 18768 18772 18776 18780 18784 18788 18792 18796 18800 18804 18808 18812 18816 18820 18824 18828 18832 18836 18840 18844 18848 18852 18856 18860 18864 18868 18872 18876 18880 
</DataArray>
<DataArray type="UInt8" Name="types" format="ascii">
7 7 7 7 7 7 7 7 7 7 7 7 7 7 7 7 7 7 7 7 7 7 7 7 7 7 7 7 7 7 7 7 7 7 7 7 7 7 7 7 7 7 7 7 7 7 7 7 7 7 7 7 7 7 7 7 7 7 7 7 7 7 7 7 7 7 7 7 7 7 7 7 7 7 7 7 7 7 7 7 7 7 7 7 7 7 7 7 7 7 7 7 7 7 7 7 7 7 7 7 7 7 7 7 7 7 7 7 7 7 7 7 7 7 7 7 7 7 7 7 7 7 7 7 7 7 7 7 7 7 7 7 7 7 7 7 7 7 7 7 7 7 7 7 7 7 7 7 7 7 7 7 7 7 7 7 7 7 7 7 7 7 7 7 7 7 7 7 7 7 7 7 7 7 7 7 7 7 7 7 7 7 7 7 7 7 7 7 7 7 7 7 7 7 7 7 7 7 7 7 7 7 7 7 7 7 7 7 7 7 7 7 7 7 7 7 7 7 7 7 7 7 7 7 7 7 7 7 7 7 7 7 7 7 7 7 7 7 7 7 7 7 7 7 7 7 7 7 7 7 7 7 7 7 7 7 7 7 7 7 7 7 7 7 7 7 7 7 7 7 7 7 7 7 7 7 7 7 7 7 7 7 7 7 7 7 7 7 7 7 7 7 7 7 7 7 7 7 7 7 7 7 7 7 7 7 7 7 7 7 7 7 7 7 7 7 7 7 7 7 7 7 7 7 7 7 7 7 7 7 7 7 7 7 7 7 7 7 7 7 7 7 7 7 7 7 7 7 7 7 7 7 7 7 7 7 7 7 7 7 7 7 7 7 7 7 7 7 7 7 7 7 7 7 7 7 7 7 7 7 7 7 7 7 7 7 7 7 7 7 7 7 7 7 7 7 7 7 7 7 7 7 7 7 7 7 7 7 7 7 7 7 7 7 7 7 7 7 7 7 7 7 7 7 7 7 7 7 7 7 7 7 7 7 7 7 7 7 7 7 7 7 7 7 7 7 7 7 7 7 7 7 7 7 7 7 7 7 7 7 7 7 7 7 7 7 7 7 7 7 7 7 7 7 7 7 7 7 7 7 7 7 7 7 7 7 7 7 7 7 7 7 7 7 7 7 7 7 7 7 7 7 7 7 7 7 7 7 7 7 7 7 7 7 7 7 7 7 7 7 7 7 7 7 7 7 7 7 7 7 7 7 7 7 7 7 7 7 7 7 7 7 7 7 7 7 7 7 7 7 7 7 7 7 7 7 7 7 7 7 7 7 7 7 7 7 7 7 7 7 7 7 7 7 7 7 7 7 7 7 7 7 7 7 7 7 7 7 7 7 7 7 7 7 7 7 7 7 7 7 7 7 7 7 7 7 7 7 7 7 7 7 7 7 7 7 7 7 7 7 7 7 7 7 7 7 7 7 7 7 7 7 7 7 7 7 7 7 7 7 7 7 7 7 7 7 7 7 7 7 7 7 7 7 7 7 7 7 7 7 7 7 7 7 7 7 7 7 7 7 7 7 7 7 7 7 7 7 7 7 7 7 7 7 7 7 7 7 7 7 7 7 7 7 7 7 7 7 7 7 7 7 7 7 7 7 7 7 7 7 7 7 7 7 7 7 7 7 7 7 7 7 7 7 7 7 7 7 7 7 7 7 7 7 7 7 7 7 7 7 7 7 7 7 7 7 7 7 7 7 7 7 7 7 7 7 7 7 7 7 7 7 7 7 7 7 7 7 7 7 7 7 7 7 7 7 7 7 7 7 7 7 7 7 7 7 7 7 7 7 7 7 7 7 7 7 7 7 7 7 7 7 7 7 7 7 7 7 7 7 7 7 7 7 7 7 7 7 7 7 7 7 7 7 7 7 7 7 7 7 7 7 7 7 7 7 7 7 7 7 7 7 7 7 7 7 7 7 7 7 7 7 7 7 7 7 7 7 7 7 7 7 7 7 7 7 7 7 7 7 7 7 7 7 7 7 7 7 7 7 7 7 7 7 7 7 7 7 7 7 7 7 7 7 7 7 7 7 7 7 7 7 7 7 7 7 7 7 7 7 7 7 7 7 7 7 7 7 7 7 7 7 7 7 7 7 7 7 7 7 7 7 7 7 7 7 7 7 7 7 7 7 7 7 7 7 7 7 7 7 7 7 7 7 7 7 7 7 7 7 7 7 7 7 7 7 7 7 7 7 7 7 7 7 7 7 7 7 7 7 7 7 7 7 7 7 7 7 7 7 7 7 7 7 7 7 7 7 7 7 7 7 7 7 7 7 7 7 7 7 7 7 7 7 7 7 7 7 7 7 7 7 7 7 7 7 7 7 7 7 7 7 7 7 7 7 7 7 7 7 7 7 7 7 7 7 7 7 7 7 7 7 7 7 7 7 7 7 7 7 7 7 7 7 7 7 7 7 7 7 7 7 7 7 7 7 7 7 7 7 7 7 7 7 7 7 7 7 7 7 7 7 7 7 7 7 7 7 7 7 7 7 7 7 7 7 7 7 7 7 7 7 7 7 7 7 7 7 7 7 7 7 7 7 7 7 7 7 7 7 7 7 7 7 7 7 7 7 7 7 7 7 7 7 7 7 7 7 7 7 7 7 7 7 7 7 7 7 7 7 7 7 7 7 7 7 7 7 7 7 7 7 7 7 7 7 7 7 7 7 7 7 7 7 7 7 7 7 7 7 7 7 7 7 7 7 7 7 7 7 7 7 7 7 7 7 7 7 7 7 7 7 7 7 7 7 7 7 7 7 7 7 7 7 7 7 7 7 7 7 7 7 7 7 7 7 7 7 7 7 7 7 7 7 7 7 7 7 7 7 7 7 7 7 7 7 7 7 7 7 7 7 7 7 7 7 7 7 7 7 7 7 7 7 7 7 7 7 7 7 7 7 7 7 7 7 7 7 7 7 7 7 7 7 7 7 7 7 7 7 7 7 7 7 7 7 7 7 7 7 7 7 7 7 7 7 7 7 7 7 7 7 7 7 7 7 7 7 7 7 7 7 7 7 7 7 7 7 7 7 7 7 7 7 7 7 7 7 7 7 7 7 7 7 7 7 7 7 7 7 7 7 7 7 7 7 7 7 7 7 7 7 7 7 7 7 7 7 7 7 7 7 7 7 7 7 7 7 7 7 7 7 7 7 7 7 7 7 7 7 7 7 7 7 7 7 7 7 7 7 7 7 7 7 7 7 7 7 7 7 7 7 7 7 7 7 7 7 7 7 7 7 7 7 7 7 7 7 7 7 7 7 7 7 7 7 7 7 7 7 7 7 7 7 7 7 7 7 7 7 7 7 7 7 7 7 7 7 7 7 7 7 7 7 7 7 7 7 7 7 7 7 7 7 7 7 7 7 7 7 7 7 7 7 7 7 7 7 7 7 7 7 7 7 7 7 7 7 7 7 7 7 7 7 7 7 7 7 7 7 7 7 7 7 7 7 7 7 7 7 7 7 7 7 7 7 7 7 7 7 7 7 7 7 7 7 7 7 7 7 7 7 7 7 7 7 7 7 7 7 7 7 7 7 7 7 7 7 7 7 7 7 7 7 7 7 7 7 7 7 7 7 7 7 7 7 7 7 7 7 7 7 7 7 7 7 7 7 7 7 7 7 7 7 7 7 7 7 7 7 7 7 7 7 7 7 7 7 7 7 7 7 7 7 7 7 7 7 7 7 7 7 7 7 7 7 7 7 7 7 7 7 7 7 7 7 7 7 7 7 7 7 7 7 7 7 7 7 7 7 7 7 7 7 7 7 7 7 7 7 7 7 7 7 7 7 7 7 7 7 7 7 7 7 7 7 7 7 7 7 7 7 7 7 7 7 7 7 7 7 7 7 7 7 7 7 7 7 7 7 7 7 7 7 7 7 7 7 7 7 7 7 7 7 7 7 7 7 7 7 7 7 7 7 7 7 7 7 7 7 7 7 7 7 7 7 7 7 7 7 7 7 7 7 7 7 7 7 7 7 7 7 7 7 7 7 7 7 7 7 7 7 7 7 7 7 7 7 7 7 7 7 7 7 7 7 7 7 7 7 7 7 7 7 7 7 7 7 7 7 7 7 7 7 7 7 7 7 7 7 7 7 7 7 7 7 7 7 7 7 7 7 7 7 7 7 7 7 7 7 7 7 7 7 7 7 7 7 7 7 7 7 7 7 7 7 7 7 7 7 7 7 7 7 7 7 7 7 7 7 7 7 7 7 7 7 7 7 7 7 7 7 7 7 7 7 7 7 7 7 7 7 7 7 7 7 7 7 7 7 7 7 7 7 7 7 7 7 7 7 7 7 7 7 7 7 7 7 7 7 7 7 7 7 7 7 7 7 7 7 7 7 7 7 7 7 7 7 7 7 7 7 7 7 7 7 7 7 7 7 7 7 7 7 7 7 7 7 7 7 7 7 7 7 7 7 7 7 7 7 7 7 7 7 7 7 7 7 7 7 7 7 7 7 7 7 7 7 7 7 7 7 7 7 7 7 7 7 7 7 7 7 7 7 7 7 7 7 7 7 7 7 7 7 7 7 7 7 7 7 7 7 7 7 7 7 7 7 7 7 7 7 7 7 7 7 7 7 7 7 7 7 7 7 7 7 7 7 7 7 7 7 7 7 7 7 7 7 7 7 7 7 7 7 7 7 7 7 7 7 7 7 7 7 7 7 7 7 7 7 7 7 7 7 7 7 7 7 7 7 7 7 7 7 7 7 7 7 7 7 7 7 7 7 7 7 7 7 7 7 7 7 7 7 7 7 7 7 7 7 7 7 7 7 7 7 7 7 7 7 7 7 7 7 7 7 7 7 7 7 7 7 7 7 7 7 7 7 7 7 7 7 7 7 7 7 7 7 7 7 7 7 7 7 7 7 7 7 7 7 7 7 7 7 7 7 7 7 7 7 7 7 7 7 7 7 7 7 7 7 7 7 7 7 7 7 7 7 7 7 7 7 7 7 7 7 7 7 7 7 7 7 7 7 7 7 7 7 7 7 7 7 7 7 7 7 7 7 7 7 7 7 7 7 7 7 7 7 7 7 7 7 7 7 7 7 7 7 7 7 7 7 7 7 7 7 7 7 7 7 7 7 7 7 7 7 7 7 7 7 7 7 7 7 7 7 7 7 7 7 7 7 7 7 7 7 7 7 7 7 7 7 7 7 7 7 7 7 7 7 7 7 7 7 7 7 7 7 7 7 7 7 7 7 7 7 7 7 7 7 7 7 7 7 7 7 7 7 7 7 7 7 7 7 7 7 7 7 7 7 7 7 7 7 7 7 7 7 7 7 7 7 7 7 7 7 7 7 7 7 7 7 7 7 7 7 7 7 7 7 7 7 7 7 7 7 7 7 7 7 7 7 7 7 7 7 7 7 7 7 7 7 7 7 7 7 7 7 7 7 7 7 7 7 7 7 7 7 7 7 7 7 7 7 7 7 7 7 7 7 7 7 7 7 7 7 7 7 7 7 7 7 7 7 7 7 7 7 7 7 7 7 7 7 7 7 7 7 7 7 7 7 7 7 7 7 7 7 7 7 7 7 7 7 7 7 7 7 7 7 7 7 7 7 7 7 7 7 7 7 7 7 7 7 7 7 7 7 7 7 7 7 7 7 7 7 7 7 7 7 7 7 7 7 7 7 7 7 7 7 7 7 7 7 7 7 7 7 7 7 7 7 7 7 7 7 7 7 7 7 7 7 7 7 7 7 7 7 7 7 7 7 7 7 7 7 7 7 7 7 7 7 7 7 7 7 7 7 7 7 7 7 7 7 7 7 7 7 7 7 7 7 7 7 7 7 7 7 7 7 7 7 7 7 7 7 7 7 7 7 7 7 7 7 7 7 7 7 7 7 7 7 7 7 7 7 7 7 7 7 7 7 7 7 7 7 7 7 7 7 7 7 7 7 7 7 7 7 7 7 7 7 7 7 7 7 7 7 7 7 7 7 7 7 7 7 7 7 7 7 7 7 7 7 7 7 7 7 7 7 7 7 7 7 7 7 7 7 7 7 7 7 7 7 7 7 7 7 7 7 7 7 7 7 7 7 7 7 7 7 7 7 7 7 7 7 7 7 7 7 7 7 7 7 7 7 7 7 7 7 7 7 7 7 7 7 7 7 7 7 7 7 7 7 7 7 7 7 7 7 7 7 7 7 7 7 7 7 7 7 7 7 7 7 7 7 7 7 7 7 7 7 7 7 7 7 7 7 7 7 7 7 7 7 7 7 7 7 7 7 7 7 7 7 7 7 7 7 7 7 7 7 7 7 7 7 7 7 7 7 7 7 7 7 7 7 7 7 7 7 7 7 7 7 7 7 7 7 7 7 7 7 7 7 7 7 7 7 7 7 7 7 7 7 7 7 7 7 7 7 7 7 7 7 7 7 7 7 7 7 7 7 7 7 7 7 7 7 7 7 7 7 7 7 7 7 7 7 7 7 7 7 7 7 7 7 7 7 7 7 7 7 7 7 7 7 7 7 7 7 7 7 7 7 7 7 7 7 7 7 7 7 7 7 7 7 7 7 7 7 7 7 7 7 7 7 7 7 7 7 7 7 7 7 7 7 7 7 7 7 7 7 7 7 7 7 7 7 7 7 7 7 7 7 7 7 7 7 7 7 7 7 7 7 7 7 7 7 7 7 7 7 7 7 7 7 7 7 7 7 7 7 7 7 7 7 7 7 7 7 7 7 7 7 7 7 7 7 7 7 7 7 7 7 7 7 7 7 7 7 7 7 7 7 7 7 7 7 7 7 7 7 7 7 7 7 7 7 7 7 7 7 7 7 7 7 7 7 7 7 7 7 7 7 7 7 7 7 7 7 7 7 7 7 7 7 7 7 7 7 7 7 7 7 7 7 7 7 7 7 7 7 7 7 7 7 7 7 7 7 7 7 7 7 7 7 7 7 7 7 7 7 7 7 7 7 7 7 7 7 7 7 7 7 7 7 7 7 7 7 7 7 7 7 7 7 7 7 7 7 7 7 7 7 7 7 7 7 7 7 7 7 7 7 7 7 7 7 7 7 7 7 7 7 7 7 7 7 7 7 7 7 7 7 7 7 7 7 7 7 7 7 7 7 7 7 7 7 7 7 7 7 7 7 7 7 7 7 7 7 7 7 7 7 7 7 7 7 7 7 7 7 7 7 7 7 7 7 7 7 7 7 7 7 7 7 7 7 7 7 7 7 7 7 7 7 7 7 7 7 7 7 7 7 7 7 7 7 7 7 7 7 7 7 7 7 7 7 7 7 7 7 7 7 7 7 7 7 7 7 7 7 7 7 7 7 7 7 7 7 7 7 7 7 7 7 7 7 7 7 7 7 7 7 7 7 7 7 7 7 7 7 7 7 7 7 7 7 7 7 7 7 7 7 7 7 7 7 7 7 7 7 7 7 7 7 7 7 7 7 7 7 7 7 7 7 7 7 7 7 7 7 7 7 7 7 7 7 7 7 7 7 7 7 7 7 7 7 7 7 7 7 7 7 7 7 7 7 7 7 7 7 7 7 7 7 7 7 7 7 7 7 7 7 7 7 7 7 7 7 7 7 7 7 7 7 7 7 7 7 7 7 7 7 7 7 7 7 7 7 7 7 7 7 7 7 7 7 7 7 7 7 7 7 7 7 7 7 7 7 7 7 7 7 7 7 7 7 7 7 7 7 7 7 7 7 7 7 7 7 7 7 7 7 7 7 7 7 7 7 7 7 7 7 7 7 7 7 7 7 7 7 7 7 7 7 7 7 7 7 7 7 7 7 7 7 7 7 7 7 7 7 7 7 7 7 7 7 7 7 7 7 7 7 7 7 7 7 7 7 7 7 7 7 7 7 7 7 7 7 7 7 7 7 7 7 7 7 7 7 7 7 7 7 7 7 7 7 7 7 7 7 7 7 7 7 7 7 7 7 7 7 7 7 7 7 7 7 7 7 7 7 7 7 7 7 7 7 7 7 7 7 7 7 7 7 7 7 7 7 7 7 7 7 7 7 7 7 7 7 7 7 7 7 7 7 7 7 7 7 7 7 7 7 7 7 7 7 7 7 7 7 7 7 7 7 7 7 7 7 7 7 7 7 7 7 7 7 7 7 7 7 7 7 7 7 7 7 7 7 7 7 7 7 7 7 7 7 7 7 7 7 7 7 7 7 7 7 7 7 7 7 7 7 7 7 7 7 7 7 7 7 7 7 7 7 7 7 7 7 7 7 7 7 7 7 7 7 7 7 7 7 7 7 7 7 7 7 7 7 7 7 7 7 7 7 7 7 7 7 7 7 7 7 7 7 7 7 7 7 7 7 7 7 7 7 7 7 7 7 7 7 7 7 7 7 7 7 7 7 7 7 7 7 7 7 7 7 7 7 7 7 7 7 7 7 7 7 7 7 7 7 7 7 7 7 7 7 7 7 7 7 7 7 7 7 7 7 7 7 7 7 7 7 7 7 7 7 7 7 7 7 7 7 7 7 7 7 7 7 7 7 7 7 7 7 7 7 7 7 7 7 7 7 7 7 7 7 7 7 7 7 7 7 7 7 7 7 7 7 7 7 7 7 7 7 7 7 7 7 7 7 7 7 7 7 7 7 7 7 7 7 7 7 7 7 7 7 7 7 7 7 7 7 7 7 7 7 7 7 7 7 7 7 7 7 7 7 7 7 7 7 7 7 7 7 7 7 7 7 7 7 7 7 7 7 7 7 7 7 7 7 7 7 7 7 7 7 7 7 7 7 7 7 7 7 7 7 7 7 7 7 7 7 7 7 7 7 7 7 7 7 7 7 7 7 7 7 7 7 7 7 7 7 7 7 7 7 7 7 7 7 7 7 7 7 7 7 7 7 7 7 7 7 7 7 7 7 7 7 7 7 7 7 7 7 7 7 7 7 7 7 7 7 7 7 7 7 7 7 7 7 7 7 7 7 7 7 7 7 7 7 7 7 7 7 7 7 7 7 7 7 7 7 7 7 7 7 7 7 7 7 7 7 7 7 7 7 7 7 7 7 7 7 7 7 7 7 7 7 7 7 7 7 7 7 7 7 7 7 7 7 7 7 7 7 7 7 7 7 7 7 7 7 7 7 7 7 7 7 7 7 7 7 7 7 7 7 7 7 7 7 7 7 7 7 7 7 7 7 7 7 7 7 7 7 7 7 7 7 7 7 7 7 7 7 7 7 7 7 7 7 7 7 7 7 7 7 7 7 7 7 7 7 7 7 7 7 7 7 7 7 7 7 7 7 7 7 7 7 7 7 7 7 7 7 7 7 7 7 7 7 7 7 7 7 7 7 7 7 7 7 7 7 7 7 7 7 7 7 7 7 7 7 7 7 7 7 7 7 7 7 7 7 7 7 7 7 7 7 7 7 7 7 7 7 7 7 7 7 7 7 7 7 7 7 7 7 7 7 7 7 7 7 7 7 7 7 7 7 7 7 7 7 7 7 7 7 7 7 7 7 7 7 7 7 7 7 7 7 7 7 7 7 7 7 7 7 7 7 7 7 7 7 7 7 7 7 7 7 7 7 7 7 7 7 7 7 7 7 7 7 7 7 7 7 7 7 7 7 7 7 7 7 7 7 7 7 7 7 7 7 7 7 7 7 7 7 7 7 7 7 7 7 7 7 7 7 7 7 7 7 7 7 7 7 7 7 7 7 7 7 7 7 7 7 7 7 7 7 7 7 7 7 7 7 7 7 7 7 7 7 7 7 7 7 7 7 7 7 7 7 7 7 7 7 7 7 7 7 7 7 7 7 7 7 7 7 7 7 7 7 7 7 7 7 7 7 7 7 7 7 7 7 7 7 7 7 7 7 7 7 7 7 7 7 7 7 7 7 7 7 7 7 7 7 7 7 7 7 7 7 7 7 7 7 7 7 7 7 7 7 7 7 7 7 7 7 7 7 7 7 7 7 7 7 7 7 7 7 7 7 7 7 7 7 7 7 7 7 7 7 7 7 7 7 7 7 7 7 7 7 7 7 7 7 7 7 7 7 7 7 7 7 7 7 7 7 7 7 7 7 7 7 7 7 7 7 7 7 7 7 7 7 7 7 7 7 7 7 7 7 7 7 7 7 7 7 7 7 7 7 7 7 7 7 7 7 7 7 7 7 7 7 7 7 7 7 7 7 7 7 7 7 7 7 7 7 7 7 7 7 7 7 7 7 7 7 7 7 7 7 7 7 7 7 7 7 7 7 7 7 7 7 7 7 7 7 7 7 7 7 7 7 7 7 7 7 7 7 7 7 7 7 7 7 7 7 7 7 7 7 7 7 7 7 7 7 7 7 7 7 7 7 7 7 7 7 7 7 7 7 7 7 7 7 7 7 7 7 7 7 7 7 7 7 7 7 7 7 7 7 7 7 7 7 7 7 7 7 7 7 7 7 7 7 7 7 7 7 7 7 7 7 7 7 7 7 7 7 7 7 7 7 7 7 7 7 7 7 7 7 7 7 7 7 7 7 7 7 7 7 7 7 7 7 7 7 7 7 7 7 7 7 7 7 7 7 7 7 7 7 7 7 7 7 7 7 7 7 7 7 7 7 7 7 7 7 7 7 7 7 7 7 7 7 7 7 7 7 7 7 7 7 7 7 7 7 7 7 7 7 7 7 7 7 7 7 7 7 7 7 7 7 7 7 7 7 7 7 7 7 7 7 7 7 7 7 7 7 
</DataArray>
</Cells>
<CellData Scalars="wall variable 0">
<DataArray type="Float64" Name="wall length" format="ascii">
0.606989 1.09302 0.676028 1.07668 0.606802 1.10559 0.0680313 0.606989 1.08958 0.606802 1.09155 0.606791 1.10741 0.0680633 0.606791 1.09183 0.671684 1.1054 0.0680809 0.0681169 0.671684 1.09188 0.603797 0.0677603 1.10772 0.674998 1.10792 0.603797 1.09186 0.671711 1.1079 0.0677997 0.674998 1.09187 0.671713 1.1077 0.0681034 0.671711 1.09187 0.0681042 0.671713 1.09183 0.671713 1.10766 0.0681043 0.671713 1.09155 0.67173 1.10741 0.0681048 0.67173 1.08958 0.67187 1.10556 0.0681136 0.67187 1.0767 0.672989 1.09277 0.639356 1.08962 0.710381 1.07672 0.63937 1.1013 0.07113 0.639356 1.08959 0.63937 1.10291 0.0711354 0.63937 1.09155 0.63937 1.09183 0.639414 1.10312 0.0711372 0.639414 1.09189 0.636318 0.0708189 1.10071 0.0711627 0.636318 1.09189 0.639385 0.0711358 1.10336 0.710475 1.10315 0.639385 1.09183 0.070852 0.710475 1.09186 0.707163 1.10336 0.0711445 0.707163 1.09183 0.707159 1.10312 0.0711454 0.707159 1.09155 0.707158 1.10291 0.0711436 0.707158 1.0896 0.707155 1.10129 0.0711435 0.707155 1.07674 0.707285 1.08958 0.64406 1.08928 0.715362 1.07675 0.64406 1.08965 0.712093 0.0715663 1.10063 0.0715898 0.712093 1.09152 0.715513 1.09961 0.543863 1.46463 0.548113 0.71228 0.715513 0.71559 1.09183 0.712087 0.0715661 1.10205 0.64404 0.0715656 1.10023 0.712087 1.09187 0.64404 1.09187 0.712047 1.10245 0.0715947 0.712047 1.09187 0.715599 1.10206 0.548125 0.71222 0.715599 0.543878 1.46463 0.715516 1.09152 0.712095 1.09961 0.0715648 0.712095 1.0896 0.712153 1.10086 0.0715393 0.712153 1.07675 0.712253 1.08928 0.644522 1.08924 0.715956 1.07675 0.644616 1.10081 0.0715843 0.644522 1.08957 0.644616 1.0916 0.712644 0.0716413 1.10217 0.0716394 0.64463 1.10237 0.712644 0.548113 0.543878 0.64463 1.09187 0.712677 0.0716129 1.1024 0.071641 0.712677 1.09183 0.716095 1.10018 0.712739 1.10285 0.0712694 0.716095 1.09191 0.0715859 0.712739 1.09187 0.64463 0.0716413 1.1024 0.712643 1.10237 0.64463 0.548125 0.543864 0.0716397 0.712643 1.09156 0.712731 1.1024 0.0715856 0.712731 1.08961 0.712733 1.10081 0.0715851 0.712733 1.07676 0.712845 1.08924 0.644596 1.08924 0.716025 1.07676 0.64466 1.10081 0.0715902 0.644596 1.08961 0.64466 1.09155 0.712747 0.0716183 1.10216 0.0716436 0.716155 1.10015 0.712747 1.09183 0.712799 1.10284 0.0712741 0.716155 1.09183 0.641591 0.0713011 1.10263 0.0715896 0.712799 1.09196 0.644609 0.0715894 1.10285 0.641591 1.09187 0.644595 0.0715908 1.10263 0.644609 1.09182 0.712688 1.10237 0.644595 1.09183 0.0716447 0.712688 1.09155 0.712794 1.10239 0.0715905 0.712794 1.08961 0.712799 1.10081 0.0715902 0.712799 1.07676 0.712913 1.08924 0.644603 1.08924 0.716032 1.07676 0.644603 1.10081 0.0715907 0.644603 1.0896 0.644652 1.10239 0.0715908 0.644603 1.09152 0.641566 0.0712752 1.10015 0.071617 0.644652 1.09192 0.644615 0.0715894 1.10284 0.641566 1.09187 0.644604 0.0715908 1.10263 0.644615 1.09183 0.644615 0.0715924 1.10263 0.644604 1.09186 0.712687 1.1024 0.644615 1.09182 0.712808 1.1026 0.0716449 0.712687 1.09187 0.0715908 0.712808 1.09156 0.712801 1.1024 0.071591 0.712801 1.08961 0.712806 1.10081 0.0715907 0.712806 1.07676 0.712921 1.08924 0.644604 1.08924 0.716033 1.07676 0.644681 1.10081 0.0715908 0.644604 1.08961 0.644681 1.0916 0.71274 0.0716184 1.10216 0.0716448 0.644642 0.0716166 1.10015 0.71274 1.09179 0.716121 1.10263 0.644642 1.09182 0.641595 0.0713027 1.10285 0.0713015 0.716121 1.09191 0.644617 0.0715903 1.10285 0.641595 1.09188 0.644623 0.0715928 1.10263 0.644617 1.09191 0.712688 1.10237 0.644623 1.09179 0.0716444 0.712688 1.09155 0.712801 1.10239 0.0715911 0.712801 1.08961 0.712807 1.10081 0.0715907 0.712807 1.07676 0.712922 1.08924 0.644604 1.08924 0.716033 1.07676 0.644604 1.10081 0.0715907 0.644604 1.0896 0.644653 1.10239 0.0715908 0.644604 1.09151 0.712739 1.10015 0.071617 0.644653 1.09183 0.712809 1.10263 0.0716166 0.712739 1.09191 0.712788 1.10263 0.0715915 0.712809 1.09183 0.644683 0.0716453 1.1024 0.0715919 0.712788 1.09191 0.644615 0.0715925 1.10263 0.644683 1.09187 0.712695 1.10237 0.644615 1.09183 0.0716447 0.712695 1.09155 0.712801 1.10239 0.0715911 0.712801 1.08961 0.712807 1.10081 0.0715907 0.712807 1.07676 0.712922 1.08924 0.644604 1.08924 0.716033 1.07676 0.644681 1.10081 0.0715908 0.644604 1.08961 0.644681 1.0916 0.71274 0.0716179 1.10216 0.0716451 0.716179 1.10015 0.71274 1.09179 0.712804 1.10285 0.0712748 0.716179 1.09186 0.712802 1.10263 0.07159 0.712804 1.09187 0.644669 0.0716444 1.1024 0.0715924 0.712802 1.09187 0.644615 0.0715925 1.10263 0.644669 1.09187 0.712696 1.10237 0.644615 1.09183 0.0716452 0.712696 1.09155 0.712801 1.10239 0.0715911 0.712801 1.08961 0.712807 1.10081 0.0715907 0.712807 1.07676 0.712922 1.08924 0.644604 1.08924 0.716033 1.07676 0.644668 1.10081 0.0715908 0.644604 1.08961 0.644668 1.09155 0.712751 0.0716188 1.10216 0.0716442 0.716181 1.10015 0.712751 1.09183 0.712803 1.10284 0.0712753 0.716181 1.09187 0.712801 1.10263 0.0715894 0.712803 1.09187 0.712788 1.10263 0.0715911 0.712801 1.09183 0.712801 1.10263 0.071591 0.712788 1.09187 0.712808 1.1026 0.0715911 0.712801 1.09187 0.0715909 0.712808 1.09156 0.712802 1.1024 0.0715911 0.712802 1.08961 0.712807 1.10081 0.0715907 0.712807 1.07676 0.712922 1.08924 0.644604 1.08924 0.716033 1.07676 0.644603 1.10081 0.0715907 0.644604 1.0896 0.644653 1.10239 0.0715905 0.644603 1.09152 0.641566 0.0712749 1.10015 0.0716174 0.644653 1.09192 0.716119 1.10285 0.641566 1.09183 0.712805 1.10285 0.071303 0.716119 1.09187 0.644683 0.071645 1.1024 0.0715907 0.712805 1.09191 0.644616 0.0715928 1.10263 0.644683 1.09187 0.712688 1.10237 0.644616 1.09179 0.071645 0.712688 1.09155 0.712801 1.10239 0.0715906 0.712801 1.08961 0.712807 1.10081 0.0715907 0.712807 1.07676 0.712922 1.08924 0.644604 1.08924 0.716033 1.07676 0.644617 1.10081 0.0715907 0.644604 1.08961 0.644642 1.10239 0.0715914 0.644617 1.09155 0.712738 1.10015 0.0716166 0.644642 1.0918 0.641602 0.0713018 1.10263 0.0716165 0.712738 1.09195 0.716118 1.10285 0.641602 1.09183 0.712791 1.10285 0.071303 0.716118 1.09183 0.644683 0.071645 1.1024 0.0715908 0.712791 1.09191 0.644623 0.0715928 1.1026 0.644683 1.09187 0.712688 1.10216 0.644623 1.09151 0.0716443 0.712688 1.0896 0.712807 1.10081 0.0715908 0.712807 1.07676 0.712922 1.08924 0.644604 1.08924 0.716033 1.07676 0.644681 1.10081 0.0715908 0.644604 1.08961 0.644681 1.0916 0.712741 0.0716184 1.10216 0.0716448 0.716179 1.10015 0.712741 1.09179 0.712789 1.10284 0.0712748 0.716179 1.09182 0.641602 0.0713018 1.10263 0.0715894 0.712789 1.09196 0.644616 0.07159 1.10285 0.641602 1.09187 0.644605 0.0715906 1.10263 0.644616 1.09182 0.644615 0.0715927 1.1026 0.644605 1.09183 0.712696 1.10216 0.644615 1.09155 0.0716446 0.712696 1.08961 0.712807 1.10081 0.0715908 0.712807 1.07676 0.712922 1.08924 0.644604 1.08924 0.716033 1.07676 0.644603 1.10081 0.0715907 0.644604 1.0896 0.644653 1.10239 0.0715905 0.644603 1.09151 0.712751 1.10015 0.0716174 0.644653 1.09188 0.712801 1.10263 0.0716175 0.712751 1.09187 0.712787 1.10263 0.0715912 0.712801 1.09183 0.712801 1.10263 0.0715906 0.712787 1.09187 0.712802 1.10263 0.0715912 0.712801 1.09187 0.644679 0.0716458 1.10237 0.0715925 0.712802 1.09187 0.712697 1.10216 0.644679 1.09156 0.0716451 0.712697 1.08961 0.712807 1.10081 0.0715908 0.712807 1.07676 0.712922 1.08924 0.644604 1.08924 0.716033 1.07676 0.644617 1.10081 0.0715907 0.644604 1.08961 0.644643 1.10239 0.0715914 0.644617 1.09156 0.641566 0.0712753 1.10015 0.0716166 0.644643 1.09188 0.644616 0.0715895 1.10284 0.641566 1.09187 0.644618 0.0715912 1.10263 0.644616 1.09187 0.644618 0.0715912 1.10263 0.644618 1.09187 0.644615 0.0715927 1.10263 0.644618 1.09186 0.712674 1.10237 0.644615 1.09174 0.0716439 0.712674 1.09159 0.712809 1.10239 0.0715914 0.712809 1.08961 0.712807 1.10081 0.0715907 0.712807 1.07676 0.712922 1.08924 0.644604 1.08924 0.716033 1.07676 0.644681 1.10081 0.0715908 0.644604 1.08961 0.644681 1.0916 0.71274 0.0716179 1.10216 0.0716451 0.644642 0.0716165 1.10015 0.71274 1.09179 0.716121 1.10263 0.644642 1.09182 0.712803 1.10285 0.0713018 0.716121 1.09187 0.712802 1.10263 0.07159 0.712803 1.09187 0.644679 0.0716458 1.1024 0.0715925 0.712802 1.09191 0.712696 1.10237 0.644679 1.09183 0.0716455 0.712696 1.09155 0.712801 1.10239 0.0715906 0.712801 1.08961 0.712807 1.10081 0.0715907 0.712807 1.07676 0.712922 1.08924 0.644604 1.08924 0.716033 1.07676 0.644668 1.10081 0.0715908 0.644604 1.08961 0.644668 1.09155 0.712751 0.0716188 1.10216 0.0716442 0.716169 1.10015 0.712751 1.0918 0.641603 0.0713025 1.10285 0.0712749 0.716169 1.09195 0.644617 0.07159 1.10285 0.641603 1.09188 0.644615 0.0715928 1.10263 0.644617 1.09187 0.712676 1.1024 0.644615 1.09178 0.644688 0.0716466 1.10237 0.0716458 0.712676 1.09191 0.712688 1.10216 0.644688 1.09151 0.0716442 0.712688 1.0896 0.712807 1.10081 0.0715908 0.712807 1.07676 0.712922 1.08924 0.644604 1.08924 0.716033 1.07676 0.644604 1.10081 0.0715907 0.644604 1.0896 0.644653 1.10239 0.0715908 0.644604 1.09152 0.641566 0.0712749 1.10015 0.071617 0.644653 1.09191 0.716104 1.10285 0.641566 1.09178 0.712805 1.10285 0.0713025 0.716104 1.09187 0.644683 0.0716449 1.1024 0.0715913 0.712805 1.09192 0.644625 0.071591 1.10263 0.644683 1.09191 0.644602 0.0715922 1.1026 0.644625 1.09179 0.712696 1.10216 0.644602 1.09155 0.0716446 0.712696 1.08961 0.712807 1.10081 0.0715908 0.712807 1.07676 0.712922 1.08924 0.644604 1.08924 0.716033 1.07676 0.644681 1.10081 0.0715908 0.644604 1.08961 0.644681 1.09159 0.71274 0.0716179 1.10216 0.0716451 0.716168 1.10015 0.71274 1.09175 0.641603 0.071303 1.10285 0.0712749 0.716168 1.09195 0.644616 0.07159 1.10285 0.641603 1.09187 0.644602 0.0715914 1.10263 0.644616 1.09182 0.71269 1.1024 0.644602 1.09182 0.644679 0.0716457 1.10237 0.0716466 0.71269 1.09187 0.712697 1.10216 0.644679 1.09156 0.0716451 0.712697 1.08961 0.712807 1.10081 0.0715908 0.712807 1.07676 0.712922 1.08924 0.644604 1.08924 0.716033 1.07676 0.644668 1.10081 0.0715908 0.644604 1.08961 0.644668 1.09156 0.712751 0.0716183 1.10216 0.0716445 0.644654 0.071617 1.10015 0.712751 1.09188 0.644604 0.0715909 1.10263 0.644654 1.09182 0.644615 0.0715925 1.10263 0.644604 1.09186 0.712689 1.1024 0.644615 1.09183 0.644687 0.0716461 1.1024 0.0716463 0.712689 1.09195 0.712675 1.10237 0.644687 1.09175 0.0716444 0.712675 1.09159 0.712809 1.10239 0.0715914 0.712809 1.08961 0.712807 1.10081 0.0715907 0.712807 1.07676 0.712922 1.08924 0.644604 1.08924 0.716033 1.07676 0.644668 1.10081 0.0715908 0.644604 1.08961 0.644668 1.09155 0.712751 0.0716183 1.10216 0.0716445 0.716169 1.10015 0.712751 1.09179 0.641595 0.0713027 1.10285 0.0712744 0.716169 1.09191 0.644617 0.07159 1.10285 0.641595 1.09188 0.644623 0.0715928 1.10263 0.644617 1.09191 0.712675 1.1024 0.644623 1.09178 0.712809 1.1026 0.0716448 0.712675 1.09187 0.0715915 0.712809 1.09156 0.712801 1.10239 0.0715905 0.712801 1.08961 0.712807 1.10081 0.0715907 0.712807 1.07676 0.712922 1.08924 0.644604 1.08924 0.716033 1.07676 0.644668 1.10081 0.0715908 0.644604 1.08961 0.644668 1.09155 0.712751 0.0716188 1.10216 0.0716442 0.71618 1.10015 0.712751 1.09183 0.712789 1.10284 0.0712749 0.71618 1.09182 0.7128 1.10263 0.0715898 0.712789 1.09187 0.712802 1.10263 0.0715906 0.7128 1.09188 0.644691 0.0716456 1.1024 0.0715925 0.712802 1.09195 0.644615 0.0715925 1.1026 0.644691 1.09183 0.712688 1.10216 0.644615 1.09151 0.0716443 0.712688 1.0896 0.712807 1.10081 0.0715908 0.712807 1.07676 0.712922 1.08924 0.644604 1.08924 0.716033 1.07676 0.644603 1.10081 0.0715907 0.644604 1.0896 0.644653 1.10239 0.0715905 0.644603 1.09151 0.712751 1.10015 0.0716174 0.644653 1.09188 0.641593 0.0713009 1.10263 0.0716175 0.712751 1.09191 0.716118 1.10285 0.641593 1.09183 0.712805 1.10285 0.0713027 0.716118 1.09187 0.644669 0.0716444 1.1024 0.0715913 0.712805 1.09187 0.644615 0.0715928 1.1026 0.644669 1.09183 0.712696 1.10216 0.644615 1.09155 0.0716446 0.712696 1.08961 0.712807 1.10081 0.0715908 0.712807 1.07676 0.712922 1.08924 0.644604 1.08924 0.716033 1.07676 0.644617 1.10081 0.0715907 0.644604 1.08961 0.644643 1.10239 0.0715914 0.644617 1.09156 0.641565 0.0712749 1.10015 0.0716166 0.644643 1.09187 0.716104 1.10285 0.641565 1.09178 0.712812 1.10285 0.0713022 0.716104 1.09191 0.712801 1.10263 0.0715903 0.712812 1.09187 0.712789 1.10263 0.0715911 0.712801 1.09182 0.64468 0.0716463 1.10237 0.0715919 0.712789 1.09187 0.712697 1.10216 0.64468 1.09156 0.0716451 0.712697 1.08961 0.712807 1.10081 0.0715908 0.712807 1.07676 0.712922 1.08924 0.644604 1.08924 0.716033 1.07676 0.644681 1.10081 0.0715908 0.644604 1.08961 0.644681 1.09159 0.71274 0.0716179 1.10216 0.0716451 0.716168 1.10015 0.71274 1.09175 0.712813 1.10285 0.0712744 0.716168 1.0919 0.712801 1.10263 0.0715906 0.712813 1.09187 0.712801 1.10263 0.0715911 0.712801 1.09187 0.712801 1.10263 0.0715912 0.712801 1.09186 0.712788 1.1026 0.0715911 0.712801 1.09179 0.0715906 0.712788 1.0916 0.712809 1.10239 0.0715908 0.712809 1.08961 0.712807 1.10081 0.0715907 0.712807 1.07676 0.712922 1.08924 0.644604 1.08924 0.716033 1.07676 0.644668 1.10081 0.0715908 0.644604 1.08961 0.644668 1.09155 0.712751 0.0716188 1.10216 0.0716442 0.71618 1.10015 0.712751 1.09184 0.641595 0.0713027 1.10285 0.0712749 0.71618 1.09191 0.644617 0.07159 1.10285 0.641595 1.09187 0.644618 0.0715912 1.10263 0.644617 1.09187 0.644618 0.0715914 1.10263 0.644618 1.09187 0.644615 0.0715925 1.1026 0.644618 1.09183 0.712688 1.10216 0.644615 1.09151 0.0716443 0.712688 1.0896 0.712807 1.10081 0.0715908 0.712807 1.07676 0.712922 1.08924 0.644604 1.08924 0.716033 1.07676 0.644603 1.10081 0.0715907 0.644604 1.0896 0.644653 1.10239 0.0715905 0.644603 1.09151 0.71275 1.10015 0.0716174 0.644653 1.09187 0.712786 1.10263 0.0716175 0.71275 1.09182 0.712801 1.10263 0.07159 0.712786 1.09187 0.712802 1.10263 0.0715911 0.712801 1.09187 0.644682 0.0716445 1.1024 0.0715928 0.712802 1.09191 0.644615 0.0715928 1.1026 0.644682 1.09183 0.712696 1.10216 0.644615 1.09155 0.0716446 0.712696 1.08961 0.712807 1.10081 0.0715908 0.712807 1.07676 0.712922 1.08924 0.644604 1.08924 0.716033 1.07676 0.644617 1.10081 0.0715907 0.644604 1.08961 0.644643 1.10239 0.0715914 0.644617 1.09156 0.641566 0.0712753 1.10015 0.0716166 0.644643 1.09188 0.716118 1.10285 0.641566 1.09182 0.712805 1.10285 0.0713021 0.716118 1.09187 0.64468 0.0716463 1.1024 0.0715913 0.712805 1.09191 0.712676 1.1024 0.64468 1.09178 0.64468 0.0716462 1.10237 0.0716457 0.712676 1.09187 0.712697 1.10216 0.64468 1.09156 0.0716451 0.712697 1.08961 0.712807 1.10081 0.0715908 0.712807 1.07676 0.712922 1.08924 0.644604 1.08924 0.716033 1.07676 0.644681 1.10081 0.0715908 0.644604 1.08961 0.644681 1.0916 0.712741 0.0716184 1.10216 0.0716448 0.644642 0.0716166 1.10015 0.712741 1.09179 0.71613 1.10263 0.644642 1.09186 0.712803 1.10285 0.0713021 0.71613 1.09187 0.712788 1.10263 0.07159 0.712803 1.09183 0.712808 1.10263 0.0715906 0.712788 1.0919 0.712788 1.1026 0.0715908 0.712808 1.09179 0.0715906 0.712788 1.0916 0.712809 1.1024 0.0715914 0.712809 1.08961 0.712807 1.10081 0.0715907 0.712807 1.07676 0.712922 1.08924 0.644604 1.08924 0.716033 1.07676 0.644603 1.10081 0.0715907 0.644604 1.0896 0.644653 1.10239 0.0715905 0.644603 1.09151 0.712739 1.10015 0.0716174 0.644653 1.09184 0.641601 0.0713013 1.10263 0.0716171 0.712739 1.09195 0.644617 0.07159 1.10285 0.641601 1.09188 0.644616 0.0715928 1.10263 0.644617 1.09187 0.712688 1.1024 0.644616 1.09182 0.712801 1.1026 0.071645 0.712688 1.09183 0.0715906 0.712801 1.09155 0.712802 1.1024 0.0715911 0.712802 1.08961 0.712807 1.10081 0.0715907 0.712807 1.07676 0.712922 1.08924 0.644604 1.08924 0.716033 1.07676 0.644617 1.10081 0.0715907 0.644604 1.08961 0.644643 1.10239 0.0715914 0.644617 1.09156 0.641566 0.0712753 1.10015 0.0716166 0.644643 1.09187 0.716104 1.10285 0.641566 1.09178 0.712805 1.10285 0.0713022 0.716104 1.09187 0.644683 0.071645 1.1024 0.0715913 0.712805 1.09192 0.644623 0.0715928 1.10263 0.644683 1.09191 0.712688 1.10237 0.644623 1.09179 0.0716444 0.712688 1.09155 0.712801 1.10239 0.0715911 0.712801 1.08961 0.712807 1.10081 0.0715907 0.712807 1.07676 0.712922 1.08924 0.644604 1.08924 0.716033 1.07676 0.644681 1.10081 0.0715908 0.644604 1.08961 0.644681 1.0916 0.712741 0.0716184 1.10216 0.0716448 0.644642 0.0716166 1.10015 0.712741 1.0918 0.644627 0.0715915 1.10263 0.644642 1.09191 0.644618 0.0715911 1.10263 0.644627 1.09187 0.644605 0.0715908 1.10263 0.644618 1.09183 0.644615 0.071592 1.10263 0.644605 1.09186 0.712696 1.10237 0.644615 1.09183 0.0716456 0.712696 1.09155 0.712801 1.10239 0.0715906 0.712801 1.08961 0.712807 1.10081 0.0715907 0.712807 1.07676 0.712922 1.08924 0.644604 1.08924 0.716033 1.07676 0.644604 1.10081 0.0715907 0.644604 1.0896 0.644653 1.10239 0.0715908 0.644604 1.09151 0.712739 1.10015 0.071617 0.644653 1.09183 0.712801 1.10263 0.071617 0.712739 1.09187 0.712802 1.10263 0.0715912 0.712801 1.09187 0.64468 0.0716463 1.1024 0.0715925 0.712802 1.09191 0.712689 1.1024 0.64468 1.09183 0.644688 0.0716468 1.10237 0.0716457 0.712689 1.09191 0.712688 1.10216 0.644688 1.09152 0.0716442 0.712688 1.0896 0.712807 1.10081 0.0715908 0.712807 1.07676 0.712922 1.08924 0.644604 1.08924 0.716033 1.07676 0.644681 1.10081 0.0715908 0.644604 1.08961 0.644681 1.0916 0.712741 0.0716184 1.10216 0.0716448 0.644653 0.0716175 1.10015 0.712741 1.09184 0.644618 0.0715912 1.10263 0.644653 1.09187 0.644618 0.0715911 1.10263 0.644618 1.09187 0.644602 0.0715919 1.10263 0.644618 1.09183 0.712697 1.1024 0.644602 1.09186 0.644667 0.071646 1.10237 0.071646 0.712697 1.09183 0.712696 1.10216 0.644667 1.09155 0.0716445 0.712696 1.08961 0.712807 1.10081 0.0715908 0.712807 1.07676 0.712922 1.08924 0.644603 1.08924 0.716033 1.07676 0.644603 1.10081 0.0715907 0.644603 1.0896 0.644652 1.10239 0.0715908 0.644603 1.09151 0.641555 0.0712744 1.10015 0.071617 0.644652 1.09188 0.644616 0.0715902 1.10285 0.641555 1.09187 0.644618 0.0715911 1.10263 0.644616 1.09187 0.644615 0.0715924 1.10263 0.644618 1.09187 0.712696 1.1024 0.644615 1.09187 0.644667 0.0716459 1.10237 0.071646 0.712696 1.09183 0.712696 1.10216 0.644667 1.09155 0.0716445 0.712696 1.08961 0.712806 1.10081 0.0715907 0.712806 1.07676 0.712921 1.08924 0.6446 1.08924 0.716028 1.07676 0.644677 1.10081 0.0715902 0.6446 1.08961 0.644677 1.09159 0.712736 0.071618 1.10216 0.0716442 0.716163 1.10015 0.712736 1.09175 0.641591 0.0713022 1.10284 0.0712736 0.716163 1.0919 0.644612 0.0715891 1.10285 0.641591 1.09187 0.644612 0.0715922 1.10263 0.644612 1.09187 0.712692 1.1024 0.644612 1.09187 0.644663 0.0716454 1.10237 0.0716454 0.712692 1.09183 0.712692 1.10216 0.644663 1.09155 0.0716439 0.712692 1.08961 0.712802 1.10081 0.0715902 0.712802 1.07676 0.712917 1.08924 0.644564 1.08924 0.715984 1.07676 0.644564 1.10081 0.0715851 0.644564 1.0896 0.644647 1.1024 0.071585 0.644564 1.09151 0.644647 1.09191 0.712651 0.0716414 1.10237 0.0716404 0.644593 1.1024 0.712651 1.09178 0.644593 1.09187 0.712703 1.10018 0.0716123 0.64464 0.0716406 1.1024 0.0716124 0.712703 1.09191 0.712654 1.1024 0.64464 1.09187 0.0716422 0.712654 1.09183 0.644628 0.0716411 1.10237 0.712653 1.10217 0.644628 1.09155 0.0716394 0.712653 1.08961 0.712761 1.10081 0.0715843 0.712761 1.07676 0.712872 1.08924 0.644227 1.08928 0.715577 1.07676 0.644273 1.10086 0.0715393 0.644227 1.08961 0.71228 1.09961 0.0715648 0.644273 1.09156 0.543864 1.46463 0.548145 0.715523 0.71228 0.644265 1.10205 0.712219 1.09187 0.712333 1.10023 0.0715661 0.644265 1.09187 0.0715647 0.712333 1.09183 0.712371 1.10268 0.712376 1.10229 0.0715382 0.712371 1.09191 0.543912 0.715439 0.712376 0.548127 1.46463 0.644277 0.0715658 1.09961 0.71228 1.0916 0.712274 1.10063 0.644277 1.08957 0.0715898 0.712274 1.07675 0.712466 1.08928 0.641306 1.08958 0.712102 1.07675 0.641332 1.10129 0.0711435 0.641306 1.0896 0.641433 1.10291 0.0711437 0.641332 1.09152 0.0711633 1.10289 0.0711958 0.641433 0.548145 0.543912 0.709145 0.712518 1.10071 0.709145 1.09184 0.709158 1.10336 0.0708192 0.712518 1.09187 0.709152 1.10315 0.0711353 0.709158 1.09187 0.0711363 0.709152 1.09183 0.709178 1.10314 0.64143 0.0711966 1.10289 0.0711384 0.709178 0.543912 0.548143 0.709041 1.10268 0.64143 1.09148 0.0711857 0.709041 1.08964 0.709136 1.10129 0.07113 0.709136 1.07675 0.708995 1.08962 0.616626 1.09277 0.683668 1.07674 0.616774 1.10556 0.0681136 0.616626 1.0896 0.616796 1.1074 0.0681049 0.616774 1.09155 0.616796 1.09179 0.681842 1.10539 0.0681178 0.681869 1.10769 0.0680817 0.681842 1.0919 0.681867 1.1077 0.0680678 0.681869 1.09187 0.681867 1.1077 0.0680677 0.681867 1.09187 0.0680677 0.681867 1.09186 0.681867 1.10769 0.0680677 0.681867 1.09179 0.681878 1.10765 0.681848 1.10741 0.0680675 0.681878 1.09159 0.0680638 0.681848 1.0896 0.681673 1.10559 0.0680313 0.681673 1.07672 0.680612 1.09302 0.0712741 0.641562 1.09192 0.644647 0.0716183 1.10015 0.0715896 0.644613 1.09187 0.641562 1.10284 0.716117 1.09183 0.644613 1.10263 0.712799 1.09186 0.716117 0.0713011 1.10285 0.712784 1.09182 0.712799 0.0715894 1.10263 0.0716447 0.644679 1.09187 0.712784 0.0715908 1.10237 0.716179 1.09179 0.712739 1.10015 0.712789 1.09182 0.716179 0.0712752 1.10284 0.712809 1.09191 0.712789 0.0715894 1.10263 0.712802 1.09188 0.712809 0.0715908 1.10263 0.0716449 0.644682 1.09191 0.712802 0.0715924 1.1024 0.0715908 0.644605 1.09179 0.644682 1.1026 0.712738 1.09183 0.64465 0.0716184 1.10015 0.0713015 0.641593 1.09191 0.712738 0.0716166 1.10263 0.716118 1.09183 0.641593 1.10285 0.712811 1.09191 0.716118 0.0713027 1.10285 0.712803 1.09187 0.712811 0.0715903 1.10263 0.0716444 0.644669 1.09183 0.712803 0.0715928 1.10237 0.0716166 0.644642 1.09179 0.712739 1.10015 0.0715915 0.644618 1.09186 0.644642 1.10263 0.0715919 0.644615 1.09187 0.644618 1.10263 0.712696 1.09187 0.644615 1.1024 0.712802 1.09187 0.712696 0.0716453 1.10263 0.0716447 0.64467 1.09183 0.712802 0.0715925 1.10237 0.0712748 0.641554 1.09183 0.64464 0.0716179 1.10015 0.07159 0.644617 1.09187 0.641554 1.10285 0.0715924 0.644615 1.09187 0.644617 1.10263 0.712687 1.09183 0.644615 1.1024 0.712802 1.09187 0.712687 0.0716444 1.10263 0.0716452 0.644683 1.09187 0.712802 0.0715925 1.10237 0.0712753 0.641566 1.09192 0.644651 0.0716188 1.10015 0.0715894 0.644603 1.09183 0.641566 1.10284 0.0715911 0.644618 1.09187 0.644603 1.10263 0.071591 0.644625 1.09191 0.644618 1.10263 0.0715911 0.644618 1.09187 0.644625 1.10263 0.0715909 0.644605 1.09179 0.644618 1.1026 0.716169 1.0918 0.71275 1.10015 0.071303 0.641603 1.09195 0.716169 0.0712749 1.10285 0.0715907 0.6446 1.09183 0.641603 1.10285 0.712688 1.09183 0.6446 1.1024 0.712811 1.09191 0.712688 0.071645 1.10263 0.071645 0.644682 1.09187 0.712811 0.0715928 1.10237 0.0716165 0.644642 1.09179 0.712739 1.10015 0.716121 1.09182 0.644642 1.10263 0.071303 0.641603 1.09196 0.716121 0.0713018 1.10285 0.0715908 0.644613 1.09187 0.641603 1.10285 0.712688 1.09182 0.644613 1.1024 0.712803 1.09183 0.712688 0.071645 1.1026 0.0712748 0.641555 1.09188 0.64465 0.0716184 1.10015 0.0715894 0.644616 1.09187 0.641555 1.10284 0.716121 1.09183 0.644616 1.10263 0.712803 1.09187 0.716121 0.0713018 1.10285 0.7128 1.09187 0.712803 0.07159 1.10263 0.71281 1.09187 0.7128 0.0715906 1.1026 0.0716175 0.644654 1.09188 0.71275 1.10015 0.0715912 0.644618 1.09187 0.644654 1.10263 0.0715906 0.644618 1.09187 0.644618 1.10263 0.0715912 0.644618 1.09187 0.644618 1.10263 0.0715925 0.644615 1.09186 0.644618 1.10263 0.712676 1.09174 0.644615 1.10237 0.71618 1.09179 0.712739 1.10015 0.712789 1.09182 0.71618 0.0712753 1.10284 0.712801 1.09187 0.712789 0.0715895 1.10263 0.712801 1.09187 0.712801 0.0715912 1.10263 0.71281 1.09191 0.712801 0.0715912 1.10263 0.0716439 0.644669 1.09183 0.71281 0.0715927 1.10237 0.712738 1.0918 0.64464 0.0716179 1.10015 0.0713018 0.641602 1.09195 0.712738 0.0716165 1.10263 0.07159 0.644617 1.09188 0.641602 1.10285 0.0715925 0.644615 1.09187 0.644617 1.10263 0.712676 1.09178 0.644615 1.1024 0.0716455 0.64469 1.09191 0.712676 0.0716458 1.10237 0.0712749 0.641566 1.09191 0.64465 0.0716188 1.10015 0.716104 1.09178 0.641566 1.10285 0.712804 1.09187 0.716104 0.0713025 1.10285 0.712811 1.09192 0.712804 0.07159 1.10263 0.0716458 0.64468 1.09191 0.712811 0.0715928 1.1024 0.71269 1.09179 0.64468 1.10237 0.716168 1.09175 0.712739 1.10015 0.0713025 0.641603 1.09195 0.716168 0.0712749 1.10285 0.0715913 0.644614 1.09187 0.641603 1.10285 0.712688 1.09182 0.644614 1.1024 0.712788 1.09182 0.712688 0.0716449 1.10263 0.71281 1.09187 0.712788 0.071591 1.1026 0.0712749 0.641565 1.09188 0.64464 0.0716179 1.10015 0.716119 1.09182 0.641565 1.10285 0.712803 1.09186 0.716119 0.071303 1.10285 0.712789 1.09183 0.712803 0.07159 1.10263 0.0716466 0.644687 1.09195 0.712789 0.0715914 1.1024 0.712676 1.09175 0.644687 1.10237 0.712738 1.09179 0.64464 0.0716183 1.10015 0.712809 1.09191 0.712738 0.071617 1.10263 0.712803 1.09188 0.712809 0.0715909 1.10263 0.0716463 0.64468 1.09191 0.712803 0.0715925 1.1024 0.712676 1.09178 0.64468 1.1024 0.0716444 0.644682 1.09187 0.712676 0.0716461 1.10237 0.0712744 0.641554 1.09183 0.64464 0.0716183 1.10015 0.716118 1.09182 0.641554 1.10285 0.712803 1.09187 0.716118 0.0713027 1.10285 0.712803 1.09188 0.712803 0.07159 1.10263 0.0716448 0.64469 1.09195 0.712803 0.0715928 1.1024 0.0715915 0.644618 1.09183 0.64469 1.1026 0.0712749 0.641555 1.09188 0.64465 0.0716188 1.10015 0.0715898 0.644624 1.09191 0.641555 1.10284 0.0715906 0.644604 1.09183 0.644624 1.10263 0.0715925 0.644616 1.09187 0.644604 1.10263 0.712696 1.09187 0.644616 1.1024 0.712802 1.09183 0.712696 0.0716456 1.1026 0.0716175 0.644654 1.09187 0.71275 1.10015 0.716107 1.09178 0.644654 1.10263 0.0713027 0.641595 1.09191 0.716107 0.0713009 1.10285 0.0715913 0.644614 1.09187 0.641595 1.10285 0.712687 1.09182 0.644614 1.1024 0.71281 1.09187 0.712687 0.0716444 1.1026 0.716168 1.09175 0.712739 1.10015 0.0713022 0.641594 1.0919 0.716168 0.0712749 1.10285 0.0715903 0.644617 1.09187 0.641594 1.10285 0.0715911 0.644618 1.09187 0.644617 1.10263 0.0715919 0.644615 1.09186 0.644618 1.10263 0.712689 1.09179 0.644615 1.10237 0.0712744 0.641554 1.09184 0.64464 0.0716179 1.10015 0.0715906 0.644625 1.09191 0.641554 1.10285 0.0715911 0.644618 1.09187 0.644625 1.10263 0.0715912 0.644618 1.09187 0.644618 1.10263 0.0715911 0.644618 1.09187 0.644618 1.10263 0.0715906 0.644617 1.09183 0.644618 1.1026 0.0712749 0.641555 1.09187 0.64465 0.0716188 1.10015 0.716118 1.09182 0.641555 1.10285 0.712803 1.09187 0.716118 0.0713027 1.10285 0.712801 1.09187 0.712803 0.07159 1.10263 0.712809 1.09191 0.712801 0.0715912 1.10263 0.712802 1.09183 0.712809 0.0715914 1.1026 0.0716175 0.644654 1.09188 0.71275 1.10015 0.07159 0.644604 1.09182 0.644654 1.10263 0.0715911 0.644618 1.09187 0.644604 1.10263 0.0715928 0.644623 1.09191 0.644618 1.10263 0.712675 1.09178 0.644623 1.1024 0.71281 1.09187 0.712675 0.0716445 1.1026 0.71618 1.09179 0.712739 1.10015 0.0713021 0.641581 1.09186 0.71618 0.0712753 1.10285 0.0715913 0.644614 1.09187 0.641581 1.10285 0.712689 1.09183 0.644614 1.1024 0.0716457 0.644679 1.0919 0.712689 0.0716463 1.1024 0.712689 1.09179 0.644679 1.10237 0.712739 1.09184 0.64465 0.0716184 1.10015 0.0713021 0.641602 1.09195 0.712739 0.0716166 1.10263 0.07159 0.644617 1.09188 0.641602 1.10285 0.0715906 0.644617 1.09187 0.644617 1.10263 0.0715908 0.644605 1.09182 0.644617 1.10263 0.0715906 0.644617 1.09183 0.644605 1.1026 0.0716171 0.644654 1.09187 0.71275 1.10015 0.716107 1.09178 0.644654 1.10263 0.712804 1.09187 0.716107 0.0713013 1.10285 0.712811 1.09192 0.712804 0.07159 1.10263 0.071645 0.644682 1.09191 0.712811 0.0715928 1.1024 0.0715906 0.644605 1.09179 0.644682 1.1026 0.71618 1.0918 0.712739 1.10015 0.0713022 0.641595 1.09191 0.71618 0.0712753 1.10285 0.0715913 0.644614 1.09187 0.641595 1.10285 0.712688 1.09183 0.644614 1.1024 0.712803 1.09186 0.712688 0.071645 1.10263 0.0716444 0.644669 1.09183 0.712803 0.0715928 1.10237 0.712739 1.09183 0.64465 0.0716184 1.10015 0.712801 1.09187 0.712739 0.0716166 1.10263 0.712801 1.09187 0.712801 0.0715915 1.10263 0.712808 1.09191 0.712801 0.0715911 1.10263 0.712789 1.09183 0.712808 0.0715908 1.10263 0.0716456 0.64469 1.09191 0.712789 0.071592 1.10237 0.071617 0.644653 1.09184 0.712739 1.10015 0.0715912 0.644618 1.09187 0.644653 1.10263 0.0715925 0.644615 1.09187 0.644618 1.10263 0.712689 1.09183 0.644615 1.1024 0.0716457 0.644667 1.09186 0.712689 0.0716463 1.1024 0.712697 1.09183 0.644667 1.10237 0.71275 1.09188 0.64465 0.0716184 1.10015 0.712801 1.09187 0.71275 0.0716175 1.10263 0.712801 1.09187 0.712801 0.0715912 1.10263 0.712802 1.09187 0.712801 0.0715911 1.10263 0.071646 0.644667 1.09187 0.712802 0.0715919 1.1024 0.712697 1.09183 0.644667 1.10237 0.716167 1.09175 0.712738 1.10015 0.712811 1.0919 0.716167 0.0712744 1.10285 0.7128 1.09187 0.712811 0.0715902 1.10263 0.712802 1.09187 0.7128 0.0715911 1.10263 0.071646 0.644666 1.09187 0.712802 0.0715924 1.1024 0.712696 1.09183 0.644666 1.10237 0.0712736 0.641541 1.09191 0.644647 0.071618 1.10015 0.716114 1.09178 0.641541 1.10284 0.712789 1.09187 0.716114 0.0713022 1.10285 0.712802 1.09191 0.712789 0.0715891 1.10263 0.0716454 0.64466 1.09187 0.712802 0.0715922 1.1024 0.712689 1.09183 0.64466 1.10237 0.0716129 1.10018 0.0712694 0.64153 1.09196 0.644607 0.0715859 0.644575 1.09187 0.64153 1.10285 0.712676 1.10018 0.0716124 0.644571 1.09187 0.712615 1.09183 0.644571 1.1024 0.712639 1.1024 0.644607 1.09183 0.644575 1.1024 0.712646 1.09182 0.0716123 0.712676 1.09187 0.64463 0.0716414 1.1024 0.0716422 0.644648 1.09191 0.712615 0.0716406 1.1024 0.071641 0.712639 1.09183 0.644635 0.0716413 1.10237 0.0716397 0.644631 1.09183 0.712646 0.0716413 1.10237 0.712644 1.10237 0.64463 0.548125 0.543864 0.644648 1.10237 0.712645 0.543867 0.548127 0.071617 0.712739 1.0916 0.712809 1.10239 0.64467 1.10239 0.0715911 0.644616 1.09155 0.712696 1.10216 0.64464 1.09155 0.644683 1.10239 0.0715911 0.644616 1.09156 0.712688 1.10216 0.644651 1.09152 0.644605 1.1024 0.0715911 0.644616 1.09155 0.0716174 0.71275 1.09155 0.712801 1.10239 0.644682 1.10239 0.0715906 0.644603 1.09151 0.0716166 0.712739 1.0916 0.712809 1.10239 0.0716443 0.644668 1.09155 0.712803 0.0715928 1.10216 0.712689 1.10216 0.64465 1.09151 0.0716446 0.644668 1.09156 0.71281 0.0715927 1.10216 0.0716174 0.71275 1.09156 0.712801 1.10239 0.0716451 0.644681 1.09159 0.712676 0.0716458 1.10216 0.0716166 0.712739 1.0916 0.712809 1.10239 0.644669 1.10239 0.0715914 0.644617 1.09155 0.712696 1.10216 0.64464 1.09155 0.64469 1.10239 0.0715906 0.644603 1.09151 0.712688 1.10216 0.64465 1.09152 0.0716442 0.644668 1.09155 0.71269 0.0716466 1.10216 0.071617 0.712739 1.09159 0.712809 1.10239 0.0716446 0.644668 1.09156 0.71281 0.0715922 1.10216 0.712696 1.10216 0.64464 1.09156 0.0716451 0.644681 1.09159 0.712676 0.0716457 1.10216 0.712696 1.10216 0.64464 1.09155 0.644682 1.10239 0.0715914 0.644617 1.09156 0.712696 1.10216 0.64464 1.09155 0.644618 1.10239 0.0715905 0.644603 1.09151 0.712688 1.10216 0.64465 1.09151 0.0716443 0.644668 1.09155 0.712802 0.0715925 1.10216 0.0716174 0.71275 1.09156 0.712801 1.10239 0.0716446 0.644668 1.09156 0.71281 0.0715928 1.10216 0.0716166 0.712739 1.09159 0.712809 1.10239 0.0716451 0.644681 1.0916 0.712689 0.0716463 1.10216 0.712696 1.10216 0.64464 1.09155 0.644617 1.10239 0.0715908 0.644604 1.09151 0.712688 1.10216 0.64465 1.09151 0.0716443 0.644668 1.09155 0.712802 0.0715925 1.10216 0.0716174 0.71275 1.09156 0.712801 1.10239 0.0716446 0.644668 1.09156 0.71281 0.0715928 1.10216 0.0716166 0.712739 1.0916 0.712809 1.10239 0.0716451 0.644681 1.0916 0.712689 0.0716462 1.10216 0.712689 1.10216 0.64465 1.09151 0.644617 1.1024 0.0715914 0.644617 1.09155 0.0716174 0.71275 1.09156 0.712801 1.10239 0.644605 1.1024 0.0715911 0.644616 1.09155 0.0716166 0.712739 1.0916 0.712809 1.10239 0.644669 1.10239 0.0715911 0.644616 1.09155 0.712689 1.10216 0.64465 1.09151 0.64469 1.10239 0.0715906 0.644603 1.09152 0.071617 0.712739 1.0916 0.712809 1.10239 0.0716442 0.644668 1.09155 0.712697 0.0716468 1.10216 0.712689 1.10216 0.64465 1.09151 0.644669 1.10239 0.0715911 0.644616 1.09155 0.712689 1.10216 0.64465 1.09151 0.0716445 0.644668 1.09155 0.712697 0.071646 1.10216 0.071617 0.712739 1.0916 0.712808 1.10239 0.644605 1.1024 0.071591 0.644616 1.09155 0.071617 0.712738 1.09159 0.712808 1.10239 0.0716445 0.644667 1.09155 0.712696 0.0716459 1.10216 0.712684 1.10216 0.644647 1.09152 0.644679 1.10239 0.0715905 0.644613 1.09156 0.712681 1.10216 0.644647 1.09151 0.0716439 0.644661 1.09155 0.712689 0.0716454 1.10216 0.712653 1.10217 0.644635 1.09155 0.644631 1.1024 0.0715856 0.644577 1.09155 0.0716404 0.712644 1.09156 0.712731 1.1024 0.0716394 0.644616 1.0916 0.712645 0.0716411 1.10217 0.712324 1.09183 0.644265 0.0715661 1.10023 0.0715656 1.10245 0.0715947 0.644305 1.09191 0.712324 0.0715647 0.644043 1.09187 0.712087 1.10023 0.644043 1.10268 0.0715382 0.644009 1.09187 0.712219 1.10205 0.644265 1.09187 0.644305 1.10206 0.71222 1.09187 0.0715661 0.712087 1.09184 0.71559 1.10205 0.715439 1.09183 0.644009 1.10229 0.548154 0.71559 0.712219 0.543878 1.46463 0.543864 1.46463 0.548141 0.715516 0.71228 0.548125 0.712219 0.71559 0.543912 1.46463 0.548143 1.46463 0.543867 0.71228 0.715523 0.0715663 1.09961 0.71228 1.0916 0.644278 0.71228 1.09961 0.0715648 0.644273 1.09156 0.715523 1.09152 0.712095 1.09961 0.712081 1.09148 0.715523 1.09961 0.0715908 0.712808 1.08961 0.712806 1.10081 0.644616 1.10081 0.0715907 0.644603 1.08961 0.0716448 0.712689 1.0896 0.712807 1.10081 0.644616 1.10081 0.0715907 0.644604 1.08961 0.0715908 0.712809 1.08961 0.712807 1.10081 0.644616 1.10081 0.0715907 0.644604 1.08961 0.0716451 0.712696 1.08961 0.712807 1.10081 0.644616 1.10081 0.0715907 0.644604 1.08961 0.0716442 0.712688 1.0896 0.712807 1.10081 0.644616 1.10081 0.0715907 0.644604 1.08961 0.0715905 0.712801 1.08961 0.712807 1.10081 0.644603 1.10081 0.0715907 0.644604 1.0896 0.0715914 0.712809 1.08961 0.712807 1.10081 0.644668 1.10081 0.0715908 0.644604 1.08961 0.0716448 0.712689 1.0896 0.712807 1.10081 0.644668 1.10081 0.0715908 0.644604 1.08961 0.0715905 0.712801 1.08961 0.712807 1.10081 0.644681 1.10081 0.0715908 0.644604 1.08961 0.0715914 0.712809 1.08961 0.712807 1.10081 0.644617 1.10081 0.0715907 0.644604 1.08961 0.0716451 0.712696 1.08961 0.712807 1.10081 0.644603 1.10081 0.0715907 0.644604 1.0896 0.0716442 0.712688 1.0896 0.712807 1.10081 0.644668 1.10081 0.0715908 0.644604 1.08961 0.0715908 0.712809 1.08961 0.712807 1.10081 0.644668 1.10081 0.0715908 0.644604 1.08961 0.0716451 0.712696 1.08961 0.712807 1.10081 0.644681 1.10081 0.0715908 0.644604 1.08961 0.0716445 0.712696 1.08961 0.712807 1.10081 0.644617 1.10081 0.0715907 0.644604 1.08961 0.0716445 0.712696 1.08961 0.712807 1.10081 0.644603 1.10081 0.0715907 0.644604 1.0896 0.0716442 0.712688 1.0896 0.712807 1.10081 0.644668 1.10081 0.0715908 0.644604 1.08961 0.0715905 0.712801 1.08961 0.712807 1.10081 0.644668 1.10081 0.0715908 0.644604 1.08961 0.0715914 0.712809 1.08961 0.712807 1.10081 0.644681 1.10081 0.0715908 0.644604 1.08961 0.0716451 0.712696 1.08961 0.712807 1.10081 0.644604 1.10081 0.0715907 0.644604 1.0896 0.0716442 0.712688 1.0896 0.712807 1.10081 0.644668 1.10081 0.0715908 0.644604 1.08961 0.0715905 0.712801 1.08961 0.712807 1.10081 0.644668 1.10081 0.0715908 0.644604 1.08961 0.0715914 0.712809 1.08961 0.712807 1.10081 0.644681 1.10081 0.0715908 0.644604 1.08961 0.0716448 0.712689 1.0896 0.712807 1.10081 0.644617 1.10081 0.0715907 0.644604 1.08961 0.0715905 0.712801 1.08961 0.712807 1.10081 0.644616 1.10081 0.0715907 0.644604 1.08961 0.0715914 0.712809 1.08961 0.712807 1.10081 0.644616 1.10081 0.0715907 0.644604 1.08961 0.0716448 0.712689 1.0896 0.712807 1.10081 0.644603 1.10081 0.0715907 0.644604 1.0896 0.0715908 0.712809 1.08961 0.712807 1.10081 0.644668 1.10081 0.0715908 0.644604 1.08961 0.0716448 0.712689 1.0896 0.712807 1.10081 0.644668 1.10081 0.0715908 0.644604 1.08961 0.0715908 0.712808 1.08961 0.712806 1.10081 0.644667 1.10081 0.0715907 0.644603 1.08961 0.0716436 0.712684 1.0896 0.712802 1.10081 0.644613 1.10081 0.0715902 0.6446 1.08961 0.0716442 0.712681 1.0896 0.712799 1.10081 0.644661 1.10081 0.0715902 0.644596 1.08961 0.0716394 0.712653 1.08961 0.712761 1.10081 0.644577 1.10081 0.0715851 0.644564 1.08961 0.071585 0.712731 1.08961 0.712733 1.10081 0.644616 1.10081 0.0715843 0.644522 1.08957 0.712274 1.10063 0.644278 1.08957 0.644273 1.10086 0.0715393 0.644227 1.08961 0.0715648 0.712095 1.0896 0.712153 1.10086 0.0715898 0.64406 1.08964 0.712081 0.0715658 1.10063 0.709143 1.10071 0.712518 1.09183 0.0708189 1.10336 0.709158 1.09187 0.712518 0.070852 0.638308 1.09187 0.709158 0.0711358 1.10315 0.638308 1.10336 0.0711445 0.64138 1.09187 0.0708192 0.636324 1.0919 0.639398 0.0711633 1.10071 0.0711353 0.639371 1.09187 0.636324 1.10336 0.0711363 0.639372 1.09187 0.639371 1.10315 0.639372 1.10314 0.0711384 0.639371 1.09186 0.709186 1.10312 0.0711627 0.709143 0.548154 0.543863 0.64138 1.10312 0.0711454 0.641373 0.548141 0.543878 0.639398 1.09179 0.707055 1.10289 0.707045 1.09179 0.639371 1.10289 0.0711372 0.709186 1.09152 0.709145 1.10291 0.641373 1.10291 0.0711436 0.641332 1.09152 0.0711958 0.707055 1.09155 0.707158 1.10291 0.0711857 0.63943 1.09159 0.707045 0.0711966 1.10268 0.0711354 0.709145 1.08965 0.709136 1.1013 0.641332 1.10129 0.0711435 0.641306 1.0896 0.0711437 0.707158 1.0896 0.707155 1.10129 0.63943 1.10129 0.07113 0.639356 1.0896 0.0715907 0.712806 1.07676 0.712921 1.08924 0.644603 1.08924 0.716033 1.07676 0.0715908 0.712807 1.07676 0.712922 1.08924 0.644604 1.08924 0.716033 1.07676 0.0715907 0.712807 1.07676 0.712922 1.08924 0.644604 1.08924 0.716033 1.07676 0.0715908 0.712807 1.07676 0.712922 1.08924 0.644604 1.08924 0.716033 1.07676 0.0715908 0.712807 1.07676 0.712922 1.08924 0.644604 1.08924 0.716033 1.07676 0.0715907 0.712807 1.07676 0.712922 1.08924 0.644604 1.08924 0.716033 1.07676 0.0715907 0.712807 1.07676 0.712922 1.08924 0.644604 1.08924 0.716033 1.07676 0.0715908 0.712807 1.07676 0.712922 1.08924 0.644604 1.08924 0.716033 1.07676 0.0715907 0.712807 1.07676 0.712922 1.08924 0.644604 1.08924 0.716033 1.07676 0.0715907 0.712807 1.07676 0.712922 1.08924 0.644604 1.08924 0.716033 1.07676 0.0715908 0.712807 1.07676 0.712922 1.08924 0.644604 1.08924 0.716033 1.07676 0.0715908 0.712807 1.07676 0.712922 1.08924 0.644604 1.08924 0.716033 1.07676 0.0715907 0.712807 1.07676 0.712922 1.08924 0.644604 1.08924 0.716033 1.07676 0.0715908 0.712807 1.07676 0.712922 1.08924 0.644604 1.08924 0.716033 1.07676 0.0715908 0.712807 1.07676 0.712922 1.08924 0.644604 1.08924 0.716033 1.07676 0.0715908 0.712807 1.07676 0.712922 1.08924 0.644604 1.08924 0.716033 1.07676 0.0715908 0.712807 1.07676 0.712922 1.08924 0.644604 1.08924 0.716033 1.07676 0.0715907 0.712807 1.07676 0.712922 1.08924 0.644604 1.08924 0.716033 1.07676 0.0715907 0.712807 1.07676 0.712922 1.08924 0.644604 1.08924 0.716033 1.07676 0.0715908 0.712807 1.07676 0.712922 1.08924 0.644604 1.08924 0.716033 1.07676 0.0715908 0.712807 1.07676 0.712922 1.08924 0.644604 1.08924 0.716033 1.07676 0.0715907 0.712807 1.07676 0.712922 1.08924 0.644604 1.08924 0.716033 1.07676 0.0715907 0.712807 1.07676 0.712922 1.08924 0.644604 1.08924 0.716033 1.07676 0.0715908 0.712807 1.07676 0.712922 1.08924 0.644604 1.08924 0.716033 1.07676 0.0715907 0.712807 1.07676 0.712922 1.08924 0.644604 1.08924 0.716033 1.07676 0.0715907 0.712807 1.07676 0.712922 1.08924 0.644604 1.08924 0.716033 1.07676 0.0715908 0.712807 1.07676 0.712922 1.08924 0.644604 1.08924 0.716033 1.07676 0.0715907 0.712807 1.07676 0.712922 1.08924 0.644604 1.08924 0.716033 1.07676 0.0715908 0.712807 1.07676 0.712922 1.08924 0.644604 1.08924 0.716033 1.07676 0.0715907 0.712806 1.07676 0.712921 1.08924 0.644603 1.08924 0.716032 1.07676 0.6446 1.08924 0.716028 1.07676 0.0715902 0.712799 1.07676 0.712913 1.08924 0.0715902 0.712802 1.07676 0.712917 1.08924 0.644596 1.08924 0.716025 1.07676 0.0715843 0.712761 1.07676 0.712872 1.08924 0.644564 1.08924 0.715984 1.07676 0.0715851 0.712733 1.07676 0.712845 1.08924 0.644522 1.08924 0.715956 1.07675 0.0715898 0.712274 1.07675 0.712466 1.08928 0.644227 1.08928 0.715577 1.07676 0.0715393 0.712153 1.07675 0.712253 1.08928 0.64406 1.08928 0.715362 1.07675 0.07113 0.709136 1.07675 0.708995 1.08962 0.641306 1.08958 0.712102 1.07675 0.0711435 0.707155 1.07674 0.707285 1.08958 0.639356 1.08962 0.710381 1.07672 0.681839 1.1054 0.0681169 0.616789 1.09183 0.616789 1.10772 0.685165 1.09189 0.0677997 0.613784 1.09189 0.685165 0.0677603 1.10792 0.0681034 0.616783 1.09183 0.613784 1.1079 0.0681042 0.616793 1.09186 0.616783 1.1077 0.616793 1.10766 0.0681043 0.616792 1.09183 0.671684 1.10539 0.0680817 0.606792 1.09183 0.0680678 0.606777 1.09187 0.606792 1.10769 0.0680677 0.606777 1.09187 0.606777 1.1077 0.0680677 0.606777 1.09187 0.606777 1.1077 0.606777 1.10769 0.0680677 0.606777 1.09187 0.606777 1.10765 0.0680675 0.606778 1.09183 0.616792 1.10741 0.0681048 0.616774 1.09155 0.0681178 0.671684 1.09155 0.67173 1.1074 0.0680638 0.606804 1.09155 0.606778 1.10741 0.681843 1.10741 0.0680809 0.681839 1.09155 0.616774 1.10556 0.0681136 0.616626 1.0896 0.0681049 0.67173 1.08958 0.67187 1.10556 0.606804 1.10559 0.0680313 0.606989 1.08958 0.0680633 0.681843 1.08959 0.681673 1.10559 0.0680313 0.681673 1.07672 0.680612 1.09302 0.616626 1.09277 0.683668 1.07674 0.0681136 0.67187 1.0767 0.672989 1.09277 0.606989 1.09302 0.676028 1.07668 
</DataArray>
<DataArray type="Float64" Name="wall variable 0" format="ascii">
4.63862e-35 8.37984e-35 0 0 7.982e-35 1.5594e-34 1.01534e-34 3.50028e-35 0 4.63862e-35 0 1.50707e-34 2.88996e-34 1.7097e-34 7.982e-35 0 2.57576e-34 5.68449e-34 3.14285e-34 6.16737e-34 1.50707e-34 0 1.93203e-34 6.54908e-34 8.70434e-34 2.25744e-34 5.73176e-34 2.57576e-34 0 2.29995e-34 4.66217e-34 6.54908e-34 1.93203e-34 0 2.49985e-34 6.41623e-34 5.52166e-34 2.25744e-34 0 7.24817e-34 2.29995e-34 0 2.31835e-34 8.49976e-34 9.2612e-34 2.49985e-34 0 1.76521e-34 8.01945e-34 8.5382e-34 2.31835e-34 0 1.43464e-34 4.84806e-34 5.18318e-34 1.76521e-34 0 0 3.73481e-34 1.55379e-33 2.86618e-33 0 1.01534e-34 2.85506e-33 5.3627e-33 2.90783e-33 8.54002e-34 1.7097e-34 5.88141e-33 9.18337e-33 5.39624e-33 1.55379e-33 3.14285e-34 2.85506e-33 6.16737e-34 8.86823e-33 2.55798e-32 9.24295e-33 5.88141e-33 9.3908e-34 6.19168e-33 1.64066e-32 1.93815e-32 2.56906e-32 8.86823e-33 6.54908e-34 4.59837e-33 1.37249e-32 1.61944e-32 6.63007e-33 1.34924e-32 6.19168e-33 5.52166e-34 1.37249e-32 4.59837e-33 7.24817e-34 9.07011e-33 2.01453e-32 2.03578e-32 6.63007e-33 9.2612e-34 8.45235e-33 3.36631e-32 3.38347e-32 9.07011e-33 8.5382e-34 4.74583e-33 1.35136e-32 1.36217e-32 8.45235e-33 5.18318e-34 3.63992e-33 9.65915e-33 9.73006e-33 4.74583e-33 4.17226e-34 0 9.43228e-33 2.33079e-32 2.97315e-32 0 2.90783e-33 1.03834e-32 5.39624e-33 2.78667e-32 7.64575e-32 4.94528e-32 3.00851e-32 2.33079e-32 9.24295e-33 7.45733e-32 7.59218e-32 2.56906e-32 9.19896e-32 3.2722e-31 7.64575e-32 2.78667e-32 9.29433e-32 1.95439e-32 6.75565e-32 1.60609e-31 1.76109e-31 5.53254e-32 1.79325e-31 1.58667e-31 7.04324e-32 1.64066e-32 6.75565e-32 1.37249e-32 8.05625e-32 1.77195e-31 1.79325e-31 5.53254e-32 2.03578e-32 1.19305e-31 2.07874e-31 4.19468e-31 2.09817e-31 8.05625e-32 3.38347e-32 1.00213e-31 1.01699e-31 1.36217e-32 4.07148e-32 1.11614e-31 1.12592e-31 4.21399e-32 9.73006e-33 3.93611e-32 1.06802e-31 1.07435e-31 4.07148e-32 9.53158e-33 0 1.0934e-31 1.86503e-31 3.23112e-31 0 3.00851e-32 3.84161e-31 5.55745e-31 3.27217e-31 1.01996e-31 4.97501e-32 1.86503e-31 7.64575e-32 3.2722e-31 1.09596e-30 1.06379e-30 5.59286e-31 7.68087e-31 1.08452e-30 3.84161e-31 7.45733e-32 9.29433e-32 3.2722e-31 1.77589e-31 6.37555e-31 2.24135e-30 1.90101e-30 1.09596e-30 7.68087e-31 1.60609e-31 8.5891e-31 2.21798e-30 8.78004e-31 2.1839e-30 2.24135e-30 6.37555e-31 1.79325e-31 2.20954e-30 8.5891e-31 2.09817e-31 4.19468e-31 1.33849e-30 2.02871e-30 5.10892e-31 1.32064e-30 8.78004e-31 1.19305e-31 1.01699e-31 1.33849e-30 4.19468e-31 1.12592e-31 4.89187e-31 1.36972e-30 1.38146e-30 5.10892e-31 1.07435e-31 4.60346e-31 1.24887e-30 1.25643e-30 4.89187e-31 1.1019e-31 0 1.25033e-30 2.11189e-30 3.52492e-30 0 3.27217e-31 4.72145e-30 5.84825e-30 3.57337e-30 1.14547e-30 5.59286e-31 2.11189e-30 1.07021e-30 4.50194e-30 1.58884e-29 1.04618e-29 5.89099e-30 7.70921e-30 1.57491e-29 4.72145e-30 1.09596e-30 1.15843e-29 2.27787e-29 1.58884e-29 4.50194e-30 1.9188e-30 9.23497e-30 2.43494e-29 2.81437e-29 2.29956e-29 7.70921e-30 2.24135e-30 7.60292e-30 1.88424e-29 2.40364e-29 1.15843e-29 2.20954e-30 5.29148e-30 1.67571e-29 1.8557e-29 9.23497e-30 2.0521e-30 6.18593e-30 1.65397e-29 7.60292e-30 1.33849e-30 1.67571e-29 5.29148e-30 1.38146e-30 5.61278e-30 1.55329e-29 1.56754e-29 6.18593e-30 1.25643e-30 5.17071e-30 1.37571e-29 1.38484e-29 5.61278e-30 1.26022e-30 0 1.37731e-29 2.1698e-29 3.85797e-29 0 3.57337e-30 3.96382e-29 6.44479e-29 3.91394e-29 1.24295e-29 5.89099e-30 7.83182e-29 1.21382e-28 6.49526e-29 2.1698e-29 1.05396e-29 9.81218e-29 1.92084e-28 1.75979e-28 1.22304e-28 3.96382e-29 1.58884e-29 1.11473e-28 2.87373e-28 1.89504e-28 7.83182e-29 2.29956e-29 9.91203e-29 2.78564e-28 2.83977e-28 9.81218e-29 2.8429e-29 6.93923e-29 2.07521e-28 2.74835e-28 1.11473e-28 2.43494e-29 7.70038e-29 2.04123e-28 9.91203e-29 1.88424e-29 6.74225e-29 1.62396e-28 2.07521e-28 6.93923e-29 1.67571e-29 1.64983e-28 7.70038e-29 1.56754e-29 6.0197e-29 1.6003e-28 1.61723e-28 6.74225e-29 1.38484e-29 5.61722e-29 1.47481e-28 1.48561e-28 6.0197e-29 1.38901e-29 0 1.48914e-28 2.39739e-28 3.98919e-28 0 3.91394e-29 5.04394e-28 6.33269e-28 4.05221e-28 1.34721e-28 6.49526e-29 2.39739e-28 1.22304e-28 6.69347e-28 1.40248e-27 1.03443e-27 6.39077e-28 6.8826e-28 1.8989e-27 1.38331e-27 5.04394e-28 1.77634e-28 1.31008e-27 1.86899e-27 6.69347e-28 1.92084e-28 1.21084e-27 3.40075e-27 2.96048e-27 1.8989e-27 6.8826e-28 2.87373e-28 9.21911e-28 2.61601e-27 3.35748e-27 1.31008e-27 2.78564e-28 6.03387e-28 1.71255e-27 2.57659e-27 1.21084e-27 2.07521e-28 6.85718e-28 1.68256e-27 9.21911e-28 1.64983e-28 1.71255e-27 6.03387e-28 1.61723e-28 6.45892e-28 1.73389e-27 1.75348e-27 6.85718e-28 1.48561e-28 6.04922e-28 1.59346e-27 1.6059e-27 6.45892e-28 1.50268e-28 0 1.58418e-27 2.32337e-27 4.21162e-27 0 4.05221e-28 3.7902e-27 6.81607e-27 4.28066e-27 1.38681e-27 6.39077e-28 5.56292e-27 1.17024e-26 6.88111e-27 2.32337e-27 1.04509e-27 7.74321e-27 1.35995e-26 1.18224e-26 3.7902e-27 1.40248e-27 1.09851e-26 2.02932e-26 1.38156e-26 5.56292e-27 1.8989e-27 1.5298e-26 2.86029e-26 2.06308e-26 7.74321e-27 2.99988e-27 1.0617e-26 2.96472e-26 3.86395e-26 2.90479e-26 1.09851e-26 3.40075e-27 6.73636e-27 1.93778e-26 2.9202e-26 1.5298e-26 2.61601e-27 7.60247e-27 1.90394e-26 1.0617e-26 1.71255e-27 1.93778e-26 6.73636e-27 1.75348e-27 7.01424e-27 1.92951e-26 1.95158e-26 7.60247e-27 1.6059e-27 6.3826e-27 1.67947e-26 1.69343e-26 7.01424e-27 1.59944e-27 0 1.62169e-26 2.62093e-26 4.29951e-26 0 4.28066e-27 5.21258e-26 7.2042e-26 4.37307e-26 1.475e-26 6.88111e-27 2.62093e-26 1.18224e-26 4.78273e-26 1.34528e-25 1.32054e-25 7.27505e-26 7.75691e-26 1.32159e-25 5.21258e-26 1.38156e-26 1.1136e-25 2.07665e-25 1.34528e-25 4.78273e-26 2.06308e-26 1.55659e-25 2.7833e-25 2.11372e-25 7.75691e-26 2.90479e-26 1.18632e-25 3.20186e-25 3.50785e-25 2.8322e-25 1.1136e-25 3.91282e-26 7.76555e-26 2.38897e-25 3.15293e-25 1.55659e-25 2.96472e-26 8.57207e-26 2.35182e-25 1.18632e-25 1.93778e-26 2.38897e-25 7.76555e-26 1.95158e-26 7.26179e-26 1.97691e-25 2.0011e-25 8.57207e-26 1.69343e-26 6.37841e-26 1.63127e-25 1.6465e-25 7.26179e-26 1.63845e-26 0 1.56216e-25 2.54417e-25 4.0119e-25 0 4.37307e-26 5.37493e-25 6.44011e-25 4.08806e-25 1.43687e-25 7.27505e-26 2.54417e-25 1.33367e-25 5.25433e-25 1.64035e-24 1.1086e-24 6.51511e-25 8.1494e-25 1.61509e-24 5.37493e-25 1.34528e-25 1.0729e-24 1.99599e-24 1.64035e-24 5.25433e-25 2.11372e-25 1.30576e-24 2.72134e-24 2.03556e-24 8.1494e-25 2.8322e-25 1.30664e-24 3.33183e-24 2.77359e-24 1.0729e-24 3.56158e-25 1.05821e-24 2.72105e-24 3.38926e-24 1.30576e-24 3.20186e-25 8.21363e-25 1.95194e-24 2.77332e-24 1.30664e-24 2.38897e-25 1.99159e-24 1.05821e-24 2.0011e-25 6.7236e-25 1.73335e-24 1.75912e-24 8.21363e-25 1.6465e-25 5.94221e-25 1.44789e-24 1.46404e-24 6.7236e-25 1.58004e-25 0 1.43313e-24 2.20169e-24 3.72259e-24 0 4.08806e-25 3.85097e-24 5.82126e-24 3.79914e-24 1.32685e-24 6.51511e-25 7.76145e-24 9.90603e-24 5.89836e-24 2.20169e-24 1.12257e-24 7.35075e-24 2.17397e-23 1.63445e-23 1.00503e-23 3.85097e-24 1.64035e-24 1.07954e-23 2.13294e-23 7.76145e-24 2.03556e-24 1.47039e-23 2.47505e-23 2.17397e-23 7.35075e-24 2.77359e-24 1.09402e-23 3.0672e-23 3.24731e-23 2.52929e-23 1.07954e-23 3.38926e-24 6.9401e-24 1.90752e-23 3.01294e-23 1.47039e-23 2.77332e-24 6.99369e-24 1.8664e-23 1.09402e-23 1.99159e-24 1.90752e-23 6.9401e-24 1.75912e-24 5.71251e-24 1.32793e-23 1.3546e-23 6.99369e-24 1.46404e-24 5.34634e-24 1.25564e-23 1.27227e-23 5.71251e-24 1.45167e-24 0 1.31252e-23 2.07946e-23 3.49537e-23 0 3.79914e-24 3.50221e-23 5.62992e-23 3.57003e-23 1.25321e-23 5.89836e-24 5.69917e-23 9.93925e-23 5.70681e-23 2.07946e-23 1.00503e-23 9.97317e-23 1.30677e-22 1.00839e-22 3.50221e-23 1.6606e-23 8.86219e-23 2.57872e-22 2.07962e-22 1.33304e-22 5.69917e-23 2.17397e-23 1.1876e-22 2.52407e-22 9.97317e-23 2.52929e-23 1.28377e-22 2.79054e-22 2.57872e-22 8.86219e-23 3.30695e-23 7.7167e-23 1.98962e-22 2.75033e-22 2.85066e-22 1.1876e-22 3.0672e-23 4.64411e-23 1.21444e-22 1.94823e-22 1.28377e-22 1.90752e-23 4.98049e-23 1.18765e-22 7.7167e-23 1.3546e-23 1.21444e-22 4.64411e-23 1.27227e-23 4.9297e-23 1.17172e-22 1.18834e-22 4.98049e-23 1.3312e-23 0 1.21806e-22 1.9866e-22 3.04736e-22 0 3.57003e-23 4.03316e-22 4.81638e-22 3.11793e-22 1.15154e-22 5.70681e-23 1.9866e-22 1.00839e-22 4.24289e-22 1.14175e-21 8.01835e-22 4.89072e-22 7.21196e-22 1.11615e-21 4.03316e-22 1.33304e-22 1.17471e-21 1.81559e-21 1.14175e-21 4.24289e-22 2.12091e-22 1.11928e-21 2.53772e-21 2.46235e-21 1.8559e-21 7.21196e-22 2.57872e-22 9.88438e-22 2.406e-21 2.47893e-21 1.17471e-21 2.85066e-22 7.23367e-22 2.02366e-21 2.35256e-21 1.11928e-21 2.80501e-22 4.43157e-22 1.20099e-21 1.98326e-21 9.88438e-22 1.98962e-22 4.76311e-22 1.17489e-21 7.23367e-22 1.21444e-22 1.20099e-21 4.43157e-22 1.18834e-22 4.59268e-22 1.10896e-21 1.12506e-21 4.76311e-22 1.23632e-22 0 1.10817e-21 1.61741e-21 2.63943e-21 0 3.11793e-22 2.74285e-21 4.23502e-21 2.70402e-21 9.82803e-22 4.89072e-22 4.62844e-21 7.54281e-21 4.30463e-21 1.61741e-21 8.15897e-22 6.88474e-21 1.31794e-20 7.67521e-21 2.74285e-21 1.14175e-21 8.70242e-21 1.70665e-20 1.34211e-20 4.62844e-21 1.8559e-21 9.59855e-21 2.00797e-20 1.74478e-20 6.88474e-21 2.51577e-21 9.24904e-21 2.06312e-20 2.05856e-20 8.70242e-21 2.53772e-21 8.1158e-21 1.8007e-20 2.11883e-20 9.59855e-21 2.406e-21 4.46699e-21 1.17056e-20 1.47841e-20 1.85131e-20 9.24904e-21 2.02366e-21 4.51804e-21 1.14594e-20 8.1158e-21 1.20099e-21 1.17056e-20 4.46699e-21 1.12506e-21 4.13204e-21 1.00105e-20 1.01617e-20 4.51804e-21 1.12547e-21 0 9.50015e-21 1.48922e-20 2.31124e-20 0 2.70402e-21 2.758e-20 3.93897e-20 2.36842e-20 8.66393e-21 4.30463e-21 5.38225e-20 7.54829e-20 4.00203e-20 1.48922e-20 7.67521e-21 6.59084e-20 1.20295e-19 1.11245e-19 7.66893e-20 2.758e-20 1.34211e-20 7.82705e-20 1.56178e-19 1.16803e-19 5.38225e-20 1.74478e-20 8.07769e-20 1.77576e-19 1.51538e-19 6.59084e-20 2.05856e-20 6.72268e-20 1.72066e-19 1.72464e-19 7.82705e-20 2.11883e-20 4.57458e-20 1.13106e-19 1.67424e-19 8.07769e-20 1.85131e-20 4.70833e-20 1.09606e-19 6.72268e-20 1.51663e-20 1.13106e-19 4.57458e-20 1.17056e-20 3.9881e-20 9.94771e-20 1.01726e-19 4.70833e-20 1.01617e-20 3.43358e-20 8.02606e-20 8.16335e-20 3.9881e-20 9.65888e-21 0 7.55161e-20 1.32406e-19 1.86093e-19 0 2.36842e-20 2.87383e-19 3.19276e-19 1.90985e-19 7.33555e-20 4.00203e-20 1.32406e-19 7.66893e-20 3.94824e-19 7.23734e-19 5.93755e-19 3.24796e-19 3.99914e-19 1.06506e-18 7.04221e-19 2.87383e-19 1.13453e-19 5.76485e-19 1.03414e-18 3.94824e-19 1.20295e-19 6.67818e-19 1.33743e-18 1.06506e-18 3.99914e-19 1.56178e-19 6.78207e-19 1.35971e-18 1.3786e-18 5.76485e-19 1.77576e-19 4.12632e-19 1.01621e-18 1.244e-18 1.40509e-18 6.67818e-19 1.72066e-19 3.91591e-19 9.85218e-19 6.78207e-19 1.13106e-19 1.01621e-18 4.12632e-19 1.01726e-19 3.02477e-19 6.82601e-19 7.02465e-19 3.91591e-19 8.16335e-20 2.64898e-19 5.91787e-19 6.03841e-19 3.02477e-19 7.69253e-20 0 5.80764e-19 1.00306e-18 1.38669e-18 0 1.90985e-19 2.16535e-18 2.29697e-18 1.42708e-18 5.65771e-19 3.24796e-19 1.00306e-18 6.04381e-19 2.45883e-18 6.20796e-18 4.05451e-18 2.34363e-18 4.54106e-18 6.04141e-18 2.16535e-18 7.23734e-19 5.22652e-18 1.02509e-17 8.15646e-18 6.20796e-18 2.45883e-18 1.06506e-18 5.04563e-18 1.17e-17 9.898e-18 4.54106e-18 1.3786e-18 3.86767e-18 9.31191e-18 1.13107e-17 5.22652e-18 1.40509e-18 4.09389e-18 8.95886e-18 5.04563e-18 1.28518e-18 2.28175e-18 5.12788e-18 8.02105e-18 9.31191e-18 3.86767e-18 1.01621e-18 2.19303e-18 4.95843e-18 4.09389e-18 7.02465e-19 5.12788e-18 2.28175e-18 6.03841e-19 2.0293e-18 4.51841e-18 4.62059e-18 2.19303e-18 5.92856e-19 0 4.46934e-18 7.18966e-18 1.05223e-17 0 1.42708e-18 1.32399e-17 1.79292e-17 1.08437e-17 4.22079e-18 2.34363e-18 2.54983e-17 3.39852e-17 1.83095e-17 7.18966e-18 4.14489e-18 2.54601e-17 6.45416e-17 4.67543e-17 3.47267e-17 1.32399e-17 6.20796e-18 3.64066e-17 6.2356e-17 2.54983e-17 8.4211e-18 4.53498e-17 7.82881e-17 6.45416e-17 2.54601e-17 1.02509e-17 3.57771e-17 7.25828e-17 8.58968e-17 8.12087e-17 3.64066e-17 1.17e-17 2.66485e-17 6.51647e-17 6.96611e-17 4.53498e-17 9.31191e-18 1.68754e-17 4.04199e-17 6.29746e-17 3.57771e-17 8.28624e-18 1.69988e-17 3.90251e-17 2.66485e-17 5.12788e-18 4.04199e-17 1.68754e-17 4.62059e-18 1.56644e-17 3.54195e-17 3.62551e-17 1.69988e-17 4.56951e-18 0 3.38996e-17 5.84034e-17 7.70629e-17 0 1.08437e-17 1.28527e-16 1.34839e-16 7.95261e-17 3.22271e-17 1.83095e-17 5.84034e-17 3.47267e-17 1.45729e-16 3.54354e-16 2.56836e-16 1.37823e-16 2.65707e-16 3.4347e-16 1.28527e-16 4.81258e-17 2.83218e-16 5.64994e-16 5.24198e-16 3.54354e-16 1.45729e-16 6.45416e-17 2.78035e-16 5.38453e-16 5.41687e-16 2.65707e-16 8.12087e-17 2.24385e-16 5.18075e-16 5.12703e-16 2.83218e-16 8.91208e-17 2.42046e-16 4.94759e-16 2.78035e-16 7.25828e-17 1.40907e-16 3.38292e-16 4.37718e-16 5.18075e-16 2.24385e-16 6.51647e-17 1.35596e-16 3.27228e-16 2.42046e-16 4.04199e-17 3.38292e-16 1.40907e-16 3.62551e-17 1.17956e-16 2.6845e-16 2.75032e-16 1.35596e-16 3.46997e-17 0 2.42208e-16 4.0246e-16 5.17513e-16 0 7.95261e-17 8.74448e-16 8.83922e-16 5.35656e-16 2.24588e-16 1.37823e-16 4.0246e-16 2.62697e-16 1.32125e-15 2.07882e-15 1.59622e-15 9.06443e-16 1.77096e-15 3.25003e-15 1.99568e-15 8.74448e-16 3.54354e-16 1.95012e-15 3.8934e-15 3.11662e-15 1.32125e-15 5.41599e-16 1.72243e-15 3.7639e-15 3.71426e-15 1.77096e-15 5.64994e-16 2.02842e-15 3.56578e-15 1.95012e-15 5.38453e-16 1.34691e-15 3.01307e-15 3.61344e-15 3.7639e-15 1.72243e-15 5.18075e-16 1.28047e-15 2.8794e-15 2.02842e-15 4.55155e-16 3.01307e-15 1.34691e-15 3.38292e-16 1.00083e-15 2.33794e-15 2.42241e-15 1.28047e-15 2.75032e-16 8.1378e-16 1.77061e-15 1.82049e-15 1.00083e-15 2.48363e-16 0 1.58589e-15 2.58208e-15 3.30829e-15 0 5.35656e-16 5.28153e-15 5.54971e-15 3.43657e-15 1.48077e-15 9.06443e-16 2.58208e-15 1.64078e-15 6.28188e-15 1.26482e-14 9.93765e-15 5.71292e-15 1.15895e-14 1.20377e-14 5.28153e-15 2.07882e-15 1.37406e-14 2.47967e-14 1.97938e-14 1.26482e-14 6.28188e-15 3.25003e-15 1.38102e-14 2.73493e-14 2.3472e-14 1.15895e-14 3.8934e-15 1.11382e-14 2.50528e-14 2.58826e-14 1.37406e-14 3.7639e-15 1.11337e-14 2.37276e-14 1.38102e-14 3.79265e-15 8.4868e-15 1.83257e-14 2.50528e-14 1.11382e-14 3.01307e-15 1.93112e-14 1.11337e-14 2.42241e-15 6.16789e-15 1.27052e-14 1.33251e-14 8.4868e-15 1.82049e-15 5.14943e-15 1.06509e-14 1.10141e-14 6.16789e-15 1.63143e-15 0 9.99181e-15 1.59339e-14 1.98498e-14 0 3.43657e-15 3.24876e-14 3.20155e-14 2.0719e-14 9.30293e-15 5.71292e-15 1.59339e-14 1.02632e-14 3.82165e-14 8.19748e-14 5.39562e-14 3.31495e-14 6.07976e-14 7.7672e-14 3.24876e-14 1.26482e-14 8.10596e-14 1.27431e-13 8.19748e-14 3.82165e-14 2.07774e-14 9.29244e-14 1.43397e-13 1.34396e-13 6.07976e-14 2.47967e-14 9.90204e-14 1.68744e-13 1.5281e-13 8.10596e-14 2.73493e-14 6.36072e-14 1.36297e-13 1.87682e-13 1.79179e-13 9.29244e-14 2.50528e-14 3.96849e-14 8.25573e-14 1.29319e-13 9.90204e-14 1.93112e-14 3.68682e-14 7.81902e-14 6.36072e-14 1.33251e-14 8.25573e-14 3.96849e-14 1.10141e-14 3.24058e-14 6.72486e-14 6.97852e-14 3.68682e-14 1.03153e-14 0 6.27072e-14 9.02096e-14 1.17655e-13 0 2.0719e-14 1.57953e-13 1.89792e-13 1.23289e-13 5.529e-14 3.31495e-14 2.75603e-13 3.37157e-13 1.97333e-13 9.02096e-14 5.62378e-14 4.59457e-13 5.75296e-13 3.52473e-13 1.57953e-13 8.19748e-14 4.53531e-13 8.89099e-13 7.43133e-13 6.04367e-13 2.75603e-13 1.34396e-13 5.69949e-13 8.2491e-13 4.59457e-13 1.5281e-13 6.32431e-13 1.02713e-12 8.89099e-13 4.53531e-13 1.79179e-13 4.19346e-13 9.28132e-13 1.11292e-12 1.0984e-12 5.69949e-13 1.97098e-13 2.58166e-13 5.45897e-13 8.80736e-13 6.32431e-13 1.36297e-13 2.37231e-13 5.16408e-13 4.19346e-13 8.25573e-14 5.45897e-13 2.58166e-13 6.97852e-14 2.03062e-13 4.24936e-13 4.41904e-13 2.37231e-13 6.49112e-14 0 3.80174e-13 5.56875e-13 6.99744e-13 0 1.23289e-13 1.02163e-12 1.17427e-12 7.34614e-13 3.32628e-13 1.97333e-13 1.91541e-12 2.14991e-12 1.22219e-12 5.56875e-13 3.52473e-13 2.13153e-12 4.09938e-12 3.00806e-12 2.24824e-12 1.02163e-12 6.04367e-13 2.94428e-12 3.79153e-12 1.91541e-12 7.90447e-13 3.50618e-12 5.32922e-12 4.09938e-12 2.13153e-12 8.89099e-13 3.53266e-12 5.99545e-12 5.74879e-12 2.94428e-12 1.0984e-12 3.08492e-12 5.80096e-12 6.46213e-12 3.50618e-12 1.17713e-12 1.72755e-12 3.57869e-12 5.23901e-12 6.22066e-12 3.53266e-12 9.28132e-13 1.49794e-12 3.3881e-12 3.08492e-12 5.45897e-13 3.57869e-12 1.72755e-12 4.41904e-13 1.20698e-12 2.47425e-12 2.58279e-12 1.49794e-12 3.94547e-13 0 2.12866e-12 3.36187e-12 3.86066e-12 0 7.34614e-13 6.95229e-12 6.58284e-12 4.06631e-12 1.92438e-12 1.22219e-12 3.36187e-12 2.24824e-12 8.43186e-12 1.63732e-11 1.18964e-11 6.8732e-12 1.32664e-11 1.52117e-11 6.95229e-12 3.19604e-12 1.82203e-11 2.57846e-11 1.63732e-11 8.43186e-12 4.09938e-12 2.0644e-11 3.19307e-11 2.77007e-11 1.32664e-11 5.74879e-12 1.97588e-11 3.3314e-11 3.45563e-11 1.82203e-11 6.46213e-12 1.62265e-11 2.94401e-11 3.62407e-11 2.0644e-11 6.22066e-12 1.16629e-11 2.23595e-11 3.20664e-11 1.97588e-11 5.54737e-12 2.42786e-11 1.62265e-11 3.57869e-12 8.1556e-12 1.56064e-11 1.67833e-11 1.16629e-11 2.58279e-12 6.48197e-12 1.24935e-11 1.31562e-11 8.1556e-12 2.21822e-12 0 1.11545e-11 1.74629e-11 1.9123e-11 0 4.06631e-12 3.64994e-11 3.15234e-11 2.02761e-11 1.00787e-11 6.8732e-12 1.74629e-11 1.24989e-11 4.87253e-11 8.74505e-11 5.36489e-11 3.31976e-11 8.81468e-11 8.06029e-11 3.64994e-11 1.63732e-11 1.08642e-10 1.7297e-10 1.32322e-10 8.74505e-11 4.87254e-11 2.77007e-11 1.14037e-10 1.94971e-10 1.57258e-10 8.81468e-11 3.45564e-11 9.90493e-11 1.89065e-10 1.77411e-10 1.08642e-10 3.62407e-11 7.17883e-11 1.3872e-10 1.73349e-10 1.14037e-10 3.20664e-11 4.65702e-11 8.64886e-11 1.27311e-10 9.90493e-11 2.42786e-11 4.05835e-11 7.95548e-11 7.17882e-11 1.67833e-11 8.64886e-11 4.65702e-11 1.31562e-11 3.376e-11 6.50546e-11 6.89091e-11 4.05835e-11 1.16867e-11 0 5.76397e-11 8.08391e-11 9.22058e-11 0 2.02761e-11 1.45249e-10 1.525e-10 9.83375e-11 4.89565e-11 3.31976e-11 2.52661e-10 2.77235e-10 1.61665e-10 8.08391e-11 5.71666e-11 3.87275e-10 4.7545e-10 2.96764e-10 1.4525e-10 8.74506e-11 5.11402e-10 6.18795e-10 5.13897e-10 2.52661e-10 1.43714e-10 5.97627e-10 8.03881e-10 6.8341e-10 3.87275e-10 1.7297e-10 6.0772e-10 9.34043e-10 8.93699e-10 5.11402e-10 1.94971e-10 4.04676e-10 7.83958e-10 8.85498e-10 1.03475e-09 5.97628e-10 1.89065e-10 2.52291e-10 4.71258e-10 7.19252e-10 6.0772e-10 1.3872e-10 2.15328e-10 4.32353e-10 4.04675e-10 8.64887e-11 4.71258e-10 2.5229e-10 6.89092e-11 1.74172e-10 3.38757e-10 3.60074e-10 2.15328e-10 6.06501e-11 0 2.88501e-10 4.11694e-10 4.46577e-10 0 9.83375e-11 7.94735e-10 7.81521e-10 4.77419e-10 2.40163e-10 1.61665e-10 1.55067e-09 1.52625e-09 8.29045e-10 4.11695e-10 2.96765e-10 1.82985e-09 3.12866e-09 2.43582e-09 1.62914e-09 7.94738e-10 5.13899e-10 2.55421e-09 2.77949e-09 1.55068e-09 6.83414e-10 3.17154e-09 3.93166e-09 3.12868e-09 1.82985e-09 8.93706e-10 2.52576e-09 4.42158e-09 4.71645e-09 4.42175e-09 2.55422e-09 1.03476e-09 2.3612e-09 3.93138e-09 3.17154e-09 9.75346e-10 1.37599e-09 2.60183e-09 3.66177e-09 4.42157e-09 2.52575e-09 7.83963e-10 1.12913e-09 2.39427e-09 2.36119e-09 4.7126e-10 2.60182e-09 1.37599e-09 3.60075e-10 8.63209e-10 1.68667e-09 1.79853e-09 1.12913e-09 3.04671e-10 0 1.3559e-09 1.99518e-09 1.92419e-09 0 4.77421e-10 4.44294e-09 3.3019e-09 2.07049e-09 1.1119e-09 8.29049e-10 1.9952e-09 1.62916e-09 7.30406e-09 1.01155e-08 5.75114e-09 3.5347e-09 8.91077e-09 1.57326e-08 9.07555e-09 4.44303e-09 2.64112e-09 1.24138e-08 1.39367e-08 7.3042e-09 3.12875e-09 1.43815e-08 1.88161e-08 1.57329e-08 8.91094e-09 4.42191e-09 1.35725e-08 1.95707e-08 2.13674e-08 1.2414e-08 5.26843e-09 1.11109e-08 1.71873e-08 2.24579e-08 1.43815e-08 4.42176e-09 8.06901e-09 1.45059e-08 1.97387e-08 1.35724e-08 4.01155e-09 1.63038e-08 1.11107e-08 2.60189e-09 5.43843e-09 1.06705e-08 1.17213e-08 8.06882e-09 1.79856e-09 3.93004e-09 7.40814e-09 7.96374e-09 5.43833e-09 1.43819e-09 0 5.87087e-09 7.75283e-09 7.76632e-09 0 2.07051e-09 1.48335e-08 1.34615e-08 8.41867e-09 4.5356e-09 3.53475e-09 2.80429e-08 2.59699e-08 1.45357e-08 7.75312e-09 6.26453e-09 5.03247e-08 4.76107e-08 2.83888e-08 1.48346e-08 1.01164e-08 6.28033e-08 9.23905e-08 6.61055e-08 5.26095e-08 2.80464e-08 1.57351e-08 6.40503e-08 1.03998e-07 7.97261e-08 5.03312e-08 2.13713e-08 5.32655e-08 8.46044e-08 8.95615e-08 6.28071e-08 2.24622e-08 4.70793e-08 7.19298e-08 6.4049e-08 1.97421e-08 3.42129e-08 5.69936e-08 8.45986e-08 5.32623e-08 1.63063e-08 6.57837e-08 4.70754e-08 1.17227e-08 2.3121e-08 4.365e-08 4.86906e-08 3.42095e-08 7.96435e-09 1.66115e-08 3.05979e-08 3.32038e-08 2.31192e-08 6.26671e-09 0 2.40007e-08 3.32257e-08 3.16372e-08 0 8.41904e-09 6.83799e-08 5.82514e-08 3.43622e-08 1.86234e-08 1.45367e-08 1.43203e-07 1.19898e-07 6.29107e-08 3.32317e-08 2.83931e-08 1.81935e-07 3.05059e-07 2.04017e-07 1.30668e-07 6.84072e-08 5.26277e-08 2.57023e-07 2.6428e-07 1.43269e-07 7.49296e-08 3.1213e-07 3.65631e-07 3.05206e-07 1.82013e-07 9.24638e-08 2.47799e-07 3.99809e-07 4.14812e-07 4.25779e-07 2.57129e-07 1.04094e-07 1.74882e-07 2.74379e-07 3.39651e-07 3.12124e-07 8.46624e-08 1.39417e-07 2.33427e-07 2.47696e-07 6.58204e-08 2.74258e-07 1.74812e-07 4.87128e-08 9.45521e-08 1.77485e-07 2.00339e-07 1.39367e-07 3.3214e-08 6.66362e-08 1.20423e-07 1.31928e-07 9.45227e-08 2.57972e-08 0 9.24678e-08 1.35778e-07 1.14671e-07 0 3.43677e-08 3.2043e-07 2.08176e-07 1.25301e-07 7.21441e-08 6.2927e-08 1.35901e-07 1.30756e-07 5.84447e-07 7.13756e-07 3.74895e-07 2.27181e-07 8.98798e-07 1.17103e-06 6.17085e-07 3.20978e-07 2.27103e-07 1.17916e-06 1.64378e-06 9.91963e-07 5.85741e-07 3.05935e-07 1.25018e-06 1.89617e-06 1.37323e-06 9.008e-07 4.27183e-07 1.05128e-06 1.63573e-06 1.57954e-06 1.18075e-06 4.85658e-07 7.38974e-07 1.18027e-06 1.36215e-06 1.24978e-06 4.00947e-07 5.70007e-07 9.98214e-07 1.04955e-06 2.74892e-07 1.17793e-06 7.37669e-07 2.00709e-07 3.63599e-07 6.46654e-07 7.44208e-07 5.69095e-07 1.32082e-07 2.50799e-07 4.42496e-07 4.90098e-07 3.63117e-07 1.00161e-07 0 3.37678e-07 4.51555e-07 4.00871e-07 0 1.25359e-07 9.3666e-07 7.76475e-07 4.39506e-07 2.46686e-07 2.27294e-07 1.83397e-06 1.6878e-06 8.49269e-07 4.52701e-07 4.2065e-07 3.14357e-06 3.08026e-06 1.86971e-06 9.41388e-07 7.17816e-07 4.56514e-06 4.72152e-06 3.49368e-06 1.84848e-06 1.18216e-06 5.47415e-06 6.12058e-06 5.51189e-06 3.17355e-06 1.66596e-06 4.30631e-06 6.40454e-06 6.8082e-06 7.32988e-06 4.60016e-06 1.92552e-06 3.47488e-06 5.1964e-06 5.47219e-06 1.65442e-06 1.89769e-06 2.95075e-06 4.50498e-06 6.35809e-06 4.27847e-06 1.19026e-06 1.33256e-06 2.53591e-06 3.444e-06 7.48608e-07 2.92599e-06 1.88324e-06 4.9215e-07 9.0988e-07 1.62617e-06 1.809e-06 1.32694e-06 3.68962e-07 0 1.19217e-06 1.78182e-06 1.34989e-06 0 4.40229e-07 4.72555e-06 2.70921e-06 1.4826e-06 8.73358e-07 8.51794e-07 1.80653e-06 1.8885e-06 9.29943e-06 1.17102e-05 5.41414e-06 2.99173e-06 1.49585e-05 2.01379e-05 1.0405e-05 4.85893e-06 3.56931e-06 2.00881e-05 2.83674e-05 1.75096e-05 9.65249e-06 5.71094e-06 2.15406e-05 3.15801e-05 2.39028e-05 1.55341e-05 7.70195e-06 1.7601e-05 2.59307e-05 2.56831e-05 2.05552e-05 8.67667e-06 1.39497e-05 2.06212e-05 2.1432e-05 6.67448e-06 7.32415e-06 1.12717e-05 1.76187e-05 2.52295e-05 1.71742e-05 5.45546e-06 4.89446e-06 9.49636e-06 1.34642e-05 2.99013e-06 1.0906e-05 7.10776e-06 1.83596e-06 3.1897e-06 5.77422e-06 6.40601e-06 4.81443e-06 1.31609e-06 0 4.03737e-06 5.31714e-06 4.21324e-06 0 1.48772e-06 1.28473e-05 9.06306e-06 4.65048e-06 2.66081e-06 2.9977e-06 3.25363e-05 2.17753e-05 1.01559e-05 5.51119e-06 6.23418e-06 5.93725e-05 7.82143e-05 4.07239e-05 2.5651e-05 1.40313e-05 1.28421e-05 8.71187e-05 0.000123291 7.27583e-05 3.74139e-05 2.33882e-05 9.86178e-05 0.00014734 0.000111148 6.83912e-05 3.43249e-05 8.07873e-05 0.000121183 0.000124362 9.50326e-05 3.81851e-05 6.11405e-05 9.525e-05 9.70965e-05 2.98438e-05 2.95464e-05 4.60861e-05 7.62367e-05 0.000109562 7.37219e-05 2.33004e-05 1.81612e-05 3.69376e-05 5.36588e-05 1.17439e-05 4.0924e-05 2.65041e-05 6.7305e-06 1.10437e-05 2.0733e-05 2.24548e-05 1.71046e-05 4.5477e-06 0 1.34855e-05 1.85348e-05 1.29892e-05 0 4.69949e-06 5.47443e-05 2.97947e-05 1.46054e-05 8.6075e-06 1.03266e-05 2.14028e-05 2.71868e-05 0.000104323 0.000170298 7.3151e-05 3.61682e-05 0.000245363 0.000174815 6.93302e-05 5.54043e-05 0.000449285 0.000618294 0.000382547 0.00024686 0.00014729 0.000116998 0.000590403 0.000946778 0.000665095 0.000373619 0.000206056 0.000495708 0.00081155 0.000888738 0.000584721 0.000243817 0.000360124 0.000636318 0.000571988 0.000175996 0.000147376 0.000249825 0.000473191 0.000616616 0.0003828 0.000123117 7.72159e-05 0.000177111 0.000245449 5.13742e-05 0.000174816 0.000105917 2.6183e-05 4.10561e-05 8.42731e-05 8.41743e-05 6.36126e-05 1.59546e-05 0 4.6041e-05 5.36822e-05 3.88178e-05 0 1.47934e-05 0.000162733 0.000106122 4.57012e-05 2.57328e-05 3.56592e-05 0.000572441 0.000397103 0.000144929 7.43314e-05 0.000100128 0.00031491 0.00032055 0.00115857 0.00200713 0.00176227 0.000655715 0.00255921 0.00256379 0.00119406 0.000752228 0.00217904 0.00148382 0.00488146 0.00543678 0.00381298 0.00451613 0.00830498 0.00787137 0.00697691 0.00417316 0.00219956 0.00374348 0.00688604 0.00508648 0.00155316 0.00559138 0.00301818 0.001029 0.00120663 0.00232775 0.0063358 0.000478678 0.00139674 0.00182772 0.000315597 0.00110129 0.000584319 0.00012866 0.000179997 0.000373234 0.000308814 0.000283958 6.04981e-05 0 0.000162451 0.000169239 0.000120237 0 4.66814e-05 0.000628409 0.000374435 0.000158376 8.63978e-05 0.00014255 0.00315108 0.00150428 0.000640832 0.000336407 0.00066609 0.00365999 0.00835649 0.0164433 0.00309801 0.0019775 0.0159305 0.0173591 0.0129511 0.00596582 0.0248978 0.027102 0.0242338 0.0162403 0.0124462 0.0348597 0.0260455 0.0180278 0.0330456 0.0324178 0.0360174 0.0355448 0.0348225 0.027105 0.0167189 0.051498 0.0339886 0.027293 0.0180644 0.0254695 0.00193852 0.00396948 0.00732705 0.0119747 0.00276984 0.000760701 0.00215474 0.00278205 0.000558068 0.0017243 0.000852705 0.000246888 0 0.000821899 0.000757227 0.000555726 0 0.000164888 0.0035573 0.00263112 0.000902929 0.000430008 0.000628219 0.0162186 0.0138273 0.00545287 0.00240473 0.00308887 0.041169 0.0348913 0.0246686 0.012925 0.0111512 0.0154973 0.0275692 0.0455038 0.0556317 0.0418835 0.0315872 0.0573599 0.0595378 0.07343 0.0542827 0.0501789 0.0797238 0.062091 0.0830518 0.0725995 0.0628026 0.0756874 0.0612321 0.0645452 0.0902985 0.0756674 0.0412337 0.0629419 0.0649331 0.0661046 0.0545084 0.0440621 0.0360802 0.0219764 0.0442569 0.0459741 0.015549 0.0303484 0.0188403 0.00558512 0.00705106 0.0153963 0.00898544 0.00846453 0.00157268 0 0.00371923 0.00393499 0.00261352 0 0.000898004 0.0171577 0.0146505 0.0052064 0.00256472 0.00509409 0.047314 0.0469628 0.0318185 0.0169164 0.0287449 0.0625938 0.0705939 0.0764199 0.0703724 0.0767623 0.068686 0.0726395 0.0921004 0.0856331 0.0881153 0.0815403 0.0647217 0.109504 0.10873 0.108913 0.130248 0.0640341 0.126674 0.12754 0.144735 0.0949951 0.0860172 0.140608 0.130209 0.0694292 0.0895885 0.0887275 0.125008 0.119632 0.078556 0.0637692 0.0621995 0.0768849 0.0795651 0.0800729 0.0410786 0.0497329 0.0240105 0.0179556 0.0271887 0.0146458 0.0187846 0.00514738 0 0.00592197 7.70921e-30 2.29956e-29 7.83182e-29 1.05396e-29 4.72145e-30 4.36265e-30 1.15843e-29 2.8429e-29 9.81218e-29 1.58884e-29 7.49231e-30 2.43494e-29 1.11473e-28 2.29956e-29 1.12991e-29 1.88424e-29 9.91203e-29 2.8429e-29 1.15843e-29 8.92191e-30 1.67571e-29 6.93923e-29 2.43494e-29 9.23497e-30 7.31752e-30 6.18593e-30 1.56754e-29 7.70038e-29 1.88424e-29 7.60292e-30 5.07404e-30 1.92084e-28 6.69347e-28 1.22304e-28 7.66627e-29 2.87373e-28 6.8826e-28 1.77634e-28 7.83182e-29 9.55411e-29 2.78564e-28 1.31008e-27 1.92084e-28 9.81218e-29 1.08076e-28 2.07521e-28 1.21084e-27 2.87373e-28 1.11473e-28 9.53918e-29 7.70038e-29 1.64983e-28 9.21911e-28 2.78564e-28 9.91203e-29 6.59941e-29 6.74225e-29 1.61723e-28 6.03387e-28 2.07521e-28 7.44167e-29 1.8989e-27 5.56292e-27 1.04509e-27 5.04394e-28 6.50178e-28 1.31008e-27 2.99988e-27 7.74321e-27 1.40248e-27 6.69347e-28 6.58345e-28 3.40075e-27 1.09851e-26 1.8989e-27 1.27068e-27 2.61601e-27 1.5298e-26 2.99988e-27 1.31008e-27 1.16757e-27 1.71255e-27 1.0617e-26 3.40075e-27 1.21084e-27 8.82491e-28 6.85718e-28 1.75348e-27 6.73636e-27 2.61601e-27 9.21911e-28 5.73399e-28 7.74321e-27 2.06308e-26 4.78273e-26 1.18224e-26 5.34686e-27 1.09851e-26 2.90479e-26 7.75691e-26 1.38156e-26 7.40562e-27 1.5298e-26 3.91282e-26 1.1136e-25 2.06308e-26 1.05401e-26 2.96472e-26 1.55659e-25 2.90479e-26 1.48092e-26 1.93778e-26 1.18632e-25 3.91282e-26 1.5298e-26 1.01718e-26 7.60247e-27 1.95158e-26 7.76555e-26 2.96472e-26 1.0617e-26 6.39795e-27 7.75691e-26 2.11372e-25 5.25433e-25 1.33367e-25 5.21258e-26 4.54582e-26 1.1136e-25 2.8322e-25 8.1494e-25 1.34528e-25 7.38625e-26 1.55659e-25 3.56158e-25 1.0729e-24 2.11372e-25 1.0647e-25 3.20186e-25 1.30576e-24 2.8322e-25 1.50286e-25 2.38897e-25 1.30664e-24 3.56158e-25 1.55659e-25 1.1374e-25 8.57207e-26 2.0011e-25 1.05821e-24 3.20186e-25 1.18632e-25 7.39401e-26 8.1494e-25 2.03556e-24 7.76145e-24 1.12257e-24 5.37493e-25 5.00181e-25 1.0729e-24 2.77359e-24 7.35075e-24 1.64035e-24 7.75375e-25 1.30576e-24 3.38926e-24 1.07954e-23 2.03556e-24 1.02065e-24 1.30664e-24 2.77332e-24 1.47039e-23 2.77359e-24 1.24833e-24 1.05821e-24 1.99159e-24 1.09402e-23 3.38926e-24 1.25437e-24 8.21363e-25 1.75912e-24 6.9401e-24 2.77332e-24 1.01855e-24 2.17397e-23 5.69917e-23 1.00503e-23 7.5e-24 1.07954e-23 2.52929e-23 9.97317e-23 1.6606e-23 7.76145e-24 6.94049e-24 1.47039e-23 3.30695e-23 8.86219e-23 2.17397e-23 1.0253e-23 3.0672e-23 1.1876e-22 2.52929e-23 1.41076e-23 1.90752e-23 1.28377e-22 3.30695e-23 1.47039e-23 1.03976e-23 6.99369e-24 1.3546e-23 7.7167e-23 3.0672e-23 1.09402e-23 6.52889e-24 9.97317e-23 2.12091e-22 4.24289e-22 1.00839e-22 5.43645e-23 2.57872e-22 7.21196e-22 1.33304e-22 9.56024e-23 1.1876e-22 2.85066e-22 1.17471e-21 2.12091e-22 9.97317e-23 8.31568e-23 1.28377e-22 2.80501e-22 1.11928e-21 2.57872e-22 1.12749e-22 1.98962e-22 9.88438e-22 2.85066e-22 1.22909e-22 1.21444e-22 7.23367e-22 2.80501e-22 1.28377e-22 7.30282e-23 7.21196e-22 1.8559e-21 4.62844e-21 8.15897e-22 4.03316e-22 3.98688e-22 1.17471e-21 2.51577e-21 6.88474e-21 1.14175e-21 6.80886e-22 2.53772e-21 8.70242e-21 1.8559e-21 1.12129e-21 2.406e-21 9.59855e-21 2.51577e-21 1.17471e-21 1.0605e-21 2.02366e-21 9.24904e-21 2.53772e-21 1.11928e-21 9.34998e-22 1.20099e-21 8.1158e-21 2.406e-21 9.88438e-22 6.82966e-22 6.88474e-21 1.74478e-20 5.38225e-20 7.67521e-21 4.38675e-21 8.70242e-21 2.05856e-20 6.59084e-20 1.34211e-20 6.50343e-21 9.59855e-21 2.11883e-20 7.82705e-20 1.74478e-20 8.19645e-21 9.24904e-21 1.85131e-20 8.07769e-20 2.05856e-20 9.04148e-21 8.1158e-21 1.51663e-20 6.72268e-20 2.11883e-20 8.74286e-21 1.17056e-20 4.57458e-20 1.85131e-20 7.73365e-21 1.20295e-19 3.94824e-19 7.66893e-20 5.1614e-20 1.56178e-19 3.99914e-19 1.13453e-19 5.38225e-20 6.24167e-20 1.77576e-19 5.76485e-19 1.20295e-19 6.59084e-20 7.36302e-20 1.72066e-19 6.67818e-19 1.56178e-19 7.82705e-20 7.5665e-20 1.13106e-19 6.78207e-19 1.77576e-19 8.07769e-20 6.25845e-20 4.70833e-20 1.01726e-19 4.12632e-19 1.72066e-19 6.72268e-20 4.22464e-20 1.06506e-18 2.45883e-18 6.04381e-19 2.87383e-19 3.75311e-19 5.76485e-19 1.3786e-18 4.54106e-18 7.23734e-19 3.94824e-19 3.68988e-19 6.67818e-19 1.40509e-18 5.22652e-18 1.06506e-18 5.35319e-19 6.78207e-19 1.28518e-18 5.04563e-18 1.3786e-18 6.22441e-19 1.01621e-18 3.86767e-18 1.40509e-18 6.37024e-19 3.91591e-19 7.02465e-19 4.09389e-18 1.28518e-18 6.78207e-19 3.8164e-19 4.54106e-18 8.4211e-18 2.54983e-17 4.14489e-18 2.16535e-18 2.29228e-18 1.02509e-17 2.54601e-17 6.20796e-18 4.27642e-18 1.17e-17 3.64066e-17 8.4211e-18 4.54106e-18 4.87361e-18 9.31191e-18 4.53498e-17 1.02509e-17 5.22652e-18 4.65635e-18 4.09389e-18 8.28624e-18 3.57771e-17 1.17e-17 5.04563e-18 3.51462e-18 5.12788e-18 2.66485e-17 9.31191e-18 3.82869e-18 6.45416e-17 1.45729e-16 3.47267e-17 2.41268e-17 3.64066e-17 8.12087e-17 2.65707e-16 4.81258e-17 2.54983e-17 2.32745e-17 4.53498e-17 8.91208e-17 2.83218e-16 6.45416e-17 3.3486e-17 7.25828e-17 2.78035e-16 8.12087e-17 4.21258e-17 6.51647e-17 2.24385e-16 8.91208e-17 4.53498e-17 3.28553e-17 4.04199e-17 2.42046e-16 7.25828e-17 3.57771e-17 2.44584e-17 2.65707e-16 5.41599e-16 1.32125e-15 2.62697e-16 1.28527e-16 1.34845e-16 5.64994e-16 1.77096e-15 3.54354e-16 2.48305e-16 5.38453e-16 1.95012e-15 5.41599e-16 2.65707e-16 2.59911e-16 5.18075e-16 1.72243e-15 5.64994e-16 2.83218e-16 2.52285e-16 2.42046e-16 4.55155e-16 2.02842e-15 5.38453e-16 2.78035e-16 2.0107e-16 3.38292e-16 1.34691e-15 5.18075e-16 2.24609e-16 3.25003e-15 6.28188e-15 1.64078e-15 8.74448e-16 1.23811e-15 3.8934e-15 1.15895e-14 2.07882e-15 1.32125e-15 1.63755e-15 3.7639e-15 1.37406e-14 3.25003e-15 1.77096e-15 1.77098e-15 2.02842e-15 3.79265e-15 1.38102e-14 3.8934e-15 1.95012e-15 1.52431e-15 3.01307e-15 1.11382e-14 3.7639e-15 1.84921e-15 1.28047e-15 2.42241e-15 1.11337e-14 3.79265e-15 2.02842e-15 1.21324e-15 1.15895e-14 2.07774e-14 3.82165e-14 1.02632e-14 5.28153e-15 5.67143e-15 2.47967e-14 6.07976e-14 1.26482e-14 1.06059e-14 2.73493e-14 8.10596e-14 2.07774e-14 1.15895e-14 1.24159e-14 2.50528e-14 9.29244e-14 2.47967e-14 1.37406e-14 1.23436e-14 1.11337e-14 1.93112e-14 9.90204e-14 2.73493e-14 1.38102e-14 9.81306e-15 8.4868e-15 1.33251e-14 6.36072e-14 2.50528e-14 1.01482e-14 6.07976e-14 1.34396e-13 2.75603e-13 5.62378e-14 3.24876e-14 3.39137e-14 8.10596e-14 1.5281e-13 4.59457e-13 8.19748e-14 5.38321e-14 9.29244e-14 1.79179e-13 4.53531e-13 1.34396e-13 7.16467e-14 9.90204e-14 1.97098e-13 5.69949e-13 1.5281e-13 8.24894e-14 1.36297e-13 6.32431e-13 1.79179e-13 8.96043e-14 8.25573e-14 4.19346e-13 1.97098e-13 9.90204e-14 5.6629e-14 4.59457e-13 7.90447e-13 1.91541e-12 3.52473e-13 2.46532e-13 8.89099e-13 2.13153e-12 6.04367e-13 4.12143e-13 5.69949e-13 1.0984e-12 2.94428e-12 7.90447e-13 4.59457e-13 3.89342e-13 6.32431e-13 1.17713e-12 3.50618e-12 8.89099e-13 4.98682e-13 9.28132e-13 3.53266e-12 1.0984e-12 5.68221e-13 5.45897e-13 3.08492e-12 1.17713e-12 6.32431e-13 3.71949e-13 4.09938e-12 8.43186e-12 2.24824e-12 1.72743e-12 2.94428e-12 5.74879e-12 1.32664e-11 3.19604e-12 1.91541e-12 1.82368e-12 3.50618e-12 6.46213e-12 1.82203e-11 4.09938e-12 2.5247e-12 3.53266e-12 6.22066e-12 2.0644e-11 5.74879e-12 3.0395e-12 3.08492e-12 5.54737e-12 1.97588e-11 6.46213e-12 3.11295e-12 3.57869e-12 1.62265e-11 6.22066e-12 2.77655e-12 1.32664e-11 2.77007e-11 4.87253e-11 1.24989e-11 6.95229e-12 7.27029e-12 1.82203e-11 3.45563e-11 8.81468e-11 1.63732e-11 1.13504e-11 2.0644e-11 3.62407e-11 1.08642e-10 2.77007e-11 1.55947e-11 1.97588e-11 3.20664e-11 1.14037e-10 3.45563e-11 1.77174e-11 1.62265e-11 2.42786e-11 9.90493e-11 3.62407e-11 1.71324e-11 1.16629e-11 1.67833e-11 7.17882e-11 3.20664e-11 1.43074e-11 8.81468e-11 1.43714e-10 2.52661e-10 5.71666e-11 3.64994e-11 4.18778e-11 1.7297e-10 3.87275e-10 8.74505e-11 7.67547e-11 1.94971e-10 5.11402e-10 1.43714e-10 8.81468e-11 9.29305e-11 1.89065e-10 5.97627e-10 1.7297e-10 1.08643e-10 9.64772e-11 1.3872e-10 6.0772e-10 1.94971e-10 1.14037e-10 8.33331e-11 8.64886e-11 4.04675e-10 1.89065e-10 9.90493e-11 6.03791e-11 3.87275e-10 6.8341e-10 1.55067e-09 2.96764e-10 2.14214e-10 5.11402e-10 8.93699e-10 1.82984e-09 5.13897e-10 3.22661e-10 5.97628e-10 1.03475e-09 2.5542e-09 6.83411e-10 4.21585e-10 6.07721e-10 9.7534e-10 3.17153e-09 8.937e-10 4.96922e-10 7.83959e-10 2.52574e-09 1.03475e-09 5.17881e-10 4.71259e-10 2.36118e-09 9.75339e-10 6.07721e-10 3.39971e-10 3.12867e-09 7.30402e-09 1.62915e-09 1.34544e-09 2.55422e-09 4.42175e-09 8.91066e-09 2.64108e-09 1.55069e-09 1.48067e-09 3.17156e-09 5.26822e-09 1.24136e-08 3.1287e-09 2.06414e-09 4.42162e-09 1.43811e-08 4.42179e-09 2.61982e-09 2.36122e-09 4.01144e-09 1.3572e-08 5.26822e-09 3.17156e-09 2.03557e-09 2.60185e-09 1.11105e-08 4.42159e-09 2.01158e-09 1.57327e-08 2.80424e-08 6.26441e-09 4.44308e-09 6.26416e-09 1.24141e-08 2.13674e-08 5.03225e-08 1.01159e-08 7.30436e-09 7.11504e-09 1.43819e-08 2.24585e-08 6.27974e-08 1.57334e-08 9.86314e-09 1.35729e-08 1.97396e-08 6.40418e-08 2.1368e-08 1.14947e-08 1.11111e-08 1.63046e-08 5.32577e-08 2.24584e-08 1.10211e-08 8.06916e-09 1.17218e-08 4.70727e-08 1.97391e-08 9.31287e-09 5.03285e-08 7.48898e-08 1.43195e-07 2.83914e-08 2.30521e-08 9.23985e-08 1.81898e-07 5.26147e-08 4.15485e-08 1.04008e-07 2.56941e-07 7.4902e-08 5.03361e-08 5.01428e-08 8.46152e-08 3.11963e-07 9.24089e-08 6.28147e-08 4.96205e-08 4.70838e-08 6.57964e-08 2.47618e-07 1.04006e-07 6.40546e-08 4.05967e-08 3.42152e-08 4.86992e-08 1.74773e-07 8.46038e-08 3.82868e-08 3.05144e-07 5.84269e-07 1.3071e-07 1.2059e-07 2.57108e-07 4.25743e-07 8.97969e-07 2.26855e-07 1.43326e-07 1.41188e-07 3.12286e-07 4.84081e-07 1.17732e-06 3.05385e-07 1.97145e-07 4.00046e-07 1.24731e-06 4.2604e-07 2.43264e-07 2.74519e-07 1.04831e-06 4.8405e-07 3.12268e-07 1.87785e-07 1.39461e-07 2.00487e-07 7.37016e-07 3.99747e-07 2.47763e-07 1.34008e-07 1.17151e-06 1.83267e-06 4.20311e-07 3.21121e-07 4.87858e-07 1.64521e-06 3.13693e-06 7.16086e-07 5.8627e-07 7.20079e-07 1.89901e-06 4.54318e-06 1.17565e-06 9.02113e-07 9.09597e-07 1.6391e-06 5.42644e-06 1.64966e-06 1.18299e-06 9.35539e-07 1.18264e-06 4.25554e-06 1.89915e-06 1.25187e-06 7.79929e-07 5.7079e-07 7.46573e-07 3.43574e-06 1.63483e-06 1.05073e-06 5.58393e-07 3.15744e-06 5.48117e-06 9.2659e-06 1.88091e-06 1.45383e-06 4.59327e-06 7.31919e-06 1.47894e-05 3.52268e-06 2.41904e-06 5.51472e-06 8.25802e-06 1.96488e-05 5.56335e-06 3.43555e-06 6.46e-06 2.08226e-05 7.39757e-06 4.12634e-06 3.49595e-06 5.32291e-06 1.68417e-05 8.23785e-06 5.50286e-06 3.12965e-06 2.96925e-06 1.33802e-05 6.39245e-06 2.72031e-06 2.02751e-05 3.2432e-05 6.21326e-06 4.89571e-06 8.00939e-06 2.87613e-05 5.74967e-05 1.23782e-05 9.80119e-06 1.24096e-05 3.22586e-05 8.10322e-05 2.14889e-05 1.58864e-05 1.58475e-05 2.66221e-05 8.76568e-05 2.99132e-05 2.10739e-05 1.6071e-05 1.42473e-05 2.15287e-05 6.917e-05 3.20674e-05 2.18253e-05 1.27256e-05 1.15208e-05 5.27341e-05 2.56948e-05 1.0938e-05 8.05908e-05 0.00010228 2.65704e-05 3.01821e-05 0.000128108 0.000233505 5.24825e-05 3.90319e-05 5.45573e-05 0.000156894 0.000381686 9.75764e-05 7.30761e-05 7.76149e-05 0.000131327 0.000435875 0.000147283 0.000102542 8.15464e-05 6.5262e-05 0.000100911 0.000323359 0.000154329 0.000102634 6.12281e-05 4.94036e-05 0.000236556 0.000116089 4.93111e-05 0.00026996 0.000376929 0.000589576 0.000103322 7.77264e-05 0.000111062 0.000695725 0.00103489 0.000282542 0.000298048 0.00106334 0.00206219 0.000597908 0.000420795 0.000516221 0.000968178 0.00324295 0.000968963 0.000689738 0.000610598 0.000417369 0.00072698 0.00221111 0.00105323 0.000648883 0.000415572 0.000302077 0.00175053 0.000725563 0.000313611 7.68087e-31 6.14184e-31 8.5891e-31 2.20954e-30 1.15843e-29 1.9188e-30 8.78004e-31 2.0521e-30 9.23497e-30 2.24135e-30 8.33267e-31 0.004965 0.00395246 0.00614995 0.0092697 0.0134856 0.0111141 0.018862 0.00930137 0.00678559 1.09596e-30 7.50303e-31 2.24135e-30 7.70921e-30 2.20954e-30 8.54618e-31 1.33849e-30 7.60292e-30 0.00302852 0.00512978 0.00686317 0.00311914 0.00146834 0.00169652 0.00469062 0.0106678 0.0177731 0.00921708 0.00616257 0.00433868 7.68087e-31 1.9188e-30 4.50194e-30 1.07021e-30 3.84161e-31 3.15771e-31 5.10892e-31 1.38146e-30 5.29148e-30 2.0521e-30 8.78004e-31 4.01613e-31 0.00092988 0.00113805 0.00272639 0.00610238 0.00433477 0.00841059 0.00423225 0.00372386 0.0155734 0.0195954 5.56292e-27 1.38156e-26 5.21258e-26 6.88111e-27 3.67022e-27 1.93778e-26 7.38181e-27 7.01424e-27 1.69343e-26 8.57207e-26 7.27505e-26 5.08127e-26 1.34528e-25 5.37493e-25 2.38897e-25 8.3302e-26 7.26179e-26 1.6465e-25 8.21363e-25 6.51511e-25 5.23525e-25 1.64035e-24 3.85097e-24 1.99159e-24 7.95592e-25 6.7236e-25 1.46404e-24 6.99369e-24 7.76145e-24 1.6606e-23 3.50221e-23 5.89836e-24 3.70667e-24 1.90752e-23 6.72699e-24 5.71251e-24 1.27227e-23 4.64411e-23 5.69917e-23 1.33304e-22 4.03316e-22 5.70681e-23 3.35753e-23 4.98049e-23 1.18834e-22 4.43157e-22 1.98962e-22 7.7167e-23 4.37621e-23 4.89072e-22 3.89254e-22 1.14175e-21 2.74285e-21 4.76311e-22 1.12506e-21 4.46699e-21 2.02366e-21 7.23367e-22 4.17064e-22 4.62844e-21 1.34211e-20 2.758e-20 4.30463e-21 2.61044e-21 4.51804e-21 1.01617e-20 4.70833e-20 1.51663e-20 8.1158e-21 4.22076e-21 5.38225e-20 1.13453e-19 2.87383e-19 4.00203e-20 2.63736e-20 1.13106e-19 4.48342e-20 3.9881e-20 8.16335e-20 3.91591e-19 3.24796e-19 2.76757e-19 7.23734e-19 2.16535e-18 1.01621e-18 3.71727e-19 3.02477e-19 6.03841e-19 2.28175e-18 2.34363e-18 2.07497e-18 6.20796e-18 1.32399e-17 2.19303e-18 4.62059e-18 1.68754e-17 8.28624e-18 4.09389e-18 2.1123e-18 2.54983e-17 4.81258e-17 1.28527e-16 1.83095e-17 1.24983e-17 1.69988e-17 3.62551e-17 1.40907e-16 6.51647e-17 2.66485e-17 1.54806e-17 1.37823e-16 1.22667e-16 3.54354e-16 8.74448e-16 1.35596e-16 2.75032e-16 1.28047e-15 4.55155e-16 2.42046e-16 1.29843e-16 9.06443e-16 8.29886e-16 2.07882e-15 5.28153e-15 3.01307e-15 1.196e-15 1.00083e-15 1.82049e-15 8.4868e-15 5.71292e-15 4.95598e-15 1.26482e-14 3.24876e-14 1.93112e-14 7.86689e-15 6.16789e-15 1.10141e-14 3.96849e-14 3.31495e-14 3.0206e-14 8.19748e-14 1.57953e-13 3.68682e-14 6.97852e-14 2.58166e-13 1.36297e-13 6.36072e-14 3.53178e-14 2.75603e-13 6.04367e-13 1.02163e-12 1.97333e-13 1.42637e-13 2.37231e-13 4.41904e-13 1.72755e-12 9.28132e-13 4.19346e-13 2.28676e-13 1.91541e-12 3.19604e-12 6.95229e-12 1.22219e-12 9.23312e-13 1.49794e-12 2.58279e-12 1.16629e-11 5.54737e-12 3.08492e-12 1.53697e-12 6.8732e-12 6.34978e-12 1.63732e-11 3.64994e-11 2.42786e-11 1.0486e-11 8.1556e-12 1.31562e-11 4.65702e-11 3.31976e-11 3.29817e-11 8.74505e-11 1.45249e-10 4.05835e-11 6.89091e-11 2.5229e-10 1.3872e-10 7.17882e-11 3.96364e-11 2.52661e-10 5.13896e-10 7.94735e-10 1.61665e-10 1.2572e-10 2.15328e-10 3.60075e-10 1.37598e-09 7.83957e-10 4.04675e-10 2.13385e-10 1.55068e-09 2.64106e-09 4.44293e-09 8.29048e-10 6.91859e-10 1.12914e-09 1.79854e-09 8.06874e-09 4.01141e-09 2.3612e-09 1.16844e-09 3.53473e-09 3.92988e-09 1.01155e-08 1.48335e-08 1.6304e-08 7.01804e-09 5.4385e-09 7.964e-09 3.42083e-08 2.8044e-08 5.26047e-08 6.83788e-08 1.45364e-08 1.24171e-08 6.57867e-08 2.91698e-08 2.31222e-08 3.32082e-08 1.39347e-07 1.43231e-07 2.26692e-07 3.20422e-07 6.29255e-08 5.7672e-08 2.74307e-07 1.16525e-07 9.45721e-08 1.32001e-07 5.68804e-07 2.27272e-07 2.75999e-07 7.14005e-07 9.36571e-07 1.17856e-06 4.71668e-07 3.63819e-07 4.91103e-07 1.88001e-06 1.83873e-06 3.4731e-06 4.72731e-06 8.52156e-07 7.6597e-07 1.33719e-06 1.82391e-06 7.0699e-06 5.25148e-06 3.45368e-06 1.49565e-06 6.39077e-28 4.9373e-28 1.40248e-27 3.7902e-27 1.71255e-27 6.66133e-28 6.45892e-28 1.6059e-27 7.60247e-27 3.00649e-06 4.15728e-06 1.17614e-05 1.28791e-05 4.95416e-06 6.60424e-06 2.60965e-05 2.04394e-05 1.35944e-05 5.72774e-06 7.83182e-29 1.77634e-28 5.04394e-28 6.49526e-29 3.87156e-29 1.64983e-28 6.57303e-29 6.0197e-29 1.48561e-28 6.85718e-28 3.35074e-05 4.46972e-05 5.57148e-05 1.05283e-05 1.1416e-05 1.88946e-05 2.49599e-05 0.000101711 8.42701e-05 5.53633e-05 2.28386e-05 5.89099e-30 4.64367e-30 1.58884e-29 3.96382e-29 1.67571e-29 6.04344e-30 5.61278e-30 1.38484e-29 6.74225e-29 3.7933e-05 5.66446e-05 0.00017758 0.000172361 8.6596e-05 0.000116527 0.000533075 0.000455959 0.000269607 0.000111079 5.59286e-31 3.77744e-31 1.09596e-30 4.72145e-30 1.33849e-30 4.99152e-31 4.89187e-31 1.25643e-30 6.18593e-30 0.000714783 0.00149151 0.000811171 0.000186362 0.000237491 0.000612594 0.000672326 0.00332431 0.00521998 0.00228366 0.00089907 1.79325e-31 6.37555e-31 1.77589e-31 7.04324e-32 6.56145e-32 6.75565e-32 5.31954e-32 8.05625e-32 2.09817e-31 8.5891e-31 1.60609e-31 0.0301467 0.0383076 0.0448038 0.03078 0.0236352 0.0410514 0.0288381 0.0395224 0.0470194 0.0488447 9.29433e-32 6.89532e-32 1.60609e-31 7.68087e-31 1.79325e-31 7.86193e-32 1.19305e-31 8.78004e-31 0.0189146 0.0264301 0.0293124 0.0162796 0.0136462 0.0460189 0.0577645 0.0418208 0.0355488 2.56906e-32 7.04324e-32 1.77589e-31 3.2722e-31 7.36196e-32 4.19468e-31 1.1782e-31 3.38347e-32 4.21399e-32 1.12592e-31 0.00464734 0.00958582 0.0148016 0.0204098 0.00740352 0.0437891 0.026867 0.0147062 0.009441 0.0143143 2.33079e-32 2.7331e-32 7.45733e-32 3.84161e-31 4.97501e-32 1.01699e-31 4.11614e-32 4.07148e-32 1.07435e-31 5.10892e-31 0.00390838 0.00455417 0.000808495 0.00119026 0.00533606 0.0185874 0.0154517 0.00621001 3.96382e-29 1.22304e-28 2.39739e-28 3.91394e-29 2.11933e-29 1.61723e-28 5.91171e-29 5.61722e-29 1.50268e-28 6.45892e-28 5.04394e-28 1.04509e-27 2.32337e-27 4.05221e-28 2.33932e-28 1.75348e-27 6.33448e-28 6.04922e-28 1.59944e-27 7.01424e-27 3.7902e-27 1.18224e-26 2.62093e-26 4.28066e-27 2.25833e-27 1.95158e-26 6.87466e-27 6.3826e-27 1.63845e-26 7.26179e-26 5.21258e-26 1.33367e-25 2.54417e-25 4.37307e-26 2.55008e-26 2.0011e-25 7.10949e-26 6.37841e-26 1.58004e-25 6.7236e-25 5.37493e-25 1.12257e-24 2.20169e-24 4.08806e-25 2.46917e-25 1.75912e-24 6.56211e-25 5.94221e-25 1.45167e-24 5.71251e-24 3.85097e-24 1.00503e-23 2.07946e-23 3.79914e-24 2.1246e-24 1.3546e-23 5.54619e-24 5.34634e-24 1.3312e-23 4.98049e-23 3.50221e-23 1.00839e-22 1.9866e-22 3.57003e-23 2.00256e-23 1.21444e-22 4.81427e-23 4.9297e-23 1.23632e-22 4.76311e-22 4.03316e-22 8.15897e-22 1.61741e-21 3.11793e-22 1.91226e-22 1.20099e-21 4.60206e-22 4.59268e-22 1.12547e-21 4.51804e-21 2.74285e-21 7.67521e-21 1.48922e-20 2.70402e-21 1.5478e-21 1.17056e-20 4.36688e-21 4.13204e-21 9.65888e-21 3.9881e-20 2.758e-20 7.66893e-20 1.32406e-19 2.36842e-20 1.42616e-20 1.01726e-19 3.85081e-20 3.43358e-20 7.69253e-20 3.02477e-19 2.87383e-19 6.04381e-19 1.00306e-18 1.90985e-19 1.26886e-19 7.02465e-19 2.90424e-19 2.64898e-19 5.92856e-19 2.19303e-18 2.16535e-18 4.14489e-18 7.18966e-18 1.42708e-18 9.56397e-19 5.12788e-18 2.09084e-18 2.0293e-18 4.56951e-18 1.69988e-17 1.32399e-17 3.47267e-17 5.84034e-17 1.08437e-17 6.80941e-18 4.04199e-17 1.61632e-17 1.56644e-17 3.46997e-17 1.35596e-16 1.28527e-16 2.62697e-16 4.0246e-16 7.95261e-17 5.54193e-17 3.38292e-16 1.29013e-16 1.17956e-16 2.48363e-16 1.00083e-15 8.74448e-16 1.64078e-15 2.58208e-15 5.35656e-16 3.79939e-16 2.42241e-15 9.50946e-16 8.1378e-16 1.63143e-15 6.16789e-15 5.28153e-15 1.02632e-14 1.59339e-14 3.43657e-15 2.41888e-15 1.33251e-14 5.80472e-15 5.14943e-15 1.03153e-14 3.68682e-14 3.24876e-14 5.62378e-14 9.02096e-14 2.0719e-14 1.47999e-14 8.25573e-14 3.43317e-14 3.24058e-14 6.49112e-14 2.37231e-13 1.57953e-13 3.52473e-13 5.56875e-13 1.23289e-13 8.26681e-14 5.45897e-13 2.20263e-13 2.03062e-13 3.94547e-13 1.49794e-12 1.02163e-12 2.24824e-12 3.36187e-12 7.34614e-13 5.08955e-13 3.57869e-12 1.3894e-12 1.20698e-12 2.21822e-12 8.1556e-12 6.95229e-12 1.24989e-11 1.74629e-11 4.06631e-12 3.07151e-12 1.67833e-11 7.49293e-12 6.48197e-12 1.16867e-11 4.05835e-11 3.64994e-11 5.71666e-11 8.08391e-11 2.02761e-11 1.57887e-11 8.64886e-11 3.67289e-11 3.376e-11 6.065e-11 2.15327e-10 1.45249e-10 2.96764e-10 4.11694e-10 9.83375e-11 7.16739e-11 4.71258e-10 1.9401e-10 1.74172e-10 3.0467e-10 1.12913e-09 7.94736e-10 1.62913e-09 1.99517e-09 4.7742e-10 3.64171e-10 2.60183e-09 1.01728e-09 8.63212e-10 1.43817e-09 5.43829e-09 4.44296e-09 6.26425e-09 7.7528e-09 2.0705e-09 1.76243e-09 1.17214e-08 4.88276e-09 3.93007e-09 6.26649e-09 2.31185e-08 1.48338e-08 2.83872e-08 3.32251e-08 8.41888e-09 6.67931e-09 4.86921e-08 2.05139e-08 1.66121e-08 2.57937e-08 9.45118e-08 6.83863e-08 1.30624e-07 1.35772e-07 3.4366e-08 2.85803e-08 2.00363e-07 8.30243e-08 6.6645e-08 1.00113e-07 3.62969e-07 3.20525e-07 4.19494e-07 4.51508e-07 1.25345e-07 1.17012e-07 7.44492e-07 3.15592e-07 2.50911e-07 3.68361e-07 1.3251e-06 9.37756e-07 1.86163e-06 1.78151e-06 4.40151e-07 3.81355e-07 2.93011e-06 1.14508e-06 9.1138e-07 1.30943e-06 4.79362e-06 4.74356e-06 6.0116e-06 5.3213e-06 1.48909e-06 1.54577e-06 1.09541e-05 4.19233e-06 3.20639e-06 4.48189e-06 1.6891e-05 1.30186e-05 2.36371e-05 1.863e-05 4.72608e-06 4.6397e-06 4.14636e-05 1.54674e-05 1.1217e-05 1.53645e-05 6.15144e-05 4.72145e-30 1.05396e-29 2.1698e-29 3.57337e-30 2.06916e-30 1.56754e-29 5.52145e-30 5.17071e-30 1.38901e-29 6.0197e-29 5.67291e-05 7.43307e-05 5.51376e-05 1.52276e-05 1.7525e-05 0.000181588 6.43592e-05 4.28677e-05 5.66651e-05 0.000266811 3.84161e-31 1.07021e-30 2.11189e-30 3.27217e-31 1.82962e-31 1.38146e-30 4.81629e-31 4.60346e-31 1.26022e-30 5.61278e-30 0.000181724 0.000367551 0.000187002 5.18747e-05 5.92638e-05 0.00112371 0.000347482 0.000183836 0.000226392 0.000786108 3.00851e-32 2.30106e-32 7.64575e-32 1.86503e-31 1.12592e-31 4.00815e-32 3.93611e-32 1.1019e-31 4.89187e-31 0.000767707 0.00118898 0.000906993 0.000197714 0.000240072 0.00101381 0.00145673 0.00793058 0.00555993 0.00360041 0.0013677 2.56906e-32 8.70592e-33 1.64066e-32 7.04324e-32 8.86823e-33 5.97939e-33 1.37249e-32 6.75565e-32 1.95439e-32 6.63007e-33 2.03578e-32 5.53254e-32 1.64066e-32 6.19168e-33 4.36582e-33 1.37249e-32 6.41757e-33 9.07011e-33 3.38347e-32 8.05625e-32 0.0493835 0.0613581 0.0696407 0.0590662 0.0502869 0.0412608 0.0709339 0.0823196 0.0774986 0.0975851 0.059128 0.100932 0.10934 0.0801811 0.0992434 0.0554624 0.0799166 0.0677245 0.106412 0.103595 0.0852288 9.24295e-33 5.77061e-33 8.86823e-33 1.95439e-32 9.29433e-32 7.45733e-32 2.03578e-32 8.89853e-33 8.45235e-33 1.36217e-32 1.01699e-31 1.19305e-31 0.0584643 0.0610413 0.0388938 0.0424011 0.0937199 0.0925809 0.0847337 0.0881618 5.88141e-33 2.56906e-32 2.78667e-32 5.39624e-33 2.79548e-33 3.38347e-32 8.34423e-33 4.74583e-33 9.73006e-33 4.21399e-32 0.0243562 0.0305866 0.0284223 0.00884198 0.0109845 0.028872 0.0303722 0.0624548 0.058539 0.0552202 0.0342132 2.85506e-33 9.24295e-33 2.33079e-32 2.90783e-33 1.52025e-33 1.36217e-32 4.67492e-33 3.63992e-33 9.53158e-33 4.07148e-32 0.0053415 0.0105462 0.00610795 0.00140974 0.00176474 0.0296986 0.0142408 0.0069592 0.00660266 0.0239799 2.1698e-29 6.49526e-29 1.34721e-28 0 1.18697e-29 1.48561e-28 5.48184e-29 0 6.04922e-28 2.39739e-28 6.39077e-28 1.38681e-27 0 1.28419e-28 1.6059e-27 5.89658e-28 0 6.3826e-27 2.32337e-27 6.88111e-27 1.475e-26 0 1.31777e-27 1.69343e-26 6.2151e-27 0 6.37841e-26 2.62093e-26 7.27505e-26 1.43687e-25 0 1.40144e-26 1.6465e-25 6.19963e-26 0 5.94221e-25 2.54417e-25 6.51511e-25 1.32685e-24 0 1.36072e-25 1.46404e-24 5.75676e-25 0 5.34634e-24 2.20169e-24 5.89836e-24 1.25321e-23 0 1.25029e-24 1.27227e-23 5.15954e-24 0 4.9297e-23 2.07946e-23 5.70681e-23 1.15154e-22 0 1.17856e-23 1.18834e-22 4.74713e-23 0 4.59268e-22 1.9866e-22 4.89072e-22 9.82803e-22 0 1.08097e-22 1.12506e-21 4.41969e-22 0 4.13204e-21 1.61741e-21 4.30463e-21 8.66393e-21 0 9.18217e-22 1.01617e-20 3.97331e-21 0 3.43358e-20 1.48922e-20 4.00203e-20 7.33555e-20 0 8.09212e-21 8.16335e-20 3.29266e-20 0 2.64898e-19 1.32406e-19 3.24796e-19 5.65771e-19 0 6.84636e-20 6.03841e-19 2.52806e-19 0 2.0293e-18 1.00306e-18 2.34363e-18 4.22079e-18 0 5.25381e-19 4.62059e-18 1.92913e-18 0 1.56644e-17 7.18966e-18 1.83095e-17 3.22271e-17 0 3.89933e-18 3.62551e-17 1.48643e-17 0 1.17956e-16 5.84034e-17 1.37823e-16 2.24588e-16 0 2.97639e-17 2.75032e-16 1.11801e-16 0 8.1378e-16 4.0246e-16 9.06443e-16 1.48077e-15 0 2.06445e-16 1.82049e-15 7.68243e-16 0 5.14943e-15 2.58208e-15 5.71292e-15 9.30293e-15 0 1.35249e-15 1.10141e-14 4.8259e-15 0 3.24058e-14 1.59339e-14 3.31495e-14 5.529e-14 0 8.43374e-15 6.97852e-14 3.02018e-14 0 2.03062e-13 9.02096e-14 1.97333e-13 3.32628e-13 0 4.9656e-14 4.41904e-13 1.88689e-13 0 1.20698e-12 5.56875e-13 1.22219e-12 1.92438e-12 0 2.97758e-13 2.58279e-12 1.11742e-12 0 6.48197e-12 3.36187e-12 6.8732e-12 1.00787e-11 0 1.71872e-12 1.31562e-11 5.94974e-12 0 3.376e-11 1.74629e-11 3.31976e-11 4.89565e-11 0 8.92557e-12 6.89091e-11 3.07497e-11 0 1.74172e-10 8.08391e-11 1.61665e-10 2.40162e-10 0 4.28248e-11 3.60074e-10 1.58003e-10 0 8.63207e-10 4.11694e-10 8.29044e-10 1.11189e-09 0 2.09321e-10 1.79853e-09 7.8094e-10 0 3.92997e-09 1.99518e-09 3.53467e-09 4.5355e-09 0 9.65599e-10 7.96381e-09 3.53454e-09 0 1.66104e-08 7.75293e-09 1.45353e-08 1.86218e-08 0 3.88336e-09 3.32048e-08 1.48203e-08 0 6.66179e-08 3.32274e-08 6.29018e-08 7.21172e-08 0 1.59004e-08 1.31943e-07 5.90174e-08 0 2.50535e-07 1.35802e-07 2.27003e-07 2.46388e-07 0 6.15406e-08 4.90291e-07 2.20461e-07 0 9.06386e-07 4.51821e-07 8.47458e-07 8.69097e-07 0 2.08375e-07 1.81135e-06 7.97031e-07 0 3.14572e-06 1.78528e-06 2.95403e-06 2.62387e-06 0 7.44749e-07 6.43154e-06 2.79409e-06 0 1.05321e-05 5.34906e-06 9.83137e-06 8.20251e-06 0 2.26286e-06 2.27148e-05 9.67213e-06 0 3.53131e-05 1.38484e-29 5.05371e-30 0 5.61722e-29 1.88561e-05 3.16069e-05 2.28332e-05 0 7.38236e-06 2.11189e-30 5.89099e-30 1.24295e-29 0 1.09702e-30 8.66549e-05 3.53329e-05 0 0.000118988 1.86503e-31 5.59286e-31 1.14547e-30 0 9.78912e-32 1.25643e-30 4.50447e-31 0 5.17071e-30 5.6288e-05 0.000107886 6.54869e-05 0 2.1999e-05 0.00032368 0.000138062 0 0.00043184 2.33079e-32 4.97501e-32 1.01996e-31 0 1.00299e-32 1.07435e-31 3.85108e-32 0 4.60346e-31 0.000188707 0.000351751 0.000236384 0 7.19002e-05 0.00198244 0.000660351 0 0.00247168 1.55379e-33 5.39624e-33 1.03834e-32 0 8.1235e-34 9.73006e-33 3.54062e-33 0 3.93611e-32 0.000985462 0.00222887 0.0011012 0 0.000345959 0.008662 0.00378067 0 0.0063515 3.14285e-34 1.02419e-34 2.57576e-34 9.3908e-34 5.88141e-33 6.16737e-34 1.8893e-34 6.54908e-34 8.86823e-33 2.25744e-34 5.52166e-34 6.19168e-33 9.3908e-34 2.57576e-34 1.11471e-34 2.29995e-34 7.24817e-34 4.59837e-33 6.54908e-34 1.39795e-34 2.49985e-34 9.2612e-34 6.63007e-33 5.52166e-34 1.46801e-34 7.24817e-34 1.73841e-34 2.31835e-34 8.5382e-34 9.07011e-33 0.104024 0.0793554 0.0958845 0.0979209 0 0.0793889 0.091564 0 0.114365 0.0869277 0.0908252 0.100634 0 0.144237 0.067632 0.149036 0.148494 0 0.143864 0.057498 0.0962287 0.0705437 0.134138 0.130824 0 0.0908782 0.0851804 0.122014 0.107535 0 9.2612e-34 1.7996e-34 1.76521e-34 5.18318e-34 8.45235e-33 0.0628637 0.0713905 0 0.0490659 0.0516726 0.0585589 0.0456376 0 0.074406 0.0733465 1.7097e-34 5.45317e-35 1.50707e-34 6.16737e-34 2.85506e-33 8.5382e-34 1.43009e-34 1.43464e-34 4.17226e-34 4.74583e-33 0.0280068 0.0368072 0 0.00965483 0.0131864 0.0375687 0.0318008 0.0158931 0.0109863 0 7.982e-35 3.14285e-34 1.55379e-33 1.01534e-34 3.13564e-35 4.63862e-35 1.7097e-34 8.54002e-34 0 1.72672e-35 5.18318e-34 9.9719e-35 0 3.63992e-33 0.00550993 0.0108879 0 0 0.00181301 0.012978 0.00762185 0 0 
</DataArray>
<DataArray type="Float64" Name="wall variable 1" format="ascii">
0.200215 0.15801 0 0 0.200215 0.164939 0.200215 0.200215 0 0.200215 0 0.200215 0.165828 0.200215 0.200215 0 0.200215 0.165946 0.200215 0.200215 0.200215 0 0.200215 0.200215 0.165946 0.200215 0.165946 0.200215 0 0.200215 0.165946 0.200215 0.200215 0 0.200215 0.165946 0.200215 0.200215 0 0.200215 0.200215 0 0.200215 0.165946 0.200215 0.200215 0 0.200215 0.165831 0.200215 0.200215 0 0.200215 0.164942 0.200215 0.200215 0 0 0.15801 0.200215 0.177027 0 0.200215 0.200215 0.180016 0.200215 0.200215 0.200215 0.200215 0.180396 0.200215 0.200215 0.200215 0.200215 0.200215 0.200215 0.180444 0.200215 0.200215 0.200215 0.200215 0.200215 0.180451 0.200215 0.200215 0.200215 0.200215 0.200215 0.180451 0.200215 0.180451 0.200215 0.200215 0.200215 0.200215 0.200215 0.200215 0.180451 0.200215 0.200215 0.200215 0.200215 0.180444 0.200215 0.200215 0.200215 0.200215 0.180396 0.200215 0.200215 0.200215 0.200215 0.180016 0.200215 0.200215 0.200215 0 0.177027 0.200215 0.178562 0 0.200215 0.200215 0.200215 0.200215 0.200215 0.181258 0.200215 0.200215 0.200215 0.200215 0.1816 0.200215 0.181644 0.200215 0.200215 0.200215 0.200215 0.200215 0.200215 0.200215 0.181649 0.200215 0.200215 0.181649 0.200215 0.200215 0.200215 0.200215 0.200215 0.181649 0.200215 0.200215 0.200215 0.200215 0.181649 0.200215 0.200215 0.200215 0.200215 0.181644 0.200215 0.200215 0.200215 0.1816 0.200215 0.200215 0.200215 0.200215 0.181258 0.200215 0.200215 0.200215 0 0.178562 0.200215 0.178738 0 0.200215 0.200215 0.181399 0.200215 0.200215 0.200215 0.200215 0.200215 0.200215 0.200215 0.181737 0.200215 0.200215 0.18178 0.200215 0.200215 0.200215 0.200215 0.200215 0.200215 0.200215 0.181785 0.200215 0.200215 0.200215 0.200215 0.181786 0.200215 0.181786 0.200215 0.200215 0.200215 0.200215 0.200215 0.200215 0.200215 0.200215 0.181785 0.200215 0.18178 0.200215 0.200215 0.200215 0.200215 0.200215 0.200215 0.200215 0.181737 0.200215 0.200215 0.200215 0.200215 0.181399 0.200215 0.200215 0.200215 0 0.178738 0.200215 0.178757 0 0.200215 0.200215 0.181415 0.200215 0.200215 0.200215 0.200215 0.200215 0.200215 0.200215 0.181752 0.200215 0.200215 0.181788 0.200215 0.200215 0.200215 0.181788 0.200215 0.200215 0.200215 0.200215 0.200215 0.181788 0.200215 0.200215 0.200215 0.200215 0.200215 0.181788 0.200215 0.200215 0.200215 0.200215 0.181788 0.200215 0.200215 0.200215 0.181788 0.200215 0.200215 0.200215 0.200215 0.200215 0.200215 0.181752 0.200215 0.200215 0.200215 0.200215 0.181415 0.200215 0.200215 0.200215 0 0.178757 0.200215 0.178759 0 0.200215 0.200215 0.181416 0.200215 0.200215 0.200215 0.200215 0.181753 0.200215 0.200215 0.200215 0.200215 0.200215 0.181788 0.200215 0.200215 0.200215 0.200215 0.200215 0.181788 0.200215 0.200215 0.200215 0.200215 0.181788 0.200215 0.200215 0.200215 0.200215 0.181788 0.200215 0.200215 0.200215 0.181788 0.200215 0.200215 0.200215 0.181788 0.200215 0.200215 0.200215 0.200215 0.200215 0.200215 0.200215 0.181753 0.200215 0.200215 0.200215 0.200215 0.181416 0.200215 0.200215 0.200215 0 0.178759 0.200215 0.178759 0 0.200215 0.200215 0.181416 0.200215 0.200215 0.200215 0.200215 0.200215 0.200215 0.200215 0.181753 0.200215 0.200215 0.200215 0.181788 0.200215 0.200215 0.200215 0.181788 0.200215 0.200215 0.200215 0.200215 0.181788 0.200215 0.200215 0.200215 0.200215 0.200215 0.181788 0.200215 0.200215 0.200215 0.200215 0.181788 0.200215 0.200215 0.200215 0.181788 0.200215 0.200215 0.200215 0.200215 0.200215 0.200215 0.181753 0.200215 0.200215 0.200215 0.200215 0.181416 0.200215 0.200215 0.200215 0 0.178759 0.200215 0.178759 0 0.200215 0.200215 0.181416 0.200215 0.200215 0.200215 0.200215 0.181753 0.200215 0.200215 0.200215 0.200215 0.181788 0.200215 0.200215 0.200215 0.200215 0.181788 0.200215 0.200215 0.200215 0.200215 0.181788 0.200215 0.200215 0.200215 0.200215 0.200215 0.181788 0.200215 0.200215 0.200215 0.200215 0.200215 0.181788 0.200215 0.200215 0.200215 0.181788 0.200215 0.200215 0.200215 0.200215 0.200215 0.200215 0.181753 0.200215 0.200215 0.200215 0.200215 0.181416 0.200215 0.200215 0.200215 0 0.178759 0.200215 0.178759 0 0.200215 0.200215 0.181416 0.200215 0.200215 0.200215 0.200215 0.200215 0.200215 0.200215 0.181753 0.200215 0.200215 0.181788 0.200215 0.200215 0.200215 0.181788 0.200215 0.200215 0.200215 0.200215 0.181788 0.200215 0.200215 0.200215 0.200215 0.200215 0.181788 0.200215 0.200215 0.200215 0.200215 0.200215 0.181788 0.200215 0.200215 0.200215 0.181788 0.200215 0.200215 0.200215 0.200215 0.200215 0.200215 0.181753 0.200215 0.200215 0.200215 0.200215 0.181416 0.200215 0.200215 0.200215 0 0.178759 0.200215 0.178759 0 0.200215 0.200215 0.181416 0.200215 0.200215 0.200215 0.200215 0.200215 0.200215 0.200215 0.181753 0.200215 0.200215 0.181788 0.200215 0.200215 0.200215 0.181788 0.200215 0.200215 0.200215 0.200215 0.181788 0.200215 0.200215 0.200215 0.200215 0.181788 0.200215 0.200215 0.200215 0.200215 0.181788 0.200215 0.200215 0.200215 0.200215 0.181788 0.200215 0.200215 0.200215 0.200215 0.200215 0.200215 0.200215 0.181753 0.200215 0.200215 0.200215 0.200215 0.181416 0.200215 0.200215 0.200215 0 0.178759 0.200215 0.178759 0 0.200215 0.200215 0.181416 0.200215 0.200215 0.200215 0.200215 0.181753 0.200215 0.200215 0.200215 0.200215 0.200215 0.181788 0.200215 0.200215 0.200215 0.200215 0.181788 0.200215 0.200215 0.200215 0.181788 0.200215 0.200215 0.200215 0.200215 0.200215 0.181788 0.200215 0.200215 0.200215 0.200215 0.200215 0.181788 0.200215 0.200215 0.200215 0.181788 0.200215 0.200215 0.200215 0.200215 0.200215 0.200215 0.181753 0.200215 0.200215 0.200215 0.200215 0.181416 0.200215 0.200215 0.200215 0 0.178759 0.200215 0.178759 0 0.200215 0.200215 0.181416 0.200215 0.200215 0.200215 0.200215 0.181753 0.200215 0.200215 0.200215 0.200215 0.181788 0.200215 0.200215 0.200215 0.200215 0.200215 0.181788 0.200215 0.200215 0.200215 0.200215 0.181788 0.200215 0.200215 0.200215 0.181788 0.200215 0.200215 0.200215 0.200215 0.200215 0.181788 0.200215 0.200215 0.200215 0.200215 0.200215 0.181788 0.200215 0.200215 0.200215 0.181753 0.200215 0.200215 0.200215 0.200215 0.200215 0.200215 0.181416 0.200215 0.200215 0.200215 0 0.178759 0.200215 0.178759 0 0.200215 0.200215 0.181416 0.200215 0.200215 0.200215 0.200215 0.200215 0.200215 0.200215 0.181753 0.200215 0.200215 0.181788 0.200215 0.200215 0.200215 0.181788 0.200215 0.200215 0.200215 0.200215 0.200215 0.181788 0.200215 0.200215 0.200215 0.200215 0.200215 0.181788 0.200215 0.200215 0.200215 0.200215 0.181788 0.200215 0.200215 0.200215 0.200215 0.181788 0.200215 0.200215 0.200215 0.181753 0.200215 0.200215 0.200215 0.200215 0.200215 0.200215 0.181416 0.200215 0.200215 0.200215 0 0.178759 0.200215 0.178759 0 0.200215 0.200215 0.181416 0.200215 0.200215 0.200215 0.200215 0.181753 0.200215 0.200215 0.200215 0.200215 0.181788 0.200215 0.200215 0.200215 0.200215 0.181788 0.200215 0.200215 0.200215 0.200215 0.181788 0.200215 0.200215 0.200215 0.200215 0.181788 0.200215 0.200215 0.200215 0.200215 0.181788 0.200215 0.200215 0.200215 0.200215 0.200215 0.181788 0.200215 0.200215 0.200215 0.200215 0.181753 0.200215 0.200215 0.200215 0.200215 0.200215 0.200215 0.181416 0.200215 0.200215 0.200215 0 0.178759 0.200215 0.178759 0 0.200215 0.200215 0.181416 0.200215 0.200215 0.200215 0.200215 0.181753 0.200215 0.200215 0.200215 0.200215 0.200215 0.181788 0.200215 0.200215 0.200215 0.200215 0.200215 0.181788 0.200215 0.200215 0.200215 0.200215 0.181788 0.200215 0.200215 0.200215 0.200215 0.181788 0.200215 0.200215 0.200215 0.200215 0.181788 0.200215 0.200215 0.200215 0.181788 0.200215 0.200215 0.200215 0.200215 0.200215 0.200215 0.181753 0.200215 0.200215 0.200215 0.200215 0.181416 0.200215 0.200215 0.200215 0 0.178759 0.200215 0.178759 0 0.200215 0.200215 0.181416 0.200215 0.200215 0.200215 0.200215 0.200215 0.200215 0.200215 0.181753 0.200215 0.200215 0.200215 0.181788 0.200215 0.200215 0.200215 0.181788 0.200215 0.200215 0.200215 0.181788 0.200215 0.200215 0.200215 0.200215 0.181788 0.200215 0.200215 0.200215 0.200215 0.200215 0.181788 0.200215 0.200215 0.200215 0.200215 0.181788 0.200215 0.200215 0.200215 0.200215 0.200215 0.200215 0.181753 0.200215 0.200215 0.200215 0.200215 0.181416 0.200215 0.200215 0.200215 0 0.178759 0.200215 0.178759 0 0.200215 0.200215 0.181416 0.200215 0.200215 0.200215 0.200215 0.200215 0.200215 0.200215 0.181753 0.200215 0.200215 0.181788 0.200215 0.200215 0.200215 0.200215 0.181788 0.200215 0.200215 0.200215 0.200215 0.200215 0.181788 0.200215 0.200215 0.200215 0.200215 0.181788 0.200215 0.200215 0.200215 0.181788 0.200215 0.200215 0.200215 0.200215 0.181788 0.200215 0.200215 0.200215 0.200215 0.181753 0.200215 0.200215 0.200215 0.200215 0.200215 0.200215 0.181416 0.200215 0.200215 0.200215 0 0.178759 0.200215 0.178759 0 0.200215 0.200215 0.181416 0.200215 0.200215 0.200215 0.200215 0.181753 0.200215 0.200215 0.200215 0.200215 0.200215 0.181788 0.200215 0.200215 0.200215 0.200215 0.181788 0.200215 0.200215 0.200215 0.181788 0.200215 0.200215 0.200215 0.200215 0.200215 0.181788 0.200215 0.200215 0.200215 0.200215 0.200215 0.181788 0.200215 0.200215 0.200215 0.200215 0.181788 0.200215 0.200215 0.200215 0.181753 0.200215 0.200215 0.200215 0.200215 0.200215 0.200215 0.181416 0.200215 0.200215 0.200215 0 0.178759 0.200215 0.178759 0 0.200215 0.200215 0.181416 0.200215 0.200215 0.200215 0.200215 0.200215 0.200215 0.200215 0.181753 0.200215 0.200215 0.181788 0.200215 0.200215 0.200215 0.200215 0.181788 0.200215 0.200215 0.200215 0.200215 0.200215 0.181788 0.200215 0.200215 0.200215 0.200215 0.181788 0.200215 0.200215 0.200215 0.181788 0.200215 0.200215 0.200215 0.200215 0.181788 0.200215 0.200215 0.200215 0.200215 0.181753 0.200215 0.200215 0.200215 0.200215 0.200215 0.200215 0.181416 0.200215 0.200215 0.200215 0 0.178759 0.200215 0.178759 0 0.200215 0.200215 0.181416 0.200215 0.200215 0.200215 0.200215 0.200215 0.200215 0.200215 0.181753 0.200215 0.200215 0.200215 0.181788 0.200215 0.200215 0.200215 0.200215 0.181788 0.200215 0.200215 0.200215 0.200215 0.181788 0.200215 0.200215 0.200215 0.181788 0.200215 0.200215 0.200215 0.200215 0.181788 0.200215 0.200215 0.200215 0.200215 0.181788 0.200215 0.200215 0.200215 0.200215 0.200215 0.200215 0.181753 0.200215 0.200215 0.200215 0.200215 0.181416 0.200215 0.200215 0.200215 0 0.178759 0.200215 0.178759 0 0.200215 0.200215 0.181416 0.200215 0.200215 0.200215 0.200215 0.200215 0.200215 0.200215 0.181753 0.200215 0.200215 0.181788 0.200215 0.200215 0.200215 0.200215 0.181788 0.200215 0.200215 0.200215 0.200215 0.200215 0.181788 0.200215 0.200215 0.200215 0.200215 0.181788 0.200215 0.200215 0.200215 0.181788 0.200215 0.200215 0.200215 0.181788 0.200215 0.200215 0.200215 0.200215 0.200215 0.200215 0.200215 0.181753 0.200215 0.200215 0.200215 0.200215 0.181416 0.200215 0.200215 0.200215 0 0.178759 0.200215 0.178759 0 0.200215 0.200215 0.181416 0.200215 0.200215 0.200215 0.200215 0.200215 0.200215 0.200215 0.181753 0.200215 0.200215 0.181788 0.200215 0.200215 0.200215 0.181788 0.200215 0.200215 0.200215 0.200215 0.181788 0.200215 0.200215 0.200215 0.200215 0.181788 0.200215 0.200215 0.200215 0.200215 0.200215 0.181788 0.200215 0.200215 0.200215 0.200215 0.200215 0.181788 0.200215 0.200215 0.200215 0.181753 0.200215 0.200215 0.200215 0.200215 0.200215 0.200215 0.181416 0.200215 0.200215 0.200215 0 0.178759 0.200215 0.178759 0 0.200215 0.200215 0.181416 0.200215 0.200215 0.200215 0.200215 0.181753 0.200215 0.200215 0.200215 0.200215 0.181788 0.200215 0.200215 0.200215 0.200215 0.200215 0.181788 0.200215 0.200215 0.200215 0.200215 0.181788 0.200215 0.200215 0.200215 0.181788 0.200215 0.200215 0.200215 0.200215 0.200215 0.181788 0.200215 0.200215 0.200215 0.200215 0.200215 0.181788 0.200215 0.200215 0.200215 0.181753 0.200215 0.200215 0.200215 0.200215 0.200215 0.200215 0.181416 0.200215 0.200215 0.200215 0 0.178759 0.200215 0.178759 0 0.200215 0.200215 0.181416 0.200215 0.200215 0.200215 0.200215 0.181753 0.200215 0.200215 0.200215 0.200215 0.200215 0.181788 0.200215 0.200215 0.200215 0.200215 0.181788 0.200215 0.200215 0.200215 0.181788 0.200215 0.200215 0.200215 0.200215 0.181788 0.200215 0.200215 0.200215 0.200215 0.181788 0.200215 0.200215 0.200215 0.200215 0.200215 0.181788 0.200215 0.200215 0.200215 0.200215 0.181753 0.200215 0.200215 0.200215 0.200215 0.200215 0.200215 0.181416 0.200215 0.200215 0.200215 0 0.178759 0.200215 0.178759 0 0.200215 0.200215 0.181416 0.200215 0.200215 0.200215 0.200215 0.200215 0.200215 0.200215 0.181753 0.200215 0.200215 0.181788 0.200215 0.200215 0.200215 0.181788 0.200215 0.200215 0.200215 0.200215 0.181788 0.200215 0.200215 0.200215 0.200215 0.181788 0.200215 0.200215 0.200215 0.200215 0.181788 0.200215 0.200215 0.200215 0.200215 0.181788 0.200215 0.200215 0.200215 0.200215 0.200215 0.200215 0.200215 0.181753 0.200215 0.200215 0.200215 0.200215 0.181416 0.200215 0.200215 0.200215 0 0.178759 0.200215 0.178759 0 0.200215 0.200215 0.181416 0.200215 0.200215 0.200215 0.200215 0.200215 0.200215 0.200215 0.181753 0.200215 0.200215 0.181788 0.200215 0.200215 0.200215 0.200215 0.181788 0.200215 0.200215 0.200215 0.200215 0.200215 0.181788 0.200215 0.200215 0.200215 0.200215 0.181788 0.200215 0.200215 0.200215 0.200215 0.181788 0.200215 0.200215 0.200215 0.200215 0.181788 0.200215 0.200215 0.200215 0.181753 0.200215 0.200215 0.200215 0.200215 0.200215 0.200215 0.181416 0.200215 0.200215 0.200215 0 0.178759 0.200215 0.178759 0 0.200215 0.200215 0.181416 0.200215 0.200215 0.200215 0.200215 0.181753 0.200215 0.200215 0.200215 0.200215 0.181788 0.200215 0.200215 0.200215 0.200215 0.181788 0.200215 0.200215 0.200215 0.200215 0.181788 0.200215 0.200215 0.200215 0.200215 0.181788 0.200215 0.200215 0.200215 0.200215 0.200215 0.181788 0.200215 0.200215 0.200215 0.200215 0.200215 0.181788 0.200215 0.200215 0.200215 0.181753 0.200215 0.200215 0.200215 0.200215 0.200215 0.200215 0.181416 0.200215 0.200215 0.200215 0 0.178759 0.200215 0.178759 0 0.200215 0.200215 0.181416 0.200215 0.200215 0.200215 0.200215 0.181753 0.200215 0.200215 0.200215 0.200215 0.200215 0.181788 0.200215 0.200215 0.200215 0.200215 0.181788 0.200215 0.200215 0.200215 0.181788 0.200215 0.200215 0.200215 0.200215 0.200215 0.181788 0.200215 0.200215 0.200215 0.200215 0.181788 0.200215 0.200215 0.200215 0.200215 0.181788 0.200215 0.200215 0.200215 0.200215 0.181753 0.200215 0.200215 0.200215 0.200215 0.200215 0.200215 0.181416 0.200215 0.200215 0.200215 0 0.178759 0.200215 0.178759 0 0.200215 0.200215 0.181416 0.200215 0.200215 0.200215 0.200215 0.200215 0.200215 0.200215 0.181753 0.200215 0.200215 0.200215 0.181788 0.200215 0.200215 0.200215 0.181788 0.200215 0.200215 0.200215 0.181788 0.200215 0.200215 0.200215 0.200215 0.181788 0.200215 0.200215 0.200215 0.200215 0.181788 0.200215 0.200215 0.200215 0.200215 0.181788 0.200215 0.200215 0.200215 0.200215 0.200215 0.200215 0.200215 0.181753 0.200215 0.200215 0.200215 0.200215 0.181416 0.200215 0.200215 0.200215 0 0.178759 0.200215 0.178759 0 0.200215 0.200215 0.181416 0.200215 0.200215 0.200215 0.200215 0.181753 0.200215 0.200215 0.200215 0.200215 0.181788 0.200215 0.200215 0.200215 0.200215 0.200215 0.181788 0.200215 0.200215 0.200215 0.200215 0.200215 0.181788 0.200215 0.200215 0.200215 0.200215 0.181788 0.200215 0.200215 0.200215 0.181788 0.200215 0.200215 0.200215 0.181788 0.200215 0.200215 0.200215 0.200215 0.200215 0.200215 0.200215 0.181753 0.200215 0.200215 0.200215 0.200215 0.181416 0.200215 0.200215 0.200215 0 0.178759 0.200215 0.178759 0 0.200215 0.200215 0.181416 0.200215 0.200215 0.200215 0.200215 0.181753 0.200215 0.200215 0.200215 0.200215 0.200215 0.181788 0.200215 0.200215 0.200215 0.200215 0.181788 0.200215 0.200215 0.200215 0.181788 0.200215 0.200215 0.200215 0.200215 0.200215 0.181788 0.200215 0.200215 0.200215 0.200215 0.200215 0.181788 0.200215 0.200215 0.200215 0.181788 0.200215 0.200215 0.200215 0.200215 0.200215 0.200215 0.181753 0.200215 0.200215 0.200215 0.200215 0.181416 0.200215 0.200215 0.200215 0 0.178759 0.200215 0.178759 0 0.200215 0.200215 0.181416 0.200215 0.200215 0.200215 0.200215 0.200215 0.200215 0.200215 0.181753 0.200215 0.200215 0.200215 0.181788 0.200215 0.200215 0.200215 0.200215 0.181788 0.200215 0.200215 0.200215 0.200215 0.181788 0.200215 0.200215 0.200215 0.200215 0.181788 0.200215 0.200215 0.200215 0.200215 0.181788 0.200215 0.200215 0.200215 0.181788 0.200215 0.200215 0.200215 0.200215 0.200215 0.200215 0.181753 0.200215 0.200215 0.200215 0.200215 0.181416 0.200215 0.200215 0.200215 0 0.178759 0.200215 0.178759 0 0.200215 0.200215 0.181416 0.200215 0.200215 0.200215 0.200215 0.181753 0.200215 0.200215 0.200215 0.200215 0.181788 0.200215 0.200215 0.200215 0.200215 0.181788 0.200215 0.200215 0.200215 0.200215 0.181788 0.200215 0.200215 0.200215 0.200215 0.200215 0.181788 0.200215 0.200215 0.200215 0.200215 0.181788 0.200215 0.200215 0.200215 0.200215 0.181788 0.200215 0.200215 0.200215 0.200215 0.181753 0.200215 0.200215 0.200215 0.200215 0.200215 0.200215 0.181416 0.200215 0.200215 0.200215 0 0.178759 0.200215 0.178759 0 0.200215 0.200215 0.181416 0.200215 0.200215 0.200215 0.200215 0.200215 0.200215 0.200215 0.181753 0.200215 0.200215 0.200215 0.181788 0.200215 0.200215 0.200215 0.200215 0.181788 0.200215 0.200215 0.200215 0.200215 0.181788 0.200215 0.200215 0.200215 0.200215 0.181788 0.200215 0.200215 0.200215 0.181788 0.200215 0.200215 0.200215 0.200215 0.181788 0.200215 0.200215 0.200215 0.200215 0.181753 0.200215 0.200215 0.200215 0.200215 0.200215 0.200215 0.181416 0.200215 0.200215 0.200215 0 0.178759 0.200215 0.178759 0 0.200215 0.200215 0.181416 0.200215 0.200215 0.200215 0.200215 0.181753 0.200215 0.200215 0.200215 0.200215 0.200215 0.181788 0.200215 0.200215 0.200215 0.200215 0.200215 0.181788 0.200215 0.200215 0.200215 0.200215 0.181788 0.200215 0.200215 0.200215 0.200215 0.181788 0.200215 0.200215 0.200215 0.181788 0.200215 0.200215 0.200215 0.200215 0.181788 0.200215 0.200215 0.200215 0.200215 0.181753 0.200215 0.200215 0.200215 0.200215 0.200215 0.200215 0.181416 0.200215 0.200215 0.200215 0 0.178759 0.200215 0.178757 0 0.200215 0.200215 0.181415 0.200215 0.200215 0.200215 0.200215 0.200215 0.200215 0.200215 0.181752 0.200215 0.200215 0.181788 0.200215 0.200215 0.200215 0.200215 0.181788 0.200215 0.200215 0.200215 0.200215 0.200215 0.181788 0.200215 0.200215 0.200215 0.200215 0.181788 0.200215 0.200215 0.200215 0.181788 0.200215 0.200215 0.200215 0.200215 0.181788 0.200215 0.200215 0.200215 0.200215 0.181752 0.200215 0.200215 0.200215 0.200215 0.200215 0.200215 0.181415 0.200215 0.200215 0.200215 0 0.178757 0.200215 0.178738 0 0.200215 0.200215 0.181399 0.200215 0.200215 0.200215 0.200215 0.181737 0.200215 0.200215 0.200215 0.200215 0.200215 0.200215 0.200215 0.18178 0.200215 0.200215 0.181785 0.200215 0.200215 0.200215 0.200215 0.200215 0.181786 0.200215 0.200215 0.200215 0.181786 0.200215 0.200215 0.200215 0.200215 0.181786 0.200215 0.200215 0.200215 0.200215 0.200215 0.200215 0.200215 0.181781 0.200215 0.181737 0.200215 0.200215 0.200215 0.200215 0.200215 0.200215 0.181399 0.200215 0.200215 0.200215 0 0.178738 0.200215 0.178562 0 0.200215 0.200215 0.181258 0.200215 0.200215 0.200215 0.200216 0.1816 0.200215 0.200215 0.200215 0.200215 0.181644 0.200227 0.200215 0.200216 0.200216 0.181651 0.200215 0.200216 0.200216 0.181653 0.200215 0.200216 0.200217 0.200217 0.200216 0.200219 0.200216 0.181652 0.200216 0.181655 0.200219 0.200216 0.200223 0.200259 0.200224 0.200216 0.200227 0.181646 0.200215 0.200215 0.181601 0.200221 0.200215 0.200215 0.181258 0.200215 0.200215 0.200215 0.200215 0.200215 0 0.178562 0.200215 0.177027 0 0.200215 0.200216 0.180016 0.200215 0.200215 0.200215 0.200225 0.180401 0.200215 0.200216 0.200216 0.200286 0.180467 0.200215 0.200225 0.200227 0.200224 0.200224 0.20023 0.180461 0.200224 0.200225 0.200234 0.18047 0.20022 0.20023 0.200241 0.200218 0.18046 0.200246 0.200234 0.20025 0.200331 0.200218 0.200268 0.200266 0.180462 0.20025 0.200221 0.180539 0.200449 0.200266 0.200259 0.200279 0.200219 0.180411 0.20025 0.200224 0.20027 0.200219 0.20022 0.200219 0.180016 0.20022 0.200219 0.200215 0 0.177027 0.200217 0.15801 0 0.200215 0.200237 0.164951 0.200215 0.200217 0.200215 0.200316 0.165865 0.200218 0.200237 0.200226 0.200316 0.200322 0.200233 0.165985 0.20025 0.200298 0.16599 0.200256 0.200233 0.200347 0.200492 0.16596 0.200229 0.200298 0.200411 0.200343 0.165947 0.200285 0.200492 0.200816 0.200688 0.200343 0.200726 0.200311 0.165947 0.200345 0.200311 0.200596 0.200462 0.165951 0.200336 0.165832 0.200489 0.200462 0.200335 0.200269 0.200336 0.200232 0.200238 0.16494 0.200223 0.200238 0.200216 0 0.15801 0.200215 0.200215 0.200215 0.200215 0.200215 0.181788 0.200215 0.200215 0.200215 0.200215 0.181788 0.200215 0.200215 0.200215 0.181788 0.200215 0.200215 0.200215 0.200215 0.181788 0.200215 0.200215 0.200215 0.200215 0.181788 0.200215 0.200215 0.200215 0.200215 0.200215 0.181788 0.200215 0.200215 0.200215 0.181788 0.200215 0.200215 0.200215 0.200215 0.181788 0.200215 0.200215 0.200215 0.200215 0.181788 0.200215 0.200215 0.200215 0.200215 0.181788 0.200215 0.200215 0.200215 0.200215 0.200215 0.181788 0.200215 0.200215 0.200215 0.200215 0.181788 0.200215 0.200215 0.200215 0.200215 0.181788 0.200215 0.200215 0.200215 0.200215 0.200215 0.181788 0.200215 0.200215 0.200215 0.181788 0.200215 0.200215 0.200215 0.200215 0.181788 0.200215 0.200215 0.200215 0.200215 0.181788 0.200215 0.200215 0.200215 0.200215 0.200215 0.181788 0.200215 0.200215 0.200215 0.200215 0.181788 0.200215 0.200215 0.200215 0.200215 0.181788 0.200215 0.200215 0.200215 0.200215 0.181788 0.200215 0.200215 0.200215 0.181788 0.200215 0.200215 0.200215 0.200215 0.181788 0.200215 0.200215 0.200215 0.200215 0.200215 0.181788 0.200215 0.200215 0.200215 0.200215 0.200215 0.181788 0.200215 0.200215 0.200215 0.200215 0.181788 0.200215 0.200215 0.200215 0.200215 0.181788 0.200215 0.200215 0.200215 0.181788 0.200215 0.200215 0.200215 0.200215 0.181788 0.200215 0.200215 0.200215 0.200215 0.200215 0.181788 0.200215 0.200215 0.200215 0.200215 0.200215 0.181788 0.200215 0.200215 0.200215 0.200215 0.181788 0.200215 0.200215 0.200215 0.200215 0.181788 0.200215 0.200215 0.200215 0.200215 0.181788 0.200215 0.200215 0.200215 0.200215 0.181788 0.200215 0.200215 0.200215 0.200215 0.181788 0.200215 0.200215 0.200215 0.181788 0.200215 0.200215 0.200215 0.200215 0.200215 0.181788 0.200215 0.200215 0.200215 0.200215 0.181788 0.200215 0.200215 0.200215 0.181788 0.200215 0.200215 0.200215 0.200215 0.181788 0.200215 0.200215 0.200215 0.200215 0.200215 0.181788 0.200215 0.200215 0.200215 0.200215 0.181788 0.200215 0.200215 0.200215 0.181788 0.200215 0.200215 0.200215 0.200215 0.200215 0.181788 0.200215 0.200215 0.200215 0.200215 0.181788 0.200215 0.200215 0.200215 0.181788 0.200215 0.200215 0.200215 0.200215 0.181788 0.200215 0.200215 0.200215 0.200215 0.200215 0.181788 0.200215 0.200215 0.200215 0.200215 0.181788 0.200215 0.200215 0.200215 0.181788 0.200215 0.200215 0.200215 0.200215 0.181788 0.200215 0.200215 0.200215 0.200215 0.181788 0.200215 0.200215 0.200215 0.200215 0.181788 0.200215 0.200215 0.200215 0.200215 0.181788 0.200215 0.200215 0.200215 0.200215 0.181788 0.200215 0.200215 0.200215 0.200215 0.181788 0.200215 0.200215 0.200215 0.200215 0.181788 0.200215 0.200215 0.200215 0.200215 0.181788 0.200215 0.200215 0.200215 0.181788 0.200215 0.200215 0.200215 0.181788 0.200215 0.200215 0.200215 0.200215 0.181788 0.200215 0.200215 0.200215 0.200215 0.181788 0.200215 0.200215 0.200215 0.200215 0.181788 0.200215 0.200215 0.200215 0.200215 0.181788 0.200215 0.200215 0.200215 0.200215 0.200215 0.181788 0.200215 0.200215 0.200215 0.200215 0.181788 0.200215 0.200215 0.200215 0.200215 0.200215 0.181788 0.200215 0.200215 0.200215 0.200215 0.181788 0.200215 0.200215 0.200215 0.200215 0.181788 0.200215 0.200215 0.200215 0.181788 0.200215 0.200215 0.200215 0.200215 0.200215 0.181788 0.200215 0.200215 0.200215 0.200215 0.200215 0.181788 0.200215 0.200215 0.200215 0.181788 0.200215 0.200215 0.200215 0.200215 0.181788 0.200215 0.200215 0.200215 0.200215 0.181788 0.200215 0.200215 0.200215 0.200215 0.200215 0.181788 0.200215 0.200215 0.200215 0.181788 0.200215 0.200215 0.200215 0.181788 0.200215 0.200215 0.200215 0.200215 0.200215 0.181788 0.200215 0.200215 0.200215 0.200215 0.181788 0.200215 0.200215 0.200215 0.181788 0.200215 0.200215 0.200215 0.200215 0.181788 0.200215 0.200215 0.200215 0.200215 0.181788 0.200215 0.200215 0.200215 0.200215 0.200215 0.181788 0.200215 0.200215 0.200215 0.181788 0.200215 0.200215 0.200215 0.200215 0.181788 0.200215 0.200215 0.200215 0.200215 0.181788 0.200215 0.200215 0.200215 0.200215 0.200215 0.181788 0.200215 0.200215 0.200215 0.181788 0.200215 0.200215 0.200215 0.200215 0.181788 0.200215 0.200215 0.200215 0.200215 0.181788 0.200215 0.200215 0.200215 0.200215 0.181788 0.200215 0.200215 0.200215 0.200215 0.200215 0.181788 0.200215 0.200215 0.200215 0.181788 0.200215 0.200215 0.200215 0.200215 0.200215 0.181788 0.200215 0.200215 0.200215 0.200215 0.200215 0.181788 0.200215 0.200215 0.200215 0.181788 0.200215 0.200215 0.200215 0.200215 0.181788 0.200215 0.200215 0.200215 0.200215 0.181788 0.200215 0.200215 0.200215 0.200215 0.200215 0.181788 0.200215 0.200215 0.200215 0.200215 0.181788 0.200215 0.200215 0.200215 0.200215 0.200215 0.181788 0.200215 0.200215 0.200215 0.200215 0.181788 0.200215 0.200215 0.200215 0.200215 0.181788 0.200215 0.200215 0.200215 0.200215 0.181788 0.200215 0.200215 0.200215 0.181788 0.200215 0.200215 0.200215 0.200215 0.181788 0.200215 0.200215 0.200215 0.200215 0.181788 0.200215 0.200215 0.200215 0.181788 0.200215 0.200215 0.200215 0.200215 0.200215 0.181788 0.200215 0.200215 0.200215 0.200215 0.181788 0.200215 0.200215 0.200215 0.181788 0.200215 0.200215 0.200215 0.200215 0.181788 0.200215 0.200215 0.200215 0.181788 0.200215 0.200215 0.200215 0.200215 0.200215 0.181788 0.200215 0.200215 0.200215 0.200215 0.181788 0.200215 0.200215 0.200215 0.200215 0.181788 0.200215 0.200215 0.200215 0.200215 0.181788 0.200215 0.200215 0.200215 0.181788 0.200215 0.200215 0.200215 0.200215 0.200215 0.181788 0.200215 0.200215 0.200215 0.200215 0.181788 0.200215 0.200215 0.200215 0.200215 0.181788 0.200215 0.200215 0.200215 0.200215 0.181788 0.200215 0.200215 0.200215 0.200215 0.181788 0.200215 0.200215 0.200215 0.200215 0.181788 0.200215 0.200215 0.200215 0.200215 0.200215 0.181788 0.200215 0.200215 0.200215 0.181788 0.200215 0.200215 0.200215 0.200215 0.181788 0.200215 0.200215 0.200215 0.200215 0.181788 0.200215 0.200215 0.200215 0.200215 0.181788 0.200215 0.200215 0.200215 0.200215 0.181788 0.200215 0.200215 0.200215 0.200215 0.181788 0.200215 0.200215 0.200215 0.200215 0.181788 0.200215 0.200215 0.200215 0.200215 0.181788 0.200215 0.200215 0.200215 0.200215 0.181788 0.200215 0.200215 0.200215 0.181788 0.200215 0.200215 0.200215 0.200215 0.181788 0.200215 0.200215 0.200215 0.181788 0.200215 0.200215 0.200215 0.200215 0.200215 0.181788 0.200215 0.200215 0.200215 0.200215 0.181788 0.200215 0.200215 0.200215 0.181788 0.200215 0.200215 0.200215 0.200215 0.200215 0.181788 0.200215 0.200215 0.200215 0.181788 0.200215 0.200215 0.200215 0.200215 0.181788 0.200215 0.200215 0.200215 0.200215 0.200215 0.181788 0.200215 0.200215 0.200215 0.200215 0.181788 0.200215 0.200215 0.200215 0.200215 0.181788 0.200215 0.200215 0.200215 0.200215 0.181788 0.200215 0.200215 0.200215 0.200215 0.181788 0.200215 0.200215 0.200215 0.200215 0.181788 0.200215 0.200215 0.200215 0.181788 0.200215 0.200215 0.200215 0.200215 0.181788 0.200215 0.200215 0.200215 0.200215 0.181788 0.200215 0.200215 0.200215 0.200215 0.200215 0.181788 0.200215 0.200215 0.200215 0.200215 0.181788 0.200215 0.200215 0.200215 0.181788 0.200215 0.200215 0.200215 0.200215 0.200215 0.181788 0.200215 0.200215 0.200215 0.200215 0.181788 0.200215 0.200215 0.200215 0.181788 0.200215 0.200215 0.200215 0.200215 0.181788 0.200215 0.200215 0.200215 0.200215 0.200215 0.181788 0.200215 0.200215 0.200215 0.200215 0.181788 0.200215 0.200215 0.200215 0.200215 0.181788 0.200215 0.200215 0.200215 0.200215 0.181788 0.200215 0.200215 0.200215 0.200215 0.181788 0.200215 0.200215 0.200215 0.200215 0.181788 0.200215 0.200215 0.200215 0.200215 0.200215 0.181788 0.200215 0.200215 0.200215 0.200215 0.181788 0.200215 0.200215 0.200215 0.200215 0.181788 0.200215 0.200215 0.200215 0.200215 0.181788 0.200215 0.200215 0.200215 0.181788 0.200215 0.200215 0.200215 0.200215 0.200215 0.181788 0.200215 0.200215 0.200215 0.181788 0.200215 0.200215 0.200215 0.200215 0.181788 0.200215 0.200215 0.200215 0.200215 0.181788 0.200215 0.200215 0.200215 0.200215 0.181788 0.200215 0.200215 0.200215 0.200215 0.181788 0.200215 0.200215 0.200215 0.200215 0.200215 0.181788 0.200215 0.200215 0.200215 0.181788 0.200215 0.200215 0.200215 0.181788 0.200215 0.200215 0.200215 0.200215 0.181788 0.200215 0.200215 0.200215 0.200215 0.181788 0.200215 0.200215 0.200215 0.200215 0.181788 0.200215 0.200215 0.200215 0.200215 0.200215 0.181788 0.200215 0.200215 0.200215 0.181788 0.200215 0.200215 0.200215 0.200215 0.200215 0.181788 0.200215 0.200215 0.200215 0.181788 0.200215 0.200215 0.200215 0.200215 0.181788 0.200215 0.200215 0.200215 0.200215 0.181788 0.200215 0.200215 0.200215 0.200215 0.200215 0.181788 0.200215 0.200215 0.200215 0.181788 0.200215 0.181786 0.200215 0.200215 0.200215 0.200215 0.200215 0.200215 0.200215 0.200215 0.181786 0.200215 0.181786 0.200215 0.200215 0.200217 0.200215 0.200219 0.200215 0.181786 0.200215 0.181785 0.200215 0.200215 0.200215 0.181785 0.200215 0.200215 0.200215 0.200215 0.200216 0.200215 0.200215 0.181785 0.200215 0.200215 0.200223 0.200215 0.200215 0.181786 0.200215 0.200215 0.200215 0.200215 0.200215 0.18178 0.200215 0.200215 0.200215 0.200215 0.200215 0.18178 0.200215 0.18178 0.200215 0.200216 0.200215 0.200215 0.181781 0.200217 0.200218 0.200227 0.200215 0.200215 0.200215 0.200215 0.181753 0.200215 0.181753 0.200215 0.200215 0.200215 0.200215 0.181753 0.200215 0.200215 0.200215 0.181753 0.200215 0.200215 0.200215 0.200215 0.181753 0.200215 0.200215 0.200215 0.181753 0.200215 0.200215 0.200215 0.200215 0.200215 0.200215 0.200215 0.181753 0.200215 0.181753 0.200215 0.200215 0.200215 0.200215 0.200215 0.200215 0.200215 0.181753 0.200215 0.200215 0.200215 0.200215 0.200215 0.181753 0.200215 0.181753 0.200215 0.200215 0.200215 0.200215 0.200215 0.200215 0.200215 0.181753 0.200215 0.200215 0.200215 0.200215 0.181753 0.200215 0.200215 0.200215 0.200215 0.200215 0.181753 0.200215 0.200215 0.200215 0.200215 0.181753 0.200215 0.181753 0.200215 0.200215 0.200215 0.200215 0.181753 0.200215 0.200215 0.200215 0.181753 0.200215 0.200215 0.200215 0.200215 0.181753 0.200215 0.200215 0.200215 0.200215 0.200215 0.200215 0.200215 0.181753 0.200215 0.200215 0.200215 0.200215 0.181753 0.200215 0.200215 0.200215 0.200215 0.200215 0.181753 0.200215 0.181753 0.200215 0.200215 0.200215 0.200215 0.200215 0.200215 0.200215 0.181753 0.200215 0.181753 0.200215 0.200215 0.200215 0.181753 0.200215 0.200215 0.200215 0.200215 0.181753 0.200215 0.200215 0.200215 0.181753 0.200215 0.200215 0.200215 0.200215 0.181753 0.200215 0.200215 0.200215 0.200215 0.200215 0.200215 0.200215 0.181753 0.200215 0.200215 0.200215 0.200215 0.181753 0.200215 0.200215 0.200215 0.200215 0.200215 0.181753 0.200215 0.200215 0.200215 0.200215 0.181753 0.200215 0.200215 0.200215 0.200215 0.200215 0.181753 0.200215 0.181753 0.200215 0.200215 0.200215 0.181753 0.200215 0.200215 0.200215 0.200215 0.181753 0.200215 0.200215 0.200215 0.200215 0.200215 0.200215 0.200215 0.181753 0.200215 0.200215 0.200215 0.200215 0.181753 0.200215 0.200215 0.200215 0.200215 0.200215 0.181753 0.200215 0.200215 0.200215 0.200215 0.181753 0.200215 0.200215 0.200215 0.200215 0.200215 0.181753 0.200215 0.181753 0.200215 0.200215 0.200215 0.181753 0.200215 0.200215 0.200215 0.200215 0.200215 0.200215 0.200215 0.181753 0.200215 0.181753 0.200215 0.200215 0.200215 0.200215 0.200215 0.200215 0.200215 0.181753 0.200215 0.181753 0.200215 0.200215 0.200215 0.200215 0.181753 0.200215 0.200215 0.200215 0.181753 0.200215 0.200215 0.200215 0.200215 0.200215 0.200215 0.200215 0.181753 0.200215 0.200215 0.200215 0.200215 0.200215 0.181753 0.200215 0.181753 0.200215 0.200215 0.200215 0.181753 0.200215 0.200215 0.200215 0.200215 0.181753 0.200215 0.200215 0.200215 0.200215 0.200215 0.200215 0.200215 0.181753 0.200215 0.200215 0.200215 0.200215 0.181753 0.200215 0.181753 0.200215 0.200215 0.200215 0.200215 0.200215 0.200215 0.200215 0.181753 0.200215 0.200215 0.200215 0.200215 0.200215 0.181753 0.200215 0.181752 0.200215 0.200215 0.200215 0.181752 0.200215 0.200215 0.200215 0.200215 0.181752 0.200215 0.200215 0.200215 0.200215 0.200215 0.200215 0.200215 0.181752 0.200215 0.181737 0.200215 0.200215 0.200215 0.181737 0.200215 0.200215 0.200215 0.200215 0.200215 0.200215 0.200215 0.181737 0.200215 0.200215 0.200215 0.200217 0.200215 0.181737 0.200215 0.200215 0.200215 0.200215 0.181649 0.200215 0.181649 0.200215 0.200215 0.200215 0.200215 0.200217 0.200217 0.200241 0.200219 0.181653 0.200217 0.181652 0.200219 0.200216 0.20025 0.200215 0.181649 0.200215 0.200215 0.200215 0.181649 0.200215 0.200215 0.200215 0.200219 0.200225 0.200217 0.181651 0.200224 0.200268 0.200216 0.181655 0.200215 0.200215 0.200215 0.200215 0.181644 0.200215 0.181644 0.200215 0.200215 0.200215 0.200216 0.200215 0.200217 0.200224 0.181644 0.200279 0.181646 0.200218 0.200221 0.200218 0.200215 0.1816 0.200215 0.200215 0.200215 0.200215 0.1816 0.200215 0.200215 0.200215 0.200215 0.200216 0.200215 0.1816 0.200216 0.200224 0.200218 0.181601 0.200215 0.200215 0.200215 0.200215 0.181416 0.200215 0.181416 0.200215 0.200215 0.200215 0.200215 0.200215 0.200215 0.200215 0.181416 0.200215 0.181416 0.200215 0.200215 0.200215 0.200215 0.200215 0.200215 0.200215 0.181416 0.200215 0.181416 0.200215 0.200215 0.200215 0.200215 0.200215 0.200215 0.200215 0.181416 0.200215 0.181416 0.200215 0.200215 0.200215 0.200215 0.200215 0.200215 0.200215 0.181416 0.200215 0.181416 0.200215 0.200215 0.200215 0.200215 0.200215 0.200215 0.200215 0.181416 0.200215 0.181416 0.200215 0.200215 0.200215 0.200215 0.200215 0.200215 0.200215 0.181416 0.200215 0.181416 0.200215 0.200215 0.200215 0.200215 0.200215 0.200215 0.200215 0.181416 0.200215 0.181416 0.200215 0.200215 0.200215 0.200215 0.200215 0.200215 0.200215 0.181416 0.200215 0.181416 0.200215 0.200215 0.200215 0.200215 0.200215 0.200215 0.200215 0.181416 0.200215 0.181416 0.200215 0.200215 0.200215 0.200215 0.200215 0.200215 0.200215 0.181416 0.200215 0.181416 0.200215 0.200215 0.200215 0.200215 0.200215 0.200215 0.200215 0.181416 0.200215 0.181416 0.200215 0.200215 0.200215 0.200215 0.200215 0.200215 0.200215 0.181416 0.200215 0.181416 0.200215 0.200215 0.200215 0.200215 0.200215 0.200215 0.200215 0.181416 0.200215 0.181416 0.200215 0.200215 0.200215 0.200215 0.200215 0.200215 0.200215 0.181416 0.200215 0.181416 0.200215 0.200215 0.200215 0.200215 0.200215 0.200215 0.200215 0.181416 0.200215 0.181416 0.200215 0.200215 0.200215 0.200215 0.200215 0.200215 0.200215 0.181416 0.200215 0.181416 0.200215 0.200215 0.200215 0.200215 0.200215 0.200215 0.200215 0.181416 0.200215 0.181416 0.200215 0.200215 0.200215 0.200215 0.200215 0.200215 0.200215 0.181416 0.200215 0.181416 0.200215 0.200215 0.200215 0.200215 0.200215 0.200215 0.200215 0.181416 0.200215 0.181416 0.200215 0.200215 0.200215 0.200215 0.200215 0.200215 0.200215 0.181416 0.200215 0.181416 0.200215 0.200215 0.200215 0.200215 0.200215 0.200215 0.200215 0.181416 0.200215 0.181416 0.200215 0.200215 0.200215 0.200215 0.200215 0.200215 0.200215 0.181416 0.200215 0.181416 0.200215 0.200215 0.200215 0.200215 0.200215 0.200215 0.200215 0.181416 0.200215 0.181416 0.200215 0.200215 0.200215 0.200215 0.200215 0.200215 0.200215 0.181416 0.200215 0.181416 0.200215 0.200215 0.200215 0.200215 0.200215 0.200215 0.200215 0.181416 0.200215 0.181416 0.200215 0.200215 0.200215 0.200215 0.200215 0.200215 0.200215 0.181416 0.200215 0.181416 0.200215 0.200215 0.200215 0.200215 0.200215 0.200215 0.200215 0.181416 0.200215 0.181416 0.200215 0.200215 0.200215 0.200215 0.200215 0.200215 0.200215 0.181416 0.200215 0.181416 0.200215 0.200215 0.200215 0.200215 0.200215 0.200215 0.200215 0.181416 0.200215 0.181416 0.200215 0.200215 0.200215 0.200215 0.200215 0.200215 0.200215 0.181415 0.200215 0.181415 0.200215 0.200215 0.200215 0.200215 0.200215 0.200215 0.200215 0.181415 0.200215 0.181415 0.200215 0.200215 0.200215 0.200215 0.200215 0.200215 0.200215 0.181399 0.200215 0.181399 0.200215 0.200215 0.200215 0.200215 0.200215 0.200215 0.200215 0.181399 0.200215 0.181399 0.200215 0.200215 0.200215 0.200215 0.181258 0.200215 0.200215 0.200215 0.181258 0.200215 0.200215 0.200215 0.200215 0.200215 0.200215 0.200215 0.181258 0.200215 0.200215 0.20022 0.200216 0.200215 0.181258 0.200215 0.180451 0.200215 0.200215 0.200215 0.180451 0.200215 0.200215 0.200215 0.200215 0.200215 0.200215 0.200215 0.200215 0.180451 0.200215 0.180451 0.200215 0.200215 0.200215 0.20022 0.200319 0.200347 0.200224 0.200286 0.180461 0.200246 0.200259 0.200411 0.200319 0.18047 0.200331 0.200239 0.200816 0.200259 0.18046 0.200239 0.180462 0.200449 0.200251 0.200726 0.200215 0.180444 0.200215 0.200215 0.200215 0.200215 0.200215 0.180444 0.200215 0.200215 0.200215 0.200215 0.200224 0.200322 0.200248 0.180467 0.20041 0.200596 0.200251 0.180539 0.200215 0.200215 0.200215 0.200215 0.180396 0.200215 0.180396 0.200215 0.200215 0.200215 0.200215 0.200248 0.200226 0.200223 0.180401 0.20027 0.200266 0.200335 0.20041 0.200221 0.180411 0.200215 0.200215 0.200215 0.200215 0.180016 0.200215 0.180016 0.200215 0.200215 0.200215 0.200215 0.200223 0.200215 0.200215 0.180016 0.200266 0.180016 0.20022 0.20022 0.200232 0.200215 0.200215 0.200215 0 0.178759 0.200215 0.178759 0 0.200215 0.200215 0.200215 0.200215 0 0.178759 0.200215 0.178759 0 0.200215 0.200215 0.200215 0.200215 0 0.178759 0.200215 0.178759 0 0.200215 0.200215 0.200215 0.200215 0 0.178759 0.200215 0.178759 0 0.200215 0.200215 0.200215 0.200215 0 0.178759 0.200215 0.178759 0 0.200215 0.200215 0.200215 0.200215 0 0.178759 0.200215 0.178759 0 0.200215 0.200215 0.200215 0.200215 0 0.178759 0.200215 0.178759 0 0.200215 0.200215 0.200215 0.200215 0 0.178759 0.200215 0.178759 0 0.200215 0.200215 0.200215 0.200215 0 0.178759 0.200215 0.178759 0 0.200215 0.200215 0.200215 0.200215 0 0.178759 0.200215 0.178759 0 0.200215 0.200215 0.200215 0.200215 0 0.178759 0.200215 0.178759 0 0.200215 0.200215 0.200215 0.200215 0 0.178759 0.200215 0.178759 0 0.200215 0.200215 0.200215 0.200215 0 0.178759 0.200215 0.178759 0 0.200215 0.200215 0.200215 0.200215 0 0.178759 0.200215 0.178759 0 0.200215 0.200215 0.200215 0.200215 0 0.178759 0.200215 0.178759 0 0.200215 0.200215 0.200215 0.200215 0 0.178759 0.200215 0.178759 0 0.200215 0.200215 0.200215 0.200215 0 0.178759 0.200215 0.178759 0 0.200215 0.200215 0.200215 0.200215 0 0.178759 0.200215 0.178759 0 0.200215 0.200215 0.200215 0.200215 0 0.178759 0.200215 0.178759 0 0.200215 0.200215 0.200215 0.200215 0 0.178759 0.200215 0.178759 0 0.200215 0.200215 0.200215 0.200215 0 0.178759 0.200215 0.178759 0 0.200215 0.200215 0.200215 0.200215 0 0.178759 0.200215 0.178759 0 0.200215 0.200215 0.200215 0.200215 0 0.178759 0.200215 0.178759 0 0.200215 0.200215 0.200215 0.200215 0 0.178759 0.200215 0.178759 0 0.200215 0.200215 0.200215 0.200215 0 0.178759 0.200215 0.178759 0 0.200215 0.200215 0.200215 0.200215 0 0.178759 0.200215 0.178759 0 0.200215 0.200215 0.200215 0.200215 0 0.178759 0.200215 0.178759 0 0.200215 0.200215 0.200215 0.200215 0 0.178759 0.200215 0.178759 0 0.200215 0.200215 0.200215 0.200215 0 0.178759 0.200215 0.178759 0 0.200215 0.200215 0.200215 0.200215 0 0.178759 0.200215 0.178759 0 0.200215 0.200215 0.178757 0 0.200215 0.200215 0.200215 0.200215 0 0.178757 0.200215 0.200215 0.200215 0 0.178757 0.200215 0.178757 0 0.200215 0.200215 0.200215 0.200215 0 0.178738 0.200215 0.178738 0 0.200215 0.200215 0.200215 0.200215 0 0.178738 0.200215 0.178738 0 0.200215 0.200215 0.200215 0.200215 0 0.178562 0.200215 0.178562 0 0.200215 0.200215 0.200215 0.200215 0 0.178562 0.200215 0.178562 0 0.200215 0.200215 0.200215 0.200215 0 0.177027 0.200215 0.177027 0 0.200215 0.200215 0.200215 0.200215 0 0.177027 0.20022 0.177027 0 0.200216 0.200215 0.165946 0.200215 0.200215 0.200215 0.200215 0.165946 0.200215 0.200215 0.200215 0.200215 0.200215 0.200215 0.200215 0.165946 0.200215 0.200215 0.200215 0.200215 0.165946 0.200215 0.200215 0.200215 0.200215 0.165946 0.200215 0.165946 0.200215 0.200215 0.200215 0.200473 0.165985 0.200256 0.200243 0 0.200229 0.200491 0 0.200243 0.16599 0.200285 0.200505 0 0.200491 0.16596 0.200688 0.200643 0 0.200505 0.165947 0.200643 0.165947 0.200345 0.200339 0 0.200339 0.165951 0.200489 0.200516 0 0.200215 0.165831 0.200215 0.200215 0.200215 0.20025 0.200473 0 0.20029 0.165865 0.200269 0.200263 0 0.200516 0.165832 0.200215 0.165828 0.200215 0.200215 0.200215 0.200215 0.164942 0.200215 0.200215 0.200215 0.200218 0.20029 0 0.200231 0.164951 0.200263 0.16494 0.200223 0.200226 0 0.200215 0.200215 0.200215 0.200215 0.164939 0.200215 0.200215 0.200215 0 0.15801 0.200215 0.15801 0 0.200215 0.200215 0.200231 0 0 0.15801 0.200226 0.15801 0 0 
</DataArray>
<DataArray type="Float64" Name="wall variable 2" format="ascii">
0 0 0 0 0 0 0 3.49706e-67 0 2.00841e-67 0 0 0 0 7.71413e-68 0 0 0 0 0 1.53008e-66 0 1.24164e-65 0 0 0 0 0 0 0 0 0 2.47532e-66 0 0 0 0 1.43572e-66 0 0 5.68312e-66 0 0 0 0 6.40431e-66 0 0 0 0 2.11046e-66 0 1.94994e-66 0 0 0 0 0 0 0 0 0 3.77367e-66 0 1.47584e-64 2.00527e-64 1.28458e-64 8.80266e-66 3.58396e-64 1.32911e-63 2.39284e-64 5.02636e-65 2.24391e-65 0 7.32868e-65 3.08645e-63 1.00764e-62 9.24001e-64 0 4.49866e-65 3.96229e-63 7.08602e-63 2.2814e-63 0 0 1.37023e-64 1.56133e-63 1.61424e-64 0 0 0 0 8.04998e-65 1.64941e-63 2.16658e-63 1.23841e-64 0 7.02972e-64 7.52077e-63 3.13656e-63 9.24116e-65 0 1.83219e-62 1.48911e-62 1.97491e-64 0 0 2.83543e-64 3.37403e-63 2.15283e-63 2.0941e-65 0 0 7.52087e-64 6.09763e-64 1.8761e-65 0 0 0 6.47635e-63 0 0 1.21861e-62 0 9.09904e-63 1.08007e-62 7.75895e-63 3.73753e-62 0 0 6.8546e-62 5.21542e-63 0 9.11339e-62 4.86564e-61 0 0 0 0 1.8567e-61 2.66417e-61 5.71668e-63 6.33137e-62 0 0 0 0 0 0 0 6.96994e-63 4.95675e-62 1.00918e-61 0 1.35535e-61 3.34521e-61 1.68521e-60 0 0 0 0 2.05151e-61 0 0 4.28503e-62 3.04347e-61 1.17958e-61 0 0 0 1.68053e-61 8.63845e-62 0 0 5.29007e-63 0 2.93002e-61 0 0 0 6.41574e-61 3.40878e-60 1.30812e-60 0 4.81994e-61 0 6.80624e-60 1.47016e-59 1.95468e-60 4.83797e-61 2.02316e-60 2.60066e-61 0 0 0 0 0 1.59013e-59 4.61522e-59 9.32666e-61 0 0 0 8.4788e-60 2.01277e-59 1.7045e-59 6.75371e-59 0 0 0 6.93015e-61 0 0 4.35527e-60 8.98183e-60 5.31307e-59 0 9.15736e-60 0 0 0 3.76367e-59 1.26912e-59 0 0 2.96694e-61 4.79125e-59 2.04056e-59 0 0 0 2.67245e-59 1.27671e-59 0 0 3.66194e-60 0 3.52812e-59 0 0 0 9.89575e-59 4.19768e-58 1.66867e-58 0 6.95562e-59 0 5.10639e-58 3.2096e-57 2.40516e-58 1.19881e-58 8.18559e-58 2.56433e-57 0 0 3.39355e-57 6.54948e-57 0 0 0 5.84363e-57 1.19779e-56 4.40013e-57 0 0 0 1.63818e-57 4.51006e-57 5.79276e-58 0 0 0 0 2.46528e-57 0 0 0 1.59057e-57 5.9419e-58 0 5.9832e-57 1.92209e-57 0 0 2.57937e-58 6.4632e-57 2.81819e-57 0 0 0 3.43578e-57 1.72821e-57 0 0 2.5941e-58 0 5.15858e-57 0 0 0 2.84805e-56 4.27571e-56 1.68681e-56 0 1.43888e-55 2.09418e-55 4.09665e-56 6.61885e-57 0 2.11565e-55 6.72977e-55 4.29979e-55 0 0 0 1.3565e-55 2.4505e-55 4.90419e-55 0 0 3.9671e-55 3.11056e-55 3.07715e-55 0 0 2.81262e-55 2.15874e-55 0 0 0 0 0 0 0 0 9.49352e-56 0 1.07812e-55 0 5.40074e-55 2.74621e-55 0 0 0 6.51842e-55 3.53368e-55 0 0 0 3.50928e-55 2.17976e-55 0 0 0 0 2.42449e-55 0 0 1.78044e-54 4.72774e-55 3.05342e-54 1.60503e-54 0 0 0 1.56293e-53 2.58624e-53 0 0 1.02304e-53 2.1607e-53 7.98932e-55 0 0 0 1.76187e-53 0 0 8.45458e-54 0 6.48048e-53 5.13427e-53 2.33045e-53 0 3.69492e-53 1.96828e-53 6.57406e-54 0 0 1.22738e-53 0 0 0 0 0 0 0 0 4.37332e-53 2.89225e-53 0 0 0 6.48288e-53 3.91297e-53 0 0 0 3.5033e-53 2.39224e-53 0 0 0 0 0 0 0 7.22965e-53 1.22873e-52 2.6169e-52 1.67434e-52 0 1.22936e-51 1.27157e-51 0 0 0 1.4089e-51 2.60786e-51 0 0 0 0 1.84041e-51 0 0 0 0 2.50351e-51 1.82497e-51 1.22011e-51 0 2.66043e-51 0 4.96731e-51 8.20755e-51 4.63412e-51 0 1.45203e-51 0 5.48355e-52 0 0 0 0 0 0 4.83808e-51 3.39572e-51 0 0 0 7.39808e-51 4.03133e-51 0 0 0 4.21374e-51 2.2447e-51 0 0 9.13904e-52 0 5.26671e-51 0 0 2.88674e-50 1.76423e-50 3.44902e-50 1.75709e-50 0 0 0 1.87291e-49 3.27451e-49 0 0 2.72646e-50 0 0 0 0 1.06137e-49 0 0 0 0 3.02809e-49 0 6.5761e-50 0 0 0 6.37016e-49 7.31685e-49 4.219e-49 0 1.75435e-50 0 5.69541e-49 5.50794e-50 0 0 3.00763e-49 0 0 7.7603e-49 2.88705e-49 0 0 2.36463e-49 8.76182e-49 3.60057e-49 0 0 1.28873e-49 4.86156e-49 2.05832e-49 0 0 1.4685e-49 0 4.88494e-49 0 0 1.05474e-48 1.34263e-48 3.24521e-48 1.69897e-48 0 0 0 1.33019e-47 2.5162e-47 0 0 1.09142e-47 3.19519e-48 0 0 7.52264e-48 2.10633e-47 0 0 0 0 1.08844e-47 0 0 0 0 1.80666e-47 1.89332e-48 2.26247e-47 0 5.3468e-48 4.68272e-47 0 9.01196e-48 0 0 4.37588e-47 0 0 0 5.43815e-47 2.02624e-47 0 0 1.66477e-47 6.60381e-47 3.05702e-47 0 0 6.50409e-48 3.96346e-47 1.93072e-47 0 0 6.28779e-48 0 0 0 0 0 3.90403e-47 1.70292e-46 1.39743e-46 0 8.14035e-46 5.03138e-46 0 1.39556e-47 0 2.51768e-45 3.53772e-45 8.87067e-46 0 0 0 1.71557e-46 1.4725e-46 0 0 0 2.45658e-45 0 0 0 1.46268e-45 0 3.27188e-45 2.82614e-45 2.66161e-45 0 2.15178e-45 0 1.41403e-46 0 0 0 0 0 0 0 1.49459e-45 0 0 4.32277e-46 3.6049e-45 2.15048e-45 0 0 0 2.52494e-45 1.73126e-45 0 0 0 0 5.79555e-46 0 0 3.6067e-45 1.11169e-44 1.37709e-44 1.12602e-44 0 6.97237e-44 7.70868e-44 0 0 0 6.92579e-44 1.71044e-43 0 0 0 2.25948e-43 0 1.20939e-43 0 0 0 0 0 0 0 0 2.21591e-43 0 1.55856e-43 0 1.56012e-43 0 2.54263e-43 0 1.44059e-43 0 2.48543e-44 0 4.66024e-45 0 0 0 0 0 0 2.39471e-43 1.64067e-43 0 0 0 1.73976e-43 1.515e-43 0 0 0 0 0 0 0 3.46073e-43 0 8.61151e-43 9.13765e-43 0 0 0 8.5912e-42 2.34622e-42 0 0 0 0 0 0 0 2.11421e-42 0 1.886e-42 0 1.82055e-41 2.1073e-41 2.6662e-41 0 6.48672e-43 0 0 0 3.16416e-41 0 0 0 0 3.8696e-41 1.89692e-42 0 0 0 2.37872e-41 5.35646e-42 0 0 0 9.76247e-43 0 2.49663e-41 1.48222e-41 0 0 0 1.68089e-41 1.27106e-41 0 0 0 0 0 0 0 0 0 2.9037e-41 7.74809e-41 0 2.63207e-40 8.38217e-41 0 2.64376e-41 0 1.11747e-39 1.4132e-39 0 0 0 1.67786e-39 3.41431e-39 0 0 0 1.10356e-39 3.3213e-39 0 0 0 2.57318e-40 2.50997e-39 0 0 0 0 2.32796e-39 0 0 0 0 0 2.87735e-39 1.64299e-39 9.77016e-40 0 0 7.47553e-40 9.94153e-40 0 3.01939e-39 1.29005e-39 0 0 0 1.60189e-39 1.07547e-39 0 0 0 0 0 0 0 1.88808e-39 3.08764e-39 4.75542e-39 6.19812e-39 0 7.54843e-38 4.65134e-38 0 0 0 1.87183e-37 2.85238e-37 6.64794e-38 0 0 0 7.8224e-38 2.28699e-38 4.24451e-38 0 0 3.42995e-38 0 5.10184e-38 0 0 4.44145e-38 0 7.03602e-38 0 0 4.10832e-38 0 2.71851e-38 0 0 0 0 0 0 1.37523e-37 1.25774e-37 0 0 0 1.99749e-37 1.26557e-37 0 0 0 1.13199e-37 7.17593e-38 0 0 8.6903e-39 0 3.7832e-38 0 0 6.98806e-37 2.90408e-37 3.40197e-37 3.68502e-37 0 0 0 6.48133e-36 7.56826e-36 0 0 7.31017e-36 4.49766e-36 0 0 0 0 0 0 0 2.62513e-36 4.81082e-36 0 1.33535e-37 0 8.71624e-37 1.07073e-35 0 0 0 1.75572e-36 0 1.521e-35 0 0 0 0 1.76337e-36 0 0 6.10307e-36 5.82656e-36 0 0 8.58072e-37 9.84083e-36 6.66503e-36 0 0 0 6.06477e-36 4.45421e-36 0 0 0 0 0 0 0 2.48797e-35 0 7.95897e-36 2.11998e-35 0 0 0 2.77529e-34 3.49281e-34 0 0 2.1316e-34 0 0 0 6.0001e-34 3.73602e-34 3.91815e-34 0 0 0 5.11834e-34 0 7.48251e-35 0 0 5.01377e-34 0 0 0 0 0 0 0 0 0 0 0 0 5.80386e-34 0 0 0 4.76255e-35 0 4.68135e-34 3.41582e-34 0 0 0 2.90332e-34 2.88472e-34 0 0 0 0 0 0 0 6.86225e-34 0 0 1.23974e-33 0 1.51911e-32 5.37385e-33 0 0 0 3.94613e-32 4.46735e-32 3.72389e-33 0 0 0 7.50984e-33 0 0 0 1.60348e-32 4.76521e-32 0 0 0 1.44331e-32 1.41969e-32 6.19031e-32 0 0 0 0 0 4.21599e-32 0 0 0 0 1.34549e-32 1.43022e-32 0 0 0 4.37775e-33 0 2.7169e-32 2.24395e-32 0 0 0 1.58709e-32 1.74375e-32 0 0 0 0 0 0 0 1.49447e-31 6.12642e-32 1.66009e-32 6.44807e-32 0 0 0 1.06067e-30 1.97138e-30 1.67918e-31 0 1.02018e-30 6.20628e-31 0 0 3.84738e-30 4.09092e-30 7.80861e-31 0 0 0 1.82097e-30 1.07064e-30 0 0 0 3.9773e-31 0 8.53523e-31 0 0 0 0 0 0 0 0 7.97506e-31 1.93958e-30 2.7705e-30 0 0 1.61465e-31 1.05686e-30 0 2.19613e-30 1.34715e-30 0 0 0 1.07856e-30 9.47289e-31 0 0 0 0 3.19114e-31 0 0 1.00727e-29 4.31744e-30 0 2.10095e-30 0 0 0 5.48433e-29 8.11103e-29 1.02672e-29 0 7.23436e-29 7.28898e-29 2.55355e-29 0 0 1.20936e-28 5.18211e-29 2.26636e-29 0 0 1.12113e-28 0 0 0 0 0 0 0 0 0 0 4.56504e-29 0 1.1119e-28 0 0 0 1.8262e-29 0 9.9033e-29 9.56291e-29 0 0 0 1.06399e-28 8.13365e-29 0 0 0 5.65694e-29 4.23918e-29 0 0 7.36785e-31 0 1.5324e-29 0 0 4.81181e-28 1.47409e-28 0 5.24074e-29 0 0 0 2.03981e-27 2.71634e-27 0 0 2.16689e-28 3.09067e-28 0 0 2.74768e-27 2.76096e-28 1.06057e-27 0 0 0 1.56139e-27 0 1.48002e-27 0 0 1.84547e-27 0 3.2444e-28 0 0 0 0 0 0 0 0 0 4.38699e-27 0 9.54365e-28 2.74973e-27 0 0 3.63701e-28 3.3578e-27 2.68758e-27 0 0 0 1.96111e-27 1.84172e-27 0 0 0 0 0 0 0 1.48021e-26 1.88549e-27 0 1.48877e-27 0 0 0 7.86213e-26 5.22415e-26 0 0 1.79022e-26 0 0 0 7.05714e-26 2.79117e-26 0 0 0 0 1.0766e-25 0 0 0 0 0 0 4.69269e-26 0 4.52885e-26 0 0 9.79944e-26 3.23585e-25 0 4.8649e-27 0 0 0 0 0 0 0 0 9.02638e-26 1.06085e-25 0 0 0 5.8624e-26 7.88724e-26 0 0 0 0 0 0 0 3.44115e-25 0 0 5.92296e-26 0 1.43041e-24 2.68471e-25 0 0 0 4.27822e-24 1.99118e-24 0 0 0 9.57792e-24 2.07849e-24 3.36611e-24 0 0 0 0 0 0 0 0 0 0 6.77145e-24 0 0 0 1.85057e-24 6.21725e-24 1.59332e-23 0 0 0 0 2.11171e-24 0 0 0 1.64616e-26 0 3.45096e-24 4.40308e-24 0 0 0 2.24811e-24 2.93663e-24 0 0 0 0 0 0 0 1.79844e-23 1.79407e-24 0 1.76659e-24 0 9.44275e-23 2.59257e-23 0 0 0 2.52196e-22 1.24308e-22 2.50473e-23 0 0 0 0 0 0 0 0 0 0 2.40592e-23 0 0 0 0 1.45791e-22 0 0 1.76074e-23 0 2.88046e-22 0 0 0 1.36261e-22 2.03033e-22 3.67238e-22 0 0 5.43279e-23 7.01583e-23 0 2.04577e-22 1.49427e-22 0 0 0 1.09537e-22 9.71052e-23 0 0 0 0 0 0 0 8.91216e-22 1.29913e-22 0 1.3639e-23 0 0 0 4.17726e-21 3.59689e-21 0 0 9.03787e-22 0 0 0 1.05219e-21 0 0 0 0 9.36489e-22 0 0 0 0 0 0 0 0 0 0 5.93354e-22 0 2.23618e-21 0 0 1.72467e-21 0 4.58708e-21 0 3.58853e-21 4.81115e-21 0 0 6.22698e-22 5.76563e-21 5.04981e-21 0 0 0 3.06025e-21 3.25412e-21 0 0 0 4.68667e-22 0 0 0 2.07242e-20 2.59868e-21 0 0 0 0 0 9.71129e-20 6.16586e-20 0 0 8.03588e-21 0 0 0 1.69006e-19 0 1.87476e-20 0 0 0 4.79217e-20 0 5.72748e-20 0 0 3.48914e-21 0 2.19141e-20 0 0 1.56137e-21 0 0 0 0 0 0 0 0 0 0 0 3.56751e-20 0 1.12343e-19 1.46648e-19 0 0 0 6.40565e-20 9.88537e-20 0 0 0 1.27519e-20 0 0 0 3.87423e-19 0 0 0 0 1.30849e-18 0 0 0 0 3.30472e-18 2.90917e-19 0 0 0 3.31696e-18 2.04763e-18 0 0 0 0 0 0 0 0 0 0 0 3.01724e-18 0 0 0 2.91937e-18 0 9.10367e-18 0 0 0 0 1.14012e-18 0 0 0 8.18426e-19 0 2.74538e-18 4.20545e-18 0 0 0 1.426e-18 2.60126e-18 0 0 0 1.48209e-19 0 0 0 1.03964e-17 3.69633e-19 0 0 0 5.42832e-17 6.92176e-18 0 0 0 1.97481e-16 1.27823e-16 0 0 0 0 0 0 0 0 0 0 0 1.2114e-18 0 8.51495e-17 0 0 0 1.33024e-16 0 0 0 0 0 0 0 0 1.13254e-16 3.02482e-16 0 0 0 7.29546e-17 0 9.98665e-17 1.1178e-16 0 0 0 4.22051e-17 6.17418e-17 0 0 0 1.95058e-17 0 0 0 2.72299e-16 2.36396e-17 0 0 0 0 0 1.59678e-15 7.32138e-16 0 0 3.60888e-15 2.81987e-16 0 0 0 4.92356e-16 0 0 0 4.72597e-16 0 0 0 0 0 6.67214e-16 0 0 0 0 1.08833e-15 0 1.15132e-15 0 0 0 2.46387e-15 4.35426e-15 0 3.55754e-15 4.45774e-15 0 0 0 2.56597e-15 2.90764e-15 0 0 0 1.03072e-15 1.33783e-15 0 0 0 3.94826e-16 0 0 0 3.71948e-15 0 0 0 0 1.20265e-14 0 0 0 0 3.50229e-14 0 0 0 0 1.08885e-13 8.35605e-15 3.99402e-15 0 0 0 9.56943e-14 0 0 0 0 5.29776e-14 0 0 0 0 0 0 0 0 0 0 0 1.01592e-13 0 6.01466e-14 8.5406e-14 0 0 0 4.66018e-14 5.72965e-14 0 0 0 1.89831e-14 2.64922e-14 0 0 0 6.468e-15 0 0 0 7.41821e-14 0 0 0 0 3.6686e-13 3.1809e-14 0 0 0 1.73778e-12 9.02278e-13 0 0 0 0 4.92574e-13 0 0 0 0 0 0 0 0 1.45369e-12 0 0 0 6.00043e-14 0 0 0 0 0 0 0 0 1.63339e-13 0 8.46951e-13 1.55867e-12 0 0 0 7.35443e-13 1.00545e-12 0 0 0 3.11174e-13 4.47867e-13 0 0 0 1.9019e-13 0 0 0 1.52096e-12 0 0 0 0 0 0 8.73767e-12 4.27561e-12 0 0 2.0397e-11 5.17732e-12 0 0 0 2.87801e-11 0 0 0 0 2.65402e-11 0 0 0 0 4.78455e-12 0 0 0 0 0 0 0 0 0 0 0 8.8461e-12 0 9.14501e-12 2.59268e-11 0 0 0 1.02312e-11 1.46152e-11 0 0 0 4.35367e-12 6.61903e-12 0 0 0 2.13435e-12 0 0 0 1.65009e-11 0 0 0 0 7.29948e-11 0 0 0 0 2.2641e-10 0 0 0 0 4.09877e-10 0 0 0 0 2.94995e-10 0 0 0 0 4.45073e-10 0 0 0 0 0 0 0 0 0 0 0 0 1.26783e-10 6.727e-10 0 0 0 1.746e-10 0 1.45184e-10 1.94e-10 0 0 0 5.88391e-11 9.27545e-11 0 0 0 2.93048e-11 0 0 0 2.55313e-10 0 0 0 0 0 0 2.20348e-09 7.76983e-10 0 0 6.85613e-09 1.66307e-09 0 0 0 1.2437e-08 0 0 0 0 1.15533e-08 0 0 0 0 2.68335e-09 0 0 0 0 0 0 0 0 0 0 0 1.93929e-09 1.20015e-08 0 0 0 2.73503e-09 0 1.79494e-09 2.70043e-09 0 0 0 6.77273e-10 1.21019e-09 0 0 0 3.20339e-10 0 0 0 2.37645e-09 0 0 0 0 9.87664e-09 0 0 0 0 6.12085e-08 0 0 0 0 0 1.34742e-07 0 0 0 1.58779e-09 1.77637e-07 0 0 0 5.00218e-09 6.87386e-08 0 0 0 0 0 0 0 0 0 0 0 0 1.78488e-07 0 0 0 2.17995e-08 0 6.85118e-09 3.3463e-08 0 0 0 3.47726e-09 1.38591e-08 0 0 0 2.81163e-09 0 0 0 0 0 0 0 6.97247e-10 4.78656e-09 4.19595e-08 1.3673e-07 0 0 0 0 0 0 1.03209e-07 0 0 0 0 9.58895e-07 1.39039e-06 4.21841e-07 0 0 1.90638e-06 4.16266e-06 3.68292e-06 0 0 0 5.12653e-06 0 0 0 2.46307e-06 1.1304e-06 0 0 0 2.25454e-06 1.76323e-06 0 0 0 2.30741e-07 0 2.87379e-07 7.87329e-08 0 0 0 8.96278e-08 1.72148e-08 0 0 0 0 0 5.53178e-09 0 0 0 2.65904e-08 7.74716e-08 0 0 0 8.26136e-07 1.32449e-06 1.66853e-05 2.17791e-05 0 0 0 5.78929e-06 0 0 1.57392e-05 4.64592e-05 0.000124381 0.00016449 0 0 0 0.000119958 0 0 0 0.000274989 0.000377006 2.3297e-05 0 0 0.000228294 0 0 0.000173209 0.000153553 7.58473e-05 0 1.28713e-05 0 0 2.0127e-05 0 0 4.78731e-06 3.5297e-06 0 0 0 6.78568e-07 0 0 0 0 0 1.36026e-07 0 0 0 1.18727e-06 1.56706e-06 0 0 2.42268e-05 2.87811e-05 3.45384e-05 0.000711406 0 0 0.000609467 0.000612998 0 0 0.000248257 0.00156923 0 0 0 0.00164577 0.00298134 0 0.0024423 0.0040672 0 0 0 0 0 0.00117743 0.00609727 0 0 0.000766031 0.007955 0.00284047 0.000446575 0.000329632 0 0 0.000544516 2.76183e-05 0 0 4.83214e-05 0 0 1.73372e-05 0 0 0 0 0 4.84903e-06 0 0 2.8314e-05 4.96241e-05 6.31455e-05 0 0 0.000707497 0.00090198 0.000940835 0 0 0.00126493 0.00562605 0.00583584 0.0056294 0 0 0 0.00769017 0.00821701 0 0 0 0.0092168 0.0125218 0 0 0 0.0087766 0.0141818 0 0.000662906 0.0180984 0.0151904 0 0.0120148 0.0053777 0 0 0 0.0150148 0.0178658 0.00630848 0 0 0.00620045 0 0 0.00332285 0.00307592 0 0 0 0.000502336 0 0 0 0 0 9.41705e-05 0 0 0.00088516 0.00119895 0.00124127 0 0 0.00362662 0.0110264 0.00976682 0.0273856 0.0290189 0 0 0.0114038 0 0 0 0.01315 0.0347702 0 0 0.00208897 0.017571 0.0341707 0.0227744 0 0.0124604 0.0355063 0.0561148 0 0 0.0575209 0.0238676 0 0 0 0.0551684 0.0420924 0 0.0347794 0 0 0 0.036621 0 0 0.0115184 0.0118231 0.000255019 0 0 0.0015947 0 0.000606567 5.90829e-58 1.02142e-56 3.75923e-56 0 0 0 3.96027e-57 1.14833e-56 6.72051e-56 0 0 2.75265e-56 7.80253e-56 0 0 1.74702e-56 5.01047e-56 0 0 0 0 3.08232e-56 0 0 0 0 0 2.8071e-56 5.79608e-57 2.00915e-57 0 7.57158e-55 4.39055e-54 0 0 0 4.88403e-54 0 0 0 1.099e-54 7.38324e-54 4.69958e-55 0 0 2.10314e-54 3.78185e-54 0 0 2.38218e-55 1.63324e-55 2.01229e-55 1.51731e-54 0 0 1.20019e-55 0 0 2.40091e-54 0 0 7.11958e-53 1.67993e-52 0 0 0 0 0 4.04452e-52 0 0 0 0 9.52005e-52 8.95831e-53 0 1.86338e-52 8.12996e-52 1.46031e-52 4.1887e-53 0 7.2976e-53 3.07235e-52 0 0 1.84174e-53 0 0 1.73912e-52 0 1.67311e-53 1.10654e-53 1.46959e-51 2.1223e-51 1.31285e-50 0 0 0 0 3.16411e-50 0 0 0 0 9.48358e-50 1.02828e-50 0 5.34003e-51 1.74578e-49 2.69198e-50 0 2.19964e-51 7.41308e-50 0 2.77322e-52 0 0 0 2.88209e-50 0 2.70803e-51 1.37176e-51 3.73361e-49 6.41208e-49 8.36468e-49 0 0 4.28513e-50 1.322e-49 0 2.54468e-48 0 0 0 0 7.74928e-48 1.27265e-49 0 0 1.27336e-47 1.81852e-48 0 0 1.08897e-47 4.48183e-49 2.67217e-49 0 0 0 7.85927e-48 9.12267e-50 1.01218e-49 0 5.88853e-47 1.2739e-46 1.50942e-46 0 0 0 3.1671e-47 0 2.66833e-46 0 0 0 0 6.32376e-46 6.35224e-48 0 3.741e-47 7.29837e-47 9.27165e-46 1.33977e-46 0 1.33524e-47 7.99866e-47 6.04769e-46 0 0 0 0 4.67059e-46 0 0 9.42911e-45 2.80058e-44 0 0 5.94338e-45 8.88352e-45 3.39488e-44 0 0 0 0 0 5.61864e-44 0 0 0 1.00818e-43 1.28917e-44 0 1.04439e-44 7.78485e-44 3.59952e-45 5.1245e-45 0 2.03068e-47 0 2.60077e-44 0 5.43556e-46 8.89005e-46 8.23806e-44 0 1.44401e-42 0 0 2.13687e-43 3.28798e-42 6.01793e-44 0 4.64697e-43 2.18889e-43 5.09613e-42 0 1.13622e-43 8.89416e-44 1.00537e-43 0 8.83557e-42 0 0 1.48183e-43 8.56436e-42 3.92804e-43 0 0 2.98536e-42 0 1.27825e-43 0 3.20694e-41 3.91842e-41 1.4923e-41 0 0 9.41915e-42 4.29242e-41 6.34848e-41 2.47882e-40 0 0 8.4021e-41 7.40157e-40 0 0 1.2583e-41 8.24737e-40 0 0 0 0 7.72099e-40 0 1.27015e-41 0 0 5.26336e-40 5.04778e-41 2.6742e-41 0 3.18167e-39 1.00193e-38 1.88424e-38 0 0 2.98381e-39 6.64911e-39 4.1473e-38 0 0 2.83553e-39 3.57805e-39 5.27138e-38 0 0 1.77269e-39 2.73206e-39 5.12395e-38 0 0 0 6.85083e-41 3.8771e-38 0 0 0 3.07121e-38 0 0 6.36835e-37 1.73342e-36 0 0 2.05418e-37 1.84412e-36 0 0 0 9.55496e-38 2.41474e-36 0 0 0 3.83846e-38 3.58062e-36 0 1.31991e-37 0 5.12298e-38 3.60146e-36 0 1.89933e-37 0 0 0 1.6103e-36 0 1.46081e-37 3.16851e-38 2.42264e-35 5.80776e-35 0 0 1.87947e-36 2.15036e-35 2.55907e-35 9.81701e-35 0 0 2.91759e-36 2.24753e-35 3.15761e-35 2.02825e-34 0 0 9.56341e-36 2.24396e-35 2.216e-34 0 0 0 2.21309e-34 0 0 0 0 1.0279e-34 2.19927e-35 9.95812e-36 0 1.27515e-33 2.10822e-33 2.80145e-33 0 0 1.44027e-35 1.1163e-33 8.18077e-33 0 0 1.13461e-33 1.24375e-32 0 0 0 1.34211e-33 1.78164e-32 0 4.76644e-34 1.63669e-34 1.49522e-34 0 1.00464e-32 0 6.99361e-34 3.99129e-34 0 6.8597e-33 1.2277e-33 5.11834e-35 1.22602e-31 2.76152e-31 0 0 9.80825e-32 1.81431e-31 4.50181e-31 0 0 6.08305e-33 6.20126e-32 1.04481e-31 9.83505e-31 0 0 4.3438e-32 1.27487e-30 0 0 0 8.32408e-31 0 0 0 0 4.57375e-31 1.36686e-31 7.80584e-32 0 3.73704e-30 5.11571e-30 2.13566e-29 0 0 0 1.23273e-29 4.78395e-29 0 0 9.3993e-30 4.91506e-29 0 0 3.75816e-31 0 4.36739e-29 0 0 0 0 0 2.97709e-29 3.64438e-30 4.20153e-30 6.40717e-31 0 2.907e-29 6.07739e-30 0 1.3393e-28 7.9547e-28 0 0 0 2.71534e-28 1.65984e-27 0 0 0 2.67981e-28 2.13255e-27 0 0 3.09134e-29 8.2208e-29 0 1.5492e-27 0 6.76389e-29 7.34738e-29 0 1.90127e-27 4.57696e-29 0 0 0 1.07754e-27 2.56999e-28 2.22855e-28 6.17982e-30 3.48796e-27 2.55155e-27 2.34136e-26 0 0 0 7.7519e-27 5.86565e-26 0 0 0 9.18735e-26 0 0 0 0 1.00644e-25 8.38322e-29 6.16947e-27 0 4.38564e-27 0 4.68645e-26 9.90531e-27 1.35286e-26 4.75655e-27 0 0 4.13166e-26 3.65492e-27 8.65314e-28 2.56236e-25 2.74448e-25 5.78995e-25 0 0 3.93898e-26 4.44717e-25 5.15645e-25 2.1305e-24 0 0 1.34668e-25 0 3.83659e-24 0 0 0 0 5.03695e-24 5.51985e-25 5.97843e-26 0 5.22238e-24 1.29881e-24 1.31273e-25 0 1.96328e-24 1.11813e-26 4.27423e-25 7.2519e-26 1.37617e-23 1.8956e-23 4.2876e-23 0 0 1.05189e-23 9.96241e-23 0 0 7.43892e-24 0 1.05568e-22 0 0 3.67944e-24 0 0 1.80153e-22 2.00916e-23 4.21945e-24 0 2.20268e-22 3.80733e-23 0 0 1.1153e-22 2.15019e-23 2.35834e-23 2.00704e-25 3.95335e-22 1.45508e-21 0 0 5.08204e-22 7.66332e-24 1.73486e-21 0 0 1.1856e-22 5.5748e-22 0 3.76325e-21 0 1.65092e-22 2.13187e-22 0 5.78359e-21 1.83379e-22 1.0336e-22 0 0 6.34856e-21 5.53909e-22 0 0 5.49724e-21 8.18771e-22 0 1.03699e-20 3.99347e-21 3.62576e-20 0 0 1.0929e-21 2.18483e-20 1.22598e-20 9.40395e-20 0 1.58689e-21 2.35206e-20 7.10331e-21 1.62764e-19 0 8.86976e-23 1.56222e-20 3.59323e-22 1.71717e-19 0 2.55284e-22 3.74644e-21 0 1.31969e-19 0 0 0 0 8.24721e-20 4.32008e-21 0 2.86442e-19 2.10212e-19 8.27392e-19 0 0 2.64688e-20 4.59976e-19 3.03297e-18 0 0 0 4.66503e-18 0 2.94126e-20 0 0 5.33291e-18 9.78913e-20 4.76171e-19 0 0 4.02532e-18 5.28283e-19 8.77058e-19 1.3105e-19 0 1.92123e-18 1.00358e-19 6.15759e-19 9.95197e-20 1.31933e-17 1.58275e-17 2.38814e-17 0 0 1.32713e-17 3.01398e-18 6.81532e-17 0 0 1.23726e-17 0 1.12548e-16 0 9.49499e-19 6.32955e-18 0 1.47184e-16 1.10655e-17 2.88875e-18 0 1.57202e-16 8.41119e-18 0 0 6.92778e-17 1.86053e-17 2.03589e-17 9.6443e-19 4.75537e-16 9.52918e-16 0 2.40619e-17 3.43548e-16 5.84008e-17 1.31865e-15 0 0 5.59861e-17 3.13395e-16 0 2.60883e-15 0 6.22611e-17 0 4.31122e-15 1.56761e-16 1.37731e-17 0 0 3.07075e-15 3.83987e-18 4.10064e-16 5.74106e-17 0 2.67491e-15 6.69092e-16 4.48665e-19 5.62833e-15 1.02215e-14 0 0 1.00451e-15 1.12187e-14 6.65084e-15 2.01766e-14 0 0 2.08163e-15 1.23847e-14 7.26631e-15 5.38842e-14 0 8.59842e-16 5.8711e-15 7.19361e-16 7.02061e-14 0 0 0 0 6.59427e-14 0 0 0 0 4.30658e-14 1.0914e-14 2.50724e-16 1.64647e-13 1.56712e-13 2.55576e-13 0 3.74288e-16 1.67426e-13 8.29325e-13 0 0 9.41346e-14 1.12085e-12 0 0 3.61005e-14 1.39791e-13 1.1893e-12 0 1.49225e-13 7.72062e-14 2.29695e-14 0 8.29938e-13 0 1.66604e-13 5.25691e-14 0 0 6.48261e-13 1.14256e-13 1.55054e-14 3.6589e-12 6.81642e-12 0 1.82499e-13 4.43155e-12 2.40264e-12 1.0271e-11 0 0 4.58343e-13 4.94445e-12 1.28626e-12 2.316e-11 0 2.28537e-13 1.8902e-12 3.5037e-11 0 1.71916e-13 0 2.18023e-11 0 2.6438e-12 4.99944e-13 0 0 9.33243e-12 6.04255e-13 3.09409e-12 4.05409e-13 2.96024e-11 3.56391e-11 0 0 5.311e-12 4.608e-11 1.14715e-10 0 0 1.1052e-11 3.66895e-11 2.69052e-10 0 1.05816e-11 1.54707e-11 2.37652e-11 3.71792e-10 0 5.00473e-11 1.75206e-11 0 3.3487e-10 0 6.67794e-11 4.99047e-12 0 0 1.00062e-10 4.38263e-11 7.33484e-11 9.86768e-12 9.5695e-10 8.38894e-10 5.82142e-10 0 2.37311e-11 1.76414e-09 1.38132e-09 2.02807e-09 0 2.87062e-11 1.86686e-09 9.43736e-10 4.93349e-09 0 7.95584e-12 5.63181e-10 8.15215e-09 0 5.2201e-11 0 0 4.95905e-09 0 7.01479e-10 1.8259e-10 0 2.56484e-09 1.50782e-09 1.72182e-10 1.00578e-08 1.65964e-09 0 0 1.92948e-09 2.02135e-08 0 0 0 4.78194e-09 2.17687e-08 0 0 6.71018e-10 7.94215e-09 5.06025e-09 9.83016e-09 0 9.739e-09 7.50042e-09 0 0 2.0016e-08 0 1.93957e-08 5.25887e-09 0 5.00546e-09 2.5534e-08 4.38505e-09 5.50461e-08 0 0 3.21014e-08 8.40111e-08 0 0 5.36154e-08 1.22808e-07 1.99372e-07 0 0 2.31152e-07 2.86154e-07 2.24022e-07 0 0 4.40119e-07 3.52079e-07 1.10043e-07 0 0 0 4.47294e-07 2.07285e-07 2.88623e-08 0 3.77302e-07 1.7083e-07 1.56199e-06 0 0 4.50681e-07 8.60203e-07 1.11949e-06 0 0 2.91986e-06 4.22427e-06 0 0 8.01779e-06 1.32022e-05 1.02839e-05 1.35621e-05 0 1.64943e-05 2.90508e-05 2.17111e-05 1.27442e-05 0 0 0 1.73008e-05 1.26879e-05 9.75043e-06 0 5.93006e-06 1.15858e-05 0 0 4.07097e-59 2.18429e-58 3.98476e-58 0 0 8.55629e-59 5.27756e-58 0 0 0.0005643 0.000443416 0.00031349 0 0 0.000432258 0 0.000833009 0.000874124 0 0 1.60038e-58 2.15378e-58 0 0 0 4.7313e-58 5.68269e-05 0 0 0 0.000179734 0.000143326 0.000873704 0 0 0 0.000791822 0.000615178 2.29606e-59 3.54805e-59 3.87154e-59 0 0 0 0 0 1.92226e-58 3.18208e-59 0 0 0.000160712 0.000166014 8.32529e-06 0 0 0.000672201 0.00136309 0.00147305 0 0 2.98083e-51 1.05014e-50 5.56951e-51 0 0 2.05706e-50 1.22417e-51 0 0 5.04824e-50 0 1.40404e-50 1.07633e-48 1.77231e-48 1.69432e-48 0 0 0 7.10343e-48 0 2.76004e-49 7.13794e-47 1.0109e-46 1.14794e-46 0 0 0 4.40003e-46 2.36038e-45 4.19025e-45 6.95753e-45 0 0 1.83175e-45 0 0 0 1.99378e-44 1.78457e-43 4.97911e-43 5.02943e-43 0 0 0 0 1.14906e-42 8.82683e-44 2.28721e-43 4.59118e-44 2.40915e-43 3.25463e-42 2.54456e-41 2.10501e-41 0 0 1.52194e-40 5.77072e-41 2.5734e-41 1.23978e-42 1.36159e-39 4.01359e-39 3.00526e-39 0 0 0 0 1.7252e-38 8.0653e-39 3.25389e-39 0 1.96167e-37 3.90822e-37 5.83926e-37 0 0 5.06102e-37 1.10375e-38 0 0 1.69022e-36 0 4.02029e-37 2.26208e-35 4.21736e-35 1.80551e-35 0 0 0 7.19708e-35 0 8.97993e-35 1.27174e-33 1.21409e-33 0 0 2.87556e-33 5.05618e-34 6.66161e-34 3.52823e-35 4.92346e-32 7.23268e-32 1.16151e-31 0 0 0 0 1.59167e-31 7.88509e-32 5.21509e-32 7.1797e-33 0 0 4.93149e-30 1.17439e-29 0 0 1.52843e-29 6.66923e-30 4.39047e-30 0 0 0 1.75174e-28 4.40139e-28 3.30277e-28 6.91156e-30 0 0 9.92363e-28 0 3.40703e-30 7.46118e-27 1.42011e-26 4.19715e-27 0 0 0 2.74315e-26 0 1.31889e-26 1.99679e-25 3.2052e-25 0 0 7.72851e-25 2.32204e-26 2.14901e-25 4.136e-26 5.47736e-24 8.6511e-24 1.0585e-23 0 0 0 0 3.6752e-23 6.67917e-24 1.03924e-23 1.80438e-24 2.74417e-22 3.5483e-22 5.02005e-22 0 0 0 0 2.30588e-21 3.8908e-22 3.61509e-22 0 0 4.40287e-22 1.16053e-20 2.16926e-20 9.63303e-21 0 0 0 4.71213e-20 0 1.01292e-20 2.0866e-19 3.61446e-19 0 0 8.16746e-19 1.34647e-19 3.49291e-19 5.26732e-20 5.40428e-18 6.03279e-18 6.00907e-18 0 1.13009e-19 0 0 2.28569e-17 7.49147e-18 1.11323e-17 1.80589e-18 1.78873e-16 1.70391e-16 2.8804e-16 0 0 0 0 9.19972e-16 3.49947e-16 3.71098e-16 1.42283e-17 0 1.81054e-16 2.50599e-15 4.33664e-15 1.01378e-14 6.35888e-16 0 0 2.25027e-14 5.63339e-14 4.98365e-14 5.7924e-14 0 1.79716e-15 1.85021e-13 1.769e-14 0 0 3.40091e-13 1.29684e-12 1.09582e-12 1.75002e-12 0 0 3.27492e-12 3.96952e-13 0 0 4.99432e-12 0 1.55657e-12 1.41539e-11 1.2558e-11 4.06515e-11 5.75183e-12 0 0 6.16591e-11 3.24512e-10 2.92863e-10 1.10154e-10 0 1.21822e-11 0 0 7.07909e-10 3.98583e-10 6.70325e-10 4.16365e-11 0 3.46837e-54 7.5472e-53 5.82993e-53 2.05246e-52 2.16659e-53 0 0 2.28201e-52 0 4.72e-10 3.23581e-09 2.06381e-09 0 0 3.41402e-09 4.94768e-09 1.03985e-08 8.82146e-10 1.42877e-55 8.13844e-55 1.73308e-54 0 0 1.83197e-54 1.01374e-55 0 0 2.53682e-54 5.41795e-08 2.50675e-08 0 0 4.29503e-09 0 0 0 0 1.52543e-07 2.8767e-08 4.3376e-58 0 7.61286e-57 1.22498e-56 1.71864e-56 0 0 0 3.62378e-56 6.25172e-08 1.99311e-07 0 0 1.02128e-06 3.02049e-07 0 0 2.08971e-06 1.45867e-06 3.92626e-60 0 4.60092e-59 1.16468e-58 1.21647e-58 0 0 0 2.92328e-58 0 0 0 8.72064e-06 9.54454e-06 9.10929e-05 8.97701e-05 0 0 0 8.52436e-05 3.80139e-61 7.81487e-61 0 0 2.98152e-62 2.75121e-62 0 0 2.08338e-61 1.52741e-60 0 0.00230804 0 0 0.0051624 0.00361386 0.00374911 0.00360656 0.00508108 0 0 0 0 9.44995e-61 1.13109e-60 0 0 1.28495e-61 4.97063e-60 0.00046988 0 0 0.00321952 0.00196687 0.00808638 0 0.00146204 0.00603039 0 1.17968e-61 1.39317e-61 2.64075e-61 0 1.59395e-60 6.32758e-62 0 0 0 0.00160207 0 0 0 0.00085301 0 0 0.00417293 0.00414764 0.00309752 0 0 2.33387e-61 1.97614e-61 0 5.75168e-61 0 0 0 1.63217e-60 0 0 0.000117122 0.000106641 0.00170064 0 0 0.00126312 0 1.23306e-55 4.49895e-55 1.07106e-55 0 2.14712e-54 1.21307e-55 0 0 2.29279e-54 7.47433e-54 5.51366e-54 2.19209e-53 1.03313e-53 0 2.32047e-52 1.61627e-53 0 0 2.69504e-52 3.77633e-52 2.234e-51 2.77178e-51 9.59718e-52 0 2.15472e-50 2.03101e-52 0 0 4.61557e-50 9.35409e-50 1.10338e-49 5.2534e-49 1.06988e-49 0 1.92555e-48 0 0 0 5.12606e-48 4.37594e-48 1.6613e-48 3.91623e-47 9.58429e-48 0 1.50918e-46 0 0 0 3.39022e-46 2.46571e-46 4.64229e-46 2.77753e-45 7.3635e-46 0 1.14007e-44 5.89204e-46 0 0 1.70526e-44 2.34568e-44 8.98683e-44 2.68278e-43 5.16138e-44 0 1.03329e-42 1.06072e-43 0 0 1.28647e-42 4.26386e-42 0 1.16771e-41 4.75767e-42 1.93494e-43 9.35258e-41 6.12853e-42 0 0 1.71127e-40 2.76896e-40 1.93489e-40 9.90847e-40 4.19623e-40 7.20925e-41 9.10538e-39 2.89605e-40 0 0 1.63937e-38 1.98218e-38 6.53228e-38 1.55862e-37 2.54441e-38 0 5.08675e-37 4.29319e-40 0 0 1.17079e-36 2.64442e-36 2.55257e-36 1.10033e-35 1.45271e-36 0 2.71428e-35 8.61275e-37 0 0 5.38022e-35 1.60009e-34 7.85897e-35 3.87629e-34 8.5739e-35 5.19597e-36 1.78853e-33 1.79917e-34 0 0 2.39493e-33 7.4998e-33 1.29284e-32 2.82813e-32 4.45167e-33 2.8029e-34 1.12959e-31 1.23984e-32 0 0 1.69706e-31 5.57229e-31 7.88021e-31 2.45544e-30 1.65745e-31 0 6.87171e-30 3.71497e-31 0 0 1.25719e-29 2.83695e-29 4.32105e-29 1.04292e-28 1.92714e-30 0 2.54682e-28 2.90321e-31 0 0 6.13966e-28 1.36817e-27 1.67277e-27 3.87112e-27 0 0 9.43165e-27 5.47732e-28 0 0 1.77177e-26 4.92865e-26 4.11398e-26 1.01674e-25 0 0 4.0184e-25 5.27291e-26 0 0 5.64804e-25 1.64782e-24 2.04077e-24 2.98063e-24 0 5.54237e-26 1.50905e-23 1.67213e-24 0 0 2.89814e-23 6.86897e-23 1.08653e-22 1.37764e-22 0 0 5.24394e-22 5.76695e-24 0 0 1.24049e-21 2.68811e-21 2.67558e-21 5.54289e-21 0 0 1.4969e-20 9.50883e-22 0 0 2.69571e-20 6.22952e-20 5.50187e-20 1.06073e-19 0 0 4.56658e-19 6.35827e-20 0 0 5.43666e-19 1.60992e-18 1.54195e-18 1.72004e-18 0 7.57614e-20 1.2502e-17 1.83793e-18 0 0 1.50346e-17 4.02017e-17 4.6269e-17 7.1679e-17 0 0 3.28282e-16 3.10042e-17 0 0 4.66664e-16 8.28995e-16 6.53829e-16 1.20185e-15 0 0 6.52627e-15 5.10803e-16 0 0 9.86505e-15 1.55306e-14 1.24477e-14 1.3213e-14 0 7.37548e-16 1.22803e-13 1.21346e-14 0 0 1.56024e-13 2.8837e-13 2.88703e-13 3.58808e-13 0 1.1197e-15 1.96977e-12 2.10678e-13 0 0 2.27418e-12 4.6916e-12 3.41099e-12 2.95153e-12 0 4.32847e-14 2.73739e-11 3.29317e-12 0 0 2.65862e-11 7.00026e-11 5.49807e-11 2.588e-11 0 3.80105e-12 4.13783e-10 4.90233e-11 0 0 2.73106e-10 9.17956e-10 5.73127e-10 3.91209e-10 0 3.07053e-11 5.50484e-09 7.85358e-10 0 0 1.08019e-09 1.00388e-08 5.5524e-09 0 0 4.77633e-10 6.01754e-08 1.51155e-08 0 0 0 0 0 3.83867e-57 1.22703e-57 0 1.84576e-56 2.73687e-58 0 0 2.68838e-56 8.22407e-08 0 0 0 1.70543e-08 0 3.55506e-07 1.6747e-07 0 0 0 0 2.77165e-59 1.10413e-59 0 1.41264e-58 1.49966e-60 0 0 2.42777e-58 3.58953e-08 0 0 3.52966e-07 4.65189e-07 0 3.21924e-06 5.75143e-06 3.8259e-06 0 7.83939e-62 0 1.95402e-62 1.7251e-61 9.7441e-61 2.51112e-62 0 0 1.43373e-60 0 0 0 8.69507e-06 9.56092e-06 0.000239317 0.000214469 0 0 0 0.000224812 0 0 1.39577e-62 3.76859e-62 0 7.04102e-64 5.7102e-63 2.53479e-62 0 0 0 1.0973e-62 0 0 1.72528e-63 8.25756e-63 0 0 6.0362e-63 3.50365e-62 0.000356135 0 0 0.008096 0.0247065 0.00564313 0.00991163 0 0 0.0258672 0.0109112 0.0258089 0.00981709 0 0.0152215 0.00625944 0 0.00681811 0.0421195 0.0155825 0 0 0 9.2385e-64 4.63299e-63 4.43749e-62 1.40385e-62 0 0 0 0 7.91769e-62 1.07781e-61 0 0 0.0173592 0.0154536 0.0427882 0 0 0.0305274 0 9.05259e-63 3.21088e-63 0 0 2.46787e-62 0 0 0 1.64665e-62 0 0 0 0.00525637 0.00439102 0.0189359 0.0190123 0 0 0 0.00683237 0 1.13767e-63 2.6748e-63 6.30504e-64 0 8.78148e-63 3.35351e-64 0 0 1.03755e-62 0 0 0 0.000447418 0.000453825 0 0.00030642 0.00347195 0.00321531 0 0 0 1.92225e-55 0 0 1.29579e-54 2.27219e-56 0 1.88275e-54 0 0 1.50796e-53 0 0 1.31361e-52 1.30244e-54 0 2.54486e-52 0 0 1.78297e-51 0 6.60975e-54 1.21668e-50 0 0 3.86107e-50 0 0 2.59066e-49 0 0 1.17627e-48 0 0 4.05544e-48 0 0 2.12372e-47 0 0 1.11767e-46 0 0 2.82808e-46 0 0 1.57089e-45 0 9.6029e-48 1.02182e-44 4.99895e-46 0 1.676e-44 0 0 1.57343e-43 0 0 8.79933e-43 7.77177e-44 0 1.39212e-42 0 0 9.8991e-42 0 1.77065e-44 7.27828e-41 3.89612e-42 0 1.55969e-40 0 0 6.4294e-40 0 3.63403e-41 5.39756e-39 5.74632e-42 0 1.42745e-38 0 0 7.03805e-38 0 1.22792e-39 3.36823e-37 0 0 9.26394e-37 0 0 5.1554e-36 0 0 2.21009e-35 9.06002e-37 0 4.51689e-35 0 0 2.30229e-34 0 3.00336e-36 1.4045e-33 1.45985e-34 0 2.25654e-33 1.01913e-34 0 1.3379e-32 0 5.21195e-34 7.86916e-32 7.76409e-33 0 1.549e-31 0 0 9.35704e-31 0 3.14762e-33 3.86026e-30 1.17168e-31 0 1.01332e-29 6.90034e-31 0 4.30678e-29 0 0 1.67425e-28 0 0 4.45786e-28 1.11045e-28 4.81823e-29 1.75913e-27 0 0 7.46033e-27 5.49504e-28 0 1.44676e-26 6.43e-27 1.58421e-27 5.51949e-26 0 1.79659e-29 3.00869e-25 3.74841e-26 0 5.21637e-25 3.49599e-25 6.61101e-26 1.61488e-24 0 7.38224e-26 1.04183e-23 9.71025e-25 0 2.37283e-23 1.3521e-23 8.6647e-24 6.4022e-23 0 2.26068e-24 3.46789e-22 1.12515e-23 0 8.32011e-22 4.24013e-22 3.60331e-22 2.31187e-21 0 1.09925e-23 1.09072e-20 9.46348e-22 0 1.94422e-20 1.20552e-20 1.01972e-20 5.10744e-20 0 6.7146e-23 3.09048e-19 4.41363e-20 0 4.35503e-19 3.95509e-19 2.25541e-19 9.09993e-19 0 5.7502e-20 7.60275e-18 1.12491e-18 0 1.12916e-17 8.98418e-18 6.51806e-18 2.7078e-17 0 1.0137e-18 1.70138e-16 1.81386e-17 0 2.87637e-16 1.75025e-16 1.48552e-16 4.9703e-16 0 2.83557e-18 3.42889e-15 3.11427e-16 0 5.54785e-15 3.86677e-15 2.39244e-15 5.71575e-15 0 4.57744e-16 6.2818e-14 6.61183e-15 0 8.92145e-14 6.58703e-14 5.03276e-14 1.13711e-13 0 6.50391e-15 9.92004e-13 1.09884e-13 0 1.24818e-12 9.93291e-13 8.18704e-13 1.18631e-12 0 4.61399e-14 1.43058e-11 1.85976e-12 0 1.42775e-11 1.49217e-11 9.58248e-12 9.18077e-12 0 1.80558e-12 1.97752e-10 2.87647e-11 0 1.40265e-10 1.67131e-10 1.18249e-10 1.14166e-10 0 1.20561e-11 2.44004e-09 4.2327e-10 0 6.98319e-10 1.87034e-09 1.26697e-09 2.25332e-10 0 1.90274e-10 2.53407e-08 6.69334e-09 0 0 1.09552e-56 0 0 1.93015e-56 1.79587e-08 2.72633e-09 0 0 2.25849e-09 0 0 1.52288e-57 0 0 4.90097e-08 9.74446e-08 0 0 0 0 1.2036e-59 0 0 8.26589e-59 0 0 1.76475e-58 1.03277e-07 0 0 0 3.93412e-08 0 1.37359e-06 0 0 0 0 1.07346e-61 0 0 6.07409e-61 0 0 1.11065e-60 1.59728e-07 0 0 0 8.1606e-07 0 4.38591e-05 0 0 0 0 9.4919e-64 0 5.7017e-65 4.2915e-63 3.20523e-64 0 6.96319e-63 0 0 0 0 2.69693e-05 0 3.58242e-05 0 0 0 9.19684e-66 4.61651e-65 2.56992e-65 0 0 1.76258e-65 6.18395e-65 0 5.00346e-65 1.90759e-65 0 0 2.45755e-65 1.72432e-65 3.27686e-65 0 0 0 1.18302e-65 4.2795e-65 0 0 3.08165e-65 1.95117e-65 4.49259e-65 2.35303e-65 4.1354e-65 0 0 0.0489772 0.0203896 0.0156957 0 0 0 0 0 0.0164615 0.022642 0 0 0 0.0416158 0.0112779 0.0545534 0.0516252 0 0.0405281 0.00191378 0 0.00194135 0.0285586 0.0267437 0 0 0.00704022 0.0452329 0.0479901 0 1.36599e-65 1.28465e-65 2.38603e-65 0 2.6683e-65 0 0 0 0.0284854 0.0195822 0.0237597 0.0185978 0 0 0.00197321 1.04562e-66 3.01816e-66 1.6415e-65 3.20608e-66 0 1.83473e-65 7.3292e-66 2.05804e-65 0 0 0 0 0 0.00863387 0.00869803 0 0 0.00823293 0.00677918 0 4.55147e-66 0 0 1.86077e-66 1.22306e-66 1.32143e-66 0 0 0 5.84392e-67 6.80301e-66 5.92695e-66 0 0 0 0 0 0 0.000516484 0 0 0 0 
</DataArray>
</CellData>
</Piece>
</UnstructuredGrid>
</VTKFile>
