<VTKFile type="UnstructuredGrid" version="0.1">
<UnstructuredGrid>
<Piece  NumberOfPoints="    4125" NumberOfCells="    3172">
<Points>
<DataArray type="Float64" NumberOfComponents="3" format="ascii">
-0.206774 -11.0343 0 
-0.206236 -11.0291 0 
-0.205589 -11.0227 0 
-0.204791 -11.0147 0 
-0.203752 -11.0052 0 
-0.202338 -10.9941 0 
-0.200394 -10.9815 0 
-0.197762 -10.9675 0 
-0.194305 -10.9524 0 
-0.189915 -10.9363 0 
-0.184523 -10.9197 0 
-0.178094 -10.9027 0 
-0.170623 -10.8857 0 
-0.162128 -10.8689 0 
-0.152645 -10.8526 0 
-0.142222 -10.837 0 
-0.130911 -10.8223 0 
-0.118771 -10.8086 0 
-0.10586 -10.7962 0 
-0.0922411 -10.785 0 
-0.0779784 -10.7753 0 
-0.0631443 -10.7671 0 
-0.0478223 -10.7606 0 
-0.032111 -10.7559 0 
-0.0161262 -10.7531 0 
2.20585e-09 -10.7521 0 
0.0161262 -10.7531 0 
0.032111 -10.7559 0 
0.0478224 -10.7606 0 
0.0631443 -10.7671 0 
0.0779784 -10.7753 0 
0.0922411 -10.785 0 
0.10586 -10.7962 0 
0.118771 -10.8086 0 
0.130911 -10.8223 0 
0.142222 -10.837 0 
0.152645 -10.8526 0 
0.162128 -10.8689 0 
0.170623 -10.8857 0 
0.178094 -10.9027 0 
0.184523 -10.9197 0 
0.189915 -10.9363 0 
0.194305 -10.9524 0 
0.197762 -10.9675 0 
0.200394 -10.9815 0 
0.202338 -10.9941 0 
0.203752 -11.0052 0 
0.204791 -11.0147 0 
0.205589 -11.0227 0 
0.206236 -11.0291 0 
0.206774 -11.0343 0 
-1.41434 -10.9242 0 
-1.40886 -10.8276 0 
-1.39997 -10.7027 0 
-1.38685 -10.5587 0 
-1.36883 -10.404 0 
-1.34557 -10.2444 0 
-1.31699 -10.084 0 
-1.28319 -9.9251 0 
-1.2443 -9.76946 0 
-1.2005 -9.61817 0 
-1.15196 -9.47211 0 
-1.09887 -9.33201 0 
-1.0414 -9.19851 0 
-0.979766 -9.07217 0 
-0.914181 -8.95353 0 
-0.844867 -8.84307 0 
-0.772053 -8.74126 0 
-0.695971 -8.64851 0 
-0.61685 -8.56523 0 
-0.534917 -8.49181 0 
-0.450405 -8.42862 0 
-0.363563 -8.37607 0 
-0.274684 -8.33457 0 
-0.184136 -8.30454 0 
-0.0923854 -8.28634 0 
2.20585e-09 -8.28024 0 
0.0923854 -8.28634 0 
0.184136 -8.30454 0 
0.274684 -8.33457 0 
0.363563 -8.37607 0 
0.450405 -8.42862 0 
0.534917 -8.49181 0 
0.61685 -8.56523 0 
0.695971 -8.64851 0 
0.772053 -8.74126 0 
0.844867 -8.84307 0 
0.914181 -8.95353 0 
0.979766 -9.07217 0 
1.0414 -9.19851 0 
1.09887 -9.33201 0 
1.15196 -9.47211 0 
1.2005 -9.61817 0 
1.2443 -9.76946 0 
1.28319 -9.9251 0 
1.31699 -10.084 0 
1.34557 -10.2444 0 
1.36883 -10.404 0 
1.38685 -10.5587 0 
1.39997 -10.7027 0 
1.40886 -10.8276 0 
1.41434 -10.9242 0 
-2.81352 -10.8659 0 
-2.8034 -10.648 0 
-2.78533 -10.3655 0 
-2.75767 -10.0502 0 
-2.71959 -9.72218 0 
-2.67088 -9.39205 0 
-2.61166 -9.0654 0 
-2.54217 -8.74537 0 
-2.46272 -8.434 0 
-2.37362 -8.13285 0 
-2.27524 -7.84323 0 
-2.16797 -7.56633 0 
-2.05221 -7.30324 0 
-1.92843 -7.05497 0 
-1.79708 -6.82248 0 
-1.65864 -6.60664 0 
-1.51361 -6.40829 0 
-1.36251 -6.22817 0 
-1.20584 -6.067 0 
-1.0441 -5.92543 0 
-0.877833 -5.8041 0 
-0.70757 -5.70363 0 
-0.533912 -5.62463 0 
-0.357545 -5.56768 0 
-0.179268 -5.53328 0 
2.20585e-09 -5.52177 0 
0.179268 -5.53328 0 
0.357545 -5.56768 0 
0.533912 -5.62463 0 
0.70757 -5.70363 0 
0.877833 -5.8041 0 
1.0441 -5.92543 0 
1.20584 -6.067 0 
1.36251 -6.22817 0 
1.51361 -6.40829 0 
1.65864 -6.60664 0 
1.79708 -6.82248 0 
1.92843 -7.05497 0 
2.05221 -7.30324 0 
2.16797 -7.56633 0 
2.27524 -7.84323 0 
2.37362 -8.13285 0 
2.46272 -8.434 0 
2.54217 -8.74537 0 
2.61166 -9.0654 0 
2.67088 -9.39205 0 
2.71959 -9.72218 0 
2.75767 -10.0502 0 
2.78533 -10.3655 0 
2.8034 -10.648 0 
2.81352 -10.8659 0 
-4.22178 -10.8306 0 
-4.20815 -10.4776 0 
-4.1818 -10.0259 0 
-4.14035 -9.53403 0 
-4.08292 -9.03112 0 
-4.00946 -8.53004 0 
-3.92021 -8.03682 0 
-3.81555 -7.55487 0 
-3.6959 -7.0866 0 
-3.56175 -6.63406 0 
-3.41363 -6.19906 0 
-3.25213 -5.78332 0 
-3.07788 -5.38847 0 
-2.89156 -5.01603 0 
-2.69388 -4.66742 0 
-2.48559 -4.34399 0 
-2.26747 -4.04696 0 
-2.0403 -3.77749 0 
-1.8049 -3.53661 0 
-1.56208 -3.3253 0 
-1.31268 -3.14448 0 
-1.05756 -2.995 0 
-0.797642 -2.87766 0 
-0.53396 -2.7932 0 
-0.267655 -2.74225 0 
2.20587e-09 -2.72521 0 
0.267655 -2.74225 0 
0.53396 -2.7932 0 
0.797642 -2.87766 0 
1.05756 -2.995 0 
1.31268 -3.14448 0 
1.56208 -3.3253 0 
1.8049 -3.53661 0 
2.0403 -3.77749 0 
2.26747 -4.04696 0 
2.48559 -4.34399 0 
2.69388 -4.66742 0 
2.89156 -5.01603 0 
3.07788 -5.38847 0 
3.25213 -5.78332 0 
3.41363 -6.19906 0 
3.56175 -6.63406 0 
3.6959 -7.0866 0 
3.81555 -7.55487 0 
3.92021 -8.03682 0 
4.00946 -8.53004 0 
4.08292 -9.03112 0 
4.14035 -9.53403 0 
4.1818 -10.0259 0 
4.20815 -10.4776 0 
4.22178 -10.8306 0 
-5.63141 -10.8058 0 
-5.61455 -10.3088 0 
-5.58002 -9.68314 0 
-5.52482 -9.01397 0 
-5.4481 -8.33683 0 
-5.34992 -7.66547 0 
-5.23067 -7.00608 0 
-5.09084 -6.36236 0 
-4.93099 -5.73719 0 
-4.75177 -5.13313 0 
-4.55389 -4.55257 0 
-4.33813 -3.99778 0 
-4.10533 -3.47093 0 
-3.8564 -2.97405 0 
-3.59231 -2.50908 0 
-3.31407 -2.07779 0 
-3.02273 -1.68185 0 
-2.71937 -1.3228 0 
-2.40509 -1.00202 0 
-2.08102 -0.720816 0 
-1.74832 -0.480362 0 
-1.40817 -0.281754 0 
-1.06184 -0.125998 0 
-0.710682 -0.0139866 0 
-0.356194 0.0535475 0 
2.21803e-09 0.0761165 0 
0.356194 0.0535475 0 
0.710682 -0.0139866 0 
1.06184 -0.125998 0 
1.40817 -0.281754 0 
1.74832 -0.480362 0 
2.08102 -0.720816 0 
2.40509 -1.00202 0 
2.71937 -1.3228 0 
3.02273 -1.68185 0 
3.31407 -2.07779 0 
3.59231 -2.50908 0 
3.8564 -2.97405 0 
4.10533 -3.47093 0 
4.33813 -3.99778 0 
4.55389 -4.55257 0 
4.75177 -5.13313 0 
4.93099 -5.73719 0 
5.09084 -6.36236 0 
5.23067 -7.00608 0 
5.34992 -7.66547 0 
5.4481 -8.33683 0 
5.52482 -9.01397 0 
5.58002 -9.68314 0 
5.61455 -10.3088 0 
5.63141 -10.8058 0 
-7.0412 -10.7872 0 
-7.02126 -10.14 0 
-6.97856 -9.33817 0 
-6.90959 -8.492 0 
-6.81355 -7.64131 0 
-6.69066 -6.80015 0 
-6.5414 -5.97485 0 
-6.36639 -5.16949 0 
-6.16634 -4.38745 0 
-5.94204 -3.63187 0 
-5.69438 -2.90573 0 
-5.42434 -2.21187 0 
-5.13298 -1.55298 0 
-4.82144 -0.931653 0 
-4.49092 -0.350279 0 
-4.14272 0.188886 0 
-3.77813 0.683756 0 
-3.39855 1.13241 0 
-3.00538 1.5331 0 
-2.60004 1.88423 0 
-2.18402 2.18432 0 
-1.75883 2.43205 0 
-1.32606 2.62622 0 
-0.887416 2.76579 0 
-0.444738 2.8499 0 
9.44348e-09 2.878 0 
0.444738 2.8499 0 
0.887416 2.76579 0 
1.32606 2.62622 0 
1.75883 2.43205 0 
2.18402 2.18432 0 
2.60004 1.88423 0 
3.00538 1.5331 0 
3.39855 1.13241 0 
3.77813 0.683756 0 
4.14272 0.188886 0 
4.49092 -0.350279 0 
4.82144 -0.931653 0 
5.13298 -1.55298 0 
5.42434 -2.21187 0 
5.69438 -2.90573 0 
5.94204 -3.63187 0 
6.16634 -4.38745 0 
6.36639 -5.16949 0 
6.5414 -5.97485 0 
6.69066 -6.80015 0 
6.81355 -7.64131 0 
6.90959 -8.492 0 
6.97856 -9.33817 0 
7.02126 -10.14 0 
7.0412 -10.7872 0 
-8.45098 -10.7726 0 
-8.42803 -9.97066 0 
-8.37716 -8.99169 0 
-8.2944 -7.96898 0 
-8.17904 -6.94524 0 
-8.03143 -5.93458 0 
-7.85217 -4.9435 0 
-7.64199 -3.97655 0 
-7.40173 -3.03766 0 
-7.13234 -2.13057 0 
-6.83491 -1.25885 0 
-6.51059 -0.425904 0 
-6.16066 0.365008 0 
-5.7865 1.1108 0 
-5.38956 1.80858 0 
-4.97137 2.45562 0 
-4.53355 3.04943 0 
-4.07774 3.58769 0 
-3.60566 4.0683 0 
-3.11905 4.48933 0 
-2.61971 4.84905 0 
-2.10947 5.1459 0 
-1.59026 5.37848 0 
-1.06414 5.54559 0 
-0.533276 5.64627 0 
3.83919e-06 5.6799 0 
0.533276 5.64627 0 
1.06414 5.54559 0 
1.59026 5.37848 0 
2.10947 5.1459 0 
2.61971 4.84905 0 
3.11905 4.48933 0 
3.60566 4.0683 0 
4.07774 3.58769 0 
4.53355 3.04943 0 
4.97137 2.45562 0 
5.38956 1.80858 0 
5.7865 1.1108 0 
6.16066 0.365008 0 
6.51059 -0.425904 0 
6.83491 -1.25885 0 
7.13234 -2.13057 0 
7.40173 -3.03766 0 
7.64199 -3.97655 0 
7.85217 -4.9435 0 
8.03143 -5.93458 0 
8.17905 -6.94524 0 
8.2944 -7.96898 0 
8.37716 -8.99169 0 
8.42803 -9.97066 0 
8.45098 -10.7726 0 
-9.86049 -10.7608 0 
-9.83462 -9.80076 0 
-9.77567 -8.64428 0 
-9.67914 -7.44553 0 
-9.54448 -6.24912 0 
-9.37217 -5.06914 0 
-9.16292 -3.91237 0 
-8.91757 -2.78385 0 
-8.63712 -1.68812 0 
-8.32266 -0.629528 0 
-7.97545 0.387785 0 
-7.59685 1.35981 0 
-7.18835 2.28276 0 
-6.75157 3.15302 0 
-6.28819 3.9672 0 
-5.80002 4.72213 0 
-5.28895 5.41487 0 
-4.75691 6.04272 0 
-4.20592 6.60322 0 
-3.63803 7.09414 0 
-3.05536 7.51347 0 
-2.46008 7.8594 0 
-1.85445 8.13034 0 
-1.24086 8.32496 0 
-0.621831 8.44225 0 
4.49017e-05 8.48132 0 
0.621839 8.44222 0 
1.24086 8.32496 0 
1.85445 8.13034 0 
2.46008 7.85939 0 
3.05536 7.51346 0 
3.63803 7.09414 0 
4.20592 6.60322 0 
4.75691 6.04272 0 
5.28895 5.41487 0 
5.80003 4.72213 0 
6.28819 3.9672 0 
6.75156 3.15302 0 
7.18835 2.28277 0 
7.59685 1.35981 0 
7.97545 0.387784 0 
8.32266 -0.629524 0 
8.63712 -1.68813 0 
8.91758 -2.78385 0 
9.16291 -3.91237 0 
9.37217 -5.06913 0 
9.54448 -6.24912 0 
9.67914 -7.44553 0 
9.77567 -8.64428 0 
9.83462 -9.80076 0 
9.86049 -10.7608 0 
-11.2684 -10.7513 0 
-11.2399 -9.63051 0 
-11.173 -8.29653 0 
-11.0626 -6.92227 0 
-10.9086 -5.55362 0 
-10.7115 -4.20465 0 
-10.4723 -2.88246 0 
-10.1917 -1.59264 0 
-9.87108 -0.340321 0 
-9.51154 0.869531 0 
-9.11456 2.03219 0 
-8.68171 3.14307 0 
-8.21468 4.19782 0 
-7.71531 5.19232 0 
-7.18556 6.12269 0 
-6.62748 6.98529 0 
-6.04323 7.77677 0 
-5.43505 8.49404 0 
-4.80524 9.13427 0 
-4.15618 9.69492 0 
-3.4903 10.1737 0 
-2.8101 10.5686 0 
-2.11817 10.8778 0 
-1.41726 11.0998 0 
-0.710252 11.2337 0 
-0.000214093 11.2783 0 
0.71021 11.2337 0 
1.41726 11.0998 0 
2.11817 10.8778 0 
2.8101 10.5686 0 
3.4903 10.1737 0 
4.15618 9.69492 0 
4.80524 9.13427 0 
5.43505 8.49404 0 
6.04323 7.77678 0 
6.62748 6.98529 0 
7.18556 6.12269 0 
7.71531 5.19232 0 
8.21468 4.19782 0 
8.6817 3.14306 0 
9.11456 2.03219 0 
9.51154 0.86954 0 
9.87107 -0.34033 0 
10.1917 -1.59263 0 
10.4723 -2.88247 0 
10.7115 -4.20464 0 
10.9086 -5.55362 0 
11.0626 -6.92227 0 
11.173 -8.29653 0 
11.2399 -9.63051 0 
11.2684 -10.7513 0 
-12.6665 -10.7441 0 
-12.6364 -9.46085 0 
-12.5615 -7.95029 0 
-12.437 -6.402 0 
-12.2632 -4.86262 0 
-12.041 -3.34624 0 
-11.7713 -1.86036 0 
-11.4552 -0.411097 0 
-11.094 0.995818 0 
-10.6891 2.35482 0 
-10.2423 3.66064 0 
-9.75523 4.90818 0 
-9.22981 6.09252 0 
-8.66815 7.20911 0 
-8.07244 8.25359 0 
-7.44499 9.2219 0 
-6.78822 10.1103 0 
-6.10465 10.9152 0 
-5.39688 11.6337 0 
-4.66758 12.2627 0 
-3.91948 12.7998 0 
-3.15542 13.2426 0 
-2.37832 13.5893 0 
-1.59121 13.8382 0 
-0.797332 13.988 0 
-2.41236e-05 14.0382 0 
0.797337 13.9882 0 
1.59121 13.8382 0 
2.37832 13.5893 0 
3.15542 13.2426 0 
3.91948 12.7998 0 
4.66758 12.2627 0 
5.39688 11.6337 0 
6.10465 10.9152 0 
6.78822 10.1103 0 
7.44499 9.22188 0 
8.07244 8.25359 0 
8.66815 7.20912 0 
9.22982 6.09253 0 
9.75521 4.90816 0 
10.2423 3.66065 0 
10.6892 2.35483 0 
11.094 0.9958 0 
11.4552 -0.411087 0 
11.7713 -1.86036 0 
12.041 -3.34623 0 
12.2632 -4.86262 0 
12.437 -6.402 0 
12.5615 -7.95029 0 
12.6364 -9.46085 0 
12.6665 -10.7441 0 
-13.9978 -10.7391 0 
-13.9638 -9.29898 0 
-13.8779 -7.62073 0 
-13.7363 -5.90886 0 
-13.5392 -4.21049 0 
-13.2878 -2.53992 0 
-12.9836 -0.905071 0 
-12.6284 0.687524 0 
-12.2239 2.23176 0 
-11.7719 3.72187 0 
-11.2744 5.15232 0 
-10.7334 6.51777 0 
-10.1511 7.81319 0 
-9.52973 9.03377 0 
-8.87173 10.1749 0 
-8.17957 11.2324 0 
-7.45589 12.2022 0 
-6.70339 13.0807 0 
-5.92486 13.8645 0 
-5.12317 14.5506 0 
-4.30129 15.1363 0 
-3.46227 15.6191 0 
-2.60924 15.997 0 
-1.7455 16.2683 0 
-0.87451 16.4319 0 
0.000162181 16.4868 0 
0.874547 16.432 0 
1.74551 16.2683 0 
2.60924 15.997 0 
3.46227 15.6191 0 
4.30129 15.1363 0 
5.12317 14.5506 0 
5.92485 13.8645 0 
6.70339 13.0807 0 
7.4559 12.2022 0 
8.17958 11.2324 0 
8.87172 10.1749 0 
9.52973 9.03375 0 
10.1511 7.8132 0 
10.7334 6.51778 0 
11.2744 5.15231 0 
11.7719 3.72188 0 
12.2239 2.23177 0 
12.6284 0.687516 0 
12.9836 -0.905067 0 
13.2878 -2.53993 0 
13.5392 -4.21049 0 
13.7363 -5.90885 0 
13.8779 -7.62073 0 
13.9638 -9.29897 0 
13.9978 -10.7391 0 
-13.2278 -6.06265 0 
-12.815 -4.62394 0 
12.8134 -4.62474 0 
13.2295 -6.06198 0 
-13.3293 -7.72321 0 
-13.03 -6.2194 0 
13.0296 -6.21962 0 
13.3297 -7.72316 0 
-13.0677 -4.41155 0 
-12.555 -3.05695 0 
12.5558 -3.05647 0 
13.0669 -4.41191 0 
-12.8459 -2.78609 0 
-12.2547 -1.52213 0 
12.2546 -1.52221 0 
12.846 -2.78605 0 
-12.5706 -1.19181 0 
-11.9089 -0.0282 0 
11.9082 -0.0287921 0 
12.5713 -1.19124 0 
-12.2398 0.361458 0 
-11.522 1.42284 0 
11.5234 1.42428 0 
12.2382 0.360105 0 
-11.8532 1.86345 0 
-11.0971 2.82942 0 
11.0954 2.82749 0 
11.855 1.86525 0 
-13.3783 -9.35086 0 
-13.1939 -7.83073 0 
13.1947 -7.83051 0 
13.3776 -9.35085 0 
-11.4188 3.31251 0 
-10.6301 4.18153 0 
10.6302 4.1817 0 
11.4187 3.31239 0 
-10.9365 4.7 0 
-10.1247 5.47723 0 
10.1261 5.4794 0 
10.9349 4.69788 0 
-10.4073 6.01732 0 
-9.58354 6.71473 0 
9.58242 6.7128 0 
10.4086 6.01917 0 
-9.83824 7.26523 0 
-9.00441 7.88328 0 
9.0043 7.88309 0 
9.83835 7.26545 0 
-9.2301 8.43628 0 
-8.39077 8.9812 0 
8.39138 8.98258 0 
9.22942 8.43495 0 
-8.5859 9.52624 0 
-7.7444 10.004 0 
7.7455 10.0067 0 
8.58468 9.52353 0 
-7.90741 10.5283 0 
-7.06839 10.9504 0 
7.06763 10.9482 0 
7.90828 10.5304 0 
-7.20023 11.4449 0 
-6.36264 11.8103 0 
6.3623 11.8092 0 
7.20061 11.446 0 
-6.466 12.27 0 
-5.63075 12.583 0 
5.63069 12.5828 0 
6.46606 12.2703 0 
-5.70777 13.0008 0 
-4.87526 13.2651 0 
4.87537 13.2656 0 
5.70763 13.0003 0 
-4.92863 13.6347 0 
-4.09883 13.8534 0 
4.09902 13.8546 0 
4.92838 13.6336 0 
-4.1317 14.1696 0 
-3.30426 14.3452 0 
3.30448 14.3469 0 
4.13141 14.168 0 
-3.32018 14.6036 0 
-2.49445 14.7381 0 
2.49463 14.7402 0 
3.31991 14.6015 0 
-2.49735 14.9351 0 
-1.67234 15.03 0 
1.67243 15.0323 0 
2.49715 14.9328 0 
-1.66682 15.1631 0 
-0.842262 15.2192 0 
0.842332 15.2223 0 
1.66677 15.1614 0 
-0.832617 15.3451 0 
-0.00672717 15.3055 0 
0.00684277 15.4275 0 
0.832622 15.3483 0 
-11.7482 -5.09565 0 
-11.252 -3.88677 0 
11.2517 -3.88692 0 
11.7485 -5.09549 0 
-11.5554 -3.63013 0 
-10.9821 -2.51223 0 
10.9842 -2.51063 0 
11.553 -3.63156 0 
-11.8877 -6.58099 0 
-11.4844 -5.29084 0 
11.4848 -5.29068 0 
11.8873 -6.58115 0 
-11.3073 -2.19586 0 
-10.678 -1.16869 0 
10.677 -1.16955 0 
11.3084 -2.19508 0 
-11.0118 -0.796492 0 
-10.3347 0.135699 0 
10.3359 0.136874 0 
11.0105 -0.797605 0 
-10.6654 0.556762 0 
-9.95753 1.40159 0 
9.95605 1.39983 0 
10.667 0.558437 0 
-10.2757 1.86246 0 
-9.54238 2.61968 0 
9.54255 2.61993 0 
10.2755 1.86226 0 
0.00628154 12.676 0 
0.747968 12.657 0 
-0.747792 12.6583 0 
-0.00656512 12.5376 0 
-9.84265 3.11278 0 
-9.09226 3.788 0 
9.09365 3.79012 0 
9.84109 3.11068 0 
-1.50123 12.5476 0 
-0.756244 12.5169 0 
0.756202 12.5152 0 
1.50108 12.5452 0 
-2.24963 12.3427 0 
-1.50487 12.403 0 
1.50473 12.4008 0 
2.24946 12.3404 0 
-9.36722 4.29998 0 
-8.60959 4.90466 0 
8.60872 4.90314 0 
9.3682 4.30146 0 
-2.99059 12.0439 0 
-2.24605 12.1588 0 
2.24621 12.1608 0 
2.99033 12.0419 0 
-8.85578 5.42482 0 
-8.09219 5.95976 0 
8.09221 5.95981 0 
8.85575 5.42479 0 
-3.72136 11.6525 0 
-2.97491 11.8029 0 
2.97512 11.8046 0 
3.72108 11.6508 0 
-8.30908 6.48057 0 
-7.54317 6.9516 0 
7.54382 6.95304 0 
8.30834 6.47913 0 
-4.43889 11.1698 0 
-3.68979 11.3576 0 
3.68999 11.3589 0 
4.43864 11.1686 0 
-7.72857 7.46067 0 
-6.96525 7.87866 0 
6.96523 7.87858 0 
7.72861 7.46072 0 
-5.14028 10.5978 0 
-4.38803 10.8252 0 
4.38817 10.8258 0 
5.14011 10.5972 0 
-7.11958 8.36709 0 
-6.35795 8.73148 0 
6.35735 8.72975 0 
7.12026 8.36882 0 
-5.8227 9.93842 0 
-5.06708 10.208 0 
5.06708 10.208 0 
5.8227 9.93843 0 
5.72426 9.50829 0 
6.48365 9.19479 0 
-6.48338 9.19398 0 
-5.7245 9.50909 0 
-11.9772 -8.07072 0 
-11.675 -6.72061 0 
11.6761 -6.72016 0 
11.976 -8.07098 0 
-12.0123 -9.52433 0 
-11.8289 -8.15979 0 
11.8272 -8.16022 0 
12.0141 -9.52416 0 
-13.3695 -10.7737 0 
-13.3061 -9.40091 0 
13.3038 -9.40128 0 
13.3718 -10.7737 0 
0.00357291 9.89724 0 
0.663262 9.88636 0 
-0.662937 9.88536 0 
-0.00388977 10.035 0 
0.666011 9.74222 0 
1.32913 9.78913 0 
-1.32901 9.78736 0 
-0.665925 9.74099 0 
-1.99096 9.6073 0 
-1.32705 9.64121 0 
1.32715 9.64281 0 
1.99113 9.60923 0 
-2.64618 9.34443 0 
-1.9825 9.43926 0 
1.9823 9.43714 0 
2.64647 9.34654 0 
-3.29274 9.00185 0 
-2.62556 9.1207 0 
2.62585 9.12283 0 
3.29238 8.9997 0 
-3.92728 8.57649 0 
-3.25628 8.72536 0 
3.25658 8.72714 0 
3.92691 8.5747 0 
-4.5476 8.07217 0 
-3.87207 8.25306 0 
3.87235 8.25437 0 
4.54727 8.07085 0 
4.47086 7.70678 0 
5.15103 7.48997 0 
-5.15125 7.49072 0 
-4.47067 7.70603 0 
-5.73583 6.83416 0 
-5.04992 7.08682 0 
5.04994 7.08689 0 
5.7358 6.8341 0 
-10.2317 -4.50014 0 
-9.66976 -3.52851 0 
9.67073 -3.52777 0 
10.2307 -4.5008 0 
-10.0129 -3.22966 0 
-9.40203 -2.34569 0 
9.40062 -2.34697 0 
10.0145 -3.22848 0 
5.60751 6.39749 0 
6.29923 6.10553 0 
-6.29894 6.10478 0 
-5.60776 6.39824 0 
9.10144 -1.19563 0 
9.75014 -1.99147 0 
-9.75107 -1.99064 0 
-9.10061 -1.19651 0 
-9.44357 -0.793285 0 
-8.76989 -0.0802274 0 
8.76862 -0.0817728 0 
9.445 -0.79179 0 
-6.83823 5.30507 0 
-6.14227 5.64335 0 
6.14162 5.64165 0 
6.83897 5.30678 0 
8.40627 0.99515 0 
9.09706 0.360918 0 
-9.09742 0.361345 0 
-8.40595 0.994707 0 
-8.71114 1.46399 0 
-8.01271 2.02879 0 
8.01265 2.0287 0 
8.7112 1.46407 0 
9.90697 -4.73882 0 
10.4022 -5.79762 0 
-10.4002 -5.79861 0 
-9.90881 -4.73767 0 
-7.35249 4.44015 0 
-6.65063 4.82313 0 
6.65147 4.82504 0 
7.35154 4.43822 0 
-8.29085 2.51502 0 
-7.58759 3.01311 0 
7.58713 3.0123 0 
8.29136 2.51583 0 
7.13349 3.94654 0 
7.83679 3.50761 0 
-7.83715 3.50826 0 
-7.13318 3.94589 0 
-10.5229 -7.11267 0 
-10.1136 -5.97376 0 
10.1147 -5.97321 0 
10.5217 -7.11309 0 
-10.5933 -8.42942 0 
-10.2894 -7.22887 0 
10.2874 -7.2296 0 
10.5953 -8.42892 0 
-10.6196 -9.70354 0 
-10.4289 -8.49266 0 
10.4301 -8.49235 0 
10.6183 -9.7037 0 
-12.0051 -10.7688 0 
-11.9342 -9.55546 0 
11.9371 -9.5551 0 
12.0022 -10.7689 0 
-0.578211 7.09372 0 
-0.000664288 7.10425 0 
0.000733833 6.96201 0 
0.578183 7.0942 0 
-1.15621 7.01089 0 
-0.574988 6.94909 0 
0.575004 6.94963 0 
1.15626 7.0116 0 
-1.73089 6.85567 0 
-1.14825 6.86446 0 
1.14829 6.8651 0 
1.73097 6.8565 0 
-2.29979 6.62857 0 
-1.7173 6.70014 0 
1.7172 6.69914 0 
2.29992 6.62957 0 
-2.86068 6.33049 0 
-2.27472 6.42393 0 
2.27456 6.4227 0 
2.86089 6.33173 0 
-3.41139 5.96267 0 
-2.82101 6.07928 0 
2.82076 6.07772 0 
3.41171 5.96423 0 
-3.94981 5.52651 0 
-3.3541 5.66793 0 
3.35409 5.66787 0 
3.94982 5.52657 0 
-4.47441 5.02549 0 
-3.8716 5.19 0 
3.87192 5.19136 0 
4.47402 5.02411 0 
-4.98218 4.45756 0 
-4.37246 4.65145 0 
4.37269 4.65226 0 
4.98192 4.45674 0 
4.85459 4.05299 0 
5.47151 3.82641 0 
-5.47156 3.82654 0 
-4.85455 4.05286 0 
-5.94053 3.13456 0 
-5.31619 3.39689 0 
5.31594 3.39621 0 
5.94083 3.13526 0 
-8.71083 -4.26617 0 
-8.12328 -3.52856 0 
7.86449 -2.53416 0 
8.48141 -3.18984 0 
8.12366 -3.5282 0 
8.7104 -4.2665 0 
-8.48211 -3.18919 0 
-7.86386 -2.53484 0 
7.57865 -1.56977 0 
8.21421 -2.14828 0 
-8.21312 -2.14947 0 
-7.57962 -1.56856 0 
-6.38707 2.38394 0 
-5.75583 2.68648 0 
5.75514 2.68482 0 
6.38787 2.38562 0 
7.26733 -0.636558 0 
7.90975 -1.14838 0 
-7.91033 -1.14766 0 
-7.26682 -0.637293 0 
-7.57278 -0.191682 0 
-6.92859 0.259245 0 
6.9276 0.257627 0 
7.57391 -0.190064 0 
6.17171 1.92399 0 
6.80956 1.57797 0 
-6.81023 1.5792 0 
-6.17113 1.92277 0 
6.5626 1.11307 0 
7.20592 0.719106 0 
-7.20586 0.719012 0 
-6.56265 1.11316 0 
8.3544 -4.55043 0 
8.90121 -5.37128 0 
-8.90112 -5.37134 0 
-8.35448 -4.55037 0 
-9.04584 -6.50151 0 
-8.56247 -5.5938 0 
8.56173 -5.59428 0 
9.04665 -6.5011 0 
-9.14873 -7.64444 0 
-8.74282 -6.65972 0 
8.74132 -6.66049 0 
9.15036 -7.64383 0 
-9.20662 -8.78498 0 
-8.89791 -7.7423 0 
8.89856 -7.74205 0 
9.20592 -8.78515 0 
-9.21781 -9.87564 0 
-9.03031 -8.82924 0 
9.03003 -8.82931 0 
9.21811 -9.8756 0 
-0.28504 -11.0239 0.0
-0.284555 -11.0193 0.0
-1.36692 -10.8379 0.0
-1.37185 -10.9248 0.0
-0.283536 -11.006 0.0
-1.35848 -10.7181 0.0
-1.36648 -10.8305 0.0
-0.284118 -11.0119 0.0
-0.281965 -10.9899 0.0
-1.34582 -10.5795 0.0
-1.35763 -10.7091 0.0
-0.282683 -10.9971 0.0
-0.279784 -10.9714 0.0
-1.32836 -10.4304 0.0
-1.34457 -10.5696 0.0
-0.280719 -10.98 0.0
-0.276877 -10.9511 0.0
-1.30579 -10.2764 0.0
-1.32672 -10.42 0.0
-0.278149 -10.961 0.0
-0.273115 -10.9292 0.0
-1.27805 -10.1214 0.0
-1.30377 -10.2658 0.0
-0.274865 -10.9405 0.0
-0.268376 -10.9061 0.0
-1.24526 -9.96795 0.0
-1.27568 -10.1109 0.0
-0.270744 -10.9187 0.0
-0.262553 -10.8822 0.0
-1.20755 -9.81756 0.0
-1.24255 -9.95764 0.0
-0.265665 -10.8958 0.0
-0.255569 -10.8577 0.0
-1.1651 -9.67136 0.0
-1.20452 -9.80752 0.0
-0.25952 -10.8721 0.0
-0.247377 -10.833 0.0
-1.11807 -9.5302 0.0
-1.16176 -9.66165 0.0
-0.252229 -10.848 0.0
-0.237956 -10.8084 0.0
-1.06665 -9.39476 0.0
-1.11444 -9.52085 0.0
-0.243742 -10.8236 0.0
-0.227314 -10.7841 0.0
-1.01101 -9.26566 0.0
-1.06273 -9.38582 0.0
-0.234038 -10.7994 0.0
-0.21548 -10.7605 0.0
-0.951355 -9.14347 0.0
-1.00682 -9.25717 0.0
-0.223126 -10.7756 0.0
-0.202498 -10.7379 0.0
-0.88788 -9.02868 0.0
-0.946907 -9.13546 0.0
-0.211032 -10.7525 0.0
-0.188422 -10.7163 0.0
-0.820803 -8.92179 0.0
-0.883186 -9.0212 0.0
-0.197804 -10.7304 0.0
-0.173315 -10.6962 0.0
-0.750343 -8.82323 0.0
-0.815875 -8.91486 0.0
-0.183495 -10.7094 0.0
-0.157242 -10.6775 0.0
-0.676723 -8.7334 0.0
-0.745197 -8.81687 0.0
-0.168169 -10.6898 0.0
-0.140271 -10.6605 0.0
-0.600162 -8.6527 0.0
-0.671371 -8.72765 0.0
-0.151891 -10.6718 0.0
-0.122472 -10.6454 0.0
-0.52088 -8.5815 0.0
-0.59462 -8.64759 0.0
-0.134729 -10.6554 0.0
-0.103917 -10.6322 0.0
-0.439101 -8.52017 0.0
-0.515162 -8.57704 0.0
-0.116754 -10.6409 0.0
-0.0846881 -10.6211 0.0
-0.355065 -8.4691 0.0
-0.433222 -8.5164 0.0
-0.0980387 -10.6284 0.0
-0.0648771 -10.6122 0.0
-0.269053 -8.42869 0.0
-0.349043 -8.46604 0.0
-0.0786669 -10.618 0.0
-0.0445942 -10.6056 0.0
-0.181417 -8.39933 0.0
-0.26291 -8.42635 0.0
-0.0587344 -10.6098 0.0
-0.0239708 -10.6014 0.0
-0.092604 -8.38137 0.0
-0.17518 -8.39775 0.0
-0.038357 -10.604 0.0
-0.00315938 -10.5998 0.0
-0.00315938 -8.37509 0.0
-0.0863062 -8.38058 0.0
-0.017673 -10.6006 0.0
0.017673 -10.6006 0.0
0.0863062 -8.38058 0.0
0.00315938 -8.37509 0.0
0.00315938 -10.5998 0.0
0.038357 -10.604 0.0
0.17518 -8.39775 0.0
0.092604 -8.38137 0.0
0.0239708 -10.6014 0.0
0.0587344 -10.6098 0.0
0.26291 -8.42635 0.0
0.181417 -8.39933 0.0
0.0445942 -10.6056 0.0
0.0786669 -10.618 0.0
0.349044 -8.46604 0.0
0.269053 -8.42869 0.0
0.0648771 -10.6122 0.0
0.0980387 -10.6284 0.0
0.433222 -8.5164 0.0
0.355065 -8.4691 0.0
0.0846881 -10.6211 0.0
0.116754 -10.6409 0.0
0.515162 -8.57704 0.0
0.439101 -8.52017 0.0
0.103917 -10.6322 0.0
0.134729 -10.6554 0.0
0.59462 -8.64759 0.0
0.52088 -8.5815 0.0
0.122472 -10.6454 0.0
0.151891 -10.6718 0.0
0.671371 -8.72765 0.0
0.600162 -8.6527 0.0
0.140271 -10.6605 0.0
0.168169 -10.6898 0.0
0.745197 -8.81687 0.0
0.676723 -8.7334 0.0
0.157242 -10.6775 0.0
0.183495 -10.7094 0.0
0.815875 -8.91486 0.0
0.750343 -8.82323 0.0
0.173315 -10.6962 0.0
0.197804 -10.7304 0.0
0.883186 -9.0212 0.0
0.820803 -8.92179 0.0
0.188422 -10.7163 0.0
0.211032 -10.7525 0.0
0.946907 -9.13546 0.0
0.88788 -9.02868 0.0
0.202498 -10.7379 0.0
0.223126 -10.7756 0.0
1.00682 -9.25717 0.0
0.951355 -9.14347 0.0
0.21548 -10.7605 0.0
0.234038 -10.7994 0.0
1.06273 -9.38582 0.0
1.01101 -9.26566 0.0
0.227314 -10.7841 0.0
0.243742 -10.8236 0.0
1.11444 -9.52085 0.0
1.06665 -9.39476 0.0
0.237956 -10.8084 0.0
0.252229 -10.848 0.0
1.16176 -9.66165 0.0
1.11807 -9.5302 0.0
0.247377 -10.833 0.0
0.25952 -10.8721 0.0
1.20452 -9.80752 0.0
1.1651 -9.67136 0.0
0.25557 -10.8577 0.0
0.265665 -10.8958 0.0
1.24255 -9.95764 0.0
1.20755 -9.81756 0.0
0.262553 -10.8822 0.0
0.270744 -10.9187 0.0
1.27568 -10.1109 0.0
1.24526 -9.96795 0.0
0.268376 -10.9061 0.0
0.274865 -10.9405 0.0
1.30377 -10.2658 0.0
1.27805 -10.1214 0.0
0.273115 -10.9292 0.0
0.278149 -10.961 0.0
1.32672 -10.42 0.0
1.30579 -10.2764 0.0
0.276877 -10.9511 0.0
0.280719 -10.98 0.0
1.34457 -10.5696 0.0
1.32836 -10.4304 0.0
0.279784 -10.9714 0.0
0.282683 -10.9971 0.0
1.35763 -10.7091 0.0
1.34582 -10.5795 0.0
0.281965 -10.9899 0.0
0.284118 -11.0119 0.0
1.36648 -10.8305 0.0
1.35848 -10.7181 0.0
0.283536 -11.006 0.0
0.28504 -11.0239 0.0
1.37185 -10.9248 0.0
1.36692 -10.8379 0.0
0.284555 -11.0193 0.0
-1.49288 -10.9126 0.0
-1.48795 -10.8257 0.0
-2.74304 -10.6641 0.0
-2.75214 -10.8602 0.0
-1.48686 -10.8067 0.0
-1.47886 -10.6944 0.0
-2.72569 -10.3909 0.0
-2.74195 -10.6451 0.0
-1.47678 -10.6717 0.0
-1.46497 -10.5422 0.0
-2.69871 -10.0845 0.0
-2.72361 -10.3683 0.0
-1.46213 -10.5177 0.0
-1.44591 -10.3784 0.0
-2.6616 -9.76478 0.0
-2.69587 -10.06 0.0
-1.44235 -10.3532 0.0
-1.42141 -10.2096 0.0
-2.61419 -9.44246 0.0
-2.65803 -9.73957 0.0
-1.41711 -10.1843 0.0
-1.39139 -10.0399 0.0
-2.55659 -9.12318 0.0
-2.60989 -9.41716 0.0
-1.38634 -10.0149 0.0
-1.35591 -9.8719 0.0
-2.489 -8.81014 0.0
-2.55154 -9.09817 0.0
-1.3501 -9.84741 0.0
-1.3151 -9.70733 0.0
-2.41168 -8.50542 0.0
-2.48319 -8.78565 0.0
-1.30855 -9.68353 0.0
-1.26913 -9.54737 0.0
-2.32494 -8.21058 0.0
-2.40512 -8.48162 0.0
-1.26185 -9.52438 0.0
-1.21816 -9.39293 0.0
-2.22911 -7.92694 0.0
-2.31765 -8.1876 0.0
-1.21018 -9.37086 0.0
-1.16239 -9.24477 0.0
-2.12458 -7.65566 0.0
-2.22113 -7.90487 0.0
-1.15373 -9.22372 0.0
-1.10201 -9.10356 0.0
-2.01174 -7.39782 0.0
-2.11592 -7.63461 0.0
-1.0927 -9.08361 0.0
-1.03723 -8.9699 0.0
-1.89103 -7.15443 0.0
-2.00243 -7.37787 0.0
-1.02731 -8.95113 0.0
-0.968282 -8.84436 0.0
-1.76289 -6.92641 0.0
-1.88111 -7.13566 0.0
-0.957785 -8.82684 0.0
-0.895402 -8.72743 0.0
-1.6278 -6.71465 0.0
-1.75239 -6.9089 0.0
-0.884366 -8.71124 0.0
-0.818834 -8.61961 0.0
-1.48624 -6.51994 0.0
-1.61676 -6.69846 0.0
-0.807297 -8.60482 0.0
-0.738823 -8.52134 0.0
-1.33871 -6.34304 0.0
-1.4747 -6.50514 0.0
-0.726823 -8.50799 0.0
-0.655614 -8.43304 0.0
-1.1857 -6.18463 0.0
-1.32671 -6.32969 0.0
-0.64319 -8.4212 0.0
-0.569451 -8.35511 0.0
-1.02772 -6.04537 0.0
-1.17328 -6.17279 0.0
-0.556642 -8.34483 0.0
-0.480581 -8.28796 0.0
-0.865267 -5.92589 0.0
-1.01491 -6.03509 0.0
-0.467429 -8.27928 0.0
-0.389271 -8.23199 0.0
-0.698878 -5.82679 0.0
-0.852115 -5.91722 0.0
-0.375821 -8.22497 0.0
-0.29583 -8.18763 0.0
-0.529135 -5.74868 0.0
-0.685427 -5.81978 0.0
-0.282131 -8.18232 0.0
-0.200638 -8.15529 0.0
-0.356706 -5.69212 0.0
-0.515437 -5.74337 0.0
-0.186751 -8.15173 0.0
-0.104175 -8.13535 0.0
-0.18237 -5.65759 0.0
-0.342819 -5.68856 0.0
-0.0901698 -8.13356 0.0
-0.00702298 -8.12807 0.0
-0.00702298 -5.64545 0.0
-0.168364 -5.6558 0.0
0.00702299 -8.12807 0.0
0.0901698 -8.13356 0.0
0.168364 -5.6558 0.0
0.00702299 -5.64545 0.0
0.104175 -8.13535 0.0
0.186751 -8.15173 0.0
0.342819 -5.68856 0.0
0.18237 -5.65759 0.0
0.200638 -8.15529 0.0
0.282131 -8.18232 0.0
0.515437 -5.74337 0.0
0.356706 -5.69212 0.0
0.29583 -8.18763 0.0
0.375821 -8.22497 0.0
0.685427 -5.81978 0.0
0.529135 -5.74868 0.0
0.389272 -8.23199 0.0
0.467429 -8.27928 0.0
0.852115 -5.91722 0.0
0.698878 -5.82679 0.0
0.480581 -8.28796 0.0
0.556642 -8.34483 0.0
1.01491 -6.03509 0.0
0.865267 -5.92589 0.0
0.569451 -8.35511 0.0
0.64319 -8.4212 0.0
1.17328 -6.17279 0.0
1.02772 -6.04537 0.0
0.655614 -8.43304 0.0
0.726823 -8.50799 0.0
1.32671 -6.32969 0.0
1.1857 -6.18463 0.0
0.738823 -8.52134 0.0
0.807297 -8.60482 0.0
1.4747 -6.50514 0.0
1.33871 -6.34304 0.0
0.818834 -8.61961 0.0
0.884366 -8.71124 0.0
1.61676 -6.69846 0.0
1.48624 -6.51994 0.0
0.895402 -8.72743 0.0
0.957785 -8.82684 0.0
1.75239 -6.9089 0.0
1.6278 -6.71465 0.0
0.968282 -8.84436 0.0
1.02731 -8.95113 0.0
1.88111 -7.13566 0.0
1.76289 -6.92641 0.0
1.03723 -8.9699 0.0
1.0927 -9.08361 0.0
2.00243 -7.37787 0.0
1.89103 -7.15443 0.0
1.10201 -9.10356 0.0
1.15373 -9.22372 0.0
2.11592 -7.63461 0.0
2.01174 -7.39782 0.0
1.16239 -9.24477 0.0
1.21018 -9.37086 0.0
2.22113 -7.90487 0.0
2.12458 -7.65566 0.0
1.21816 -9.39293 0.0
1.26185 -9.52438 0.0
2.31765 -8.1876 0.0
2.22911 -7.92694 0.0
1.26913 -9.54737 0.0
1.30855 -9.68353 0.0
2.40512 -8.48162 0.0
2.32494 -8.21058 0.0
1.3151 -9.70733 0.0
1.3501 -9.84741 0.0
2.48319 -8.78565 0.0
2.41168 -8.50542 0.0
1.35591 -9.8719 0.0
1.38634 -10.0149 0.0
2.55154 -9.09817 0.0
2.489 -8.81014 0.0
1.39139 -10.0399 0.0
1.41711 -10.1843 0.0
2.60989 -9.41716 0.0
2.55659 -9.12318 0.0
1.42141 -10.2096 0.0
1.44235 -10.3532 0.0
2.65803 -9.73957 0.0
2.61419 -9.44246 0.0
1.44591 -10.3784 0.0
1.46213 -10.5177 0.0
2.69587 -10.06 0.0
2.6616 -9.76478 0.0
1.46497 -10.5422 0.0
1.47678 -10.6717 0.0
2.72361 -10.3683 0.0
2.69871 -10.0845 0.0
1.47886 -10.6944 0.0
1.48686 -10.8067 0.0
2.74195 -10.6451 0.0
2.72569 -10.3909 0.0
1.48795 -10.8257 0.0
1.49288 -10.9126 0.0
2.75214 -10.8602 0.0
2.74304 -10.6641 0.0
-2.87977 -10.6533 0.0
-4.14405 -10.4999 0.0
-4.15632 -10.8177 0.0
-2.88887 -10.8495 0.0
-2.86164 -10.3659 0.0
-4.11846 -10.0603 0.0
-4.14217 -10.4667 0.0
-2.8779 -10.6201 0.0
-2.83359 -10.043 0.0
-4.078 -9.57847 0.0
-4.1153 -10.0212 0.0
-2.85848 -10.3268 0.0
-2.79495 -9.70629 0.0
-4.02195 -9.08434 0.0
-4.07363 -9.53696 0.0
-2.82923 -10.0015 0.0
-2.74549 -9.36707 0.0
-3.95021 -8.59127 0.0
-4.01633 -9.04224 0.0
-2.78933 -9.66419 0.0
-2.68528 -9.03127 0.0
-3.86298 -8.10555 0.0
-3.9433 -8.54945 0.0
-2.73858 -9.32526 0.0
-2.61454 -8.70216 0.0
-3.76058 -7.63071 0.0
-3.85478 -8.06447 0.0
-2.67708 -8.99019 0.0
-2.53356 -8.38186 0.0
-3.64342 -7.16921 0.0
-3.75111 -7.59064 0.0
-2.60507 -8.6621 0.0
-2.44266 -8.07198 0.0
-3.51198 -6.72307 0.0
-3.63272 -7.13036 0.0
-2.52285 -8.34302 0.0
-2.34222 -7.77388 0.0
-3.36677 -6.29412 0.0
-3.50008 -6.68562 0.0
-2.43076 -8.03453 0.0
-2.23261 -7.48876 0.0
-3.20837 -5.88405 0.0
-3.35371 -6.25821 0.0
-2.32916 -7.73797 0.0
-2.11428 -7.21776 0.0
-3.03738 -5.49447 0.0
-3.19421 -5.84984 0.0
-2.21846 -7.45454 0.0
-1.98767 -6.96192 0.0
-2.85449 -5.12687 0.0
-3.02218 -5.46208 0.0
-2.09907 -7.18537 0.0
-1.85325 -6.72223 0.0
-2.66038 -4.78268 0.0
-2.83829 -5.09643 0.0
-1.97147 -6.93148 0.0
-1.71154 -6.4996 0.0
-2.4558 -4.46321 0.0
-2.64326 -4.7543 0.0
-1.83613 -6.69385 0.0
-1.56303 -6.29488 0.0
-2.2415 -4.16968 0.0
-2.43781 -4.43701 0.0
-1.69355 -6.4734 0.0
-1.40825 -6.10884 0.0
-2.01826 -3.90322 0.0
-2.22271 -4.14575 0.0
-1.54424 -6.27095 0.0
-1.24772 -5.94222 0.0
-1.78688 -3.66487 0.0
-1.99874 -3.88166 0.0
-1.38873 -6.08728 0.0
-1.08198 -5.79569 0.0
-1.54816 -3.45558 0.0
-1.7667 -3.64576 0.0
-1.22754 -5.92311 0.0
-0.911553 -5.66992 0.0
-1.30291 -3.27627 0.0
-1.52738 -3.43901 0.0
-1.0612 -5.77912 0.0
-0.737007 -5.56553 0.0
-1.05199 -3.12777 0.0
-1.2816 -3.2623 0.0
-0.890244 -5.65596 0.0
-0.558955 -5.48315 0.0
-0.796312 -3.01088 0.0
-1.03023 -3.11648 0.0
-0.715247 -5.55425 0.0
-0.378094 -5.42337 0.0
-0.536868 -2.92634 0.0
-0.774182 -3.00235 0.0
-0.536825 -5.47462 0.0
-0.195239 -5.38668 0.0
-0.274788 -2.87475 0.0
-0.514462 -2.92061 0.0
-0.355688 -5.41764 0.0
-0.0113188 -5.37345 0.0
-0.0113188 -2.85655 0.0
-0.252209 -2.87188 0.0
-0.17266 -5.38381 0.0
0.17266 -5.38381 0.0
0.252209 -2.87188 0.0
0.0113188 -2.85655 0.0
0.0113188 -5.37345 0.0
0.355688 -5.41764 0.0
0.514462 -2.92061 0.0
0.274788 -2.87475 0.0
0.195239 -5.38668 0.0
0.536825 -5.47462 0.0
0.774182 -3.00235 0.0
0.536868 -2.92634 0.0
0.378094 -5.42337 0.0
0.715247 -5.55425 0.0
1.03023 -3.11648 0.0
0.796312 -3.01088 0.0
0.558955 -5.48315 0.0
0.890244 -5.65596 0.0
1.2816 -3.2623 0.0
1.05199 -3.12777 0.0
0.737007 -5.56553 0.0
1.0612 -5.77912 0.0
1.52738 -3.43901 0.0
1.30291 -3.27627 0.0
0.911553 -5.66992 0.0
1.22754 -5.92311 0.0
1.7667 -3.64576 0.0
1.54816 -3.45558 0.0
1.08198 -5.79569 0.0
1.38873 -6.08728 0.0
1.99874 -3.88166 0.0
1.78688 -3.66487 0.0
1.24772 -5.94222 0.0
1.54424 -6.27095 0.0
2.22271 -4.14575 0.0
2.01826 -3.90322 0.0
1.40825 -6.10884 0.0
1.69355 -6.4734 0.0
2.43781 -4.43701 0.0
2.2415 -4.16968 0.0
1.56303 -6.29488 0.0
1.83613 -6.69385 0.0
2.64326 -4.7543 0.0
2.4558 -4.46321 0.0
1.71154 -6.4996 0.0
1.97147 -6.93148 0.0
2.83829 -5.09643 0.0
2.66038 -4.78268 0.0
1.85325 -6.72223 0.0
2.09907 -7.18537 0.0
3.02218 -5.46208 0.0
2.85449 -5.12687 0.0
1.98767 -6.96192 0.0
2.21846 -7.45454 0.0
3.19421 -5.84984 0.0
3.03738 -5.49447 0.0
2.11428 -7.21776 0.0
2.32916 -7.73797 0.0
3.35371 -6.25821 0.0
3.20837 -5.88405 0.0
2.23261 -7.48876 0.0
2.43076 -8.03453 0.0
3.50008 -6.68562 0.0
3.36677 -6.29412 0.0
2.34222 -7.77388 0.0
2.52285 -8.34302 0.0
3.63272 -7.13036 0.0
3.51198 -6.72307 0.0
2.44266 -8.07198 0.0
2.60507 -8.6621 0.0
3.75111 -7.59064 0.0
3.64342 -7.16921 0.0
2.53356 -8.38186 0.0
2.67708 -8.99019 0.0
3.85478 -8.06447 0.0
3.76058 -7.63071 0.0
2.61454 -8.70216 0.0
2.73858 -9.32526 0.0
3.9433 -8.54945 0.0
3.86298 -8.10555 0.0
2.68528 -9.03127 0.0
2.78933 -9.66419 0.0
4.01633 -9.04224 0.0
3.95021 -8.59127 0.0
2.74549 -9.36707 0.0
2.82923 -10.0015 0.0
4.07363 -9.53696 0.0
4.02195 -9.08434 0.0
2.79495 -9.70629 0.0
2.85848 -10.3268 0.0
4.1153 -10.0212 0.0
4.078 -9.57847 0.0
2.83359 -10.043 0.0
2.8779 -10.6201 0.0
4.14217 -10.4667 0.0
4.11846 -10.0603 0.0
2.86164 -10.3659 0.0
2.87977 -10.6533 0.0
2.88887 -10.8495 0.0
4.15632 -10.8177 0.0
4.14405 -10.4999 0.0
-4.28321 -10.4901 0.0
-5.54896 -10.3382 0.0
-5.56413 -10.7855 0.0
-4.29547 -10.8078 0.0
-4.257 -10.035 0.0
-5.5154 -9.72652 0.0
-5.54648 -10.2896 0.0
-4.28072 -10.4415 0.0
-4.21552 -9.53596 0.0
-5.46155 -9.0679 0.0
-5.51123 -9.67015 0.0
-4.25283 -9.97866 0.0
-4.15792 -9.02442 0.0
-5.38657 -8.39955 0.0
-5.45562 -9.00898 0.0
-4.2096 -9.47704 0.0
-4.08405 -8.51424 0.0
-5.29046 -7.73612 0.0
-5.37882 -8.34034 0.0
-4.15016 -8.96521 0.0
-3.99413 -8.01182 0.0
-5.17355 -7.08415 0.0
-5.28087 -7.6776 0.0
-4.07446 -8.45572 0.0
-3.88852 -7.52072 0.0
-5.03628 -6.44746 0.0
-5.16213 -7.02681 0.0
-3.98272 -7.95448 0.0
-3.76765 -7.04343 0.0
-4.87923 -5.82896 0.0
-5.02309 -6.39161 0.0
-3.87533 -7.46486 0.0
-3.63199 -6.58202 0.0
-4.70301 -5.23118 0.0
-4.8643 -5.77484 0.0
-3.75272 -6.98931 0.0
-3.48208 -6.13836 0.0
-4.50831 -4.65652 0.0
-4.68641 -5.17902 0.0
-3.61539 -6.52986 0.0
-3.31853 -5.71421 0.0
-4.29592 -4.10721 0.0
-4.49011 -4.60652 0.0
-3.46388 -6.08837 0.0
-3.14196 -5.31121 0.0
-4.06666 -3.58542 0.0
-4.27618 -4.05959 0.0
-3.29878 -5.66658 0.0
-2.95307 -4.93093 0.0
-3.82142 -3.09315 0.0
-4.04546 -3.54034 0.0
-3.12076 -5.26613 0.0
-2.75258 -4.57482 0.0
-3.56116 -2.63231 0.0
-3.79884 -3.05079 0.0
-2.93049 -4.88857 0.0
-2.54125 -4.24426 0.0
-3.28688 -2.20468 0.0
-3.53729 -2.59284 0.0
-2.72871 -4.53535 0.0
-2.31986 -3.9405 0.0
-2.9996 -1.8119 0.0
-3.26181 -2.16824 0.0
-2.51617 -4.20782 0.0
-2.08923 -3.66471 0.0
-2.70039 -1.45549 0.0
-2.97342 -1.77864 0.0
-2.29368 -3.90724 0.0
-1.85018 -3.41797 0.0
-2.39035 -1.13684 0.0
-2.6732 -1.42554 0.0
-2.06204 -3.63475 0.0
-1.60354 -3.20127 0.0
-2.07058 -0.857226 0.0
-2.36224 -1.11031 0.0
-1.82207 -3.39144 0.0
-1.35015 -3.01553 0.0
-1.74223 -0.617826 0.0
-2.04166 -0.834234 0.0
-1.57461 -3.17827 0.0
-1.0909 -2.86164 0.0
-1.40646 -0.419724 0.0
-1.71259 -0.598472 0.0
-1.32051 -2.99618 0.0
-0.826739 -2.74041 0.0
-1.06452 -0.26392 0.0
-1.37622 -0.404101 0.0
-1.06066 -2.84602 0.0
-0.55869 -2.6526 0.0
-0.71774 -0.151304 0.0
-1.03378 -0.252114 0.0
-0.796004 -2.72861 0.0
-0.287916 -2.59882 0.0
-0.367601 -0.082606 0.0
-0.68664 -0.143387 0.0
-0.52759 -2.64468 0.0
-0.015701 -2.57952 0.0
-0.015701 -0.0583205 0.0
-0.336276 -0.0786326 0.0
-0.256591 -2.59485 0.0
0.256591 -2.59485 0.0
0.336276 -0.0786326 0.0
0.015701 -0.0583205 0.0
0.015701 -2.57952 0.0
0.52759 -2.64468 0.0
0.68664 -0.143387 0.0
0.367601 -0.082606 0.0
0.287916 -2.59882 0.0
0.796004 -2.72861 0.0
1.03378 -0.252114 0.0
0.71774 -0.151304 0.0
0.55869 -2.6526 0.0
1.06066 -2.84602 0.0
1.37622 -0.404101 0.0
1.06452 -0.26392 0.0
0.826739 -2.74041 0.0
1.32051 -2.99618 0.0
1.71259 -0.598472 0.0
1.40646 -0.419724 0.0
1.0909 -2.86164 0.0
1.57461 -3.17827 0.0
2.04166 -0.834234 0.0
1.74223 -0.617826 0.0
1.35015 -3.01553 0.0
1.82207 -3.39144 0.0
2.36224 -1.11031 0.0
2.07058 -0.857226 0.0
1.60354 -3.20127 0.0
2.06204 -3.63475 0.0
2.6732 -1.42554 0.0
2.39035 -1.13684 0.0
1.85018 -3.41797 0.0
2.29368 -3.90724 0.0
2.97342 -1.77864 0.0
2.70039 -1.45549 0.0
2.08923 -3.66471 0.0
2.51617 -4.20782 0.0
3.26181 -2.16824 0.0
2.9996 -1.8119 0.0
2.31986 -3.9405 0.0
2.72871 -4.53535 0.0
3.53729 -2.59284 0.0
3.28688 -2.20468 0.0
2.54125 -4.24426 0.0
2.93049 -4.88857 0.0
3.79884 -3.05079 0.0
3.56116 -2.63231 0.0
2.75258 -4.57482 0.0
3.12076 -5.26613 0.0
4.04546 -3.54034 0.0
3.82142 -3.09315 0.0
2.95307 -4.93093 0.0
3.29878 -5.66658 0.0
4.27618 -4.05959 0.0
4.06666 -3.58542 0.0
3.14196 -5.31121 0.0
3.46388 -6.08837 0.0
4.49011 -4.60652 0.0
4.29592 -4.10721 0.0
3.31853 -5.71421 0.0
3.61539 -6.52986 0.0
4.68641 -5.17902 0.0
4.50831 -4.65652 0.0
3.48208 -6.13836 0.0
3.75272 -6.98931 0.0
4.8643 -5.77484 0.0
4.70301 -5.23118 0.0
3.63199 -6.58202 0.0
3.87533 -7.46486 0.0
5.02309 -6.39161 0.0
4.87923 -5.82896 0.0
3.76765 -7.04343 0.0
3.98272 -7.95448 0.0
5.16213 -7.02681 0.0
5.03628 -6.44746 0.0
3.88852 -7.52072 0.0
4.07446 -8.45572 0.0
5.28087 -7.6776 0.0
5.17355 -7.08415 0.0
3.99413 -8.01182 0.0
4.15016 -8.96521 0.0
5.37882 -8.34034 0.0
5.29046 -7.73612 0.0
4.08405 -8.51424 0.0
4.2096 -9.47704 0.0
5.45562 -9.00898 0.0
5.38657 -8.39955 0.0
4.15792 -9.02442 0.0
4.25283 -9.97866 0.0
5.51123 -9.67015 0.0
5.46155 -9.0679 0.0
4.21552 -9.53596 0.0
4.28072 -10.4415 0.0
5.54648 -10.2896 0.0
5.5154 -9.72652 0.0
4.257 -10.035 0.0
4.28321 -10.4901 0.0
4.29547 -10.8078 0.0
5.56413 -10.7855 0.0
5.54896 -10.3382 0.0
-5.68888 -10.3287 0.0
-6.95492 -10.1768 0.0
-6.97287 -10.7593 0.0
-5.70405 -10.776 0.0
-5.65476 -9.70104 0.0
-6.91345 -9.39057 0.0
-6.95187 -10.1122 0.0
-5.68583 -10.2641 0.0
-5.59987 -9.02491 0.0
-6.84616 -8.55513 0.0
-6.90824 -9.31669 0.0
-5.64955 -9.62716 0.0
-5.52329 -8.33909 0.0
-6.7522 -7.71312 0.0
-6.83863 -8.47875 0.0
-5.59234 -8.94852 0.0
-5.42502 -7.65855 0.0
-6.63168 -6.87977 0.0
-6.74228 -7.63681 0.0
-5.51338 -8.26278 0.0
-5.30539 -6.98987 0.0
-6.48504 -6.06176 0.0
-6.61938 -6.80453 0.0
-5.41272 -7.58332 0.0
-5.16489 -6.33688 0.0
-6.31289 -5.26329 0.0
-6.4704 -5.98812 0.0
-5.29074 -6.91622 0.0
-5.00409 -5.70252 0.0
-6.1159 -4.48776 0.0
-6.29595 -5.19159 0.0
-5.14795 -6.26517 0.0
-4.82363 -5.08941 0.0
-5.89487 -3.73828 0.0
-6.09674 -4.4183 0.0
-4.98493 -5.63307 0.0
-4.62422 -4.49997 0.0
-5.65066 -3.01782 0.0
-5.87355 -3.67135 0.0
-4.80231 -5.02247 0.0
-4.40665 -3.93651 0.0
-5.38424 -2.32919 0.0
-5.62728 -2.95367 0.0
-4.60084 -4.43582 0.0
-4.17178 -3.40123 0.0
-5.09666 -1.67508 0.0
-5.35889 -2.26808 0.0
-4.3813 -3.8754 0.0
-3.92052 -2.89621 0.0
-4.78905 -1.05805 0.0
-5.06944 -1.61725 0.0
-4.14455 -3.34339 0.0
-3.65384 -2.42339 0.0
-4.46259 -0.480475 0.0
-4.76005 -1.00371 0.0
-3.89152 -2.84187 0.0
-3.37277 -1.98461 0.0
-4.11855 0.0554016 0.0
-4.43194 -0.429847 0.0
-3.62319 -2.37276 0.0
-3.07837 -1.58154 0.0
-3.75823 0.547508 0.0
-4.08636 0.102124 0.0
-3.34058 -1.93788 0.0
-2.77173 -1.21575 0.0
-3.383 0.993937 0.0
-3.72462 0.590145 0.0
-3.04476 -1.5389 0.0
-2.45398 -0.888672 0.0
-2.99424 1.39294 0.0
-3.34809 1.03232 0.0
-2.73683 -1.17737 0.0
-2.12625 -0.601606 0.0
-2.59336 1.74293 0.0
-2.95817 1.42692 0.0
-2.41791 -0.854692 0.0
-1.78971 -0.35576 0.0
-2.18184 2.04245 0.0
-2.55626 1.77237 0.0
-2.08914 -0.572169 0.0
-1.44557 -0.152246 0.0
-1.76116 2.29018 0.0
-2.14383 2.06722 0.0
-1.7517 -0.330993 0.0
-1.0951 0.00791593 0.0
-1.33289 2.48492 0.0
-1.72239 2.31016 0.0
-1.4068 -0.132265 0.0
-0.739671 0.123818 0.0
-0.898731 2.62562 0.0
-1.29351 2.50001 0.0
-1.05571 0.0230078 0.0
-0.380795 0.194714 0.0
-0.460485 2.71143 0.0
-0.858895 2.63573 0.0
-0.699834 0.133933 0.0
-0.0201049 0.220101 0.0
-0.0201049 2.7418 0.0
-0.420369 2.71651 0.0
-0.34068 0.199789 0.0
0.34068 0.199789 0.0
0.420369 2.71651 0.0
0.020105 2.7418 0.0
0.020105 0.220101 0.0
0.699834 0.133933 0.0
0.858895 2.63573 0.0
0.460485 2.71143 0.0
0.380795 0.194714 0.0
1.05571 0.0230078 0.0
1.29351 2.50001 0.0
0.898731 2.62562 0.0
0.739671 0.123818 0.0
1.4068 -0.132265 0.0
1.72239 2.31016 0.0
1.33289 2.48492 0.0
1.0951 0.00791593 0.0
1.7517 -0.330993 0.0
2.14383 2.06722 0.0
1.76116 2.29018 0.0
1.44557 -0.152246 0.0
2.08914 -0.572169 0.0
2.55626 1.77237 0.0
2.18184 2.04245 0.0
1.78971 -0.35576 0.0
2.41791 -0.854692 0.0
2.95817 1.42692 0.0
2.59336 1.74293 0.0
2.12625 -0.601606 0.0
2.73683 -1.17737 0.0
3.34809 1.03232 0.0
2.99424 1.39294 0.0
2.45398 -0.888672 0.0
3.04476 -1.5389 0.0
3.72462 0.590145 0.0
3.383 0.993937 0.0
2.77173 -1.21575 0.0
3.34058 -1.93788 0.0
4.08636 0.102124 0.0
3.75823 0.547508 0.0
3.07837 -1.58154 0.0
3.62319 -2.37276 0.0
4.43194 -0.429847 0.0
4.11855 0.0554016 0.0
3.37277 -1.98461 0.0
3.89152 -2.84187 0.0
4.76005 -1.00371 0.0
4.46259 -0.480475 0.0
3.65384 -2.42339 0.0
4.14455 -3.34339 0.0
5.06944 -1.61725 0.0
4.78905 -1.05805 0.0
3.92052 -2.89621 0.0
4.3813 -3.8754 0.0
5.35889 -2.26808 0.0
5.09666 -1.67508 0.0
4.17178 -3.40123 0.0
4.60084 -4.43582 0.0
5.62728 -2.95367 0.0
5.38424 -2.32919 0.0
4.40665 -3.93651 0.0
4.80231 -5.02247 0.0
5.87355 -3.67135 0.0
5.65066 -3.01782 0.0
4.62422 -4.49997 0.0
4.98493 -5.63307 0.0
6.09674 -4.4183 0.0
5.89487 -3.73828 0.0
4.82363 -5.08941 0.0
5.14795 -6.26517 0.0
6.29595 -5.19159 0.0
6.1159 -4.48776 0.0
5.00409 -5.70252 0.0
5.29074 -6.91622 0.0
6.4704 -5.98812 0.0
6.31289 -5.26329 0.0
5.16489 -6.33688 0.0
5.41272 -7.58332 0.0
6.61938 -6.80453 0.0
6.48504 -6.06176 0.0
5.30539 -6.98987 0.0
5.51338 -8.26278 0.0
6.74228 -7.63681 0.0
6.63168 -6.87977 0.0
5.42502 -7.65855 0.0
5.59234 -8.94852 0.0
6.83863 -8.47875 0.0
6.7522 -7.71312 0.0
5.52329 -8.33909 0.0
5.64955 -9.62716 0.0
6.90824 -9.31669 0.0
6.84616 -8.55513 0.0
5.59987 -9.02491 0.0
5.68583 -10.2641 0.0
6.95187 -10.1122 0.0
6.91345 -9.39057 0.0
5.65476 -9.70104 0.0
5.68888 -10.3287 0.0
5.70405 -10.776 0.0
6.97287 -10.7593 0.0
6.95492 -10.1768 0.0
-7.09517 -10.1676 0.0
-8.36127 -10.0152 0.0
-8.38192 -10.7369 0.0
-7.11312 -10.75 0.0
-7.05316 -9.36493 0.0
-8.31189 -9.0531 0.0
-8.35767 -9.93417 0.0
-7.09158 -10.0865 0.0
-6.98481 -8.51188 0.0
-8.23114 -8.04117 0.0
-8.30563 -8.9616 0.0
-7.04689 -9.27343 0.0
-6.88923 -7.65243 0.0
-8.11817 -7.02597 0.0
-8.22199 -7.94734 0.0
-6.97566 -8.41805 0.0
-6.76652 -6.80198 0.0
-7.97322 -6.02296 0.0
-8.10607 -6.93256 0.0
-6.87713 -7.55902 0.0
-6.61717 -5.96725 0.0
-7.79686 -5.03904 0.0
-7.9582 -5.931 0.0
-6.7515 -6.71002 0.0
-6.44177 -5.15246 0.0
-7.5898 -4.07881 0.0
-7.77897 -4.94907 0.0
-6.59927 -5.87729 0.0
-6.24102 -4.36105 0.0
-7.35287 -3.14624 0.0
-7.56911 -3.99124 0.0
-6.42107 -5.06489 0.0
-6.01574 -3.59621 0.0
-7.08701 -2.24504 0.0
-7.32946 -3.06142 0.0
-6.21761 -4.27623 0.0
-5.7668 -2.86094 0.0
-6.79328 -1.37875 0.0
-7.06097 -2.1633 0.0
-5.9897 -3.51447 0.0
-5.4952 -2.15813 0.0
-6.47282 -0.550765 0.0
-6.76471 -1.30042 0.0
-5.73824 -2.78261 0.0
-5.202 -1.49052 0.0
-6.12691 0.235678 0.0
-6.44185 -0.476144 0.0
-5.46423 -2.08351 0.0
-4.88835 -0.860699 0.0
-5.7569 0.97751 0.0
-6.09365 0.306295 0.0
-5.16873 -1.4199 0.0
-4.55546 -0.271124 0.0
-5.36423 1.67185 0.0
-5.72147 1.04385 0.0
-4.85292 -0.79436 0.0
-4.20462 0.275929 0.0
-4.95041 2.31599 0.0
-5.32678 1.73365 0.0
-4.51801 -0.209319 0.0
-3.83717 0.778341 0.0
-4.51704 2.90745 0.0
-4.91108 2.37302 0.0
-4.16529 0.332958 0.0
-3.45449 1.23417 0.0
-4.06576 3.44392 0.0
-4.47598 2.95948 0.0
-3.79611 0.830374 0.0
-3.05799 1.64162 0.0
-3.59825 3.92329 0.0
-4.02312 3.49075 0.0
-3.41185 1.281 0.0
-2.64914 1.99908 0.0
-3.11625 4.34367 0.0
-3.5542 3.96474 0.0
-3.01394 1.68307 0.0
-2.22941 2.30505 0.0
-2.62153 4.70331 0.0
-3.07094 4.37956 0.0
-2.60383 2.03497 0.0
-1.80034 2.5582 0.0
-2.11592 5.00067 0.0
-2.57513 4.7335 0.0
-2.18301 2.33524 0.0
-1.36353 2.7573 0.0
-1.60132 5.23433 0.0
-2.0686 5.02501 0.0
-1.75303 2.58255 0.0
-0.920704 2.90129 0.0
-1.07975 5.40311 0.0
-1.55327 5.25271 0.0
-1.31548 2.77568 0.0
-0.473704 2.98931 0.0
-0.553388 5.50604 0.0
-1.03116 5.41542 0.0
-0.872114 2.91361 0.0
-0.0245171 3.02078 0.0
-0.0245137 5.54249 0.0
-0.504466 5.51222 0.0
-0.424781 2.99549 0.0
0.424781 2.99549 0.0
0.504466 5.51222 0.0
0.0245208 5.54249 0.0
0.0245173 3.02078 0.0
0.872114 2.91361 0.0
1.03116 5.41542 0.0
0.553388 5.50604 0.0
0.473704 2.98931 0.0
1.31548 2.77568 0.0
1.55327 5.25271 0.0
1.07975 5.40311 0.0
0.920704 2.90129 0.0
1.75303 2.58255 0.0
2.0686 5.02501 0.0
1.60132 5.23433 0.0
1.36353 2.7573 0.0
2.18301 2.33524 0.0
2.57513 4.7335 0.0
2.11592 5.00067 0.0
1.80034 2.5582 0.0
2.60383 2.03497 0.0
3.07094 4.37956 0.0
2.62153 4.70331 0.0
2.22941 2.30505 0.0
3.01394 1.68307 0.0
3.5542 3.96474 0.0
3.11625 4.34367 0.0
2.64914 1.99908 0.0
3.41185 1.281 0.0
4.02312 3.49075 0.0
3.59825 3.92329 0.0
3.05799 1.64162 0.0
3.79611 0.830374 0.0
4.47598 2.95948 0.0
4.06576 3.44392 0.0
3.45449 1.23417 0.0
4.16529 0.332958 0.0
4.91108 2.37302 0.0
4.51704 2.90745 0.0
3.83717 0.778341 0.0
4.51801 -0.209319 0.0
5.32678 1.73365 0.0
4.95041 2.31599 0.0
4.20462 0.275929 0.0
4.85292 -0.79436 0.0
5.72147 1.04385 0.0
5.36423 1.67185 0.0
4.55546 -0.271124 0.0
5.16873 -1.4199 0.0
6.09365 0.306295 0.0
5.7569 0.97751 0.0
4.88835 -0.860699 0.0
5.46423 -2.08351 0.0
6.44185 -0.476143 0.0
6.12691 0.235678 0.0
5.202 -1.49052 0.0
5.73824 -2.78261 0.0
6.76471 -1.30042 0.0
6.47282 -0.550765 0.0
5.4952 -2.15813 0.0
5.9897 -3.51447 0.0
7.06097 -2.1633 0.0
6.79328 -1.37875 0.0
5.7668 -2.86094 0.0
6.21761 -4.27623 0.0
7.32946 -3.06142 0.0
7.08701 -2.24504 0.0
6.01574 -3.59621 0.0
6.42107 -5.06489 0.0
7.56911 -3.99124 0.0
7.35287 -3.14624 0.0
6.24102 -4.36105 0.0
6.59927 -5.87729 0.0
7.77897 -4.94907 0.0
7.5898 -4.07881 0.0
6.44177 -5.15246 0.0
6.7515 -6.71002 0.0
7.9582 -5.931 0.0
7.79686 -5.03904 0.0
6.61717 -5.96725 0.0
6.87713 -7.55902 0.0
8.10607 -6.93256 0.0
7.97322 -6.02296 0.0
6.76652 -6.80198 0.0
6.97566 -8.41805 0.0
8.22199 -7.94734 0.0
8.11817 -7.02597 0.0
6.88923 -7.65243 0.0
7.04689 -9.27343 0.0
8.30563 -8.9616 0.0
8.23114 -8.04117 0.0
6.98481 -8.51188 0.0
7.09158 -10.0865 0.0
8.35767 -9.93417 0.0
8.31189 -9.0531 0.0
7.05316 -9.36493 0.0
7.09517 -10.1676 0.0
7.11312 -10.75 0.0
8.38192 -10.7369 0.0
8.36127 -10.0152 0.0
-8.50168 -10.0061 0.0
-9.21249 -9.92056 0.0
-9.76761 -9.85317 0.0
-9.7909 -10.7172 0.0
-8.52234 -10.7278 0.0
-9.17307 -9.83113 0.0
-8.46226 -9.91665 0.0
-8.41649 -9.03558 0.0
-9.00432 -8.88937 0.0
-8.99765 -8.7859 0.0
-8.40981 -8.9321 0.0
-8.33533 -8.01167 0.0
-8.87848 -7.80766 0.0
-9.15633 -8.74607 0.0
-8.86855 -7.70159 0.0
-8.32539 -7.9056 0.0
-8.22157 -6.98424 0.0
-8.72897 -6.72727 0.0
-9.09429 -7.61352 0.0
-8.71565 -6.62152 0.0
-8.20825 -6.87849 0.0
-8.0754 -5.96889 0.0
-8.55334 -5.66219 0.0
-8.98837 -6.47913 0.0
-8.53666 -5.55794 0.0
-8.05873 -5.86463 0.0
-7.89739 -4.97267 0.0
-8.34947 -4.61885 0.0
-8.84145 -5.35772 0.0
-8.32941 -4.51661 0.0
-7.87733 -4.87043 0.0
-7.68816 -4.00017 0.0
-8.12133 -3.59698 0.0
-8.65012 -4.26082 0.0
-8.42098 -3.19192 0.0
-8.09803 -3.49735 0.0
-7.66487 -3.90054 0.0
-7.44863 -3.05554 0.0
-7.86456 -2.60301 0.0
-8.15238 -2.15954 0.0
-7.83805 -2.50638 0.0
-7.42212 -2.95892 0.0
-7.17968 -2.14254 0.0
-7.58223 -1.63672 0.0
-7.85034 -1.16476 0.0
-7.55269 -1.54357 0.0
-7.15015 -2.04939 0.0
-6.88245 -1.26483 0.0
-7.27117 -0.705434 0.0
-7.51405 -0.215062 0.0
-7.23869 -0.616112 0.0
-6.84996 -1.17551 0.0
-6.55807 -0.425862 0.0
-6.93428 0.190772 0.0
-7.14858 0.689651 0.0
-6.89904 0.275861 0.0
-6.52283 -0.340774 0.0
-6.2079 0.371047 0.0
-6.56969 1.04438 0.0
-6.53181 1.12491 0.0
-6.17002 0.451578 0.0
-5.83327 1.12279 0.0
-6.17944 1.85356 0.0
-6.75463 1.54435 0.0
-6.13906 1.92922 0.0
-5.79289 1.19845 0.0
-5.43564 1.82645 0.0
-5.76529 2.61656 0.0
-6.33341 2.34427 0.0
-5.72262 2.68703 0.0
-5.39297 1.89692 0.0
-5.01661 2.47926 0.0
-5.32694 3.3264 0.0
-5.88885 3.09031 0.0
-5.28212 3.39142 0.0
-4.97179 2.54428 0.0
-4.57775 3.07871 0.0
-4.86665 3.98179 0.0
-5.42196 3.77811 0.0
-4.81986 4.0411 0.0
-4.53096 3.13802 0.0
-4.12073 3.62245 0.0
-4.38598 4.57984 0.0
-4.93473 4.40533 0.0
-4.3374 4.63321 0.0
-4.07215 3.67583 0.0
-3.64727 4.10837 0.0
-3.88662 5.1179 0.0
-4.42915 4.96985 0.0
-3.83641 5.16513 0.0
-3.59707 4.1556 0.0
-3.15912 4.53453 0.0
-3.37066 5.59527 0.0
-3.9068 5.46799 0.0
-3.31905 5.63616 0.0
-3.1075 4.57541 0.0
-2.65809 4.89917 0.0
-2.83926 6.00637 0.0
-3.37061 5.90142 0.0
-2.78642 6.04074 0.0
-2.60524 4.93354 0.0
-2.14603 5.20071 0.0
-2.29476 6.35094 0.0
-2.82212 6.26683 0.0
-2.24088 6.37865 0.0
-2.09214 5.22842 0.0
-1.62486 5.43774 0.0
-1.73919 6.62723 0.0
-2.26343 6.56282 0.0
-1.68456 6.64706 0.0
-1.57023 5.45757 0.0
-1.09671 5.60797 0.0
-1.17241 6.79496 0.0
-1.69679 6.78705 0.0
-1.11726 6.8077 0.0
-1.04156 5.62071 0.0
-0.563789 5.71132 0.0
-0.601329 6.88385 0.0
-1.12443 6.93948 0.0
-0.545387 6.89327 0.0
-0.507847 5.72073 0.0
-0.0278947 5.751 0.0
-0.0272377 6.9049 0.0
-0.028496 7.03291 0.0
-0.548288 7.02344 0.0
0.029064 6.9013 0.0
0.028407 5.7474 0.0
0.508352 5.71713 0.0
0.545908 6.89015 0.0
0.548768 7.02027 0.0
0.601346 6.88438 0.0
0.563791 5.71135 0.0
1.04157 5.62074 0.0
1.1173 6.8083 0.0
1.12448 6.94015 0.0
1.17245 6.79557 0.0
1.09672 5.60801 0.0
1.57023 5.45761 0.0
1.68447 6.64621 0.0
1.69686 6.78783 0.0
1.73911 6.62633 0.0
1.62487 5.43774 0.0
2.09215 5.22842 0.0
2.24074 6.37754 0.0
2.26356 6.56372 0.0
2.29462 6.34982 0.0
2.14603 5.2007 0.0
2.60525 4.93354 0.0
2.78619 6.03935 0.0
2.82232 6.26795 0.0
2.83905 6.00497 0.0
2.6581 4.89916 0.0
3.10751 4.57541 0.0
3.31905 5.6361 0.0
3.3709 5.90283 0.0
3.37065 5.59522 0.0
3.15912 4.53453 0.0
3.59707 4.1556 0.0
3.8367 5.16636 0.0
3.90681 5.46804 0.0
3.8869 5.11913 0.0
3.64726 4.10837 0.0
4.07214 3.67583 0.0
4.33759 4.63394 0.0
4.42879 4.96861 0.0
4.38618 4.58057 0.0
4.12072 3.62245 0.0
4.53095 3.13802 0.0
4.81989 4.04122 0.0
4.93448 4.4046 0.0
4.86669 3.98191 0.0
4.57775 3.07871 0.0
4.97179 2.54428 0.0
5.2819 3.3908 0.0
5.42192 3.77799 0.0
5.32672 3.32578 0.0
5.01661 2.47926 0.0
5.39298 1.89692 0.0
5.722 2.68553 0.0
5.88912 3.09093 0.0
5.76469 2.61506 0.0
5.43566 1.82644 0.0
5.79291 1.19844 0.0
6.1396 1.93031 0.0
6.33415 2.34578 0.0
6.17995 1.85466 0.0
5.83326 1.1228 0.0
6.17 0.451583 0.0
6.53175 1.12484 0.0
6.75402 1.54325 0.0
6.56965 1.0443 0.0
6.2079 0.371047 0.0
6.52283 -0.340774 0.0
6.89814 0.274404 0.0
7.14863 0.689735 0.0
6.93341 0.189303 0.0
6.5581 -0.425875 0.0
6.84998 -1.17553 0.0
7.23917 -0.615463 0.0
7.51508 -0.213618 0.0
7.27163 -0.704765 0.0
6.88244 -1.26483 0.0
7.15013 -2.04938 0.0
7.55181 -1.54466 0.0
7.8498 -1.16541 0.0
7.58138 -1.63783 0.0
7.1797 -2.14255 0.0
7.42214 -2.95893 0.0
7.83863 -2.50578 0.0
8.15338 -2.15849 0.0
7.86511 -2.60239 0.0
7.44862 -3.05553 0.0
7.66485 -3.90053 0.0
8.09836 -3.49702 0.0
8.42033 -3.1925 0.0
8.12167 -3.59665 0.0
7.68816 -4.00016 0.0
7.87732 -4.87042 0.0
8.32933 -4.51666 0.0
8.64973 -4.26112 0.0
8.3494 -4.61891 0.0
7.89739 -4.97267 0.0
8.05873 -5.86464 0.0
8.536 -5.55837 0.0
8.84153 -5.35767 0.0
8.55268 -5.66264 0.0
8.07541 -5.96891 0.0
8.20826 -6.87851 0.0
8.71431 -6.62223 0.0
8.98911 -6.47878 0.0
8.72764 -6.72799 0.0
8.22159 -6.98427 0.0
8.32541 -7.90564 0.0
8.86916 -7.7014 0.0
9.09577 -7.613 0.0
8.87907 -7.80742 0.0
8.33532 -8.01165 0.0
8.40981 -8.93209 0.0
8.99739 -8.78594 0.0
9.15569 -8.7462 0.0
9.00407 -8.88944 0.0
8.41649 -9.03559 0.0
8.46227 -9.91666 0.0
9.17334 -9.83111 0.0
8.50168 -10.0061 0.0
8.52234 -10.7278 0.0
9.7909 -10.7172 0.0
9.76761 -9.85317 0.0
9.21276 -9.92053 0.0
-9.90805 -9.8441 0.0
-10.6146 -9.7566 0.0
-11.1728 -9.69087 0.0
-11.1985 -10.6996 0.0
-9.93134 -10.7081 0.0
-10.5747 -9.65085 0.0
-9.86819 -9.73835 0.0
-9.81514 -8.69751 0.0
-10.403 -8.56106 0.0
-10.3953 -8.44027 0.0
-9.80747 -8.57672 0.0
-9.72058 -7.49785 0.0
-10.2698 -7.30286 0.0
-10.5433 -8.38335 0.0
-10.2583 -7.17959 0.0
-9.70905 -7.37458 0.0
-9.58786 -6.29781 0.0
-10.1001 -6.04998 0.0
-10.4684 -7.075 0.0
-10.0846 -5.92724 0.0
-9.57237 -6.17506 0.0
-9.41729 -5.11308 0.0
-9.90026 -4.81476 0.0
-10.3425 -5.7696 0.0
-9.88091 -4.69385 0.0
-9.39793 -4.99217 0.0
-9.20961 -3.95108 0.0
-9.66577 -3.60561 0.0
-10.1715 -4.48007 0.0
-9.95135 -3.21809 0.0
-9.64251 -3.48706 0.0
-9.18635 -3.83253 0.0
-8.96554 -2.81687 0.0
-9.40155 -2.42253 0.0
-9.68869 -1.98747 0.0
-9.37456 -2.30702 0.0
-8.93855 -2.70136 0.0
-8.68614 -1.71521 0.0
-9.10328 -1.27275 0.0
-9.38124 -0.797799 0.0
-9.07257 -1.1607 0.0
-8.65543 -1.60315 0.0
-8.37242 -0.650418 0.0
-8.77493 -0.156047 0.0
-9.03549 0.349396 0.0
-8.74072 -0.0480187 0.0
-8.33821 -0.542389 0.0
-8.02572 0.373192 0.0
-8.41317 0.919422 0.0
-8.65019 1.44539 0.0
-8.37552 1.02303 0.0
-7.98807 0.476804 0.0
-7.64733 1.35163 0.0
-8.0216 1.95371 0.0
-8.23109 2.49003 0.0
-7.98076 2.05242 0.0
-7.60649 1.45034 0.0
-7.23884 2.28099 0.0
-7.59815 2.93831 0.0
-7.77885 3.47737 0.0
-7.55424 3.03174 0.0
-7.19493 2.37443 0.0
-6.80182 3.15766 0.0
-7.14527 3.87124 0.0
-7.09847 3.95902 0.0
-6.75502 3.24544 0.0
-6.33799 3.9782 0.0
-6.66419 4.74854 0.0
-7.29585 4.40385 0.0
-6.61467 4.83032 0.0
-6.28847 4.05998 0.0
-5.84912 4.73941 0.0
-6.15714 5.56852 0.0
-6.7835 5.26406 0.0
-6.10515 5.64396 0.0
-5.79713 4.81485 0.0
-5.33717 5.43832 0.0
-5.6241 6.32336 0.0
-6.24616 6.05924 0.0
-5.56982 6.39217 0.0
-5.28289 5.50714 0.0
-4.80405 6.0722 0.0
-5.06776 7.0119 0.0
-5.68508 6.78451 0.0
-5.0114 7.07382 0.0
-4.74769 6.13413 0.0
-4.2518 6.63858 0.0
-4.49008 7.63111 0.0
-5.1026 7.43733 0.0
-4.43185 7.68589 0.0
-4.19357 6.69336 0.0
-3.68247 7.13519 0.0
-3.89311 8.17821 0.0
-4.50108 8.01542 0.0
-3.83323 8.22563 0.0
-3.62259 7.1826 0.0
-3.09819 7.56 0.0
-3.27902 8.6507 0.0
-3.88291 8.51671 0.0
-3.21772 8.69056 0.0
-3.03689 7.59985 0.0
-2.50114 7.91119 0.0
-2.65007 9.04636 0.0
-3.25053 8.9394 0.0
-2.58757 9.07849 0.0
-2.43863 7.94331 0.0
-1.89356 8.18716 0.0
-2.00881 9.36519 0.0
-2.60613 9.27985 0.0
-1.94546 9.38856 0.0
-1.83022 8.21053 0.0
-1.27798 8.38569 0.0
-1.35556 9.57032 0.0
-1.95308 9.5398 0.0
-1.29165 9.58519 0.0
-1.21407 8.40056 0.0
-0.656944 8.50612 0.0
-0.696629 9.67499 0.0
-1.29341 9.71672 0.0
-0.631179 9.68902 0.0
-0.591495 8.52015 0.0
-0.0318065 8.55532 0.0
-0.0286313 9.82964 0.0
-0.0353477 9.95365 0.0
-0.62849 9.81895 0.0
0.0357316 9.82598 0.0
0.0325564 8.55166 0.0
0.592171 8.51646 0.0
0.631925 9.68646 0.0
0.629451 9.81618 0.0
0.696713 9.67617 0.0
0.656958 8.50617 0.0
1.21407 8.40064 0.0
1.29174 9.5867 0.0
1.29352 9.71839 0.0
1.35566 9.57184 0.0
1.27799 8.38578 0.0
1.83022 8.21062 0.0
1.94529 9.38675 0.0
1.95324 9.54162 0.0
2.00865 9.36328 0.0
1.89358 8.18716 0.0
2.43865 7.94331 0.0
2.58785 9.0804 0.0
2.60641 9.28175 0.0
2.65031 9.04828 0.0
2.50112 7.91119 0.0
3.03687 7.59985 0.0
3.21797 8.69216 0.0
3.25019 8.93746 0.0
3.27927 8.65231 0.0
3.09817 7.56 0.0
3.62258 7.1826 0.0
3.83346 8.22681 0.0
3.88257 8.51511 0.0
3.89334 8.1794 0.0
3.68246 7.13519 0.0
4.19356 6.69336 0.0
4.432 7.68656 0.0
4.50077 8.01423 0.0
4.49024 7.63178 0.0
4.25179 6.63858 0.0
4.74769 6.13413 0.0
5.01141 7.07388 0.0
5.10239 7.43665 0.0
5.06778 7.01196 0.0
4.80405 6.07221 0.0
5.28289 5.50714 0.0
5.56959 6.3915 0.0
5.68506 6.78445 0.0
5.62388 6.32268 0.0
5.33717 5.43832 0.0
5.79714 4.81485 0.0
6.10457 5.64242 0.0
6.24643 6.05992 0.0
6.15657 5.56697 0.0
5.84914 4.73941 0.0
6.28849 4.05997 0.0
6.61544 4.83203 0.0
6.78419 5.26559 0.0
6.66491 4.75026 0.0
6.33796 3.97821 0.0
6.755 3.24545 0.0
7.09874 3.95961 0.0
7.29497 4.40212 0.0
7.14555 3.87183 0.0
6.80181 3.15766 0.0
7.19492 2.37443 0.0
7.55382 3.03101 0.0
7.77851 3.4768 0.0
7.59775 2.93757 0.0
7.23885 2.28099 0.0
7.6065 1.45033 0.0
7.98072 2.05233 0.0
8.23156 2.49075 0.0
8.02156 1.95363 0.0
7.64733 1.35163 0.0
7.98807 0.476802 0.0
8.37581 1.02343 0.0
8.65025 1.44546 0.0
8.41345 0.919827 0.0
8.02571 0.373198 0.0
8.3382 -0.54238 0.0
8.73957 -0.0494032 0.0
9.03516 0.349018 0.0
8.77381 -0.157463 0.0
8.37245 -0.650439 0.0
8.65546 -1.60318 0.0
9.07335 -1.15994 0.0
9.38255 -0.796478 0.0
9.10401 -1.27195 0.0
8.68612 -1.71519 0.0
8.93853 -2.70134 0.0
9.37328 -2.30815 0.0
9.68784 -1.9882 0.0
9.40031 -2.42371 0.0
8.96557 -2.8169 0.0
9.18638 -3.83257 0.0
9.64341 -3.48643 0.0
9.95277 -3.21706 0.0
9.66662 -3.60492 0.0
9.20959 -3.95106 0.0
9.39792 -4.99214 0.0
9.87924 -4.69486 0.0
10.1706 -4.48064 0.0
9.89864 -4.81585 0.0
9.41732 -5.11313 0.0
9.5724 -6.17511 0.0
10.0856 -5.9268 0.0
10.3443 -5.76877 0.0
10.101 -6.04946 0.0
9.58784 -6.29778 0.0
9.70904 -7.37455 0.0
10.2565 -7.18021 0.0
10.4673 -7.07536 0.0
10.2681 -7.30358 0.0
9.7206 -7.49791 0.0
9.80748 -8.57678 0.0
10.3965 -8.44005 0.0
10.5452 -8.38296 0.0
10.4042 -8.56074 0.0
9.81513 -8.69747 0.0
9.86818 -9.73831 0.0
10.5735 -9.65096 0.0
9.90805 -9.8441 0.0
9.93134 -10.7081 0.0
11.1985 -10.6996 0.0
11.1728 -9.69087 0.0
10.6134 -9.75674 0.0
-11.9663 -10.7101 0.0
-11.3033 -10.6944 0.0
-11.2776 -9.68561 0.0
-11.9025 -9.61807 0.0
-11.8977 -9.49244 0.0
-11.2728 -9.55998 0.0
-11.2126 -8.3594 0.0
-11.8029 -8.23634 0.0
-11.968 -9.46442 0.0
-11.7941 -8.09822 0.0
-11.2038 -8.22128 0.0
-11.1045 -6.98445 0.0
-11.6556 -6.80296 0.0
-11.9276 -8.01805 0.0
-11.6424 -6.66232 0.0
-11.0913 -6.84381 0.0
-10.9527 -5.61202 0.0
-11.4709 -5.37552 0.0
-11.8338 -6.53666 0.0
-11.4533 -5.23594 0.0
-10.935 -5.47244 0.0
-10.7577 -4.25837 0.0
-11.2441 -3.97228 0.0
-11.6907 -5.06027 0.0
-11.4951 -3.6038 0.0
-11.222 -3.83477 0.0
-10.7356 -4.12086 0.0
-10.5203 -2.93089 0.0
-10.9791 -2.59769 0.0
-11.2454 -2.17816 0.0
-10.9526 -2.46289 0.0
-10.4938 -2.7961 0.0
-10.2413 -1.63527 0.0
-10.679 -1.25371 0.0
-10.9487 -0.787415 0.0
-10.6483 -1.12239 0.0
-10.2106 -1.50395 0.0
-9.92203 -0.37686 0.0
-10.3393 0.0515579 0.0
-10.602 0.557924 0.0
-10.3044 0.178967 0.0
-9.88712 -0.249451 0.0
-9.56353 0.839416 0.0
-9.96493 1.31827 0.0
-10.2124 1.85589 0.0
-9.92604 1.4411 0.0
-9.52464 0.96225 0.0
-9.16737 2.00864 0.0
-9.5524 2.53739 0.0
-9.77989 3.09897 0.0
-9.50965 2.65519 0.0
-9.12461 2.12645 0.0
-8.73504 3.12624 0.0
-9.10454 3.70667 0.0
-9.30551 4.27975 0.0
-9.05806 3.81897 0.0
-8.68856 3.23854 0.0
-8.26823 4.18781 0.0
-8.62365 4.82396 0.0
-8.79529 5.39838 0.0
-8.57372 4.93023 0.0
-8.2183 4.29408 0.0
-7.76887 5.18913 0.0
-8.10806 5.87982 0.0
-8.25004 6.4484 0.0
-8.05484 5.97967 0.0
-7.71565 5.28898 0.0
-7.23888 6.12631 0.0
-7.56073 6.87233 0.0
-7.67127 7.42352 0.0
-7.50441 6.96536 0.0
-7.18255 6.21934 0.0
-6.68028 6.99568 0.0
-6.98428 7.79971 0.0
-7.06404 8.32512 0.0
-6.92515 7.88553 0.0
-6.62115 7.0815 0.0
-6.09533 7.79383 0.0
-6.37857 8.65307 0.0
-6.42971 9.1476 0.0
-6.31682 8.73135 0.0
-6.03358 7.87211 0.0
-5.48622 8.51765 0.0
-5.74672 9.43119 0.0
-5.6826 9.50163 0.0
-5.4221 8.58808 0.0
-4.85528 9.16429 0.0
-5.09093 10.1307 0.0
-5.77099 9.88802 0.0
-5.02469 10.193 0.0
-4.78904 9.22659 0.0
-4.20488 9.73118 0.0
-4.41355 10.7484 0.0
-5.09057 10.5438 0.0
-4.34544 10.8023 0.0
-4.13677 9.7851 0.0
-3.53748 10.216 0.0
-3.71702 11.2816 0.0
-4.39121 11.1125 0.0
-3.6473 11.3269 0.0
-3.46776 10.2613 0.0
-2.85558 10.6167 0.0
-3.00391 11.7276 0.0
-3.67572 11.5922 0.0
-2.93285 11.7642 0.0
-2.78452 10.6532 0.0
-2.16179 10.9315 0.0
-2.27687 12.0844 0.0
-2.94695 11.9811 0.0
-2.2048 12.1114 0.0
-2.08972 10.9585 0.0
-1.4589 11.1584 0.0
-1.53774 12.3312 0.0
-2.20803 12.2769 0.0
-1.46509 12.3482 0.0
-1.38624 11.1753 0.0
-0.749934 11.2958 0.0
-0.791327 12.4507 0.0
-1.46181 12.4783 0.0
-0.718308 12.4586 0.0
-0.676916 11.3037 0.0
-0.0378812 11.3439 0.0
-0.0435971 12.4772 0.0
-0.710701 12.5859 0.0
0.030824 12.4807 0.0
0.0365399 11.3474 0.0
0.675922 11.3072 0.0
0.717314 12.4606 0.0
0.709904 12.5882 0.0
0.042386 12.6054 0.0
0.79128 12.4491 0.0
0.749888 11.2957 0.0
1.38623 11.1752 0.0
1.46495 12.3461 0.0
1.46167 12.476 0.0
1.53761 12.3291 0.0
1.45889 11.1583 0.0
2.08971 10.9584 0.0
2.20495 12.1131 0.0
2.20787 12.2748 0.0
2.277 12.0862 0.0
2.16176 10.9315 0.0
2.78449 10.6532 0.0
2.93301 11.7657 0.0
2.9467 11.9793 0.0
3.00408 11.7291 0.0
2.85556 10.6167 0.0
3.46774 10.2613 0.0
3.64746 11.328 0.0
3.67545 11.5907 0.0
3.71719 11.2826 0.0
3.53747 10.216 0.0
4.13676 9.7851 0.0
4.34555 10.8029 0.0
4.39097 11.1114 0.0
4.41366 10.749 0.0
4.20488 9.73118 0.0
4.78903 9.22659 0.0
5.02468 10.193 0.0
5.09041 10.5432 0.0
5.09093 10.1307 0.0
4.85528 9.16429 0.0
5.4221 8.58808 0.0
5.68239 9.50091 0.0
5.77099 9.88804 0.0
5.74651 9.43048 0.0
5.48623 8.51765 0.0
6.03359 7.87211 0.0
6.3163 8.72979 0.0
6.42997 9.14833 0.0
6.37805 8.65151 0.0
6.09535 7.79383 0.0
6.62117 7.08149 0.0
6.92515 7.88545 0.0
7.06467 8.32667 0.0
6.98426 7.79964 0.0
6.68028 6.99568 0.0
7.18255 6.21934 0.0
7.50499 6.96665 0.0
7.6713 7.42357 0.0
7.56129 6.87363 0.0
7.23886 6.12631 0.0
7.71563 5.28899 0.0
8.05484 5.97973 0.0
8.24936 6.44711 0.0
8.10808 5.87987 0.0
7.76887 5.18913 0.0
8.2183 4.29408 0.0
8.57293 4.92887 0.0
8.79526 5.39835 0.0
8.62289 4.82258 0.0
8.26826 4.1878 0.0
8.68858 3.23851 0.0
9.05933 3.82086 0.0
9.30642 4.28107 0.0
9.10576 3.70861 0.0
8.735 3.12626 0.0
9.12458 2.12647 0.0
9.50976 2.65544 0.0
9.77845 3.09711 0.0
9.55255 2.53761 0.0
9.16736 2.00865 0.0
9.52464 0.962265 0.0
9.92469 1.43952 0.0
10.2122 1.85572 0.0
9.96362 1.31665 0.0
9.56357 0.839389 0.0
9.88714 -0.249495 0.0
10.3055 0.179989 0.0
10.6035 0.559396 0.0
10.3403 0.0526445 0.0
9.922 -0.376839 0.0
10.2106 -1.50391 0.0
10.6474 -1.12314 0.0
10.9475 -0.788386 0.0
10.6781 -1.25451 0.0
10.2413 -1.63529 0.0
10.4938 -2.79614 0.0
10.9546 -2.46148 0.0
11.2463 -2.17749 0.0
10.981 -2.59618 0.0
10.5202 -2.93084 0.0
10.7356 -4.1208 0.0
11.2217 -3.83485 0.0
11.4929 -3.60502 0.0
11.2438 -3.97243 0.0
10.7577 -4.25837 0.0
10.935 -5.47245 0.0
11.4536 -5.23581 0.0
11.691 -5.06014 0.0
11.4712 -5.37537 0.0
10.9526 -5.61201 0.0
11.0913 -6.8438 0.0
11.6434 -6.66189 0.0
11.8335 -6.53679 0.0
11.6566 -6.8025 0.0
11.1045 -6.9844 0.0
11.2038 -8.22124 0.0
11.7926 -8.09856 0.0
11.9265 -8.01825 0.0
11.8013 -8.23678 0.0
11.2126 -8.35946 0.0
11.2728 -9.56004 0.0
11.9002 -9.49217 0.0
11.9695 -9.46432 0.0
11.9051 -9.61766 0.0
11.2776 -9.68553 0.0
11.3033 -10.6943 0.0
11.9637 -10.71 0.0
-13.3324 -10.7063 0.0
-12.6997 -10.6796 0.0
-12.6726 -9.52473 0.0
-13.2754 -9.47079 0.0
-13.2702 -9.3286 0.0
-12.6675 -9.38254 0.0
-12.6001 -8.02304 0.0
-13.1692 -7.91544 0.0
-13.3352 -9.28355 0.0
-13.1593 -7.75997 0.0
-12.5902 -7.86757 0.0
-12.4781 -6.47411 0.0
-13.0119 -6.30978 0.0
-13.2812 -7.6632 0.0
-12.997 -6.15243 0.0
-12.4633 -6.31677 0.0
-12.3069 -4.93133 0.0
-12.8035 -4.71651 0.0
-13.175 -6.01135 0.0
-13.011 -4.36929 0.0
-12.7836 -4.56043 0.0
-12.287 -4.77525 0.0
-12.087 -3.4105 0.0
-12.5496 -3.15014 0.0
-12.7865 -2.75261 0.0
-12.5247 -2.99639 0.0
-12.0621 -3.25675 0.0
-11.8193 -1.91945 0.0
-12.2545 -1.61505 0.0
-12.509 -1.16731 0.0
-12.2248 -1.4646 0.0
-11.7896 -1.769 0.0
-11.5051 -0.464666 0.0
-11.9135 -0.120059 0.0
-12.1768 0.377271 0.0
-11.8791 0.0265784 0.0
-11.4707 -0.318028 0.0
-11.1456 0.948194 0.0
-11.5308 1.33251 0.0
-11.7897 1.87132 0.0
-11.4916 1.47477 0.0
-11.1064 1.09045 0.0
-10.7421 2.31355 0.0
-11.1092 2.74069 0.0
-11.3552 3.31258 0.0
-11.0656 2.8778 0.0
-10.6985 2.45066 0.0
-10.2963 3.6259 0.0
-10.6454 4.0947 0.0
-10.8732 4.6928 0.0
-10.5974 4.22618 0.0
-10.2484 3.75738 0.0
-9.81004 4.88016 0.0
-10.1425 5.39231 0.0
-10.3448 6.00373 0.0
-10.0904 5.51764 0.0
-9.75797 5.00549 0.0
-9.28509 6.0714 0.0
-9.60345 6.63139 0.0
-9.77677 7.24543 0.0
-9.54754 6.74997 0.0
-9.22919 6.18999 0.0
-8.72369 7.19492 0.0
-9.02632 7.80167 0.0
-9.16988 8.41078 0.0
-8.96675 7.91308 0.0
-8.66412 7.30632 0.0
-8.12798 8.24636 0.0
-8.41448 8.90121 0.0
-8.5271 9.49552 0.0
-8.35149 9.00498 0.0
-8.06499 8.35014 0.0
-7.50029 9.22161 0.0
-7.76976 9.92551 0.0
-7.85026 10.4931 0.0
-7.70356 10.0213 0.0
-7.43408 9.31736 0.0
-6.84299 10.1169 0.0
-7.09514 10.873 0.0
-7.14474 11.4054 0.0
-7.02608 10.9603 0.0
-6.77393 10.2042 0.0
-6.15872 10.9287 0.0
-6.39091 11.7342 0.0
-6.41223 12.2266 0.0
-6.31921 11.8128 0.0
-6.08702 11.0072 0.0
-5.45003 11.6538 0.0
-5.66051 12.5082 0.0
-5.65577 12.9537 0.0
-5.58645 12.5777 0.0
-5.37597 11.7233 0.0
-4.71959 12.2894 0.0
-4.90651 13.1915 0.0
-4.87841 13.5844 0.0
-4.83037 13.2517 0.0
-4.64346 12.3495 0.0
-3.97018 12.8329 0.0
-4.13159 13.7812 0.0
-4.08325 14.1163 0.0
-4.05367 13.8317 0.0
-3.89226 12.8834 0.0
-3.20461 13.282 0.0
-3.33856 14.2743 0.0
-3.27348 14.5476 0.0
-3.25916 14.315 0.0
-3.1252 13.3227 0.0
-2.42581 13.6347 0.0
-2.53033 14.6686 0.0
-2.45235 14.8767 0.0
-2.44974 14.6993 0.0
-2.34522 13.6654 0.0
-1.63683 13.8894 0.0
-1.70984 14.962 0.0
-1.62345 15.1024 0.0
-1.62841 14.9826 0.0
-1.5554 13.91 0.0
-0.84091 14.0448 0.0
-0.881347 15.1529 0.0
-0.791077 15.278 0.0
-0.799758 15.1647 0.0
-0.75932 14.0566 0.0
-0.0417435 14.1018 0.0
-0.0477762 15.2424 0.0
0.046952 15.3555 0.0
0.0347391 15.2457 0.0
0.0407718 14.1051 0.0
0.758397 14.0601 0.0
0.798893 15.1708 0.0
0.790154 15.2843 0.0
0.881384 15.1557 0.0
0.840888 14.045 0.0
1.55537 13.91 0.0
1.62847 14.9847 0.0
1.62338 15.1008 0.0
1.70989 14.9641 0.0
1.6368 13.8894 0.0
2.34519 13.6654 0.0
2.44987 14.7012 0.0
2.45214 14.8746 0.0
2.53046 14.6705 0.0
2.42578 13.6347 0.0
3.12518 13.3227 0.0
3.25933 14.3165 0.0
3.27322 14.5457 0.0
3.33873 14.2758 0.0
3.20459 13.282 0.0
3.89224 12.8834 0.0
4.05383 13.8327 0.0
4.08298 14.1148 0.0
4.13175 13.7822 0.0
3.97016 12.8329 0.0
4.64345 12.3495 0.0
4.83046 13.2521 0.0
4.87817 13.5833 0.0
4.9066 13.192 0.0
4.71959 12.2894 0.0
5.37596 11.7233 0.0
5.58639 12.5775 0.0
5.65564 12.9533 0.0
5.66046 12.508 0.0
5.45003 11.6538 0.0
6.08702 11.0072 0.0
6.31891 11.8118 0.0
6.41229 12.2268 0.0
6.39062 11.7332 0.0
6.15873 10.9287 0.0
6.77395 10.2042 0.0
7.02542 10.9584 0.0
7.1451 11.4064 0.0
7.0945 10.8711 0.0
6.84303 10.1169 0.0
7.43411 9.31733 0.0
7.70458 10.0237 0.0
7.85108 10.495 0.0
7.77071 9.92797 0.0
7.50024 9.22161 0.0
8.06495 8.35015 0.0
8.352 9.00624 0.0
8.52596 9.4931 0.0
8.41501 8.90246 0.0
8.12796 8.24636 0.0
8.6641 7.30634 0.0
8.96664 7.91292 0.0
9.16924 8.40959 0.0
9.02623 7.8015 0.0
8.7237 7.19492 0.0
9.22919 6.19 0.0
9.54654 6.74824 0.0
9.77688 7.24562 0.0
9.60248 6.62963 0.0
9.28513 6.07139 0.0
9.75799 5.00545 0.0
10.0918 5.51957 0.0
10.346 6.00536 0.0
10.1438 5.3943 0.0
9.80998 4.88018 0.0
10.2484 3.75742 0.0
10.5975 4.22637 0.0
10.8717 4.69092 0.0
10.6455 4.09486 0.0
10.2963 3.62591 0.0
10.6985 2.45068 0.0
11.0641 2.87607 0.0
11.355 3.31248 0.0
11.1078 2.7389 0.0
10.7421 2.31351 0.0
11.1065 1.09038 0.0
11.4929 1.47602 0.0
11.7914 1.87289 0.0
11.532 1.33386 0.0
11.1456 0.948223 0.0
11.4707 -0.317975 0.0
11.8784 0.0260904 0.0
12.1754 0.376098 0.0
11.9129 -0.120615 0.0
11.5052 -0.46468 0.0
11.7896 -1.76903 0.0
12.2247 -1.46469 0.0
12.5097 -1.16682 0.0
12.2544 -1.61513 0.0
11.8193 -1.91946 0.0
12.0621 -3.25675 0.0
12.5254 -2.99596 0.0
12.7866 -2.75258 0.0
12.5503 -3.14968 0.0
12.087 -3.41047 0.0
12.287 -4.77522 0.0
12.7821 -4.56112 0.0
13.0103 -4.36958 0.0
12.802 -4.71729 0.0
12.3069 -4.93139 0.0
12.4633 -6.31683 0.0
12.9967 -6.15269 0.0
13.1766 -6.01081 0.0
13.0115 -6.30999 0.0
12.4781 -6.47413 0.0
12.5902 -7.86759 0.0
13.1601 -7.75979 0.0
13.2815 -7.66317 0.0
13.1699 -7.9152 0.0
12.6001 -8.023 0.0
12.6675 -9.38251 0.0
13.2682 -9.3289 0.0
13.3345 -9.28351 0.0
13.2733 -9.4712 0.0
12.6726 -9.52482 0.0
12.6997 -10.6797 0.0
13.3345 -10.7064 0.0
-13.6947 -5.83104 0.0
-13.237 -5.96945 0.0
-12.8655 -4.67462 0.0
-13.0929 -4.48347 0.0
-13.5173 -4.30251 0.0
13.0922 -4.48372 0.0
12.864 -4.67526 0.0
13.2386 -5.96878 0.0
13.6947 -5.83097 0.0
13.5173 -4.30244 0.0
-13.839 -7.53975 0.0
-13.3453 -7.63198 0.0
-13.076 -6.27856 0.0
-13.2539 -6.13748 0.0
-13.7116 -5.99906 0.0
13.2555 -6.13686 0.0
13.0756 -6.27874 0.0
13.3456 -7.63192 0.0
13.839 -7.53974 0.0
13.7116 -5.99905 0.0
-13.4949 -4.13688 0.0
-13.0706 -4.31783 0.0
-12.6092 -3.09869 0.0
-12.871 -2.85491 0.0
-13.2687 -2.63337 0.0
12.8711 -2.85491 0.0
12.6099 -3.09829 0.0
13.0699 -4.31818 0.0
13.495 -4.1369 0.0
13.2687 -2.6334 0.0
-13.2411 -2.47127 0.0
-12.8435 -2.69281 0.0
-12.3114 -1.55525 0.0
-12.5957 -1.25796 0.0
-12.9674 -0.999898 0.0
12.5964 -1.25745 0.0
12.3113 -1.55532 0.0
12.8436 -2.69278 0.0
13.2411 -2.47127 0.0
12.9674 -0.999893 0.0
-12.9348 -0.84175 0.0
-12.5631 -1.09981 0.0
-11.9676 -0.0525666 0.0
-12.2654 0.298126 0.0
-12.6151 0.591585 0.0
12.264 0.296936 0.0
11.967 -0.0530713 0.0
12.5637 -1.09928 0.0
12.9348 -0.841719 0.0
12.6151 0.591606 0.0
-12.5777 0.745078 0.0
-12.2279 0.451619 0.0
-11.5819 1.40686 0.0
-11.88 1.80342 0.0
-12.2136 2.13489 0.0
11.8816 1.80498 0.0
11.5832 1.40811 0.0
12.2266 0.45035 0.0
12.5777 0.74502 0.0
12.2137 2.13485 0.0
-12.1716 2.2831 0.0
-11.838 1.95163 0.0
-11.1575 2.821 0.0
-11.447 3.25578 0.0
-11.7648 3.62421 0.0
11.4468 3.25573 0.0
11.156 2.81931 0.0
11.8395 1.9533 0.0
12.1716 2.28317 0.0
11.7648 3.62426 0.0
-13.9277 -9.21755 0.0
-13.4008 -9.26425 0.0
-13.2348 -7.89613 0.0
-13.3567 -7.79936 0.0
-13.8504 -7.70713 0.0
13.357 -7.79934 0.0
13.2355 -7.89596 0.0
13.4001 -9.26427 0.0
13.9277 -9.21758 0.0
13.8504 -7.70716 0.0
-11.7182 3.76681 0.0
-11.4004 3.39838 0.0
-10.6906 4.18049 0.0
-10.9664 4.64712 0.0
-11.2705 5.05421 0.0
10.9649 4.64521 0.0
10.6907 4.18065 0.0
11.4003 3.39827 0.0
11.7182 3.76681 0.0
11.2705 5.05419 0.0
-11.2196 5.19062 0.0
-10.9155 4.78352 0.0
-10.1849 5.48303 0.0
-10.4393 5.96912 0.0
-10.7327 6.41952 0.0
10.4404 5.97074 0.0
10.1862 5.48495 0.0
10.9141 4.78157 0.0
11.2197 5.19056 0.0
10.7328 6.41949 0.0
-10.6778 6.54921 0.0
-10.3844 6.09881 0.0
-9.64298 6.72647 0.0
-9.87221 7.22192 0.0
-10.1538 7.71509 0.0
9.87228 7.22214 0.0
9.64194 6.72477 0.0
10.3855 6.1005 0.0
10.6778 6.54925 0.0
10.1537 7.71512 0.0
-10.095 7.83771 0.0
-9.81341 7.34455 0.0
-9.06296 7.90079 0.0
-9.26609 8.39849 0.0
-9.53575 8.93623 0.0
9.26546 8.3973 0.0
9.06286 7.90062 0.0
9.8135 7.34474 0.0
10.095 7.83772 0.0
9.53574 8.93622 0.0
-9.4733 9.05129 0.0
-9.20363 8.51356 0.0
-8.44823 9.00399 0.0
-8.62384 9.49452 0.0
-8.8811 10.0783 0.0
8.62276 9.49207 0.0
8.4488 9.00521 0.0
9.20303 8.51235 0.0
9.47331 9.05127 0.0
8.8811 10.0783 0.0
-8.81521 10.1854 0.0
-8.55796 9.60162 0.0
-7.80062 10.0316 0.0
-7.94732 10.5034 0.0
-8.19227 11.1371 0.0
7.94815 10.5053 0.0
7.80165 10.034 0.0
8.55691 9.59916 0.0
8.81525 10.1854 0.0
8.19232 11.1371 0.0
-8.12325 11.2359 0.0
-7.87831 10.6021 0.0
-7.12319 10.9821 0.0
-7.24185 11.4271 0.0
-7.47194 12.1087 0.0
7.24216 11.4282 0.0
7.12248 10.9801 0.0
7.87906 10.6041 0.0
8.12323 11.2359 0.0
7.47191 12.1087 0.0
-7.39995 12.1987 0.0
-7.16986 11.5171 0.0
-6.41603 11.846 0.0
-6.50905 12.2597 0.0
-6.7227 12.9893 0.0
6.50909 12.26 0.0
6.41571 11.845 0.0
7.17019 11.5181 0.0
7.39994 12.1987 0.0
6.72268 12.9894 0.0
-6.64805 13.0703 0.0
-6.4344 12.3407 0.0
-5.68267 12.6223 0.0
-5.75199 12.9984 0.0
-5.94737 13.7757 0.0
5.75186 12.9979 0.0
5.68262 12.6221 0.0
6.43445 12.3409 0.0
6.64804 13.0703 0.0
5.94736 13.7757 0.0
-5.87033 13.8473 0.0
-5.67495 13.0699 0.0
-4.92569 13.3077 0.0
-4.97372 13.6405 0.0
-5.14881 14.4648 0.0
4.9735 13.6394 0.0
4.9258 13.3082 0.0
5.67483 13.0695 0.0
5.87033 13.8473 0.0
5.14882 14.4647 0.0
-5.06967 14.5267 0.0
-4.89458 13.7024 0.0
-4.14776 13.8991 0.0
-4.17734 14.1838 0.0
-4.32998 15.0538 0.0
4.1771 14.1823 0.0
4.14795 13.9002 0.0
4.89437 13.7013 0.0
5.06968 14.5266 0.0
4.32999 15.0537 0.0
-4.24903 15.1057 0.0
-4.0964 14.2357 0.0
-3.3517 14.3938 0.0
-3.36603 14.6263 0.0
-3.49391 15.5403 0.0
3.36581 14.6245 0.0
3.35192 14.3953 0.0
4.09616 14.2342 0.0
4.24905 15.1057 0.0
3.49393 15.5403 0.0
-3.41146 15.5822 0.0
-3.28358 14.6682 0.0
-2.54043 14.7892 0.0
-2.54304 14.9666 0.0
-2.64374 15.9223 0.0
2.54288 14.9645 0.0
2.54061 14.7911 0.0
3.28337 14.6663 0.0
3.41148 15.5821 0.0
2.64376 15.9222 0.0
-2.56011 15.9538 0.0
-2.45941 14.9981 0.0
-1.7169 15.0835 0.0
-1.71193 15.2033 0.0
-1.78275 16.1979 0.0
1.71192 15.2017 0.0
1.71701 15.0856 0.0
2.45926 14.996 0.0
2.56014 15.9538 0.0
1.78278 16.1979 0.0
-1.69826 16.2191 0.0
-1.62744 15.2245 0.0
-0.885339 15.275 0.0
-0.876658 15.3882 0.0
-0.914362 16.3663 0.0
0.876693 15.3912 0.0
0.885432 15.2777 0.0
1.62743 15.2229 0.0
1.69829 16.2191 0.0
0.914425 16.3665 0.0
-0.828992 16.3784 0.0
-0.791288 15.4003 0.0
-0.0479877 15.3646 0.0
-0.0357747 15.4744 0.0
-0.0417872 16.4278 0.0
0.0431953 16.431 0.0
0.0492079 15.4776 0.0
0.79241 15.4064 0.0
0.830142 16.3817 0.0
-12.2182 -4.79936 0.0
-11.7547 -5.00908 0.0
-11.3081 -3.92109 0.0
-11.5812 -3.69011 0.0
-12.0182 -3.43461 0.0
11.5791 -3.69139 0.0
11.3078 -3.92122 0.0
11.755 -5.00893 0.0
12.2182 -4.79934 0.0
12.0182 -3.4346 0.0
-11.9938 -3.28812 0.0
-11.5568 -3.54362 0.0
-11.0408 -2.53751 0.0
-11.3335 -2.25277 0.0
-11.7511 -1.95083 0.0
11.3345 -2.25214 0.0
11.0428 -2.53614 0.0
11.5547 -3.54497 0.0
11.9939 -3.28818 0.0
11.7511 -1.9509 0.0
-12.3943 -6.3342 0.0
-11.8999 -6.4953 0.0
-11.537 -5.33416 0.0
-11.7744 -5.15849 0.0
-12.238 -4.94877 0.0
11.7747 -5.15836 0.0
11.5373 -5.33403 0.0
11.8996 -6.49545 0.0
12.3943 -6.33422 0.0
12.238 -4.94878 0.0
-11.7222 -1.80795 0.0
-11.3047 -2.1099 0.0
-10.7383 -1.18545 0.0
-11.0387 -0.850473 0.0
-11.4377 -0.503617 0.0
11.0375 -0.851444 0.0
10.7374 -1.18619 0.0
11.3056 -2.10917 0.0
11.7222 -1.80793 0.0
11.4377 -0.503578 0.0
-11.4044 -0.364716 0.0
-11.0054 -0.711573 0.0
-10.396 0.1274 0.0
-10.6937 0.506356 0.0
-11.0794 0.901506 0.0
10.6952 0.507829 0.0
10.3971 0.128423 0.0
11.0043 -0.712608 0.0
11.4045 -0.364742 0.0
11.0794 0.901456 0.0
-11.0419 1.03579 0.0
-10.6562 0.640638 0.0
-10.0191 1.40098 0.0
-10.3054 1.81577 0.0
-10.6776 2.25889 0.0
10.3052 1.81563 0.0
10.0177 1.39944 0.0
10.6576 0.642183 0.0
11.0419 1.03581 0.0
10.6775 2.25894 0.0
-10.6359 2.3882 0.0
-10.2638 1.94507 0.0
-9.60386 2.62657 0.0
-9.8741 3.07036 0.0
-10.2338 3.56344 0.0
9.8727 3.06847 0.0
9.60401 2.6268 0.0
10.2637 1.9449 0.0
10.636 2.38821 0.0
10.2338 3.56344 0.0
0.038645 13.9692 0.0
0.0443201 12.7433 0.0
0.711838 12.7261 0.0
0.75627 13.9242 0.0
-0.7553 13.9204 0.0
-0.710715 12.7237 0.0
-0.0436103 12.615 0.0
-0.0320483 12.7397 0.0
-0.0377234 13.9656 0.0
-10.1882 3.68725 0.0
-9.82856 3.19417 0.0
-9.15321 3.80187 0.0
-9.40067 4.26265 0.0
-9.74988 4.81003 0.0
9.40158 4.26395 0.0
9.1545 3.80375 0.0
9.82719 3.19225 0.0
10.1883 3.68722 0.0
9.7499 4.80998 0.0
-1.54714 13.7774 0.0
-1.46615 12.6159 0.0
-0.795665 12.5883 0.0
-0.788058 12.7155 0.0
-0.832644 13.9122 0.0
0.788222 12.7142 0.0
0.795632 12.5866 0.0
1.46602 12.6136 0.0
1.54714 13.7773 0.0
0.832654 13.9123 0.0
-2.33248 13.5356 0.0
-2.21666 12.4136 0.0
-1.54637 12.4679 0.0
-1.5431 12.5981 0.0
-1.62409 13.7596 0.0
1.54296 12.5958 0.0
1.54624 12.4658 0.0
2.2165 12.4115 0.0
2.33248 13.5355 0.0
1.62408 13.7595 0.0
-9.70062 4.92785 0.0
-9.35141 4.38047 0.0
-8.66955 4.92468 0.0
-8.89111 5.39283 0.0
-9.22774 5.99376 0.0
8.89107 5.39282 0.0
8.66874 4.92333 0.0
9.35227 4.38182 0.0
9.70058 4.92785 0.0
9.22773 5.99379 0.0
-3.10784 13.1953 0.0
-2.95948 12.1165 0.0
-2.2894 12.2198 0.0
-2.29262 12.3853 0.0
-2.40844 13.5073 0.0
2.29249 12.3833 0.0
2.28957 12.2216 0.0
2.95927 12.1147 0.0
3.10786 13.1953 0.0
2.40846 13.5073 0.0
-9.17487 6.10523 0.0
-8.83824 5.5043 0.0
-8.15101 5.98574 0.0
-8.34621 6.45448 0.0
-8.66938 7.11016 0.0
8.34555 6.45318 0.0
8.15103 5.9858 0.0
8.83822 5.50428 0.0
9.17487 6.10524 0.0
8.66938 7.11017 0.0
-3.87023 12.7585 0.0
-3.69192 11.726 0.0
-3.02011 11.8614 0.0
-3.03422 12.0783 0.0
-3.18258 13.1571 0.0
3.034 12.0765 0.0
3.02031 11.8629 0.0
3.69168 11.7245 0.0
3.87025 12.7585 0.0
3.18259 13.1571 0.0
-8.61313 7.21483 0.0
-8.28996 6.55915 0.0
-7.60065 6.98307 0.0
-7.76751 7.44123 0.0
-8.07699 8.15487 0.0
7.76755 7.44127 0.0
7.60125 6.98436 0.0
8.28932 6.55784 0.0
8.61315 7.21483 0.0
8.077 8.15485 0.0
-4.61686 12.2278 0.0
-4.41105 11.2442 0.0
-3.73685 11.4132 0.0
-3.76527 11.6786 0.0
-3.94358 12.7111 0.0
3.76503 11.6771 0.0
3.73705 11.4143 0.0
4.41083 11.2431 0.0
4.61687 12.2278 0.0
3.94359 12.7111 0.0
-8.01761 8.25232 0.0
-7.70813 7.53868 0.0
-7.02114 7.91487 0.0
-7.16003 8.35447 0.0
-7.4529 9.12379 0.0
7.16064 8.35602 0.0
7.02112 7.9148 0.0
7.70816 7.53873 0.0
8.01761 8.25231 0.0
7.4529 9.12377 0.0
-5.34492 11.6052 0.0
-5.11397 10.6729 0.0
-4.43695 10.8776 0.0
-4.48273 11.1878 0.0
-4.68854 12.1713 0.0
4.4825 11.1867 0.0
4.43708 10.8782 0.0
5.11383 10.6724 0.0
5.34492 11.6052 0.0
4.68855 12.1713 0.0
-7.39054 9.21369 0.0
-7.09767 8.44436 0.0
-6.4122 8.77231 0.0
-6.52509 9.18856 0.0
-6.79945 10.0132 0.0
6.52532 9.1893 0.0
6.41165 8.77076 0.0
7.09827 8.44593 0.0
7.39052 9.21368 0.0
6.79943 10.0132 0.0
-6.05164 10.8934 0.0
-5.79789 10.0143 0.0
-5.11783 10.2569 0.0
-5.18371 10.6077 0.0
-5.41465 11.54 0.0
5.18356 10.6071 0.0
5.11783 10.2569 0.0
5.79789 10.0143 0.0
6.05164 10.8934 0.0
5.41465 11.54 0.0
5.86541 9.94055 0.0
5.77681 9.55342 0.0
6.46026 9.27128 0.0
6.73438 10.0952 0.0
6.11916 10.8197 0.0
-6.73438 10.0952 0.0
-6.46003 9.27054 0.0
-5.77703 9.55414 0.0
-5.86542 9.94054 0.0
-6.11917 10.8197 0.0
-12.5213 -7.87888 0.0
-11.9955 -7.98727 0.0
-11.7234 -6.77217 0.0
-11.9148 -6.64651 0.0
-12.4092 -6.48542 0.0
11.9145 -6.64669 0.0
11.7245 -6.7718 0.0
11.9944 -7.98754 0.0
12.5213 -7.87892 0.0
12.4092 -6.48546 0.0
-12.5988 -9.38877 0.0
-12.0371 -9.4459 0.0
-11.872 -8.21782 0.0
-12.0055 -8.13765 0.0
-12.5314 -8.02926 0.0
12.0044 -8.13783 0.0
11.8705 -8.21814 0.0
12.0387 -9.44569 0.0
12.5988 -9.38872 0.0
12.5314 -8.02921 0.0
-13.3986 -10.7001 0.0
-13.3415 -9.46457 0.0
-13.4065 -9.41953 0.0
-13.9334 -9.37283 0.0
-13.964 -10.669 0.0
13.4058 -9.41943 0.0
13.3394 -9.46482 0.0
13.4006 -10.7 0.0
13.964 -10.6689 0.0
13.9334 -9.37274 0.0
0.0306221 10.0897 0.0
0.0373385 9.96566 0.0
0.631058 9.95587 0.0
0.673312 11.1685 0.0
0.0339302 11.2087 0.0
-0.674165 11.1718 0.0
-0.631582 9.95834 0.0
-0.038439 10.093 0.0
-0.0351309 11.212 0.0
0.699134 9.94518 0.0
0.701608 9.81546 0.0
1.29841 9.85767 0.0
1.37773 11.0373 0.0
0.741387 11.1578 0.0
-1.37773 11.0372 0.0
-1.2983 9.856 0.0
-0.701523 9.81427 0.0
-0.698834 9.9442 0.0
-0.741418 11.1577 0.0
-2.07683 10.8216 0.0
-1.96234 9.67814 0.0
-1.36482 9.70866 0.0
-1.36658 9.84019 0.0
-1.44601 11.0214 0.0
1.36669 9.84187 0.0
1.36491 9.71018 0.0
1.96249 9.67996 0.0
2.07683 10.8217 0.0
1.44601 11.0215 0.0
-2.76706 10.5185 0.0
-2.61954 9.41677 0.0
-2.02222 9.50211 0.0
-2.02984 9.65335 0.0
-2.14433 10.7968 0.0
2.02997 9.65509 0.0
2.02203 9.50021 0.0
2.61978 9.41867 0.0
2.76704 10.5185 0.0
2.14431 10.7968 0.0
-3.44554 10.1292 0.0
-3.26774 9.0745 0.0
-2.66727 9.18146 0.0
-2.68584 9.38282 0.0
-2.83336 10.4846 0.0
2.68612 9.38471 0.0
2.66756 9.18337 0.0
3.26743 9.07255 0.0
3.44556 10.1292 0.0
2.83338 10.4846 0.0
-4.10991 9.65611 0.0
-3.90389 8.64952 0.0
-3.3 8.78351 0.0
-3.33281 9.03235 0.0
-3.51061 10.087 0.0
3.3325 9.03041 0.0
3.30028 8.78511 0.0
3.90358 8.64791 0.0
4.10992 9.65611 0.0
3.51063 10.087 0.0
-4.75764 9.10138 0.0
-4.52576 8.14549 0.0
-3.91778 8.30829 0.0
-3.96747 8.59937 0.0
-4.17348 9.60596 0.0
3.96715 8.59776 0.0
3.91804 8.30947 0.0
4.52547 8.1443 0.0
4.75765 9.10137 0.0
4.17349 9.60596 0.0
4.5873 8.08635 0.0
4.51853 7.75869 0.0
5.13069 7.56356 0.0
5.38631 8.46722 0.0
4.81948 9.04343 0.0
-5.3863 8.46722 0.0
-5.13088 7.56424 0.0
-4.51836 7.75802 0.0
-4.58759 8.08755 0.0
-4.81947 9.04343 0.0
-5.99353 7.75618 0.0
-5.71686 6.90783 0.0
-5.09955 7.13523 0.0
-5.19074 7.49873 0.0
-5.44616 8.40172 0.0
5.19055 7.49806 0.0
5.09956 7.13529 0.0
5.71684 6.90778 0.0
5.99353 7.75618 0.0
5.44617 8.40172 0.0
-10.6659 -4.15599 0.0
-10.2341 -4.42193 0.0
-9.7283 -3.54747 0.0
-10.0371 -3.2785 0.0
-10.4506 -2.96602 0.0
10.0385 -3.27746 0.0
9.72918 -3.54683 0.0
10.2331 -4.42255 0.0
10.6659 -4.15601 0.0
10.4506 -2.96605 0.0
-10.425 -2.83937 0.0
-10.0116 -3.15185 0.0
-9.46183 -2.35629 0.0
-9.77596 -2.03673 0.0
-10.1726 -1.67854 0.0
9.7751 -2.03745 0.0
9.46054 -2.3574 0.0
10.013 -3.15075 0.0
10.425 -2.83934 0.0
10.1725 -1.6785 0.0
5.7745 6.83497 0.0
5.65904 6.44203 0.0
6.28159 6.17926 0.0
6.57701 6.97104 0.0
6.05119 7.68338 0.0
-6.57702 6.97104 0.0
-6.28134 6.17858 0.0
-5.65927 6.44269 0.0
-5.77453 6.83503 0.0
-6.0512 7.68337 0.0
9.47109 -0.834659 0.0
9.1619 -1.19812 0.0
9.74572 -1.91437 0.0
10.1432 -1.55542 0.0
9.85456 -0.428346 0.0
-10.1431 -1.5554 0.0
-9.74654 -1.9136 0.0
-9.16113 -1.19889 0.0
-9.4698 -0.835984 0.0
-9.85455 -0.428317 0.0
-9.82142 -0.309244 0.0
-9.43667 -0.716911 0.0
-8.83035 -0.0751597 0.0
-9.12513 0.322255 0.0
-9.49783 0.779623 0.0
9.12478 0.321898 0.0
8.82919 -0.076523 0.0
9.43792 -0.715538 0.0
9.82138 -0.309225 0.0
9.49781 0.779659 0.0
-7.13455 6.11488 0.0
-6.82195 5.37901 0.0
-6.19558 5.68347 0.0
-6.33659 6.09875 0.0
-6.63228 6.89121 0.0
6.33683 6.09944 0.0
6.19498 5.68194 0.0
6.8226 5.38056 0.0
7.13453 6.11488 0.0
6.63226 6.89122 0.0
8.74074 1.42938 0.0
8.4663 1.00736 0.0
9.08802 0.436547 0.0
9.46105 0.894307 0.0
9.10377 1.94069 0.0
-9.46104 0.894305 0.0
-9.08833 0.436937 0.0
-8.46601 1.00696 0.0
-8.74068 1.42932 0.0
-9.10376 1.9407 0.0
-9.06351 2.0505 0.0
-8.70043 1.53912 0.0
-8.07184 2.04744 0.0
-8.32216 2.48504 0.0
-8.67394 3.05029 0.0
8.32263 2.48577 0.0
8.07179 2.04736 0.0
8.70048 1.53919 0.0
9.06351 2.0505 0.0
8.67393 3.05028 0.0
10.2547 -4.5523 0.0
9.96332 -4.76652 0.0
10.409 -5.71944 0.0
10.8648 -5.49984 0.0
10.6874 -4.28576 0.0
-10.8648 -5.49989 0.0
-10.4072 -5.72038 0.0
-9.965 -4.76553 0.0
-10.2556 -4.55176 0.0
-10.6875 -4.28581 0.0
-7.66393 5.19102 0.0
-7.33739 4.51407 0.0
-6.70572 4.85875 0.0
-6.87456 5.2925 0.0
-7.18716 6.02836 0.0
6.87525 5.29402 0.0
6.7065 4.86046 0.0
7.33656 4.51232 0.0
7.66396 5.19101 0.0
7.18718 6.02834 0.0
-8.63031 3.15487 0.0
-8.27854 2.58962 0.0
-7.6456 3.0379 0.0
-7.87021 3.48353 0.0
-8.20998 4.10414 0.0
7.86987 3.48296 0.0
7.64518 3.03718 0.0
8.27899 2.59036 0.0
8.6303 3.15486 0.0
8.20998 4.10415 0.0
7.38636 4.41942 0.0
7.19012 3.97691 0.0
7.82308 3.58188 0.0
8.16319 4.20306 0.0
7.71376 5.09811 0.0
-8.16318 4.20306 0.0
-7.8234 3.58246 0.0
-7.18982 3.97633 0.0
-7.3872 4.42116 0.0
-7.71375 5.09812 0.0
-11.0209 -6.86396 0.0
-10.5351 -7.03532 0.0
-10.1667 -6.0103 0.0
-10.4246 -5.85266 0.0
-10.8822 -5.63218 0.0
10.4264 -5.85181 0.0
10.1677 -6.00984 0.0
10.534 -7.03574 0.0
11.0209 -6.86399 0.0
10.8822 -5.63221 0.0
-11.1334 -8.23473 0.0
-10.6117 -8.35433 0.0
-10.3382 -7.27384 0.0
-10.5483 -7.16925 0.0
-11.0341 -6.9979 0.0
10.5472 -7.16958 0.0
10.3364 -7.27443 0.0
10.6135 -8.35382 0.0
11.1334 -8.23467 0.0
11.0341 -6.99783 0.0
-11.2025 -9.56788 0.0
-10.6443 -9.63361 0.0
-10.4726 -8.54381 0.0
-10.6206 -8.48689 0.0
-11.1424 -8.3673 0.0
10.6224 -8.48648 0.0
10.4738 -8.54357 0.0
10.6431 -9.63379 0.0
11.2025 -9.56791 0.0
11.1424 -8.36733 0.0
-12.0423 -9.58392 0.0
-12.604 -9.5268 0.0
-12.6311 -10.6817 0.0
-12.0358 -10.704 0.0
-11.972 -9.61194 0.0
12.0439 -9.58385 0.0
11.9746 -9.6117 0.0
12.0332 -10.7041 0.0
12.6311 -10.6818 0.0
12.604 -9.52688 0.0
-0.58958 8.37691 0.0
-0.550322 7.16324 0.0
-0.0305298 7.17271 0.0
-0.0298915 8.41208 0.0
0.0287918 7.16918 0.0
0.0300501 7.04117 0.0
0.549754 7.16014 0.0
0.589045 8.37336 0.0
0.0294301 8.40855 0.0
-1.20599 8.26155 0.0
-1.12982 7.07889 0.0
-0.606713 7.02326 0.0
-0.609614 7.15343 0.0
-0.648872 8.36711 0.0
0.609588 7.1539 0.0
0.606728 7.02378 0.0
1.12986 7.07956 0.0
1.20599 8.26158 0.0
0.648879 8.36711 0.0
-1.81774 8.07264 0.0
-1.70654 6.92544 0.0
-1.18216 6.93335 0.0
-1.18934 7.06514 0.0
-1.26551 8.2478 0.0
1.18938 7.06581 0.0
1.1822 6.93397 0.0
1.70662 6.92622 0.0
1.81775 8.07268 0.0
1.26552 8.24784 0.0
-2.42172 7.80743 0.0
-2.27746 6.69968 0.0
-1.75322 6.76409 0.0
-1.76545 6.90407 0.0
-1.87665 8.05127 0.0
1.76551 6.90482 0.0
1.75312 6.7632 0.0
2.27757 6.70058 0.0
2.42171 7.80742 0.0
1.87665 8.05128 0.0
-3.01529 7.46643 0.0
-2.84008 6.40175 0.0
-2.31271 6.48585 0.0
-2.33527 6.67002 0.0
-2.47953 7.77777 0.0
2.33538 6.67092 0.0
2.31256 6.48474 0.0
2.84025 6.40287 0.0
3.01528 7.46643 0.0
2.47952 7.77776 0.0
-3.5964 7.05224 0.0
-3.39242 6.03392 0.0
-2.86108 6.13886 0.0
-2.89679 6.36495 0.0
-3.07199 7.42963 0.0
2.89696 6.36608 0.0
2.86084 6.13747 0.0
3.39269 6.03533 0.0
3.59639 7.05224 0.0
3.07198 7.42963 0.0
-4.16289 6.56665 0.0
-3.93239 5.5976 0.0
-3.39625 5.72489 0.0
-3.44781 5.99015 0.0
-3.65179 7.00847 0.0
3.44809 5.99156 0.0
3.39624 5.72483 0.0
3.9324 5.59766 0.0
4.16289 6.56664 0.0
3.65179 7.00847 0.0
-4.71263 6.01164 0.0
-4.45838 5.09614 0.0
-3.91585 5.24419 0.0
-3.98623 5.54705 0.0
-4.21674 6.5161 0.0
3.98626 5.5471 0.0
3.91615 5.24542 0.0
4.45804 5.09489 0.0
4.71264 6.01164 0.0
4.21675 6.51609 0.0
-5.2436 5.38944 0.0
-4.96751 4.52786 0.0
-4.41876 4.70237 0.0
-4.51051 5.039 0.0
-4.76477 5.95451 0.0
4.51017 5.03776 0.0
4.41897 4.70309 0.0
4.96728 4.52713 0.0
5.24361 5.38944 0.0
4.76477 5.95451 0.0
5.01749 4.46364 0.0
4.9029 4.10026 0.0
5.45813 3.89634 0.0
5.75379 4.70249 0.0
5.29382 5.32595 0.0
-5.75379 4.70248 0.0
-5.45817 3.89646 0.0
-4.90286 4.10014 0.0
-5.01773 4.46437 0.0
-5.29382 5.32595 0.0
-6.24125 3.95345 0.0
-5.92836 3.20408 0.0
-5.36644 3.44018 0.0
-5.50628 3.82686 0.0
-5.8019 4.63289 0.0
5.50623 3.82674 0.0
5.36621 3.43956 0.0
5.92861 3.20471 0.0
6.24124 3.95346 0.0
5.80189 4.63289 0.0
-9.11775 -3.8784 0.0
-8.71087 -4.19682 0.0
-8.18208 -3.53297 0.0
-8.50503 -3.22754 0.0
-8.89694 -2.86274 0.0
8.23835 -2.18351 0.0
7.9236 -2.53081 0.0
8.47882 -3.12092 0.0
8.87138 -2.75552 0.0
8.61896 -1.76937 0.0
8.5044 -3.22814 0.0
8.18243 -3.53266 0.0
8.71049 -4.19713 0.0
9.11776 -3.87841 0.0
8.89695 -2.86274 0.0
-8.87136 -2.75551 0.0
-8.47944 -3.12031 0.0
-7.92302 -2.5314 0.0
-8.23735 -2.18457 0.0
-8.61895 -1.76936 0.0
7.93549 -1.17986 0.0
7.63751 -1.55911 0.0
8.20951 -2.07977 0.0
8.59012 -1.66563 0.0
8.30712 -0.712886 0.0
-8.59014 -1.66564 0.0
-8.20854 -2.08086 0.0
-7.63839 -1.55804 0.0
-7.93604 -1.17922 0.0
-8.30713 -0.712907 0.0
-6.7041 3.14526 0.0
-6.37606 2.45308 0.0
-5.80795 2.72537 0.0
-5.97418 3.12864 0.0
-6.28707 3.87802 0.0
5.97442 3.12928 0.0
5.8073 2.72388 0.0
6.37676 2.4546 0.0
6.70409 3.14527 0.0
6.28705 3.87803 0.0
7.60126 -0.217501 0.0
7.32535 -0.619345 0.0
7.90352 -1.07999 0.0
8.27514 -0.613015 0.0
7.96265 0.302562 0.0
-8.27513 -0.61301 0.0
-7.90404 -1.07932 0.0
-7.32488 -0.619999 0.0
-7.60024 -0.218948 0.0
-7.96264 0.302572 0.0
-7.92763 0.398237 0.0
-7.56522 -0.123283 0.0
-6.98545 0.282551 0.0
-7.235 0.696341 0.0
-7.58688 1.27306 0.0
7.23503 0.696441 0.0
6.98454 0.28111 0.0
7.56622 -0.121811 0.0
7.92761 0.398252 0.0
7.58687 1.27308 0.0
6.42013 2.37361 0.0
6.22558 1.95815 0.0
6.79965 1.64674 0.0
7.14056 2.28105 0.0
6.74745 3.06428 0.0
-7.14055 2.28106 0.0
-6.80024 1.64785 0.0
-6.22505 1.95706 0.0
-6.4194 2.37211 0.0
-6.74744 3.06429 0.0
6.84037 1.56053 0.0
6.61811 1.14212 0.0
7.19709 0.78755 0.0
7.54893 1.36419 0.0
7.18128 2.19484 0.0
-7.54893 1.36419 0.0
-7.19704 0.787464 0.0
-6.61815 1.1422 0.0
-6.84097 1.56164 0.0
-7.18128 2.19484 0.0
8.73268 -4.30741 0.0
8.41228 -4.56295 0.0
8.90441 -5.30171 0.0
9.32827 -5.02978 0.0
9.13994 -3.98869 0.0
-9.32827 -5.02978 0.0
-8.90433 -5.30177 0.0
-8.41235 -4.56289 0.0
-8.73306 -4.30711 0.0
-9.13994 -3.98869 0.0
-9.50212 -6.2048 0.0
-9.05335 -6.43195 0.0
-8.61831 -5.61502 0.0
-8.92309 -5.4148 0.0
-9.34704 -5.14282 0.0
8.92317 -5.41473 0.0
8.61764 -5.61543 0.0
9.05407 -6.43156 0.0
9.50211 -6.20479 0.0
9.34703 -5.1428 0.0
-9.6385 -7.39673 0.0
-9.16113 -7.57574 0.0
-8.79581 -6.6895 0.0
-9.06853 -6.5471 0.0
-9.51731 -6.31995 0.0
9.06925 -6.5467 0.0
8.79444 -6.69015 0.0
9.16258 -7.57516 0.0
9.63849 -7.39669 0.0
9.51729 -6.31992 0.0
-9.73692 -8.59194 0.0
-9.22477 -8.71857 0.0
-8.94693 -7.78016 0.0
-9.17267 -7.69209 0.0
-9.65003 -7.51307 0.0
9.17414 -7.69155 0.0
8.94752 -7.77995 0.0
9.22415 -8.71874 0.0
9.73692 -8.59195 0.0
9.65004 -7.51308 0.0
-9.79784 -9.74748 0.0
-9.24271 -9.81487 0.0
-9.07396 -8.87311 0.0
-9.23264 -8.83327 0.0
-9.74479 -8.70664 0.0
9.23201 -8.83342 0.0
9.07371 -8.87316 0.0
9.24298 -9.81483 0.0
9.79784 -9.74747 0.0
9.74478 -8.70664 0.0
</DataArray>
</Points>
<Cells>
<DataArray type="Int32" Name="connectivity" format="ascii">
0 1 954 953 1 52 955 954 52 51 956 955 51 0 953 956 2 53 958 957 53 52 959 958 52 1 960 959 1 2 957 960 3 54 962 961 54 53 963 962 53 2 964 963 2 3 961 964 4 55 966 965 55 54 967 966 54 3 968 967 3 4 965 968 5 56 970 969 56 55 971 970 55 4 972 971 4 5 969 972 6 57 974 973 57 56 975 974 56 5 976 975 5 6 973 976 7 58 978 977 58 57 979 978 57 6 980 979 6 7 977 980 8 59 982 981 59 58 983 982 58 7 984 983 7 8 981 984 9 60 986 985 60 59 987 986 59 8 988 987 8 9 985 988 10 61 990 989 61 60 991 990 60 9 992 991 9 10 989 992 11 62 994 993 62 61 995 994 61 10 996 995 10 11 993 996 12 63 998 997 63 62 999 998 62 11 1000 999 11 12 997 1000 13 64 1002 1001 64 63 1003 1002 63 12 1004 1003 12 13 1001 1004 14 65 1006 1005 65 64 1007 1006 64 13 1008 1007 13 14 1005 1008 15 66 1010 1009 66 65 1011 1010 65 14 1012 1011 14 15 1009 1012 16 67 1014 1013 67 66 1015 1014 66 15 1016 1015 15 16 1013 1016 17 68 1018 1017 68 67 1019 1018 67 16 1020 1019 16 17 1017 1020 18 69 1022 1021 69 68 1023 1022 68 17 1024 1023 17 18 1021 1024 19 70 1026 1025 70 69 1027 1026 69 18 1028 1027 18 19 1025 1028 20 71 1030 1029 71 70 1031 1030 70 19 1032 1031 19 20 1029 1032 21 72 1034 1033 72 71 1035 1034 71 20 1036 1035 20 21 1033 1036 22 73 1038 1037 73 72 1039 1038 72 21 1040 1039 21 22 1037 1040 23 74 1042 1041 74 73 1043 1042 73 22 1044 1043 22 23 1041 1044 24 75 1046 1045 75 74 1047 1046 74 23 1048 1047 23 24 1045 1048 25 76 1050 1049 76 75 1051 1050 75 24 1052 1051 24 25 1049 1052 26 77 1054 1053 77 76 1055 1054 76 25 1056 1055 25 26 1053 1056 27 78 1058 1057 78 77 1059 1058 77 26 1060 1059 26 27 1057 1060 28 79 1062 1061 79 78 1063 1062 78 27 1064 1063 27 28 1061 1064 29 80 1066 1065 80 79 1067 1066 79 28 1068 1067 28 29 1065 1068 30 81 1070 1069 81 80 1071 1070 80 29 1072 1071 29 30 1069 1072 31 82 1074 1073 82 81 1075 1074 81 30 1076 1075 30 31 1073 1076 32 83 1078 1077 83 82 1079 1078 82 31 1080 1079 31 32 1077 1080 33 84 1082 1081 84 83 1083 1082 83 32 1084 1083 32 33 1081 1084 34 85 1086 1085 85 84 1087 1086 84 33 1088 1087 33 34 1085 1088 35 86 1090 1089 86 85 1091 1090 85 34 1092 1091 34 35 1089 1092 36 87 1094 1093 87 86 1095 1094 86 35 1096 1095 35 36 1093 1096 37 88 1098 1097 88 87 1099 1098 87 36 1100 1099 36 37 1097 1100 38 89 1102 1101 89 88 1103 1102 88 37 1104 1103 37 38 1101 1104 39 90 1106 1105 90 89 1107 1106 89 38 1108 1107 38 39 1105 1108 40 91 1110 1109 91 90 1111 1110 90 39 1112 1111 39 40 1109 1112 41 92 1114 1113 92 91 1115 1114 91 40 1116 1115 40 41 1113 1116 42 93 1118 1117 93 92 1119 1118 92 41 1120 1119 41 42 1117 1120 43 94 1122 1121 94 93 1123 1122 93 42 1124 1123 42 43 1121 1124 44 95 1126 1125 95 94 1127 1126 94 43 1128 1127 43 44 1125 1128 45 96 1130 1129 96 95 1131 1130 95 44 1132 1131 44 45 1129 1132 46 97 1134 1133 97 96 1135 1134 96 45 1136 1135 45 46 1133 1136 47 98 1138 1137 98 97 1139 1138 97 46 1140 1139 46 47 1137 1140 48 99 1142 1141 99 98 1143 1142 98 47 1144 1143 47 48 1141 1144 49 100 1146 1145 100 99 1147 1146 99 48 1148 1147 48 49 1145 1148 50 101 1150 1149 101 100 1151 1150 100 49 1152 1151 49 50 1149 1152 51 52 1154 1153 52 103 1155 1154 103 102 1156 1155 102 51 1153 1156 52 53 1158 1157 53 104 1159 1158 104 103 1160 1159 103 52 1157 1160 53 54 1162 1161 54 105 1163 1162 105 104 1164 1163 104 53 1161 1164 54 55 1166 1165 55 106 1167 1166 106 105 1168 1167 105 54 1165 1168 55 56 1170 1169 56 107 1171 1170 107 106 1172 1171 106 55 1169 1172 56 57 1174 1173 57 108 1175 1174 108 107 1176 1175 107 56 1173 1176 57 58 1178 1177 58 109 1179 1178 109 108 1180 1179 108 57 1177 1180 58 59 1182 1181 59 110 1183 1182 110 109 1184 1183 109 58 1181 1184 59 60 1186 1185 60 111 1187 1186 111 110 1188 1187 110 59 1185 1188 60 61 1190 1189 61 112 1191 1190 112 111 1192 1191 111 60 1189 1192 61 62 1194 1193 62 113 1195 1194 113 112 1196 1195 112 61 1193 1196 62 63 1198 1197 63 114 1199 1198 114 113 1200 1199 113 62 1197 1200 63 64 1202 1201 64 115 1203 1202 115 114 1204 1203 114 63 1201 1204 64 65 1206 1205 65 116 1207 1206 116 115 1208 1207 115 64 1205 1208 65 66 1210 1209 66 117 1211 1210 117 116 1212 1211 116 65 1209 1212 66 67 1214 1213 67 118 1215 1214 118 117 1216 1215 117 66 1213 1216 67 68 1218 1217 68 119 1219 1218 119 118 1220 1219 118 67 1217 1220 68 69 1222 1221 69 120 1223 1222 120 119 1224 1223 119 68 1221 1224 69 70 1226 1225 70 121 1227 1226 121 120 1228 1227 120 69 1225 1228 70 71 1230 1229 71 122 1231 1230 122 121 1232 1231 121 70 1229 1232 71 72 1234 1233 72 123 1235 1234 123 122 1236 1235 122 71 1233 1236 72 73 1238 1237 73 124 1239 1238 124 123 1240 1239 123 72 1237 1240 73 74 1242 1241 74 125 1243 1242 125 124 1244 1243 124 73 1241 1244 74 75 1246 1245 75 126 1247 1246 126 125 1248 1247 125 74 1245 1248 75 76 1250 1249 76 127 1251 1250 127 126 1252 1251 126 75 1249 1252 76 77 1254 1253 77 128 1255 1254 128 127 1256 1255 127 76 1253 1256 77 78 1258 1257 78 129 1259 1258 129 128 1260 1259 128 77 1257 1260 78 79 1262 1261 79 130 1263 1262 130 129 1264 1263 129 78 1261 1264 79 80 1266 1265 80 131 1267 1266 131 130 1268 1267 130 79 1265 1268 80 81 1270 1269 81 132 1271 1270 132 131 1272 1271 131 80 1269 1272 81 82 1274 1273 82 133 1275 1274 133 132 1276 1275 132 81 1273 1276 82 83 1278 1277 83 134 1279 1278 134 133 1280 1279 133 82 1277 1280 83 84 1282 1281 84 135 1283 1282 135 134 1284 1283 134 83 1281 1284 84 85 1286 1285 85 136 1287 1286 136 135 1288 1287 135 84 1285 1288 85 86 1290 1289 86 137 1291 1290 137 136 1292 1291 136 85 1289 1292 86 87 1294 1293 87 138 1295 1294 138 137 1296 1295 137 86 1293 1296 87 88 1298 1297 88 139 1299 1298 139 138 1300 1299 138 87 1297 1300 88 89 1302 1301 89 140 1303 1302 140 139 1304 1303 139 88 1301 1304 89 90 1306 1305 90 141 1307 1306 141 140 1308 1307 140 89 1305 1308 90 91 1310 1309 91 142 1311 1310 142 141 1312 1311 141 90 1309 1312 91 92 1314 1313 92 143 1315 1314 143 142 1316 1315 142 91 1313 1316 92 93 1318 1317 93 144 1319 1318 144 143 1320 1319 143 92 1317 1320 93 94 1322 1321 94 145 1323 1322 145 144 1324 1323 144 93 1321 1324 94 95 1326 1325 95 146 1327 1326 146 145 1328 1327 145 94 1325 1328 95 96 1330 1329 96 147 1331 1330 147 146 1332 1331 146 95 1329 1332 96 97 1334 1333 97 148 1335 1334 148 147 1336 1335 147 96 1333 1336 97 98 1338 1337 98 149 1339 1338 149 148 1340 1339 148 97 1337 1340 98 99 1342 1341 99 150 1343 1342 150 149 1344 1343 149 98 1341 1344 99 100 1346 1345 100 151 1347 1346 151 150 1348 1347 150 99 1345 1348 100 101 1350 1349 101 152 1351 1350 152 151 1352 1351 151 100 1349 1352 103 154 1354 1353 154 153 1355 1354 153 102 1356 1355 102 103 1353 1356 104 155 1358 1357 155 154 1359 1358 154 103 1360 1359 103 104 1357 1360 105 156 1362 1361 156 155 1363 1362 155 104 1364 1363 104 105 1361 1364 106 157 1366 1365 157 156 1367 1366 156 105 1368 1367 105 106 1365 1368 107 158 1370 1369 158 157 1371 1370 157 106 1372 1371 106 107 1369 1372 108 159 1374 1373 159 158 1375 1374 158 107 1376 1375 107 108 1373 1376 109 160 1378 1377 160 159 1379 1378 159 108 1380 1379 108 109 1377 1380 110 161 1382 1381 161 160 1383 1382 160 109 1384 1383 109 110 1381 1384 111 162 1386 1385 162 161 1387 1386 161 110 1388 1387 110 111 1385 1388 112 163 1390 1389 163 162 1391 1390 162 111 1392 1391 111 112 1389 1392 113 164 1394 1393 164 163 1395 1394 163 112 1396 1395 112 113 1393 1396 114 165 1398 1397 165 164 1399 1398 164 113 1400 1399 113 114 1397 1400 115 166 1402 1401 166 165 1403 1402 165 114 1404 1403 114 115 1401 1404 116 167 1406 1405 167 166 1407 1406 166 115 1408 1407 115 116 1405 1408 117 168 1410 1409 168 167 1411 1410 167 116 1412 1411 116 117 1409 1412 118 169 1414 1413 169 168 1415 1414 168 117 1416 1415 117 118 1413 1416 119 170 1418 1417 170 169 1419 1418 169 118 1420 1419 118 119 1417 1420 120 171 1422 1421 171 170 1423 1422 170 119 1424 1423 119 120 1421 1424 121 172 1426 1425 172 171 1427 1426 171 120 1428 1427 120 121 1425 1428 122 173 1430 1429 173 172 1431 1430 172 121 1432 1431 121 122 1429 1432 123 174 1434 1433 174 173 1435 1434 173 122 1436 1435 122 123 1433 1436 124 175 1438 1437 175 174 1439 1438 174 123 1440 1439 123 124 1437 1440 125 176 1442 1441 176 175 1443 1442 175 124 1444 1443 124 125 1441 1444 126 177 1446 1445 177 176 1447 1446 176 125 1448 1447 125 126 1445 1448 127 178 1450 1449 178 177 1451 1450 177 126 1452 1451 126 127 1449 1452 128 179 1454 1453 179 178 1455 1454 178 127 1456 1455 127 128 1453 1456 129 180 1458 1457 180 179 1459 1458 179 128 1460 1459 128 129 1457 1460 130 181 1462 1461 181 180 1463 1462 180 129 1464 1463 129 130 1461 1464 131 182 1466 1465 182 181 1467 1466 181 130 1468 1467 130 131 1465 1468 132 183 1470 1469 183 182 1471 1470 182 131 1472 1471 131 132 1469 1472 133 184 1474 1473 184 183 1475 1474 183 132 1476 1475 132 133 1473 1476 134 185 1478 1477 185 184 1479 1478 184 133 1480 1479 133 134 1477 1480 135 186 1482 1481 186 185 1483 1482 185 134 1484 1483 134 135 1481 1484 136 187 1486 1485 187 186 1487 1486 186 135 1488 1487 135 136 1485 1488 137 188 1490 1489 188 187 1491 1490 187 136 1492 1491 136 137 1489 1492 138 189 1494 1493 189 188 1495 1494 188 137 1496 1495 137 138 1493 1496 139 190 1498 1497 190 189 1499 1498 189 138 1500 1499 138 139 1497 1500 140 191 1502 1501 191 190 1503 1502 190 139 1504 1503 139 140 1501 1504 141 192 1506 1505 192 191 1507 1506 191 140 1508 1507 140 141 1505 1508 142 193 1510 1509 193 192 1511 1510 192 141 1512 1511 141 142 1509 1512 143 194 1514 1513 194 193 1515 1514 193 142 1516 1515 142 143 1513 1516 144 195 1518 1517 195 194 1519 1518 194 143 1520 1519 143 144 1517 1520 145 196 1522 1521 196 195 1523 1522 195 144 1524 1523 144 145 1521 1524 146 197 1526 1525 197 196 1527 1526 196 145 1528 1527 145 146 1525 1528 147 198 1530 1529 198 197 1531 1530 197 146 1532 1531 146 147 1529 1532 148 199 1534 1533 199 198 1535 1534 198 147 1536 1535 147 148 1533 1536 149 200 1538 1537 200 199 1539 1538 199 148 1540 1539 148 149 1537 1540 150 201 1542 1541 201 200 1543 1542 200 149 1544 1543 149 150 1541 1544 151 202 1546 1545 202 201 1547 1546 201 150 1548 1547 150 151 1545 1548 151 152 1550 1549 152 203 1551 1550 203 202 1552 1551 202 151 1549 1552 154 205 1554 1553 205 204 1555 1554 204 153 1556 1555 153 154 1553 1556 155 206 1558 1557 206 205 1559 1558 205 154 1560 1559 154 155 1557 1560 156 207 1562 1561 207 206 1563 1562 206 155 1564 1563 155 156 1561 1564 157 208 1566 1565 208 207 1567 1566 207 156 1568 1567 156 157 1565 1568 158 209 1570 1569 209 208 1571 1570 208 157 1572 1571 157 158 1569 1572 159 210 1574 1573 210 209 1575 1574 209 158 1576 1575 158 159 1573 1576 160 211 1578 1577 211 210 1579 1578 210 159 1580 1579 159 160 1577 1580 161 212 1582 1581 212 211 1583 1582 211 160 1584 1583 160 161 1581 1584 162 213 1586 1585 213 212 1587 1586 212 161 1588 1587 161 162 1585 1588 163 214 1590 1589 214 213 1591 1590 213 162 1592 1591 162 163 1589 1592 164 215 1594 1593 215 214 1595 1594 214 163 1596 1595 163 164 1593 1596 165 216 1598 1597 216 215 1599 1598 215 164 1600 1599 164 165 1597 1600 166 217 1602 1601 217 216 1603 1602 216 165 1604 1603 165 166 1601 1604 167 218 1606 1605 218 217 1607 1606 217 166 1608 1607 166 167 1605 1608 168 219 1610 1609 219 218 1611 1610 218 167 1612 1611 167 168 1609 1612 169 220 1614 1613 220 219 1615 1614 219 168 1616 1615 168 169 1613 1616 170 221 1618 1617 221 220 1619 1618 220 169 1620 1619 169 170 1617 1620 171 222 1622 1621 222 221 1623 1622 221 170 1624 1623 170 171 1621 1624 172 223 1626 1625 223 222 1627 1626 222 171 1628 1627 171 172 1625 1628 173 224 1630 1629 224 223 1631 1630 223 172 1632 1631 172 173 1629 1632 174 225 1634 1633 225 224 1635 1634 224 173 1636 1635 173 174 1633 1636 175 226 1638 1637 226 225 1639 1638 225 174 1640 1639 174 175 1637 1640 176 227 1642 1641 227 226 1643 1642 226 175 1644 1643 175 176 1641 1644 177 228 1646 1645 228 227 1647 1646 227 176 1648 1647 176 177 1645 1648 178 229 1650 1649 229 228 1651 1650 228 177 1652 1651 177 178 1649 1652 179 230 1654 1653 230 229 1655 1654 229 178 1656 1655 178 179 1653 1656 180 231 1658 1657 231 230 1659 1658 230 179 1660 1659 179 180 1657 1660 181 232 1662 1661 232 231 1663 1662 231 180 1664 1663 180 181 1661 1664 182 233 1666 1665 233 232 1667 1666 232 181 1668 1667 181 182 1665 1668 183 234 1670 1669 234 233 1671 1670 233 182 1672 1671 182 183 1669 1672 184 235 1674 1673 235 234 1675 1674 234 183 1676 1675 183 184 1673 1676 185 236 1678 1677 236 235 1679 1678 235 184 1680 1679 184 185 1677 1680 186 237 1682 1681 237 236 1683 1682 236 185 1684 1683 185 186 1681 1684 187 238 1686 1685 238 237 1687 1686 237 186 1688 1687 186 187 1685 1688 188 239 1690 1689 239 238 1691 1690 238 187 1692 1691 187 188 1689 1692 189 240 1694 1693 240 239 1695 1694 239 188 1696 1695 188 189 1693 1696 190 241 1698 1697 241 240 1699 1698 240 189 1700 1699 189 190 1697 1700 191 242 1702 1701 242 241 1703 1702 241 190 1704 1703 190 191 1701 1704 192 243 1706 1705 243 242 1707 1706 242 191 1708 1707 191 192 1705 1708 193 244 1710 1709 244 243 1711 1710 243 192 1712 1711 192 193 1709 1712 194 245 1714 1713 245 244 1715 1714 244 193 1716 1715 193 194 1713 1716 195 246 1718 1717 246 245 1719 1718 245 194 1720 1719 194 195 1717 1720 196 247 1722 1721 247 246 1723 1722 246 195 1724 1723 195 196 1721 1724 197 248 1726 1725 248 247 1727 1726 247 196 1728 1727 196 197 1725 1728 198 249 1730 1729 249 248 1731 1730 248 197 1732 1731 197 198 1729 1732 199 250 1734 1733 250 249 1735 1734 249 198 1736 1735 198 199 1733 1736 200 251 1738 1737 251 250 1739 1738 250 199 1740 1739 199 200 1737 1740 201 252 1742 1741 252 251 1743 1742 251 200 1744 1743 200 201 1741 1744 202 253 1746 1745 253 252 1747 1746 252 201 1748 1747 201 202 1745 1748 202 203 1750 1749 203 254 1751 1750 254 253 1752 1751 253 202 1749 1752 205 256 1754 1753 256 255 1755 1754 255 204 1756 1755 204 205 1753 1756 206 257 1758 1757 257 256 1759 1758 256 205 1760 1759 205 206 1757 1760 207 258 1762 1761 258 257 1763 1762 257 206 1764 1763 206 207 1761 1764 208 259 1766 1765 259 258 1767 1766 258 207 1768 1767 207 208 1765 1768 209 260 1770 1769 260 259 1771 1770 259 208 1772 1771 208 209 1769 1772 210 261 1774 1773 261 260 1775 1774 260 209 1776 1775 209 210 1773 1776 211 262 1778 1777 262 261 1779 1778 261 210 1780 1779 210 211 1777 1780 212 263 1782 1781 263 262 1783 1782 262 211 1784 1783 211 212 1781 1784 213 264 1786 1785 264 263 1787 1786 263 212 1788 1787 212 213 1785 1788 214 265 1790 1789 265 264 1791 1790 264 213 1792 1791 213 214 1789 1792 215 266 1794 1793 266 265 1795 1794 265 214 1796 1795 214 215 1793 1796 216 267 1798 1797 267 266 1799 1798 266 215 1800 1799 215 216 1797 1800 217 268 1802 1801 268 267 1803 1802 267 216 1804 1803 216 217 1801 1804 218 269 1806 1805 269 268 1807 1806 268 217 1808 1807 217 218 1805 1808 219 270 1810 1809 270 269 1811 1810 269 218 1812 1811 218 219 1809 1812 220 271 1814 1813 271 270 1815 1814 270 219 1816 1815 219 220 1813 1816 221 272 1818 1817 272 271 1819 1818 271 220 1820 1819 220 221 1817 1820 222 273 1822 1821 273 272 1823 1822 272 221 1824 1823 221 222 1821 1824 223 274 1826 1825 274 273 1827 1826 273 222 1828 1827 222 223 1825 1828 224 275 1830 1829 275 274 1831 1830 274 223 1832 1831 223 224 1829 1832 225 276 1834 1833 276 275 1835 1834 275 224 1836 1835 224 225 1833 1836 226 277 1838 1837 277 276 1839 1838 276 225 1840 1839 225 226 1837 1840 227 278 1842 1841 278 277 1843 1842 277 226 1844 1843 226 227 1841 1844 228 279 1846 1845 279 278 1847 1846 278 227 1848 1847 227 228 1845 1848 229 280 1850 1849 280 279 1851 1850 279 228 1852 1851 228 229 1849 1852 230 281 1854 1853 281 280 1855 1854 280 229 1856 1855 229 230 1853 1856 231 282 1858 1857 282 281 1859 1858 281 230 1860 1859 230 231 1857 1860 232 283 1862 1861 283 282 1863 1862 282 231 1864 1863 231 232 1861 1864 233 284 1866 1865 284 283 1867 1866 283 232 1868 1867 232 233 1865 1868 234 285 1870 1869 285 284 1871 1870 284 233 1872 1871 233 234 1869 1872 235 286 1874 1873 286 285 1875 1874 285 234 1876 1875 234 235 1873 1876 236 287 1878 1877 287 286 1879 1878 286 235 1880 1879 235 236 1877 1880 237 288 1882 1881 288 287 1883 1882 287 236 1884 1883 236 237 1881 1884 238 289 1886 1885 289 288 1887 1886 288 237 1888 1887 237 238 1885 1888 239 290 1890 1889 290 289 1891 1890 289 238 1892 1891 238 239 1889 1892 240 291 1894 1893 291 290 1895 1894 290 239 1896 1895 239 240 1893 1896 241 292 1898 1897 292 291 1899 1898 291 240 1900 1899 240 241 1897 1900 242 293 1902 1901 293 292 1903 1902 292 241 1904 1903 241 242 1901 1904 243 294 1906 1905 294 293 1907 1906 293 242 1908 1907 242 243 1905 1908 244 295 1910 1909 295 294 1911 1910 294 243 1912 1911 243 244 1909 1912 245 296 1914 1913 296 295 1915 1914 295 244 1916 1915 244 245 1913 1916 246 297 1918 1917 297 296 1919 1918 296 245 1920 1919 245 246 1917 1920 247 298 1922 1921 298 297 1923 1922 297 246 1924 1923 246 247 1921 1924 248 299 1926 1925 299 298 1927 1926 298 247 1928 1927 247 248 1925 1928 249 300 1930 1929 300 299 1931 1930 299 248 1932 1931 248 249 1929 1932 250 301 1934 1933 301 300 1935 1934 300 249 1936 1935 249 250 1933 1936 251 302 1938 1937 302 301 1939 1938 301 250 1940 1939 250 251 1937 1940 252 303 1942 1941 303 302 1943 1942 302 251 1944 1943 251 252 1941 1944 253 304 1946 1945 304 303 1947 1946 303 252 1948 1947 252 253 1945 1948 253 254 1950 1949 254 305 1951 1950 305 304 1952 1951 304 253 1949 1952 256 307 1954 1953 307 306 1955 1954 306 255 1956 1955 255 256 1953 1956 257 308 1958 1957 308 307 1959 1958 307 256 1960 1959 256 257 1957 1960 258 309 1962 1961 309 308 1963 1962 308 257 1964 1963 257 258 1961 1964 259 310 1966 1965 310 309 1967 1966 309 258 1968 1967 258 259 1965 1968 260 311 1970 1969 311 310 1971 1970 310 259 1972 1971 259 260 1969 1972 261 312 1974 1973 312 311 1975 1974 311 260 1976 1975 260 261 1973 1976 262 313 1978 1977 313 312 1979 1978 312 261 1980 1979 261 262 1977 1980 263 314 1982 1981 314 313 1983 1982 313 262 1984 1983 262 263 1981 1984 264 315 1986 1985 315 314 1987 1986 314 263 1988 1987 263 264 1985 1988 265 316 1990 1989 316 315 1991 1990 315 264 1992 1991 264 265 1989 1992 266 317 1994 1993 317 316 1995 1994 316 265 1996 1995 265 266 1993 1996 267 318 1998 1997 318 317 1999 1998 317 266 2000 1999 266 267 1997 2000 268 319 2002 2001 319 318 2003 2002 318 267 2004 2003 267 268 2001 2004 269 320 2006 2005 320 319 2007 2006 319 268 2008 2007 268 269 2005 2008 270 321 2010 2009 321 320 2011 2010 320 269 2012 2011 269 270 2009 2012 271 322 2014 2013 322 321 2015 2014 321 270 2016 2015 270 271 2013 2016 272 323 2018 2017 323 322 2019 2018 322 271 2020 2019 271 272 2017 2020 273 324 2022 2021 324 323 2023 2022 323 272 2024 2023 272 273 2021 2024 274 325 2026 2025 325 324 2027 2026 324 273 2028 2027 273 274 2025 2028 275 326 2030 2029 326 325 2031 2030 325 274 2032 2031 274 275 2029 2032 276 327 2034 2033 327 326 2035 2034 326 275 2036 2035 275 276 2033 2036 277 328 2038 2037 328 327 2039 2038 327 276 2040 2039 276 277 2037 2040 278 329 2042 2041 329 328 2043 2042 328 277 2044 2043 277 278 2041 2044 279 330 2046 2045 330 329 2047 2046 329 278 2048 2047 278 279 2045 2048 280 331 2050 2049 331 330 2051 2050 330 279 2052 2051 279 280 2049 2052 281 332 2054 2053 332 331 2055 2054 331 280 2056 2055 280 281 2053 2056 282 333 2058 2057 333 332 2059 2058 332 281 2060 2059 281 282 2057 2060 283 334 2062 2061 334 333 2063 2062 333 282 2064 2063 282 283 2061 2064 284 335 2066 2065 335 334 2067 2066 334 283 2068 2067 283 284 2065 2068 285 336 2070 2069 336 335 2071 2070 335 284 2072 2071 284 285 2069 2072 286 337 2074 2073 337 336 2075 2074 336 285 2076 2075 285 286 2073 2076 287 338 2078 2077 338 337 2079 2078 337 286 2080 2079 286 287 2077 2080 288 339 2082 2081 339 338 2083 2082 338 287 2084 2083 287 288 2081 2084 289 340 2086 2085 340 339 2087 2086 339 288 2088 2087 288 289 2085 2088 290 341 2090 2089 341 340 2091 2090 340 289 2092 2091 289 290 2089 2092 291 342 2094 2093 342 341 2095 2094 341 290 2096 2095 290 291 2093 2096 292 343 2098 2097 343 342 2099 2098 342 291 2100 2099 291 292 2097 2100 293 344 2102 2101 344 343 2103 2102 343 292 2104 2103 292 293 2101 2104 294 345 2106 2105 345 344 2107 2106 344 293 2108 2107 293 294 2105 2108 295 346 2110 2109 346 345 2111 2110 345 294 2112 2111 294 295 2109 2112 296 347 2114 2113 347 346 2115 2114 346 295 2116 2115 295 296 2113 2116 297 348 2118 2117 348 347 2119 2118 347 296 2120 2119 296 297 2117 2120 298 349 2122 2121 349 348 2123 2122 348 297 2124 2123 297 298 2121 2124 299 350 2126 2125 350 349 2127 2126 349 298 2128 2127 298 299 2125 2128 300 351 2130 2129 351 350 2131 2130 350 299 2132 2131 299 300 2129 2132 301 352 2134 2133 352 351 2135 2134 351 300 2136 2135 300 301 2133 2136 302 353 2138 2137 353 352 2139 2138 352 301 2140 2139 301 302 2137 2140 303 354 2142 2141 354 353 2143 2142 353 302 2144 2143 302 303 2141 2144 304 355 2146 2145 355 354 2147 2146 354 303 2148 2147 303 304 2145 2148 304 305 2150 2149 305 356 2151 2150 356 355 2152 2151 355 304 2149 2152 307 949 2154 2153 949 358 2155 2154 358 357 2156 2155 357 306 2157 2156 306 307 2153 2157 949 307 2159 2158 307 308 2160 2159 308 950 2161 2160 950 949 2158 2161 950 308 2163 2162 308 309 2164 2163 309 946 2165 2164 946 945 2166 2165 945 950 2162 2166 946 309 2168 2167 309 310 2169 2168 310 942 2170 2169 942 941 2171 2170 941 946 2167 2171 942 310 2173 2172 310 311 2174 2173 311 938 2175 2174 938 937 2176 2175 937 942 2172 2176 938 311 2178 2177 311 312 2179 2178 312 936 2180 2179 936 935 2181 2180 935 938 2177 2181 936 312 2183 2182 312 313 2184 2183 313 902 2185 2184 902 901 2186 2185 901 936 2182 2186 907 902 2188 2187 902 313 2189 2188 313 314 2190 2189 314 908 2191 2190 908 907 2187 2191 911 908 2193 2192 908 314 2194 2193 314 315 2195 2194 315 912 2196 2195 912 911 2192 2196 919 912 2198 2197 912 315 2199 2198 315 316 2200 2199 316 920 2201 2200 920 919 2197 2201 921 920 2203 2202 920 316 2204 2203 316 317 2205 2204 317 922 2206 2205 922 921 2202 2206 931 922 2208 2207 922 317 2209 2208 317 318 2210 2209 318 932 2211 2210 932 931 2207 2211 932 318 2213 2212 318 319 2214 2213 319 928 2215 2214 928 927 2216 2215 927 932 2212 2216 928 319 2218 2217 319 320 2219 2218 320 914 2220 2219 914 913 2221 2220 913 928 2217 2221 914 320 2223 2222 320 321 2224 2223 321 898 2225 2224 898 897 2226 2225 897 914 2222 2226 898 321 2228 2227 321 322 2229 2228 322 896 2230 2229 896 895 2231 2230 895 898 2227 2231 896 322 2233 2232 322 323 2234 2233 323 890 2235 2234 890 889 2236 2235 889 896 2232 2236 890 323 2238 2237 323 324 2239 2238 324 886 2240 2239 886 885 2241 2240 885 890 2237 2241 886 324 2243 2242 324 325 2244 2243 325 882 2245 2244 882 881 2246 2245 881 886 2242 2246 882 325 2248 2247 325 326 2249 2248 326 878 2250 2249 878 877 2251 2250 877 882 2247 2251 878 326 2253 2252 326 327 2254 2253 327 874 2255 2254 874 873 2256 2255 873 878 2252 2256 874 327 2258 2257 327 328 2259 2258 328 870 2260 2259 870 869 2261 2260 869 874 2257 2261 870 328 2263 2262 328 329 2264 2263 329 866 2265 2264 866 865 2266 2265 865 870 2262 2266 866 329 2268 2267 329 330 2269 2268 330 862 2270 2269 862 861 2271 2270 861 866 2267 2271 862 330 2273 2272 330 331 2274 2273 331 859 2275 2274 859 858 2276 2275 858 857 2277 2276 857 862 2272 2277 859 331 2279 2278 331 332 2280 2279 332 863 2281 2280 863 860 2282 2281 860 859 2278 2282 863 332 2284 2283 332 333 2285 2284 333 867 2286 2285 867 864 2287 2286 864 863 2283 2287 867 333 2289 2288 333 334 2290 2289 334 871 2291 2290 871 868 2292 2291 868 867 2288 2292 871 334 2294 2293 334 335 2295 2294 335 875 2296 2295 875 872 2297 2296 872 871 2293 2297 875 335 2299 2298 335 336 2300 2299 336 879 2301 2300 879 876 2302 2301 876 875 2298 2302 879 336 2304 2303 336 337 2305 2304 337 883 2306 2305 883 880 2307 2306 880 879 2303 2307 883 337 2309 2308 337 338 2310 2309 338 887 2311 2310 887 884 2312 2311 884 883 2308 2312 887 338 2314 2313 338 339 2315 2314 339 891 2316 2315 891 888 2317 2316 888 887 2313 2317 891 339 2319 2318 339 340 2320 2319 340 893 2321 2320 893 892 2322 2321 892 891 2318 2322 893 340 2324 2323 340 341 2325 2324 341 899 2326 2325 899 894 2327 2326 894 893 2323 2327 899 341 2329 2328 341 342 2330 2329 342 915 2331 2330 915 900 2332 2331 900 899 2328 2332 915 342 2334 2333 342 343 2335 2334 343 925 2336 2335 925 916 2337 2336 916 915 2333 2337 925 343 2339 2338 343 344 2340 2339 344 929 2341 2340 929 926 2342 2341 926 925 2338 2342 929 344 2344 2343 344 345 2345 2344 345 923 2346 2345 923 930 2347 2346 930 929 2343 2347 923 345 2349 2348 345 346 2350 2349 346 917 2351 2350 917 924 2352 2351 924 923 2348 2352 917 346 2354 2353 346 347 2355 2354 347 909 2356 2355 909 918 2357 2356 918 917 2353 2357 909 347 2359 2358 347 348 2360 2359 348 903 2361 2360 903 910 2362 2361 910 909 2358 2362 903 348 2364 2363 348 349 2365 2364 349 905 2366 2365 905 904 2367 2366 904 903 2363 2367 905 349 2369 2368 349 350 2370 2369 350 933 2371 2370 933 906 2372 2371 906 905 2368 2372 933 350 2374 2373 350 351 2375 2374 351 939 2376 2375 939 934 2377 2376 934 933 2373 2377 939 351 2379 2378 351 352 2380 2379 352 943 2381 2380 943 940 2382 2381 940 939 2378 2382 943 352 2384 2383 352 353 2385 2384 353 947 2386 2385 947 944 2387 2386 944 943 2383 2387 947 353 2389 2388 353 354 2390 2389 354 951 2391 2390 951 948 2392 2391 948 947 2388 2392 951 354 2394 2393 354 355 2395 2394 355 952 2396 2395 952 951 2393 2396 355 356 2398 2397 356 407 2399 2398 407 406 2400 2399 406 952 2401 2400 952 355 2397 2401 358 849 2403 2402 849 409 2404 2403 409 408 2405 2404 408 357 2406 2405 357 358 2402 2406 849 358 2408 2407 358 359 2409 2408 359 850 2410 2409 850 849 2407 2410 850 359 2412 2411 359 360 2413 2412 360 846 2414 2413 846 845 2415 2414 845 850 2411 2415 846 360 2417 2416 360 361 2418 2417 361 842 2419 2418 842 841 2420 2419 841 846 2416 2420 842 361 2422 2421 361 362 2423 2422 362 828 2424 2423 828 827 2425 2424 827 842 2421 2425 828 362 2427 2426 362 363 2428 2427 363 794 2429 2428 794 793 2430 2429 793 828 2426 2430 797 794 2432 2431 794 363 2433 2432 363 364 2434 2433 364 798 2435 2434 798 797 2431 2435 807 798 2437 2436 798 364 2438 2437 364 365 2439 2438 365 808 2440 2439 808 807 2436 2440 809 808 2442 2441 808 365 2443 2442 365 366 2444 2443 366 810 2445 2444 810 809 2441 2445 819 810 2447 2446 810 366 2448 2447 366 367 2449 2448 367 820 2450 2449 820 819 2446 2450 821 820 2452 2451 820 367 2453 2452 367 368 2454 2453 368 822 2455 2454 822 821 2451 2455 833 822 2457 2456 822 368 2458 2457 368 369 2459 2458 369 834 2460 2459 834 833 2456 2460 839 834 2462 2461 834 369 2463 2462 369 370 2464 2463 370 840 2465 2464 840 839 2461 2465 840 370 2467 2466 370 371 2468 2467 371 830 2469 2468 830 829 2470 2469 829 840 2466 2470 830 371 2472 2471 371 372 2473 2472 372 814 2474 2473 814 813 2475 2474 813 830 2471 2475 814 372 2477 2476 372 373 2478 2477 373 804 2479 2478 804 803 2480 2479 803 814 2476 2480 804 373 2482 2481 373 374 2483 2482 374 790 2484 2483 790 789 2485 2484 789 804 2481 2485 790 374 2487 2486 374 375 2488 2487 375 788 2489 2488 788 787 2490 2489 787 790 2486 2490 788 375 2492 2491 375 376 2493 2492 376 782 2494 2493 782 781 2495 2494 781 788 2491 2495 782 376 2497 2496 376 377 2498 2497 377 778 2499 2498 778 777 2500 2499 777 782 2496 2500 778 377 2502 2501 377 378 2503 2502 378 774 2504 2503 774 773 2505 2504 773 778 2501 2505 774 378 2507 2506 378 379 2508 2507 379 770 2509 2508 770 769 2510 2509 769 774 2506 2510 770 379 2512 2511 379 380 2513 2512 380 766 2514 2513 766 765 2515 2514 765 770 2511 2515 766 380 2517 2516 380 381 2518 2517 381 764 2519 2518 764 763 2520 2519 763 766 2516 2520 764 381 2522 2521 381 382 2523 2522 382 757 2524 2523 757 760 2525 2524 760 759 2526 2525 759 764 2521 2526 757 382 2528 2527 382 383 2529 2528 383 761 2530 2529 761 758 2531 2530 758 757 2527 2531 761 383 2533 2532 383 384 2534 2533 384 767 2535 2534 767 762 2536 2535 762 761 2532 2536 767 384 2538 2537 384 385 2539 2538 385 771 2540 2539 771 768 2541 2540 768 767 2537 2541 771 385 2543 2542 385 386 2544 2543 386 775 2545 2544 775 772 2546 2545 772 771 2542 2546 775 386 2548 2547 386 387 2549 2548 387 779 2550 2549 779 776 2551 2550 776 775 2547 2551 779 387 2553 2552 387 388 2554 2553 388 783 2555 2554 783 780 2556 2555 780 779 2552 2556 783 388 2558 2557 388 389 2559 2558 389 785 2560 2559 785 784 2561 2560 784 783 2557 2561 785 389 2563 2562 389 390 2564 2563 390 791 2565 2564 791 786 2566 2565 786 785 2562 2566 791 390 2568 2567 390 391 2569 2568 391 801 2570 2569 801 792 2571 2570 792 791 2567 2571 801 391 2573 2572 391 392 2574 2573 392 815 2575 2574 815 802 2576 2575 802 801 2572 2576 815 392 2578 2577 392 393 2579 2578 393 831 2580 2579 831 816 2581 2580 816 815 2577 2581 831 393 2583 2582 393 394 2584 2583 394 837 2585 2584 837 832 2586 2585 832 831 2582 2586 837 394 2588 2587 394 395 2589 2588 395 835 2590 2589 835 838 2591 2590 838 837 2587 2591 835 395 2593 2592 395 396 2594 2593 396 823 2595 2594 823 836 2596 2595 836 835 2592 2596 823 396 2598 2597 396 397 2599 2598 397 817 2600 2599 817 824 2601 2600 824 823 2597 2601 817 397 2603 2602 397 398 2604 2603 398 811 2605 2604 811 818 2606 2605 818 817 2602 2606 811 398 2608 2607 398 399 2609 2608 399 805 2610 2609 805 812 2611 2610 812 811 2607 2611 805 399 2613 2612 399 400 2614 2613 400 799 2615 2614 799 806 2616 2615 806 805 2612 2616 799 400 2618 2617 400 401 2619 2618 401 795 2620 2619 795 800 2621 2620 800 799 2617 2621 795 401 2623 2622 401 402 2624 2623 402 825 2625 2624 825 796 2626 2625 796 795 2622 2626 825 402 2628 2627 402 403 2629 2628 403 843 2630 2629 843 826 2631 2630 826 825 2627 2631 843 403 2633 2632 403 404 2634 2633 404 847 2635 2634 847 844 2636 2635 844 843 2632 2636 847 404 2638 2637 404 405 2639 2638 405 851 2640 2639 851 848 2641 2640 848 847 2637 2641 851 405 2643 2642 405 406 2644 2643 406 852 2645 2644 852 851 2642 2645 406 407 2647 2646 407 458 2648 2647 458 457 2649 2648 457 852 2650 2649 852 406 2646 2650 853 408 2652 2651 408 409 2653 2652 409 854 2654 2653 854 853 2651 2654 854 409 2656 2655 409 410 2657 2656 410 750 2658 2657 750 749 2659 2658 749 854 2655 2659 750 410 2661 2660 410 411 2662 2661 411 746 2663 2662 746 745 2664 2663 745 750 2660 2664 746 411 2666 2665 411 412 2667 2666 412 666 2668 2667 666 665 2669 2668 665 746 2665 2669 666 412 2671 2670 412 413 2672 2671 413 658 2673 2672 658 657 2674 2673 657 666 2670 2674 661 658 2676 2675 658 413 2677 2676 413 414 2678 2677 414 662 2679 2678 662 661 2675 2679 669 662 2681 2680 662 414 2682 2681 414 415 2683 2682 415 670 2684 2683 670 669 2680 2684 673 670 2686 2685 670 415 2687 2686 415 416 2688 2687 416 674 2689 2688 674 673 2685 2689 677 674 2691 2690 674 416 2692 2691 416 417 2693 2692 417 678 2694 2693 678 677 2690 2694 681 678 2696 2695 678 417 2697 2696 417 418 2698 2697 418 682 2699 2698 682 681 2695 2699 689 682 2701 2700 682 418 2702 2701 418 419 2703 2702 419 690 2704 2703 690 689 2700 2704 701 690 2706 2705 690 419 2707 2706 419 420 2708 2707 420 702 2709 2708 702 701 2705 2709 709 702 2711 2710 702 420 2712 2711 420 421 2713 2712 421 710 2714 2713 710 709 2710 2714 717 710 2716 2715 710 421 2717 2716 421 422 2718 2717 422 718 2719 2718 718 717 2715 2719 725 718 2721 2720 718 422 2722 2721 422 423 2723 2722 423 726 2724 2723 726 725 2720 2724 733 726 2726 2725 726 423 2727 2726 423 424 2728 2727 424 734 2729 2728 734 733 2725 2729 743 734 2731 2730 734 424 2732 2731 424 425 2733 2732 425 744 2734 2733 744 743 2730 2734 744 425 2736 2735 425 426 2737 2736 426 738 2738 2737 738 737 2739 2738 737 744 2735 2739 738 426 2741 2740 426 427 2742 2741 427 730 2743 2742 730 729 2744 2743 729 738 2740 2744 730 427 2746 2745 427 428 2747 2746 428 722 2748 2747 722 721 2749 2748 721 730 2745 2749 722 428 2751 2750 428 429 2752 2751 429 714 2753 2752 714 713 2754 2753 713 722 2750 2754 714 429 2756 2755 429 430 2757 2756 430 706 2758 2757 706 705 2759 2758 705 714 2755 2759 706 430 2761 2760 430 431 2762 2761 431 698 2763 2762 698 697 2764 2763 697 706 2760 2764 698 431 2766 2765 431 432 2767 2766 432 694 2768 2767 694 693 2769 2768 693 698 2765 2769 694 432 2771 2770 432 433 2772 2771 433 688 2773 2772 688 687 2774 2773 687 694 2770 2774 688 433 2776 2775 433 434 2777 2776 434 695 2778 2777 695 686 2779 2778 686 685 2780 2779 685 688 2775 2780 695 434 2782 2781 434 435 2783 2782 435 699 2784 2783 699 696 2785 2784 696 695 2781 2785 699 435 2787 2786 435 436 2788 2787 436 707 2789 2788 707 700 2790 2789 700 699 2786 2790 707 436 2792 2791 436 437 2793 2792 437 715 2794 2793 715 708 2795 2794 708 707 2791 2795 715 437 2797 2796 437 438 2798 2797 438 723 2799 2798 723 716 2800 2799 716 715 2796 2800 723 438 2802 2801 438 439 2803 2802 439 731 2804 2803 731 724 2805 2804 724 723 2801 2805 731 439 2807 2806 439 440 2808 2807 440 739 2809 2808 739 732 2810 2809 732 731 2806 2810 739 440 2812 2811 440 441 2813 2812 441 741 2814 2813 741 740 2815 2814 740 739 2811 2815 741 441 2817 2816 441 442 2818 2817 442 735 2819 2818 735 742 2820 2819 742 741 2816 2820 735 442 2822 2821 442 443 2823 2822 443 727 2824 2823 727 736 2825 2824 736 735 2821 2825 727 443 2827 2826 443 444 2828 2827 444 719 2829 2828 719 728 2830 2829 728 727 2826 2830 719 444 2832 2831 444 445 2833 2832 445 711 2834 2833 711 720 2835 2834 720 719 2831 2835 711 445 2837 2836 445 446 2838 2837 446 703 2839 2838 703 712 2840 2839 712 711 2836 2840 703 446 2842 2841 446 447 2843 2842 447 691 2844 2843 691 704 2845 2844 704 703 2841 2845 691 447 2847 2846 447 448 2848 2847 448 683 2849 2848 683 692 2850 2849 692 691 2846 2850 683 448 2852 2851 448 449 2853 2852 449 679 2854 2853 679 684 2855 2854 684 683 2851 2855 679 449 2857 2856 449 450 2858 2857 450 675 2859 2858 675 680 2860 2859 680 679 2856 2860 675 450 2862 2861 450 451 2863 2862 451 671 2864 2863 671 676 2865 2864 676 675 2861 2865 671 451 2867 2866 451 452 2868 2867 452 663 2869 2868 663 672 2870 2869 672 671 2866 2870 663 452 2872 2871 452 453 2873 2872 453 659 2874 2873 659 664 2875 2874 664 663 2871 2875 659 453 2877 2876 453 454 2878 2877 454 667 2879 2878 667 660 2880 2879 660 659 2876 2880 667 454 2882 2881 454 455 2883 2882 455 747 2884 2883 747 668 2885 2884 668 667 2881 2885 747 455 2887 2886 455 456 2888 2887 456 751 2889 2888 751 748 2890 2889 748 747 2886 2890 751 456 2892 2891 456 457 2893 2892 457 855 2894 2893 855 752 2895 2894 752 751 2891 2895 855 457 2897 2896 457 458 2898 2897 458 856 2899 2898 856 855 2896 2899 753 459 2901 2900 459 460 2902 2901 460 754 2903 2902 754 753 2900 2903 754 460 2905 2904 460 461 2906 2905 461 590 2907 2906 590 589 2908 2907 589 754 2904 2908 590 461 2910 2909 461 462 2911 2910 462 566 2912 2911 566 565 2913 2912 565 590 2909 2913 566 462 2915 2914 462 463 2916 2915 463 562 2917 2916 562 561 2918 2917 561 566 2914 2918 569 562 2920 2919 562 463 2921 2920 463 464 2922 2921 464 570 2923 2922 570 569 2919 2923 573 570 2925 2924 570 464 2926 2925 464 465 2927 2926 465 574 2928 2927 574 573 2924 2928 577 574 2930 2929 574 465 2931 2930 465 466 2932 2931 466 578 2933 2932 578 577 2929 2933 581 578 2935 2934 578 466 2936 2935 466 467 2937 2936 467 582 2938 2937 582 581 2934 2938 585 582 2940 2939 582 467 2941 2940 467 468 2942 2941 468 586 2943 2942 586 585 2939 2943 593 586 2945 2944 586 468 2946 2945 468 469 2947 2946 469 594 2948 2947 594 593 2944 2948 597 594 2950 2949 594 469 2951 2950 469 470 2952 2951 470 598 2953 2952 598 597 2949 2953 601 598 2955 2954 598 470 2956 2955 470 471 2957 2956 471 602 2958 2957 602 601 2954 2958 605 602 2960 2959 602 471 2961 2960 471 472 2962 2961 472 606 2963 2962 606 605 2959 2963 609 606 2965 2964 606 472 2966 2965 472 473 2967 2966 473 610 2968 2967 610 609 2964 2968 613 610 2970 2969 610 473 2971 2970 473 474 2972 2971 474 614 2973 2972 614 613 2969 2973 617 614 2975 2974 614 474 2976 2975 474 475 2977 2976 475 618 2978 2977 618 617 2974 2978 621 618 2980 2979 618 475 2981 2980 475 476 2982 2981 476 622 2983 2982 622 621 2979 2983 625 622 2985 2984 622 476 2986 2985 476 477 2987 2986 477 626 2988 2987 626 625 2984 2988 629 626 2990 2989 626 477 2991 2990 477 478 2992 2991 478 630 2993 2992 630 629 2989 2993 633 630 2995 2994 630 478 2996 2995 478 479 2997 2996 479 634 2998 2997 634 633 2994 2998 637 634 3000 2999 634 479 3001 3000 479 480 3002 3001 480 638 3003 3002 638 637 2999 3003 641 638 3005 3004 638 480 3006 3005 480 481 3007 3006 481 642 3008 3007 642 641 3004 3008 645 642 3010 3009 642 481 3011 3010 481 482 3012 3011 482 646 3013 3012 646 645 3009 3013 649 646 3015 3014 646 482 3016 3015 482 483 3017 3016 483 650 3018 3017 650 649 3014 3018 653 650 3020 3019 650 483 3021 3020 483 484 3022 3021 484 654 3023 3022 654 653 3019 3023 655 654 3025 3024 654 484 3026 3025 484 485 3027 3026 485 651 3028 3027 651 656 3029 3028 656 655 3024 3029 651 485 3031 3030 485 486 3032 3031 486 647 3033 3032 647 652 3034 3033 652 651 3030 3034 647 486 3036 3035 486 487 3037 3036 487 643 3038 3037 643 648 3039 3038 648 647 3035 3039 643 487 3041 3040 487 488 3042 3041 488 639 3043 3042 639 644 3044 3043 644 643 3040 3044 639 488 3046 3045 488 489 3047 3046 489 635 3048 3047 635 640 3049 3048 640 639 3045 3049 635 489 3051 3050 489 490 3052 3051 490 631 3053 3052 631 636 3054 3053 636 635 3050 3054 631 490 3056 3055 490 491 3057 3056 491 627 3058 3057 627 632 3059 3058 632 631 3055 3059 627 491 3061 3060 491 492 3062 3061 492 623 3063 3062 623 628 3064 3063 628 627 3060 3064 623 492 3066 3065 492 493 3067 3066 493 619 3068 3067 619 624 3069 3068 624 623 3065 3069 619 493 3071 3070 493 494 3072 3071 494 615 3073 3072 615 620 3074 3073 620 619 3070 3074 615 494 3076 3075 494 495 3077 3076 495 611 3078 3077 611 616 3079 3078 616 615 3075 3079 611 495 3081 3080 495 496 3082 3081 496 607 3083 3082 607 612 3084 3083 612 611 3080 3084 607 496 3086 3085 496 497 3087 3086 497 603 3088 3087 603 608 3089 3088 608 607 3085 3089 603 497 3091 3090 497 498 3092 3091 498 599 3093 3092 599 604 3094 3093 604 603 3090 3094 599 498 3096 3095 498 499 3097 3096 499 595 3098 3097 595 600 3099 3098 600 599 3095 3099 595 499 3101 3100 499 500 3102 3101 500 587 3103 3102 587 596 3104 3103 596 595 3100 3104 587 500 3106 3105 500 501 3107 3106 501 583 3108 3107 583 588 3109 3108 588 587 3105 3109 583 501 3111 3110 501 502 3112 3111 502 579 3113 3112 579 584 3114 3113 584 583 3110 3114 579 502 3116 3115 502 503 3117 3116 503 575 3118 3117 575 580 3119 3118 580 579 3115 3119 575 503 3121 3120 503 504 3122 3121 504 571 3123 3122 571 576 3124 3123 576 575 3120 3124 571 504 3126 3125 504 505 3127 3126 505 563 3128 3127 563 572 3129 3128 572 571 3125 3129 563 505 3131 3130 505 506 3132 3131 506 567 3133 3132 567 564 3134 3133 564 563 3130 3134 567 506 3136 3135 506 507 3137 3136 507 591 3138 3137 591 568 3139 3138 568 567 3135 3139 591 507 3141 3140 507 508 3142 3141 508 755 3143 3142 755 592 3144 3143 592 591 3140 3144 755 508 3146 3145 508 509 3147 3146 509 756 3148 3147 756 755 3145 3148 513 561 3150 3149 561 562 3151 3150 562 569 3152 3151 569 514 3153 3152 514 513 3149 3153 572 563 3155 3154 563 564 3156 3155 564 557 3157 3156 557 556 3158 3157 556 572 3154 3158 512 565 3160 3159 565 566 3161 3160 566 561 3162 3161 561 513 3163 3162 513 512 3159 3163 564 567 3165 3164 567 568 3166 3165 568 558 3167 3166 558 557 3168 3167 557 564 3164 3168 514 569 3170 3169 569 570 3171 3170 570 573 3172 3171 573 515 3173 3172 515 514 3169 3173 576 571 3175 3174 571 572 3176 3175 572 556 3177 3176 556 555 3178 3177 555 576 3174 3178 515 573 3180 3179 573 574 3181 3180 574 577 3182 3181 577 516 3183 3182 516 515 3179 3183 580 575 3185 3184 575 576 3186 3185 576 555 3187 3186 555 554 3188 3187 554 580 3184 3188 516 577 3190 3189 577 578 3191 3190 578 581 3192 3191 581 517 3193 3192 517 516 3189 3193 584 579 3195 3194 579 580 3196 3195 580 554 3197 3196 554 553 3198 3197 553 584 3194 3198 517 581 3200 3199 581 582 3201 3200 582 585 3202 3201 585 518 3203 3202 518 517 3199 3203 588 583 3205 3204 583 584 3206 3205 584 553 3207 3206 553 552 3208 3207 552 588 3204 3208 518 585 3210 3209 585 586 3211 3210 586 593 3212 3211 593 519 3213 3212 519 518 3209 3213 596 587 3215 3214 587 588 3216 3215 588 552 3217 3216 552 551 3218 3217 551 596 3214 3218 511 589 3220 3219 589 590 3221 3220 590 565 3222 3221 565 512 3223 3222 512 511 3219 3223 568 591 3225 3224 591 592 3226 3225 592 559 3227 3226 559 558 3228 3227 558 568 3224 3228 519 593 3230 3229 593 594 3231 3230 594 597 3232 3231 597 520 3233 3232 520 519 3229 3233 600 595 3235 3234 595 596 3236 3235 596 551 3237 3236 551 550 3238 3237 550 600 3234 3238 520 597 3240 3239 597 598 3241 3240 598 601 3242 3241 601 521 3243 3242 521 520 3239 3243 604 599 3245 3244 599 600 3246 3245 600 550 3247 3246 550 549 3248 3247 549 604 3244 3248 521 601 3250 3249 601 602 3251 3250 602 605 3252 3251 605 522 3253 3252 522 521 3249 3253 608 603 3255 3254 603 604 3256 3255 604 549 3257 3256 549 548 3258 3257 548 608 3254 3258 522 605 3260 3259 605 606 3261 3260 606 609 3262 3261 609 523 3263 3262 523 522 3259 3263 612 607 3265 3264 607 608 3266 3265 608 548 3267 3266 548 547 3268 3267 547 612 3264 3268 523 609 3270 3269 609 610 3271 3270 610 613 3272 3271 613 524 3273 3272 524 523 3269 3273 616 611 3275 3274 611 612 3276 3275 612 547 3277 3276 547 546 3278 3277 546 616 3274 3278 524 613 3280 3279 613 614 3281 3280 614 617 3282 3281 617 525 3283 3282 525 524 3279 3283 620 615 3285 3284 615 616 3286 3285 616 546 3287 3286 546 545 3288 3287 545 620 3284 3288 525 617 3290 3289 617 618 3291 3290 618 621 3292 3291 621 526 3293 3292 526 525 3289 3293 624 619 3295 3294 619 620 3296 3295 620 545 3297 3296 545 544 3298 3297 544 624 3294 3298 526 621 3300 3299 621 622 3301 3300 622 625 3302 3301 625 527 3303 3302 527 526 3299 3303 628 623 3305 3304 623 624 3306 3305 624 544 3307 3306 544 543 3308 3307 543 628 3304 3308 527 625 3310 3309 625 626 3311 3310 626 629 3312 3311 629 528 3313 3312 528 527 3309 3313 632 627 3315 3314 627 628 3316 3315 628 543 3317 3316 543 542 3318 3317 542 632 3314 3318 528 629 3320 3319 629 630 3321 3320 630 633 3322 3321 633 529 3323 3322 529 528 3319 3323 636 631 3325 3324 631 632 3326 3325 632 542 3327 3326 542 541 3328 3327 541 636 3324 3328 529 633 3330 3329 633 634 3331 3330 634 637 3332 3331 637 530 3333 3332 530 529 3329 3333 640 635 3335 3334 635 636 3336 3335 636 541 3337 3336 541 540 3338 3337 540 640 3334 3338 530 637 3340 3339 637 638 3341 3340 638 641 3342 3341 641 531 3343 3342 531 530 3339 3343 644 639 3345 3344 639 640 3346 3345 640 540 3347 3346 540 539 3348 3347 539 644 3344 3348 531 641 3350 3349 641 642 3351 3350 642 645 3352 3351 645 532 3353 3352 532 531 3349 3353 648 643 3355 3354 643 644 3356 3355 644 539 3357 3356 539 538 3358 3357 538 648 3354 3358 532 645 3360 3359 645 646 3361 3360 646 649 3362 3361 649 533 3363 3362 533 532 3359 3363 652 647 3365 3364 647 648 3366 3365 648 538 3367 3366 538 537 3368 3367 537 652 3364 3368 533 649 3370 3369 649 650 3371 3370 650 653 3372 3371 653 534 3373 3372 534 533 3369 3373 656 651 3375 3374 651 652 3376 3375 652 537 3377 3376 537 536 3378 3377 536 656 3374 3378 534 653 3380 3379 653 654 3381 3380 654 655 3382 3381 655 535 3383 3382 535 534 3379 3383 535 655 3385 3384 655 656 3386 3385 656 536 3387 3386 536 535 3384 3387 463 657 3389 3388 657 658 3390 3389 658 661 3391 3390 661 464 3392 3391 464 463 3388 3392 664 659 3394 3393 659 660 3395 3394 660 505 3396 3395 505 504 3397 3396 504 664 3393 3397 464 661 3399 3398 661 662 3400 3399 662 669 3401 3400 669 465 3402 3401 465 464 3398 3402 672 663 3404 3403 663 664 3405 3404 664 504 3406 3405 504 503 3407 3406 503 672 3403 3407 462 665 3409 3408 665 666 3410 3409 666 657 3411 3410 657 463 3412 3411 463 462 3408 3412 660 667 3414 3413 667 668 3415 3414 668 506 3416 3415 506 505 3417 3416 505 660 3413 3417 465 669 3419 3418 669 670 3420 3419 670 673 3421 3420 673 466 3422 3421 466 465 3418 3422 676 671 3424 3423 671 672 3425 3424 672 503 3426 3425 503 502 3427 3426 502 676 3423 3427 466 673 3429 3428 673 674 3430 3429 674 677 3431 3430 677 467 3432 3431 467 466 3428 3432 680 675 3434 3433 675 676 3435 3434 676 502 3436 3435 502 501 3437 3436 501 680 3433 3437 467 677 3439 3438 677 678 3440 3439 678 681 3441 3440 681 468 3442 3441 468 467 3438 3442 684 679 3444 3443 679 680 3445 3444 680 501 3446 3445 501 500 3447 3446 500 684 3443 3447 468 681 3449 3448 681 682 3450 3449 682 689 3451 3450 689 469 3452 3451 469 468 3448 3452 692 683 3454 3453 683 684 3455 3454 684 500 3456 3455 500 499 3457 3456 499 692 3453 3457 484 685 3459 3458 685 686 3460 3459 686 485 3461 3460 485 484 3458 3461 483 687 3463 3462 687 688 3464 3463 688 685 3465 3464 685 484 3466 3465 484 483 3462 3466 469 689 3468 3467 689 690 3469 3468 690 701 3470 3469 701 470 3471 3470 470 469 3467 3471 704 691 3473 3472 691 692 3474 3473 692 499 3475 3474 499 498 3476 3475 498 704 3472 3476 482 693 3478 3477 693 694 3479 3478 694 687 3480 3479 687 483 3481 3480 483 482 3477 3481 686 695 3483 3482 695 696 3484 3483 696 486 3485 3484 486 485 3486 3485 485 686 3482 3486 481 697 3488 3487 697 698 3489 3488 698 693 3490 3489 693 482 3491 3490 482 481 3487 3491 696 699 3493 3492 699 700 3494 3493 700 487 3495 3494 487 486 3496 3495 486 696 3492 3496 470 701 3498 3497 701 702 3499 3498 702 709 3500 3499 709 471 3501 3500 471 470 3497 3501 712 703 3503 3502 703 704 3504 3503 704 498 3505 3504 498 497 3506 3505 497 712 3502 3506 480 705 3508 3507 705 706 3509 3508 706 697 3510 3509 697 481 3511 3510 481 480 3507 3511 700 707 3513 3512 707 708 3514 3513 708 488 3515 3514 488 487 3516 3515 487 700 3512 3516 471 709 3518 3517 709 710 3519 3518 710 717 3520 3519 717 472 3521 3520 472 471 3517 3521 720 711 3523 3522 711 712 3524 3523 712 497 3525 3524 497 496 3526 3525 496 720 3522 3526 479 713 3528 3527 713 714 3529 3528 714 705 3530 3529 705 480 3531 3530 480 479 3527 3531 708 715 3533 3532 715 716 3534 3533 716 489 3535 3534 489 488 3536 3535 488 708 3532 3536 472 717 3538 3537 717 718 3539 3538 718 725 3540 3539 725 473 3541 3540 473 472 3537 3541 728 719 3543 3542 719 720 3544 3543 720 496 3545 3544 496 495 3546 3545 495 728 3542 3546 478 721 3548 3547 721 722 3549 3548 722 713 3550 3549 713 479 3551 3550 479 478 3547 3551 716 723 3553 3552 723 724 3554 3553 724 490 3555 3554 490 489 3556 3555 489 716 3552 3556 473 725 3558 3557 725 726 3559 3558 726 733 3560 3559 733 474 3561 3560 474 473 3557 3561 736 727 3563 3562 727 728 3564 3563 728 495 3565 3564 495 494 3566 3565 494 736 3562 3566 477 729 3568 3567 729 730 3569 3568 730 721 3570 3569 721 478 3571 3570 478 477 3567 3571 724 731 3573 3572 731 732 3574 3573 732 491 3575 3574 491 490 3576 3575 490 724 3572 3576 474 733 3578 3577 733 734 3579 3578 734 743 3580 3579 743 475 3581 3580 475 474 3577 3581 742 735 3583 3582 735 736 3584 3583 736 494 3585 3584 494 493 3586 3585 493 742 3582 3586 476 737 3588 3587 737 738 3589 3588 738 729 3590 3589 729 477 3591 3590 477 476 3587 3591 732 739 3593 3592 739 740 3594 3593 740 492 3595 3594 492 491 3596 3595 491 732 3592 3596 740 741 3598 3597 741 742 3599 3598 742 493 3600 3599 493 492 3601 3600 492 740 3597 3601 475 743 3603 3602 743 744 3604 3603 744 737 3605 3604 737 476 3606 3605 476 475 3602 3606 461 745 3608 3607 745 746 3609 3608 746 665 3610 3609 665 462 3611 3610 462 461 3607 3611 668 747 3613 3612 747 748 3614 3613 748 507 3615 3614 507 506 3616 3615 506 668 3612 3616 460 749 3618 3617 749 750 3619 3618 750 745 3620 3619 745 461 3621 3620 461 460 3617 3621 748 751 3623 3622 751 752 3624 3623 752 508 3625 3624 508 507 3626 3625 507 748 3622 3626 753 754 3628 3627 754 589 3629 3628 589 511 3630 3629 511 510 3631 3630 510 753 3627 3631 592 755 3633 3632 755 756 3634 3633 756 560 3635 3634 560 559 3636 3635 559 592 3632 3636 760 757 3638 3637 757 758 3639 3638 758 434 3640 3639 434 433 3641 3640 433 760 3637 3641 432 759 3643 3642 759 760 3644 3643 760 433 3645 3644 433 432 3642 3645 758 761 3647 3646 761 762 3648 3647 762 435 3649 3648 435 434 3650 3649 434 758 3646 3650 431 763 3652 3651 763 764 3653 3652 764 759 3654 3653 759 432 3655 3654 432 431 3651 3655 430 765 3657 3656 765 766 3658 3657 766 763 3659 3658 763 431 3660 3659 431 430 3656 3660 762 767 3662 3661 767 768 3663 3662 768 436 3664 3663 436 435 3665 3664 435 762 3661 3665 429 769 3667 3666 769 770 3668 3667 770 765 3669 3668 765 430 3670 3669 430 429 3666 3670 768 771 3672 3671 771 772 3673 3672 772 437 3674 3673 437 436 3675 3674 436 768 3671 3675 428 773 3677 3676 773 774 3678 3677 774 769 3679 3678 769 429 3680 3679 429 428 3676 3680 772 775 3682 3681 775 776 3683 3682 776 438 3684 3683 438 437 3685 3684 437 772 3681 3685 427 777 3687 3686 777 778 3688 3687 778 773 3689 3688 773 428 3690 3689 428 427 3686 3690 776 779 3692 3691 779 780 3693 3692 780 439 3694 3693 439 438 3695 3694 438 776 3691 3695 426 781 3697 3696 781 782 3698 3697 782 777 3699 3698 777 427 3700 3699 427 426 3696 3700 780 783 3702 3701 783 784 3703 3702 784 440 3704 3703 440 439 3705 3704 439 780 3701 3705 784 785 3707 3706 785 786 3708 3707 786 441 3709 3708 441 440 3710 3709 440 784 3706 3710 425 787 3712 3711 787 788 3713 3712 788 781 3714 3713 781 426 3715 3714 426 425 3711 3715 424 789 3717 3716 789 790 3718 3717 790 787 3719 3718 787 425 3720 3719 425 424 3716 3720 786 791 3722 3721 791 792 3723 3722 792 442 3724 3723 442 441 3725 3724 441 786 3721 3725 413 793 3727 3726 793 794 3728 3727 794 797 3729 3728 797 414 3730 3729 414 413 3726 3730 800 795 3732 3731 795 796 3733 3732 796 453 3734 3733 453 452 3735 3734 452 800 3731 3735 414 797 3737 3736 797 798 3738 3737 798 807 3739 3738 807 415 3740 3739 415 414 3736 3740 806 799 3742 3741 799 800 3743 3742 800 452 3744 3743 452 451 3745 3744 451 806 3741 3745 792 801 3747 3746 801 802 3748 3747 802 443 3749 3748 443 442 3750 3749 442 792 3746 3750 423 803 3752 3751 803 804 3753 3752 804 789 3754 3753 789 424 3755 3754 424 423 3751 3755 812 805 3757 3756 805 806 3758 3757 806 451 3759 3758 451 450 3760 3759 450 812 3756 3760 415 807 3762 3761 807 808 3763 3762 808 809 3764 3763 809 416 3765 3764 416 415 3761 3765 416 809 3767 3766 809 810 3768 3767 810 819 3769 3768 819 417 3770 3769 417 416 3766 3770 818 811 3772 3771 811 812 3773 3772 812 450 3774 3773 450 449 3775 3774 449 818 3771 3775 422 813 3777 3776 813 814 3778 3777 814 803 3779 3778 803 423 3780 3779 423 422 3776 3780 802 815 3782 3781 815 816 3783 3782 816 444 3784 3783 444 443 3785 3784 443 802 3781 3785 824 817 3787 3786 817 818 3788 3787 818 449 3789 3788 449 448 3790 3789 448 824 3786 3790 417 819 3792 3791 819 820 3793 3792 820 821 3794 3793 821 418 3795 3794 418 417 3791 3795 418 821 3797 3796 821 822 3798 3797 822 833 3799 3798 833 419 3800 3799 419 418 3796 3800 836 823 3802 3801 823 824 3803 3802 824 448 3804 3803 448 447 3805 3804 447 836 3801 3805 796 825 3807 3806 825 826 3808 3807 826 454 3809 3808 454 453 3810 3809 453 796 3806 3810 412 827 3812 3811 827 828 3813 3812 828 793 3814 3813 793 413 3815 3814 413 412 3811 3815 421 829 3817 3816 829 830 3818 3817 830 813 3819 3818 813 422 3820 3819 422 421 3816 3820 816 831 3822 3821 831 832 3823 3822 832 445 3824 3823 445 444 3825 3824 444 816 3821 3825 419 833 3827 3826 833 834 3828 3827 834 839 3829 3828 839 420 3830 3829 420 419 3826 3830 838 835 3832 3831 835 836 3833 3832 836 447 3834 3833 447 446 3835 3834 446 838 3831 3835 832 837 3837 3836 837 838 3838 3837 838 446 3839 3838 446 445 3840 3839 445 832 3836 3840 420 839 3842 3841 839 840 3843 3842 840 829 3844 3843 829 421 3845 3844 421 420 3841 3845 411 841 3847 3846 841 842 3848 3847 842 827 3849 3848 827 412 3850 3849 412 411 3846 3850 826 843 3852 3851 843 844 3853 3852 844 455 3854 3853 455 454 3855 3854 454 826 3851 3855 410 845 3857 3856 845 846 3858 3857 846 841 3859 3858 841 411 3860 3859 411 410 3856 3860 844 847 3862 3861 847 848 3863 3862 848 456 3864 3863 456 455 3865 3864 455 844 3861 3865 409 849 3867 3866 849 850 3868 3867 850 845 3869 3868 845 410 3870 3869 410 409 3866 3870 848 851 3872 3871 851 852 3873 3872 852 457 3874 3873 457 456 3875 3874 456 848 3871 3875 749 460 3877 3876 460 459 3878 3877 459 853 3879 3878 853 854 3880 3879 854 749 3876 3880 752 855 3882 3881 855 856 3883 3882 856 509 3884 3883 509 508 3885 3884 508 752 3881 3885 381 857 3887 3886 857 858 3888 3887 858 382 3889 3888 382 381 3886 3889 858 859 3891 3890 859 860 3892 3891 860 383 3893 3892 383 382 3894 3893 382 858 3890 3894 380 861 3896 3895 861 862 3897 3896 862 857 3898 3897 857 381 3899 3898 381 380 3895 3899 860 863 3901 3900 863 864 3902 3901 864 384 3903 3902 384 383 3904 3903 383 860 3900 3904 379 865 3906 3905 865 866 3907 3906 866 861 3908 3907 861 380 3909 3908 380 379 3905 3909 864 867 3911 3910 867 868 3912 3911 868 385 3913 3912 385 384 3914 3913 384 864 3910 3914 378 869 3916 3915 869 870 3917 3916 870 865 3918 3917 865 379 3919 3918 379 378 3915 3919 868 871 3921 3920 871 872 3922 3921 872 386 3923 3922 386 385 3924 3923 385 868 3920 3924 377 873 3926 3925 873 874 3927 3926 874 869 3928 3927 869 378 3929 3928 378 377 3925 3929 872 875 3931 3930 875 876 3932 3931 876 387 3933 3932 387 386 3934 3933 386 872 3930 3934 376 877 3936 3935 877 878 3937 3936 878 873 3938 3937 873 377 3939 3938 377 376 3935 3939 876 879 3941 3940 879 880 3942 3941 880 388 3943 3942 388 387 3944 3943 387 876 3940 3944 375 881 3946 3945 881 882 3947 3946 882 877 3948 3947 877 376 3949 3948 376 375 3945 3949 880 883 3951 3950 883 884 3952 3951 884 389 3953 3952 389 388 3954 3953 388 880 3950 3954 374 885 3956 3955 885 886 3957 3956 886 881 3958 3957 881 375 3959 3958 375 374 3955 3959 884 887 3961 3960 887 888 3962 3961 888 390 3963 3962 390 389 3964 3963 389 884 3960 3964 373 889 3966 3965 889 890 3967 3966 890 885 3968 3967 885 374 3969 3968 374 373 3965 3969 888 891 3971 3970 891 892 3972 3971 892 391 3973 3972 391 390 3974 3973 390 888 3970 3974 892 893 3976 3975 893 894 3977 3976 894 392 3978 3977 392 391 3979 3978 391 892 3975 3979 372 895 3981 3980 895 896 3982 3981 896 889 3983 3982 889 373 3984 3983 373 372 3980 3984 371 897 3986 3985 897 898 3987 3986 898 895 3988 3987 895 372 3989 3988 372 371 3985 3989 894 899 3991 3990 899 900 3992 3991 900 393 3993 3992 393 392 3994 3993 392 894 3990 3994 363 901 3996 3995 901 902 3997 3996 902 907 3998 3997 907 364 3999 3998 364 363 3995 3999 910 903 4001 4000 903 904 4002 4001 904 400 4003 4002 400 399 4004 4003 399 910 4000 4004 904 905 4006 4005 905 906 4007 4006 906 401 4008 4007 401 400 4009 4008 400 904 4005 4009 364 907 4011 4010 907 908 4012 4011 908 911 4013 4012 911 365 4014 4013 365 364 4010 4014 918 909 4016 4015 909 910 4017 4016 910 399 4018 4017 399 398 4019 4018 398 918 4015 4019 365 911 4021 4020 911 912 4022 4021 912 919 4023 4022 919 366 4024 4023 366 365 4020 4024 370 913 4026 4025 913 914 4027 4026 914 897 4028 4027 897 371 4029 4028 371 370 4025 4029 900 915 4031 4030 915 916 4032 4031 916 394 4033 4032 394 393 4034 4033 393 900 4030 4034 924 917 4036 4035 917 918 4037 4036 918 398 4038 4037 398 397 4039 4038 397 924 4035 4039 366 919 4041 4040 919 920 4042 4041 920 921 4043 4042 921 367 4044 4043 367 366 4040 4044 367 921 4046 4045 921 922 4047 4046 922 931 4048 4047 931 368 4049 4048 368 367 4045 4049 930 923 4051 4050 923 924 4052 4051 924 397 4053 4052 397 396 4054 4053 396 930 4050 4054 916 925 4056 4055 925 926 4057 4056 926 395 4058 4057 395 394 4059 4058 394 916 4055 4059 369 927 4061 4060 927 928 4062 4061 928 913 4063 4062 913 370 4064 4063 370 369 4060 4064 926 929 4066 4065 929 930 4067 4066 930 396 4068 4067 396 395 4069 4068 395 926 4065 4069 368 931 4071 4070 931 932 4072 4071 932 927 4073 4072 927 369 4074 4073 369 368 4070 4074 906 933 4076 4075 933 934 4077 4076 934 402 4078 4077 402 401 4079 4078 401 906 4075 4079 362 935 4081 4080 935 936 4082 4081 936 901 4083 4082 901 363 4084 4083 363 362 4080 4084 361 937 4086 4085 937 938 4087 4086 938 935 4088 4087 935 362 4089 4088 362 361 4085 4089 934 939 4091 4090 939 940 4092 4091 940 403 4093 4092 403 402 4094 4093 402 934 4090 4094 360 941 4096 4095 941 942 4097 4096 942 937 4098 4097 937 361 4099 4098 361 360 4095 4099 940 943 4101 4100 943 944 4102 4101 944 404 4103 4102 404 403 4104 4103 403 940 4100 4104 359 945 4106 4105 945 946 4107 4106 946 941 4108 4107 941 360 4109 4108 360 359 4105 4109 944 947 4111 4110 947 948 4112 4111 948 405 4113 4112 405 404 4114 4113 404 944 4110 4114 358 949 4116 4115 949 950 4117 4116 950 945 4118 4117 945 359 4119 4118 359 358 4115 4119 948 951 4121 4120 951 952 4122 4121 952 406 4123 4122 406 405 4124 4123 405 948 4120 4124 
</DataArray>
<DataArray type="Int32" Name="offsets" format="ascii">
4 8 12 16 20 24 28 32 36 40 44 48 52 56 60 64 68 72 76 80 84 88 92 96 100 104 108 112 116 120 124 128 132 136 140 144 148 152 156 160 164 168 172 176 180 184 188 192 196 200 204 208 212 216 220 224 228 232 236 240 244 248 252 256 260 264 268 272 276 280 284 288 292 296 300 304 308 312 316 320 324 328 332 336 340 344 348 352 356 360 364 368 372 376 380 384 388 392 396 400 404 408 412 416 420 424 428 432 436 440 444 448 452 456 460 464 468 472 476 480 484 488 492 496 500 504 508 512 516 520 524 528 532 536 540 544 548 552 556 560 564 568 572 576 580 584 588 592 596 600 604 608 612 616 620 624 628 632 636 640 644 648 652 656 660 664 668 672 676 680 684 688 692 696 700 704 708 712 716 720 724 728 732 736 740 744 748 752 756 760 764 768 772 776 780 784 788 792 796 800 804 808 812 816 820 824 828 832 836 840 844 848 852 856 860 864 868 872 876 880 884 888 892 896 900 904 908 912 916 920 924 928 932 936 940 944 948 952 956 960 964 968 972 976 980 984 988 992 996 1000 1004 1008 1012 1016 1020 1024 1028 1032 1036 1040 1044 1048 1052 1056 1060 1064 1068 1072 1076 1080 1084 1088 1092 1096 1100 1104 1108 1112 1116 1120 1124 1128 1132 1136 1140 1144 1148 1152 1156 1160 1164 1168 1172 1176 1180 1184 1188 1192 1196 1200 1204 1208 1212 1216 1220 1224 1228 1232 1236 1240 1244 1248 1252 1256 1260 1264 1268 1272 1276 1280 1284 1288 1292 1296 1300 1304 1308 1312 1316 1320 1324 1328 1332 1336 1340 1344 1348 1352 1356 1360 1364 1368 1372 1376 1380 1384 1388 1392 1396 1400 1404 1408 1412 1416 1420 1424 1428 1432 1436 1440 1444 1448 1452 1456 1460 1464 1468 1472 1476 1480 1484 1488 1492 1496 1500 1504 1508 1512 1516 1520 1524 1528 1532 1536 1540 1544 1548 1552 1556 1560 1564 1568 1572 1576 1580 1584 1588 1592 1596 1600 1604 1608 1612 1616 1620 1624 1628 1632 1636 1640 1644 1648 1652 1656 1660 1664 1668 1672 1676 1680 1684 1688 1692 1696 1700 1704 1708 1712 1716 1720 1724 1728 1732 1736 1740 1744 1748 1752 1756 1760 1764 1768 1772 1776 1780 1784 1788 1792 1796 1800 1804 1808 1812 1816 1820 1824 1828 1832 1836 1840 1844 1848 1852 1856 1860 1864 1868 1872 1876 1880 1884 1888 1892 1896 1900 1904 1908 1912 1916 1920 1924 1928 1932 1936 1940 1944 1948 1952 1956 1960 1964 1968 1972 1976 1980 1984 1988 1992 1996 2000 2004 2008 2012 2016 2020 2024 2028 2032 2036 2040 2044 2048 2052 2056 2060 2064 2068 2072 2076 2080 2084 2088 2092 2096 2100 2104 2108 2112 2116 2120 2124 2128 2132 2136 2140 2144 2148 2152 2156 2160 2164 2168 2172 2176 2180 2184 2188 2192 2196 2200 2204 2208 2212 2216 2220 2224 2228 2232 2236 2240 2244 2248 2252 2256 2260 2264 2268 2272 2276 2280 2284 2288 2292 2296 2300 2304 2308 2312 2316 2320 2324 2328 2332 2336 2340 2344 2348 2352 2356 2360 2364 2368 2372 2376 2380 2384 2388 2392 2396 2400 2404 2408 2412 2416 2420 2424 2428 2432 2436 2440 2444 2448 2452 2456 2460 2464 2468 2472 2476 2480 2484 2488 2492 2496 2500 2504 2508 2512 2516 2520 2524 2528 2532 2536 2540 2544 2548 2552 2556 2560 2564 2568 2572 2576 2580 2584 2588 2592 2596 2600 2604 2608 2612 2616 2620 2624 2628 2632 2636 2640 2644 2648 2652 2656 2660 2664 2668 2672 2676 2680 2684 2688 2692 2696 2700 2704 2708 2712 2716 2720 2724 2728 2732 2736 2740 2744 2748 2752 2756 2760 2764 2768 2772 2776 2780 2784 2788 2792 2796 2800 2804 2808 2812 2816 2820 2824 2828 2832 2836 2840 2844 2848 2852 2856 2860 2864 2868 2872 2876 2880 2884 2888 2892 2896 2900 2904 2908 2912 2916 2920 2924 2928 2932 2936 2940 2944 2948 2952 2956 2960 2964 2968 2972 2976 2980 2984 2988 2992 2996 3000 3004 3008 3012 3016 3020 3024 3028 3032 3036 3040 3044 3048 3052 3056 3060 3064 3068 3072 3076 3080 3084 3088 3092 3096 3100 3104 3108 3112 3116 3120 3124 3128 3132 3136 3140 3144 3148 3152 3156 3160 3164 3168 3172 3176 3180 3184 3188 3192 3196 3200 3204 3208 3212 3216 3220 3224 3228 3232 3236 3240 3244 3248 3252 3256 3260 3264 3268 3272 3276 3280 3284 3288 3292 3296 3300 3304 3308 3312 3316 3320 3324 3328 3332 3336 3340 3344 3348 3352 3356 3360 3364 3368 3372 3376 3380 3384 3388 3392 3396 3400 3404 3408 3412 3416 3420 3424 3428 3432 3436 3440 3444 3448 3452 3456 3460 3464 3468 3472 3476 3480 3484 3488 3492 3496 3500 3504 3508 3512 3516 3520 3524 3528 3532 3536 3540 3544 3548 3552 3556 3560 3564 3568 3572 3576 3580 3584 3588 3592 3596 3600 3604 3608 3612 3616 3620 3624 3628 3632 3636 3640 3644 3648 3652 3656 3660 3664 3668 3672 3676 3680 3684 3688 3692 3696 3700 3704 3708 3712 3716 3720 3724 3728 3732 3736 3740 3744 3748 3752 3756 3760 3764 3768 3772 3776 3780 3784 3788 3792 3796 3800 3804 3808 3812 3816 3820 3824 3828 3832 3836 3840 3844 3848 3852 3856 3860 3864 3868 3872 3876 3880 3884 3888 3892 3896 3900 3904 3908 3912 3916 3920 3924 3928 3932 3936 3940 3944 3948 3952 3956 3960 3964 3968 3972 3976 3980 3984 3988 3992 3996 4000 4004 4008 4012 4016 4020 4024 4028 4032 4036 4040 4044 4048 4052 4056 4060 4064 4068 4072 4076 4080 4084 4088 4092 4096 4100 4104 4108 4112 4116 4120 4124 4128 4132 4136 4140 4144 4148 4152 4156 4160 4164 4168 4172 4176 4180 4184 4188 4192 4196 4200 4204 4208 4212 4216 4220 4224 4228 4232 4236 4240 4244 4248 4252 4256 4260 4264 4268 4272 4276 4280 4284 4288 4292 4296 4300 4304 4308 4312 4316 4320 4324 4328 4332 4336 4340 4344 4348 4352 4356 4360 4364 4368 4372 4376 4380 4384 4388 4392 4396 4400 4404 4408 4412 4416 4420 4424 4428 4432 4436 4440 4444 4448 4452 4456 4460 4464 4468 4472 4476 4480 4484 4488 4492 4496 4500 4504 4508 4512 4516 4520 4524 4528 4532 4536 4540 4544 4548 4552 4556 4560 4564 4568 4572 4576 4580 4584 4588 4592 4596 4600 4604 4608 4612 4616 4620 4624 4628 4632 4636 4640 4644 4648 4652 4656 4660 4664 4668 4672 4676 4680 4684 4688 4692 4696 4700 4704 4708 4712 4716 4720 4724 4728 4732 4736 4740 4744 4748 4752 4756 4760 4764 4768 4772 4776 4780 4784 4788 4792 4796 4800 4804 4808 4812 4816 4820 4824 4828 4832 4836 4840 4844 4848 4852 4856 4860 4864 4868 4872 4876 4880 4884 4888 4892 4896 4900 4904 4908 4912 4916 4920 4924 4928 4932 4936 4940 4944 4948 4952 4956 4960 4964 4968 4972 4976 4980 4984 4988 4992 4996 5000 5004 5008 5012 5016 5020 5024 5028 5032 5036 5040 5044 5048 5052 5056 5060 5064 5068 5072 5076 5080 5084 5088 5092 5096 5100 5104 5108 5112 5116 5120 5124 5128 5132 5136 5140 5144 5148 5152 5156 5160 5164 5168 5172 5176 5180 5184 5188 5192 5196 5200 5204 5208 5212 5216 5220 5224 5228 5232 5236 5240 5244 5248 5252 5256 5260 5264 5268 5272 5276 5280 5284 5288 5292 5296 5300 5304 5308 5312 5316 5320 5324 5328 5332 5336 5340 5344 5348 5352 5356 5360 5364 5368 5372 5376 5380 5384 5388 5392 5396 5400 5404 5408 5412 5416 5420 5424 5428 5432 5436 5440 5444 5448 5452 5456 5460 5464 5468 5472 5476 5480 5484 5488 5492 5496 5500 5504 5508 5512 5516 5520 5524 5528 5532 5536 5540 5544 5548 5552 5556 5560 5564 5568 5572 5576 5580 5584 5588 5592 5596 5600 5604 5608 5612 5616 5620 5624 5628 5632 5636 5640 5644 5648 5652 5656 5660 5664 5668 5672 5676 5680 5684 5688 5692 5696 5700 5704 5708 5712 5716 5720 5724 5728 5732 5736 5740 5744 5748 5752 5756 5760 5764 5768 5772 5776 5780 5784 5788 5792 5796 5800 5804 5808 5812 5816 5820 5824 5828 5832 5836 5840 5844 5848 5852 5856 5860 5864 5868 5872 5876 5880 5884 5888 5892 5896 5900 5904 5908 5912 5916 5920 5924 5928 5932 5936 5940 5944 5948 5952 5956 5960 5964 5968 5972 5976 5980 5984 5988 5992 5996 6000 6004 6008 6012 6016 6020 6024 6028 6032 6036 6040 6044 6048 6052 6056 6060 6064 6068 6072 6076 6080 6084 6088 6092 6096 6100 6104 6108 6112 6116 6120 6124 6128 6132 6136 6140 6144 6148 6152 6156 6160 6164 6168 6172 6176 6180 6184 6188 6192 6196 6200 6204 6208 6212 6216 6220 6224 6228 6232 6236 6240 6244 6248 6252 6256 6260 6264 6268 6272 6276 6280 6284 6288 6292 6296 6300 6304 6308 6312 6316 6320 6324 6328 6332 6336 6340 6344 6348 6352 6356 6360 6364 6368 6372 6376 6380 6384 6388 6392 6396 6400 6404 6408 6412 6416 6420 6424 6428 6432 6436 6440 6444 6448 6452 6456 6460 6464 6468 6472 6476 6480 6484 6488 6492 6496 6500 6504 6508 6512 6516 6520 6524 6528 6532 6536 6540 6544 6548 6552 6556 6560 6564 6568 6572 6576 6580 6584 6588 6592 6596 6600 6604 6608 6612 6616 6620 6624 6628 6632 6636 6640 6644 6648 6652 6656 6660 6664 6668 6672 6676 6680 6684 6688 6692 6696 6700 6704 6708 6712 6716 6720 6724 6728 6732 6736 6740 6744 6748 6752 6756 6760 6764 6768 6772 6776 6780 6784 6788 6792 6796 6800 6804 6808 6812 6816 6820 6824 6828 6832 6836 6840 6844 6848 6852 6856 6860 6864 6868 6872 6876 6880 6884 6888 6892 6896 6900 6904 6908 6912 6916 6920 6924 6928 6932 6936 6940 6944 6948 6952 6956 6960 6964 6968 6972 6976 6980 6984 6988 6992 6996 7000 7004 7008 7012 7016 7020 7024 7028 7032 7036 7040 7044 7048 7052 7056 7060 7064 7068 7072 7076 7080 7084 7088 7092 7096 7100 7104 7108 7112 7116 7120 7124 7128 7132 7136 7140 7144 7148 7152 7156 7160 7164 7168 7172 7176 7180 7184 7188 7192 7196 7200 7204 7208 7212 7216 7220 7224 7228 7232 7236 7240 7244 7248 7252 7256 7260 7264 7268 7272 7276 7280 7284 7288 7292 7296 7300 7304 7308 7312 7316 7320 7324 7328 7332 7336 7340 7344 7348 7352 7356 7360 7364 7368 7372 7376 7380 7384 7388 7392 7396 7400 7404 7408 7412 7416 7420 7424 7428 7432 7436 7440 7444 7448 7452 7456 7460 7464 7468 7472 7476 7480 7484 7488 7492 7496 7500 7504 7508 7512 7516 7520 7524 7528 7532 7536 7540 7544 7548 7552 7556 7560 7564 7568 7572 7576 7580 7584 7588 7592 7596 7600 7604 7608 7612 7616 7620 7624 7628 7632 7636 7640 7644 7648 7652 7656 7660 7664 7668 7672 7676 7680 7684 7688 7692 7696 7700 7704 7708 7712 7716 7720 7724 7728 7732 7736 7740 7744 7748 7752 7756 7760 7764 7768 7772 7776 7780 7784 7788 7792 7796 7800 7804 7808 7812 7816 7820 7824 7828 7832 7836 7840 7844 7848 7852 7856 7860 7864 7868 7872 7876 7880 7884 7888 7892 7896 7900 7904 7908 7912 7916 7920 7924 7928 7932 7936 7940 7944 7948 7952 7956 7960 7964 7968 7972 7976 7980 7984 7988 7992 7996 8000 8004 8008 8012 8016 8020 8024 8028 8032 8036 8040 8044 8048 8052 8056 8060 8064 8068 8072 8076 8080 8084 8088 8092 8096 8100 8104 8108 8112 8116 8120 8124 8128 8132 8136 8140 8144 8148 8152 8156 8160 8164 8168 8172 8176 8180 8184 8188 8192 8196 8200 8204 8208 8212 8216 8220 8224 8228 8232 8236 8240 8244 8248 8252 8256 8260 8264 8268 8272 8276 8280 8284 8288 8292 8296 8300 8304 8308 8312 8316 8320 8324 8328 8332 8336 8340 8344 8348 8352 8356 8360 8364 8368 8372 8376 8380 8384 8388 8392 8396 8400 8404 8408 8412 8416 8420 8424 8428 8432 8436 8440 8444 8448 8452 8456 8460 8464 8468 8472 8476 8480 8484 8488 8492 8496 8500 8504 8508 8512 8516 8520 8524 8528 8532 8536 8540 8544 8548 8552 8556 8560 8564 8568 8572 8576 8580 8584 8588 8592 8596 8600 8604 8608 8612 8616 8620 8624 8628 8632 8636 8640 8644 8648 8652 8656 8660 8664 8668 8672 8676 8680 8684 8688 8692 8696 8700 8704 8708 8712 8716 8720 8724 8728 8732 8736 8740 8744 8748 8752 8756 8760 8764 8768 8772 8776 8780 8784 8788 8792 8796 8800 8804 8808 8812 8816 8820 8824 8828 8832 8836 8840 8844 8848 8852 8856 8860 8864 8868 8872 8876 8880 8884 8888 8892 8896 8900 8904 8908 8912 8916 8920 8924 8928 8932 8936 8940 8944 8948 8952 8956 8960 8964 8968 8972 8976 8980 8984 8988 8992 8996 9000 9004 9008 9012 9016 9020 9024 9028 9032 9036 9040 9044 9048 9052 9056 9060 9064 9068 9072 9076 9080 9084 9088 9092 9096 9100 9104 9108 9112 9116 9120 9124 9128 9132 9136 9140 9144 9148 9152 9156 9160 9164 9168 9172 9176 9180 9184 9188 9192 9196 9200 9204 9208 9212 9216 9220 9224 9228 9232 9236 9240 9244 9248 9252 9256 9260 9264 9268 9272 9276 9280 9284 9288 9292 9296 9300 9304 9308 9312 9316 9320 9324 9328 9332 9336 9340 9344 9348 9352 9356 9360 9364 9368 9372 9376 9380 9384 9388 9392 9396 9400 9404 9408 9412 9416 9420 9424 9428 9432 9436 9440 9444 9448 9452 9456 9460 9464 9468 9472 9476 9480 9484 9488 9492 9496 9500 9504 9508 9512 9516 9520 9524 9528 9532 9536 9540 9544 9548 9552 9556 9560 9564 9568 9572 9576 9580 9584 9588 9592 9596 9600 9604 9608 9612 9616 9620 9624 9628 9632 9636 9640 9644 9648 9652 9656 9660 9664 9668 9672 9676 9680 9684 9688 9692 9696 9700 9704 9708 9712 9716 9720 9724 9728 9732 9736 9740 9744 9748 9752 9756 9760 9764 9768 9772 9776 9780 9784 9788 9792 9796 9800 9804 9808 9812 9816 9820 9824 9828 9832 9836 9840 9844 9848 9852 9856 9860 9864 9868 9872 9876 9880 9884 9888 9892 9896 9900 9904 9908 9912 9916 9920 9924 9928 9932 9936 9940 9944 9948 9952 9956 9960 9964 9968 9972 9976 9980 9984 9988 9992 9996 10000 10004 10008 10012 10016 10020 10024 10028 10032 10036 10040 10044 10048 10052 10056 10060 10064 10068 10072 10076 10080 10084 10088 10092 10096 10100 10104 10108 10112 10116 10120 10124 10128 10132 10136 10140 10144 10148 10152 10156 10160 10164 10168 10172 10176 10180 10184 10188 10192 10196 10200 10204 10208 10212 10216 10220 10224 10228 10232 10236 10240 10244 10248 10252 10256 10260 10264 10268 10272 10276 10280 10284 10288 10292 10296 10300 10304 10308 10312 10316 10320 10324 10328 10332 10336 10340 10344 10348 10352 10356 10360 10364 10368 10372 10376 10380 10384 10388 10392 10396 10400 10404 10408 10412 10416 10420 10424 10428 10432 10436 10440 10444 10448 10452 10456 10460 10464 10468 10472 10476 10480 10484 10488 10492 10496 10500 10504 10508 10512 10516 10520 10524 10528 10532 10536 10540 10544 10548 10552 10556 10560 10564 10568 10572 10576 10580 10584 10588 10592 10596 10600 10604 10608 10612 10616 10620 10624 10628 10632 10636 10640 10644 10648 10652 10656 10660 10664 10668 10672 10676 10680 10684 10688 10692 10696 10700 10704 10708 10712 10716 10720 10724 10728 10732 10736 10740 10744 10748 10752 10756 10760 10764 10768 10772 10776 10780 10784 10788 10792 10796 10800 10804 10808 10812 10816 10820 10824 10828 10832 10836 10840 10844 10848 10852 10856 10860 10864 10868 10872 10876 10880 10884 10888 10892 10896 10900 10904 10908 10912 10916 10920 10924 10928 10932 10936 10940 10944 10948 10952 10956 10960 10964 10968 10972 10976 10980 10984 10988 10992 10996 11000 11004 11008 11012 11016 11020 11024 11028 11032 11036 11040 11044 11048 11052 11056 11060 11064 11068 11072 11076 11080 11084 11088 11092 11096 11100 11104 11108 11112 11116 11120 11124 11128 11132 11136 11140 11144 11148 11152 11156 11160 11164 11168 11172 11176 11180 11184 11188 11192 11196 11200 11204 11208 11212 11216 11220 11224 11228 11232 11236 11240 11244 11248 11252 11256 11260 11264 11268 11272 11276 11280 11284 11288 11292 11296 11300 11304 11308 11312 11316 11320 11324 11328 11332 11336 11340 11344 11348 11352 11356 11360 11364 11368 11372 11376 11380 11384 11388 11392 11396 11400 11404 11408 11412 11416 11420 11424 11428 11432 11436 11440 11444 11448 11452 11456 11460 11464 11468 11472 11476 11480 11484 11488 11492 11496 11500 11504 11508 11512 11516 11520 11524 11528 11532 11536 11540 11544 11548 11552 11556 11560 11564 11568 11572 11576 11580 11584 11588 11592 11596 11600 11604 11608 11612 11616 11620 11624 11628 11632 11636 11640 11644 11648 11652 11656 11660 11664 11668 11672 11676 11680 11684 11688 11692 11696 11700 11704 11708 11712 11716 11720 11724 11728 11732 11736 11740 11744 11748 11752 11756 11760 11764 11768 11772 11776 11780 11784 11788 11792 11796 11800 11804 11808 11812 11816 11820 11824 11828 11832 11836 11840 11844 11848 11852 11856 11860 11864 11868 11872 11876 11880 11884 11888 11892 11896 11900 11904 11908 11912 11916 11920 11924 11928 11932 11936 11940 11944 11948 11952 11956 11960 11964 11968 11972 11976 11980 11984 11988 11992 11996 12000 12004 12008 12012 12016 12020 12024 12028 12032 12036 12040 12044 12048 12052 12056 12060 12064 12068 12072 12076 12080 12084 12088 12092 12096 12100 12104 12108 12112 12116 12120 12124 12128 12132 12136 12140 12144 12148 12152 12156 12160 12164 12168 12172 12176 12180 12184 12188 12192 12196 12200 12204 12208 12212 12216 12220 12224 12228 12232 12236 12240 12244 12248 12252 12256 12260 12264 12268 12272 12276 12280 12284 12288 12292 12296 12300 12304 12308 12312 12316 12320 12324 12328 12332 12336 12340 12344 12348 12352 12356 12360 12364 12368 12372 12376 12380 12384 12388 12392 12396 12400 12404 12408 12412 12416 12420 12424 12428 12432 12436 12440 12444 12448 12452 12456 12460 12464 12468 12472 12476 12480 12484 12488 12492 12496 12500 12504 12508 12512 12516 12520 12524 12528 12532 12536 12540 12544 12548 12552 12556 12560 12564 12568 12572 12576 12580 12584 12588 12592 12596 12600 12604 12608 12612 12616 12620 12624 12628 12632 12636 12640 12644 12648 12652 12656 12660 12664 12668 12672 12676 12680 12684 12688 
</DataArray>
<DataArray type="UInt8" Name="types" format="ascii">
7 7 7 7 7 7 7 7 7 7 7 7 7 7 7 7 7 7 7 7 7 7 7 7 7 7 7 7 7 7 7 7 7 7 7 7 7 7 7 7 7 7 7 7 7 7 7 7 7 7 7 7 7 7 7 7 7 7 7 7 7 7 7 7 7 7 7 7 7 7 7 7 7 7 7 7 7 7 7 7 7 7 7 7 7 7 7 7 7 7 7 7 7 7 7 7 7 7 7 7 7 7 7 7 7 7 7 7 7 7 7 7 7 7 7 7 7 7 7 7 7 7 7 7 7 7 7 7 7 7 7 7 7 7 7 7 7 7 7 7 7 7 7 7 7 7 7 7 7 7 7 7 7 7 7 7 7 7 7 7 7 7 7 7 7 7 7 7 7 7 7 7 7 7 7 7 7 7 7 7 7 7 7 7 7 7 7 7 7 7 7 7 7 7 7 7 7 7 7 7 7 7 7 7 7 7 7 7 7 7 7 7 7 7 7 7 7 7 7 7 7 7 7 7 7 7 7 7 7 7 7 7 7 7 7 7 7 7 7 7 7 7 7 7 7 7 7 7 7 7 7 7 7 7 7 7 7 7 7 7 7 7 7 7 7 7 7 7 7 7 7 7 7 7 7 7 7 7 7 7 7 7 7 7 7 7 7 7 7 7 7 7 7 7 7 7 7 7 7 7 7 7 7 7 7 7 7 7 7 7 7 7 7 7 7 7 7 7 7 7 7 7 7 7 7 7 7 7 7 7 7 7 7 7 7 7 7 7 7 7 7 7 7 7 7 7 7 7 7 7 7 7 7 7 7 7 7 7 7 7 7 7 7 7 7 7 7 7 7 7 7 7 7 7 7 7 7 7 7 7 7 7 7 7 7 7 7 7 7 7 7 7 7 7 7 7 7 7 7 7 7 7 7 7 7 7 7 7 7 7 7 7 7 7 7 7 7 7 7 7 7 7 7 7 7 7 7 7 7 7 7 7 7 7 7 7 7 7 7 7 7 7 7 7 7 7 7 7 7 7 7 7 7 7 7 7 7 7 7 7 7 7 7 7 7 7 7 7 7 7 7 7 7 7 7 7 7 7 7 7 7 7 7 7 7 7 7 7 7 7 7 7 7 7 7 7 7 7 7 7 7 7 7 7 7 7 7 7 7 7 7 7 7 7 7 7 7 7 7 7 7 7 7 7 7 7 7 7 7 7 7 7 7 7 7 7 7 7 7 7 7 7 7 7 7 7 7 7 7 7 7 7 7 7 7 7 7 7 7 7 7 7 7 7 7 7 7 7 7 7 7 7 7 7 7 7 7 7 7 7 7 7 7 7 7 7 7 7 7 7 7 7 7 7 7 7 7 7 7 7 7 7 7 7 7 7 7 7 7 7 7 7 7 7 7 7 7 7 7 7 7 7 7 7 7 7 7 7 7 7 7 7 7 7 7 7 7 7 7 7 7 7 7 7 7 7 7 7 7 7 7 7 7 7 7 7 7 7 7 7 7 7 7 7 7 7 7 7 7 7 7 7 7 7 7 7 7 7 7 7 7 7 7 7 7 7 7 7 7 7 7 7 7 7 7 7 7 7 7 7 7 7 7 7 7 7 7 7 7 7 7 7 7 7 7 7 7 7 7 7 7 7 7 7 7 7 7 7 7 7 7 7 7 7 7 7 7 7 7 7 7 7 7 7 7 7 7 7 7 7 7 7 7 7 7 7 7 7 7 7 7 7 7 7 7 7 7 7 7 7 7 7 7 7 7 7 7 7 7 7 7 7 7 7 7 7 7 7 7 7 7 7 7 7 7 7 7 7 7 7 7 7 7 7 7 7 7 7 7 7 7 7 7 7 7 7 7 7 7 7 7 7 7 7 7 7 7 7 7 7 7 7 7 7 7 7 7 7 7 7 7 7 7 7 7 7 7 7 7 7 7 7 7 7 7 7 7 7 7 7 7 7 7 7 7 7 7 7 7 7 7 7 7 7 7 7 7 7 7 7 7 7 7 7 7 7 7 7 7 7 7 7 7 7 7 7 7 7 7 7 7 7 7 7 7 7 7 7 7 7 7 7 7 7 7 7 7 7 7 7 7 7 7 7 7 7 7 7 7 7 7 7 7 7 7 7 7 7 7 7 7 7 7 7 7 7 7 7 7 7 7 7 7 7 7 7 7 7 7 7 7 7 7 7 7 7 7 7 7 7 7 7 7 7 7 7 7 7 7 7 7 7 7 7 7 7 7 7 7 7 7 7 7 7 7 7 7 7 7 7 7 7 7 7 7 7 7 7 7 7 7 7 7 7 7 7 7 7 7 7 7 7 7 7 7 7 7 7 7 7 7 7 7 7 7 7 7 7 7 7 7 7 7 7 7 7 7 7 7 7 7 7 7 7 7 7 7 7 7 7 7 7 7 7 7 7 7 7 7 7 7 7 7 7 7 7 7 7 7 7 7 7 7 7 7 7 7 7 7 7 7 7 7 7 7 7 7 7 7 7 7 7 7 7 7 7 7 7 7 7 7 7 7 7 7 7 7 7 7 7 7 7 7 7 7 7 7 7 7 7 7 7 7 7 7 7 7 7 7 7 7 7 7 7 7 7 7 7 7 7 7 7 7 7 7 7 7 7 7 7 7 7 7 7 7 7 7 7 7 7 7 7 7 7 7 7 7 7 7 7 7 7 7 7 7 7 7 7 7 7 7 7 7 7 7 7 7 7 7 7 7 7 7 7 7 7 7 7 7 7 7 7 7 7 7 7 7 7 7 7 7 7 7 7 7 7 7 7 7 7 7 7 7 7 7 7 7 7 7 7 7 7 7 7 7 7 7 7 7 7 7 7 7 7 7 7 7 7 7 7 7 7 7 7 7 7 7 7 7 7 7 7 7 7 7 7 7 7 7 7 7 7 7 7 7 7 7 7 7 7 7 7 7 7 7 7 7 7 7 7 7 7 7 7 7 7 7 7 7 7 7 7 7 7 7 7 7 7 7 7 7 7 7 7 7 7 7 7 7 7 7 7 7 7 7 7 7 7 7 7 7 7 7 7 7 7 7 7 7 7 7 7 7 7 7 7 7 7 7 7 7 7 7 7 7 7 7 7 7 7 7 7 7 7 7 7 7 7 7 7 7 7 7 7 7 7 7 7 7 7 7 7 7 7 7 7 7 7 7 7 7 7 7 7 7 7 7 7 7 7 7 7 7 7 7 7 7 7 7 7 7 7 7 7 7 7 7 7 7 7 7 7 7 7 7 7 7 7 7 7 7 7 7 7 7 7 7 7 7 7 7 7 7 7 7 7 7 7 7 7 7 7 7 7 7 7 7 7 7 7 7 7 7 7 7 7 7 7 7 7 7 7 7 7 7 7 7 7 7 7 7 7 7 7 7 7 7 7 7 7 7 7 7 7 7 7 7 7 7 7 7 7 7 7 7 7 7 7 7 7 7 7 7 7 7 7 7 7 7 7 7 7 7 7 7 7 7 7 7 7 7 7 7 7 7 7 7 7 7 7 7 7 7 7 7 7 7 7 7 7 7 7 7 7 7 7 7 7 7 7 7 7 7 7 7 7 7 7 7 7 7 7 7 7 7 7 7 7 7 7 7 7 7 7 7 7 7 7 7 7 7 7 7 7 7 7 7 7 7 7 7 7 7 7 7 7 7 7 7 7 7 7 7 7 7 7 7 7 7 7 7 7 7 7 7 7 7 7 7 7 7 7 7 7 7 7 7 7 7 7 7 7 7 7 7 7 7 7 7 7 7 7 7 7 7 7 7 7 7 7 7 7 7 7 7 7 7 7 7 7 7 7 7 7 7 7 7 7 7 7 7 7 7 7 7 7 7 7 7 7 7 7 7 7 7 7 7 7 7 7 7 7 7 7 7 7 7 7 7 7 7 7 7 7 7 7 7 7 7 7 7 7 7 7 7 7 7 7 7 7 7 7 7 7 7 7 7 7 7 7 7 7 7 7 7 7 7 7 7 7 7 7 7 7 7 7 7 7 7 7 7 7 7 7 7 7 7 7 7 7 7 7 7 7 7 7 7 7 7 7 7 7 7 7 7 7 7 7 7 7 7 7 7 7 7 7 7 7 7 7 7 7 7 7 7 7 7 7 7 7 7 7 7 7 7 7 7 7 7 7 7 7 7 7 7 7 7 7 7 7 7 7 7 7 7 7 7 7 7 7 7 7 7 7 7 7 7 7 7 7 7 7 7 7 7 7 7 7 7 7 7 7 7 7 7 7 7 7 7 7 7 7 7 7 7 7 7 7 7 7 7 7 7 7 7 7 7 7 7 7 7 7 7 7 7 7 7 7 7 7 7 7 7 7 7 7 7 7 7 7 7 7 7 7 7 7 7 7 7 7 7 7 7 7 7 7 7 7 7 7 7 7 7 7 7 7 7 7 7 7 7 7 7 7 7 7 7 7 7 7 7 7 7 7 7 7 7 7 7 7 7 7 7 7 7 7 7 7 7 7 7 7 7 7 7 7 7 7 7 7 7 7 7 7 7 7 7 7 7 7 7 7 7 7 7 7 7 7 7 7 7 7 7 7 7 7 7 7 7 7 7 7 7 7 7 7 7 7 7 7 7 7 7 7 7 7 7 7 7 7 7 7 7 7 7 7 7 7 7 7 7 7 7 7 7 7 7 7 7 7 7 7 7 7 7 7 7 7 7 7 7 7 7 7 7 7 7 7 7 7 7 7 7 7 7 7 7 7 7 7 7 7 7 7 7 7 7 7 7 7 7 7 7 7 7 7 7 7 7 7 7 7 7 7 7 7 7 7 7 7 7 7 7 7 7 7 7 7 7 7 7 7 7 7 7 7 7 7 7 7 7 7 7 7 7 7 7 7 7 7 7 7 7 7 7 7 7 7 7 7 7 7 7 7 7 7 7 7 7 7 7 7 7 7 7 7 7 7 7 7 7 7 7 7 7 7 7 7 7 7 7 7 7 7 7 7 7 7 7 7 7 7 7 7 7 7 7 7 7 7 7 7 7 7 7 7 7 7 7 7 7 7 7 7 7 7 7 7 7 7 7 7 7 7 7 7 7 7 7 7 7 7 7 7 7 7 7 7 7 7 7 7 7 7 7 7 7 7 7 7 7 7 7 7 7 7 7 7 7 7 7 7 7 7 7 7 7 7 7 7 7 7 7 7 7 7 7 7 7 7 7 7 7 7 7 7 7 7 7 7 7 7 7 7 7 7 7 7 7 7 7 7 7 7 7 7 7 7 7 7 7 7 7 7 7 7 7 7 7 7 7 7 7 7 7 7 7 7 7 7 7 7 7 7 7 7 7 7 7 7 7 7 7 7 7 7 7 7 7 7 7 7 7 7 7 7 7 7 7 7 7 7 7 7 7 7 7 7 7 7 7 7 7 7 7 7 7 7 7 7 7 7 7 7 7 7 7 7 7 7 7 7 7 7 7 7 7 7 7 7 7 7 7 7 7 7 7 7 7 7 7 7 7 7 7 7 7 7 7 7 7 7 7 7 7 7 7 7 7 7 7 7 7 7 7 7 7 7 7 7 7 7 7 7 7 7 7 7 7 7 7 7 7 7 7 7 7 7 7 7 7 7 7 7 7 7 7 7 7 7 7 7 7 7 7 7 7 7 7 7 7 7 7 7 7 7 7 7 7 7 7 7 7 7 7 7 7 7 7 7 7 7 7 7 7 7 7 7 7 7 7 7 7 7 7 7 7 7 7 7 7 7 7 7 7 7 7 7 7 7 7 7 7 7 7 7 7 7 7 7 7 7 7 7 7 7 7 7 7 7 7 7 7 7 7 7 7 7 7 7 7 7 7 7 7 7 7 7 7 7 7 7 7 7 7 7 7 7 7 7 7 7 7 7 7 7 7 7 7 7 7 7 7 7 7 7 7 7 7 7 7 7 7 7 7 7 7 7 7 7 7 7 7 7 7 7 7 7 7 7 7 7 7 7 7 7 7 7 7 7 7 7 7 7 7 7 7 7 7 7 7 7 7 7 7 7 7 7 7 7 7 7 7 7 7 7 7 7 7 7 7 7 7 7 7 7 7 7 7 7 7 7 7 7 7 7 7 7 7 7 7 7 7 7 7 7 7 7 7 7 7 7 7 7 7 7 7 7 7 7 7 7 7 7 7 7 7 7 7 7 7 7 7 7 7 7 7 7 7 7 7 7 7 7 7 7 7 7 7 7 7 7 7 7 7 7 7 7 7 7 7 7 7 7 7 7 7 7 7 7 7 7 7 7 7 7 7 7 7 7 7 7 7 7 7 7 7 7 7 7 7 7 7 7 7 7 7 7 7 7 7 7 7 7 7 7 7 7 7 7 7 7 7 7 7 7 7 7 7 7 7 7 7 7 7 7 7 7 7 7 7 7 7 7 7 7 7 7 7 7 7 7 7 7 7 7 7 7 7 7 7 7 7 7 7 7 7 7 7 7 7 7 7 7 7 7 7 7 7 7 7 7 7 7 7 7 7 7 7 7 7 7 7 7 7 7 7 7 7 7 7 7 7 7 7 7 7 7 7 7 7 7 7 7 7 7 7 7 7 7 7 7 7 7 7 7 7 7 7 7 7 7 7 7 7 7 7 7 7 7 7 7 7 7 7 7 7 7 7 7 7 7 7 7 7 7 7 7 7 7 7 7 7 7 7 7 7 7 7 7 7 7 7 7 7 7 7 7 7 7 7 7 7 7 7 7 7 7 7 7 7 7 7 7 7 7 7 7 7 7 7 7 7 7 7 7 7 7 7 7 7 7 7 7 7 7 7 7 7 7 7 7 7 7 7 7 7 7 7 7 7 7 7 7 7 7 7 7 7 7 7 7 7 7 7 7 7 7 7 7 7 7 7 7 7 7 7 7 7 7 7 7 7 7 7 7 7 7 7 7 7 7 7 7 7 7 7 7 7 7 7 7 7 7 7 7 7 7 7 7 7 7 7 7 7 7 7 7 7 7 7 7 7 7 7 7 7 7 7 7 7 7 7 7 7 7 7 7 7 7 7 7 7 7 7 7 7 7 7 7 7 7 7 7 7 7 7 7 7 7 7 7 7 7 7 7 7 7 7 7 7 7 7 7 7 7 7 7 7 7 7 7 7 7 7 7 7 7 7 7 7 7 7 7 7 7 7 7 7 7 7 7 7 7 7 7 7 7 7 7 7 7 
</DataArray>
</Cells>
<CellData Scalars="wall variable 0">
<DataArray type="Float64" Name="wall length" format="ascii">
0.00484582 1.15125 0.0889048 1.14563 1.16442 0.109573 1.15125 0.00576205 1.18705 0.123257 1.16442 0.0067344 1.21925 0.131082 1.18705 0.00774609 1.25994 0.134827 1.21925 0.00877288 1.30747 0.135969 1.25994 0.00978283 1.36014 0.135493 1.30747 0.0107407 1.41636 0.133999 1.36014 0.0116137 1.47474 0.131836 1.41636 0.0123765 1.53407 0.129204 1.47474 0.0130134 1.59334 0.126224 1.53407 0.0135181 1.65167 0.122975 1.59334 0.0138932 1.70832 0.119521 1.65167 0.0141474 1.76264 0.115918 1.70832 0.0142939 1.81409 0.112223 1.76264 0.0143483 1.86218 0.108498 1.81409 0.0143275 1.90647 0.104808 1.86218 0.0142488 1.9466 0.101225 1.90647 0.0141287 1.98221 0.0978278 1.9466 0.0139832 2.01301 0.0946971 1.98221 0.0138269 2.0387 0.0919159 2.01301 0.0136733 2.05902 0.0895667 2.0387 0.0135344 2.07373 0.0877254 2.05902 0.0134204 2.08265 0.0864572 2.07373 0.0133396 2.08564 0.0858105 2.08265 0.0132977 2.08265 0.0858105 2.08564 0.0132977 2.07373 0.0864572 2.08265 0.0133396 2.05902 0.0877254 2.07373 0.0134204 2.0387 0.0895667 2.05902 0.0135344 2.01301 0.0919159 2.0387 0.0136733 1.98221 0.0946971 2.01301 0.0138269 1.9466 0.0978278 1.98221 0.0139832 1.90647 0.101225 1.9466 0.0141287 1.86218 0.104808 1.90647 0.0142488 1.81409 0.108498 1.86218 0.0143275 1.76264 0.112223 1.81409 0.0143483 1.70832 0.115918 1.76264 0.0142939 1.65167 0.119521 1.70832 0.0141474 1.59334 0.122975 1.65167 0.0138932 1.53407 0.126224 1.59334 0.0135181 1.47474 0.129204 1.53407 0.0130134 1.41636 0.131836 1.47474 0.0123765 1.36014 0.133999 1.41636 0.0116137 1.30747 0.135493 1.36014 0.0107407 1.25994 0.135969 1.30747 0.00978283 1.21925 0.134827 1.25994 0.00877288 1.18705 0.131082 1.21925 0.00774609 1.16442 0.123257 1.18705 0.0067344 1.15125 0.109573 1.16442 0.00576205 1.14563 0.0889048 1.15125 0.00484582 0.0889048 1.3152 0.196114 1.31145 0.109573 1.32877 0.242626 1.3152 0.123257 1.35363 0.266117 1.32877 0.131082 1.38862 0.27563 1.35363 0.134827 1.43187 0.277897 1.38862 0.135969 1.48161 0.276501 1.43187 0.135493 1.53628 0.273136 1.48161 0.133999 1.59445 0.268579 1.53628 0.131836 1.65486 0.263198 1.59445 0.129204 1.71636 0.257183 1.65486 0.126224 1.77791 0.250652 1.71636 0.122975 1.8386 0.243702 1.77791 0.119521 1.89763 0.236422 1.8386 0.115918 1.95427 0.228905 1.89763 0.112223 2.0079 0.221256 1.95427 0.108498 2.05797 0.213589 2.0079 0.104808 2.104 0.206028 2.05797 0.101225 2.14556 0.198713 2.104 0.0978278 2.18231 0.191793 2.14556 0.0946971 2.21394 0.185425 2.18231 0.0919159 2.24017 0.179776 2.21394 0.0895667 2.26081 0.175006 2.24017 0.0877254 2.27567 0.171269 2.26081 0.0864572 2.28464 0.168695 2.27567 0.0858105 2.28764 0.167382 2.28464 0.0858105 2.28464 0.167382 2.28764 0.0864572 2.27567 0.168695 2.28464 0.0877254 2.26081 0.171269 2.27567 0.0895667 2.24017 0.175006 2.26081 0.0919159 2.21394 0.179776 2.24017 0.0946971 2.18231 0.185425 2.21394 0.0978278 2.14556 0.191793 2.18231 0.101225 2.104 0.198713 2.14556 0.104808 2.05797 0.206028 2.104 0.108498 2.0079 0.213589 2.05797 0.112223 1.95427 0.221256 2.0079 0.115918 1.89763 0.228905 1.95427 0.119521 1.8386 0.236422 1.89763 0.122975 1.77791 0.243702 1.8386 0.126224 1.71636 0.250652 1.77791 0.129204 1.65486 0.257183 1.71636 0.131836 1.59445 0.263198 1.65486 0.133999 1.53628 0.268579 1.59445 0.135493 1.48161 0.273136 1.53628 0.135969 1.43187 0.276501 1.48161 0.134827 1.38862 0.277897 1.43187 0.131082 1.35363 0.27563 1.38862 0.123257 1.32877 0.266117 1.35363 0.109573 1.3152 0.242626 1.32877 0.0889048 1.31145 0.196114 1.3152 1.32179 0.313085 1.31749 0.196114 1.33694 0.383645 1.32179 0.242626 1.36336 0.412477 1.33694 0.266117 1.39939 0.421099 1.36336 0.27563 1.44328 0.421042 1.39939 0.277897 1.49353 0.417096 1.44328 0.276501 1.54872 0.41111 1.49353 0.273136 1.60753 0.4038 1.54872 0.268579 1.6687 0.395474 1.60753 0.263198 1.7311 0.386297 1.6687 0.257183 1.79367 0.376389 1.7311 0.250652 1.85546 0.365866 1.79367 0.243702 1.91564 0.354853 1.85546 0.236422 1.97347 0.343483 1.91564 0.228905 2.02828 0.331911 1.97347 0.221256 2.07949 0.320305 2.02828 0.213589 2.12659 0.308855 2.07949 0.206028 2.16915 0.297769 2.12659 0.198713 2.20678 0.287273 2.16915 0.191793 2.23916 0.277609 2.20678 0.185425 2.26602 0.269026 2.23916 0.179776 2.28714 0.261775 2.26602 0.175006 2.30235 0.25609 2.28714 0.171269 2.31153 0.252173 2.30235 0.168695 2.31459 0.250175 2.31153 0.167382 2.31153 0.250175 2.31459 0.167382 2.30235 0.252173 2.31153 0.168695 2.28714 0.25609 2.30235 0.171269 2.26602 0.261775 2.28714 0.175006 2.23916 0.269026 2.26602 0.179776 2.20678 0.277609 2.23916 0.185425 2.16915 0.287273 2.20678 0.191793 2.12659 0.297769 2.16915 0.198713 2.07949 0.308855 2.12659 0.206028 2.02828 0.320305 2.07949 0.213589 1.97347 0.331911 2.02828 0.221256 1.91564 0.343483 1.97347 0.228905 1.85546 0.354853 1.91564 0.236422 1.79367 0.365866 1.85546 0.243702 1.7311 0.376389 1.79367 0.250652 1.6687 0.386297 1.7311 0.257183 1.60753 0.395474 1.6687 0.263198 1.54872 0.4038 1.60753 0.268579 1.49353 0.41111 1.54872 0.273136 1.44328 0.417096 1.49353 0.276501 1.39939 0.421042 1.44328 0.277897 1.36336 0.421099 1.39939 0.27563 1.33694 0.412477 1.36336 0.266117 1.32179 0.383645 1.33694 0.242626 0.196114 1.31749 0.313085 1.32179 1.32286 0.436331 1.31832 0.313085 1.33865 0.527987 1.32286 0.383645 1.36543 0.559312 1.33865 0.412477 1.40149 0.566109 1.36543 0.421099 1.44529 0.563697 1.40149 0.421042 1.49545 0.557394 1.44529 0.417096 1.5506 0.548968 1.49545 0.41111 1.60942 0.539028 1.5506 0.4038 1.67065 0.527832 1.60942 0.395474 1.73313 0.515536 1.67065 0.386297 1.79581 0.502277 1.73313 0.376389 1.85772 0.488199 1.79581 0.365866 1.91804 0.473463 1.85772 0.354853 1.976 0.458246 1.91804 0.343483 2.03094 0.442752 1.976 0.331911 2.08228 0.427208 2.03094 0.320305 2.12951 0.411865 2.08228 0.308855 2.17218 0.397002 2.12951 0.297769 2.2099 0.382924 2.17218 0.287273 2.24237 0.369952 2.2099 0.277609 2.26929 0.358427 2.24237 0.269026 2.29046 0.348685 2.26929 0.261775 2.3057 0.341043 2.29046 0.25609 2.31489 0.335777 2.3057 0.252173 2.31797 0.33309 2.31489 0.250175 2.31489 0.33309 2.31797 0.250175 2.3057 0.335777 2.31489 0.252173 2.29046 0.341043 2.3057 0.25609 2.26929 0.348685 2.29046 0.261775 2.24237 0.358427 2.26929 0.269026 2.2099 0.369952 2.24237 0.277609 2.17218 0.382924 2.2099 0.287273 2.12951 0.397002 2.17218 0.297769 2.08228 0.411865 2.12951 0.308855 2.03094 0.427208 2.08228 0.320305 1.976 0.442752 2.03094 0.331911 1.91804 0.458246 1.976 0.343483 1.85772 0.473463 1.91804 0.354853 1.79581 0.488199 1.85772 0.365866 1.73313 0.502277 1.79581 0.376389 1.67065 0.515536 1.73313 0.386297 1.60942 0.527832 1.67065 0.395474 1.5506 0.539028 1.60942 0.4038 1.49545 0.548968 1.5506 0.41111 1.44529 0.557394 1.49545 0.417096 1.40149 0.563697 1.44529 0.421042 1.36543 0.566109 1.40149 0.421099 1.33865 0.559312 1.36543 0.412477 1.32286 0.527987 1.33865 0.383645 0.313085 1.31832 0.436331 1.32286 1.3231 0.563933 1.3184 0.436331 1.3392 0.673831 1.3231 0.527987 1.36604 0.705947 1.3392 0.559312 1.402 0.710641 1.36604 0.566109 1.4457 0.706014 1.402 0.563697 1.49578 0.697515 1.4457 0.557394 1.55089 0.686748 1.49578 0.548968 1.60969 0.674232 1.55089 0.539028 1.67092 0.660191 1.60969 0.527832 1.73341 0.644789 1.67092 0.515536 1.79609 0.628185 1.73341 0.502277 1.85802 0.610554 1.79609 0.488199 1.91835 0.592094 1.85802 0.473463 1.97633 0.573031 1.91835 0.458246 2.03128 0.553617 1.97633 0.442752 2.08264 0.534133 2.03128 0.427208 2.12987 0.514896 2.08264 0.411865 2.17255 0.496256 2.12987 0.397002 2.21029 0.478591 2.17255 0.382924 2.24275 0.462312 2.21029 0.369952 2.26968 0.447841 2.24275 0.358427 2.29085 0.435605 2.26968 0.348685 2.30609 0.426005 2.29085 0.341043 2.31528 0.419388 2.30609 0.335777 2.31836 0.416011 2.31528 0.33309 2.31528 0.416011 2.31836 0.33309 2.30609 0.419388 2.31528 0.335777 2.29085 0.426005 2.30609 0.341043 2.26968 0.435605 2.29085 0.348685 2.24275 0.447841 2.26968 0.358427 2.21029 0.462312 2.24275 0.369952 2.17255 0.478591 2.21029 0.382924 2.12987 0.496256 2.17255 0.397002 2.08264 0.514896 2.12987 0.411865 2.03128 0.534133 2.08264 0.427208 1.97633 0.553617 2.03128 0.442752 1.91835 0.573031 1.97633 0.458246 1.85802 0.592094 1.91835 0.473463 1.79609 0.610554 1.85802 0.488199 1.73341 0.628185 1.79609 0.502277 1.67092 0.644789 1.73341 0.515536 1.60969 0.660191 1.67092 0.527832 1.55089 0.674232 1.60969 0.539028 1.49578 0.686748 1.55089 0.548968 1.4457 0.697515 1.49578 0.557394 1.402 0.706014 1.4457 0.563697 1.36604 0.710641 1.402 0.566109 1.3392 0.705947 1.36604 0.559312 1.3231 0.673831 1.3392 0.527987 0.436331 1.3184 0.563933 1.3231 1.32319 0.694708 1.31836 0.563933 1.33946 0.820372 1.32319 0.673831 1.36629 0.852262 1.33946 0.705947 1.40216 0.854823 1.36629 0.710641 1.44578 0.848128 1.40216 0.706014 1.49582 0.83754 1.44578 0.697515 1.55091 0.824491 1.49582 0.686748 1.60971 0.809421 1.55091 0.674232 1.67093 0.792546 1.60971 0.660191 1.73342 0.774041 1.67093 0.644789 1.7961 0.754092 1.73342 0.628185 1.85803 0.732909 1.7961 0.610554 1.91836 0.710728 1.85803 0.592094 1.97633 0.687818 1.91836 0.573031 2.03129 0.664482 1.97633 0.553617 2.08264 0.64106 2.03129 0.534133 2.12988 0.617928 2.08264 0.514896 2.17256 0.595509 2.12988 0.496256 2.21029 0.57426 2.17256 0.478591 2.24275 0.55467 2.21029 0.462312 2.26968 0.537253 2.24275 0.447841 2.29085 0.522522 2.26968 0.435605 2.30608 0.510963 2.29085 0.426005 2.31527 0.502994 2.30608 0.419388 2.31834 0.498927 2.31527 0.416011 2.31527 0.498926 2.31834 0.416011 2.30608 0.502994 2.31527 0.419388 2.29085 0.510963 2.30608 0.426005 2.26968 0.522522 2.29085 0.435605 2.24275 0.537253 2.26968 0.447841 2.21029 0.55467 2.24275 0.462312 2.17256 0.57426 2.21029 0.478591 2.12988 0.595509 2.17256 0.496256 2.08264 0.617928 2.12988 0.514896 2.03129 0.64106 2.08264 0.534133 1.97633 0.664482 2.03129 0.553617 1.91836 0.687818 1.97633 0.573031 1.85803 0.710728 1.91836 0.592094 1.7961 0.732909 1.85803 0.610554 1.73342 0.754092 1.7961 0.628185 1.67093 0.774041 1.73342 0.644789 1.60971 0.792546 1.67093 0.660191 1.55091 0.809421 1.60971 0.674232 1.49582 0.824491 1.55091 0.686748 1.44578 0.83754 1.49582 0.697515 1.40216 0.848128 1.44578 0.706014 1.36629 0.854823 1.40216 0.710641 1.33946 0.852262 1.36629 0.705947 1.32319 0.820372 1.33946 0.673831 0.563933 1.31836 0.694708 1.32319 0.742859 0.580244 0.827863 1.31817 0.694708 0.742859 0.820372 0.62549 1.05679 0.62549 0.852262 0.594726 1.05165 0.168955 0.594726 0.854823 0.577822 1.02644 0.248438 0.577822 0.848128 0.571294 0.992167 0.312635 0.571294 0.83754 0.571713 0.953804 0.36697 0.571713 0.824491 0.583511 0.914112 0.408689 0.438501 0.583511 0.809421 0.600378 0.874783 0.457458 0.600378 0.792546 0.625981 0.83701 0.466773 0.625981 0.774041 0.654447 0.801474 0.467666 0.654447 0.754092 0.689083 0.76861 0.461269 0.689083 0.732909 0.724637 0.738563 0.724637 0.710728 0.762358 0.711385 0.450567 0.762358 0.687818 0.803279 0.687027 0.432399 0.803279 0.664482 0.84298 0.665354 0.409573 0.84298 0.64106 0.882756 0.646254 0.384501 0.882756 0.617928 0.922081 0.62959 0.355849 0.922081 0.595509 0.960495 0.615228 0.324109 0.960495 0.57426 0.999206 0.603052 0.288073 0.999206 0.55467 1.03464 0.59293 0.249817 1.03464 0.537253 1.06813 0.584763 0.211229 1.06813 0.522522 1.09943 0.578435 0.170984 1.09943 0.510963 1.09352 0.574478 0.129373 1.09352 0.502994 1.07807 0.576007 0.12148 1.07807 0.498927 1.06021 0.117777 0.569397 0.119767 1.06021 0.498926 1.07855 0.119809 0.583093 1.07855 0.502994 1.09405 0.121539 0.576045 1.09405 0.510963 1.0986 0.130892 0.574514 1.0986 0.522522 1.0671 0.172861 0.578433 1.0671 0.537253 1.03333 0.213588 0.58476 1.03333 0.55467 0.999152 0.251201 0.592926 0.999152 0.57426 0.961669 0.286955 0.603051 0.961669 0.595509 0.922783 0.322205 0.615232 0.922783 0.617928 0.88287 0.355013 0.629593 0.88287 0.64106 0.842363 0.385 0.646255 0.842363 0.664482 0.801754 0.411737 0.665351 0.801754 0.687818 0.763507 0.432833 0.687018 0.763507 0.710728 0.724547 0.449462 0.711392 0.724547 0.732909 0.687449 0.462997 0.738562 0.687449 0.754092 0.655225 0.468599 0.768599 0.655225 0.774041 0.624626 0.467312 0.801479 0.624626 0.792546 0.601192 0.45807 0.837001 0.601192 0.809421 0.583978 0.437178 0.874789 0.583978 0.824491 0.571618 0.408294 0.914118 0.571618 0.83754 0.570496 0.367868 0.953804 0.570496 0.848128 0.576277 0.315014 0.992157 0.576277 0.854823 0.595376 0.249393 1.02644 0.595376 0.852262 0.625216 0.16856 1.05165 0.625216 0.820372 0.743137 1.05679 0.694708 1.31817 0.827863 0.579966 0.743137 0.738824 0.583233 0.962796 1.31696 0.827863 0.738824 0.9672 0.623024 1.13297 0.623024 0.998246 0.597505 1.13618 0.162649 0.597505 0.998744 0.578275 1.11274 0.239151 0.578275 0.990105 0.571391 1.07951 0.305639 0.571391 0.977501 0.570144 1.04167 0.36157 0.406594 0.570144 0.962198 0.579952 1.0022 0.440741 0.579952 0.944588 0.594173 0.9625 0.46443 0.594173 0.924882 0.617459 0.924099 0.478367 0.617459 0.903276 0.64342 0.887482 0.483408 0.64342 0.879983 0.676243 0.853456 0.480453 0.676243 0.855249 0.710009 0.821986 0.472744 0.710009 0.829347 0.74638 0.793338 0.74638 0.802591 0.784567 0.767512 0.45859 0.784567 0.775333 0.826005 0.74453 0.436556 0.826005 0.747971 0.865712 0.724097 0.409679 0.865712 0.720947 0.905336 0.706203 0.380655 0.905336 0.694748 0.944378 0.690726 0.347838 0.944378 0.669912 0.982396 0.67755 0.311736 0.982396 0.647012 1.019 0.666563 0.272808 1.019 0.626648 1.05386 0.657659 0.231476 1.05386 0.609422 1.08857 0.650766 0.186218 1.08857 0.595903 1.09108 0.645644 0.139343 1.09108 0.586584 1.07406 0.645379 0.121101 1.07406 0.581842 1.17084 0.114342 0.654556 0.119324 1.17084 0.581825 1.07528 0.119358 0.640727 1.07528 0.586582 1.0924 0.121247 0.645452 1.0924 0.595903 1.0868 0.14271 0.645706 1.0868 0.609422 1.05566 0.186202 0.650737 1.05566 0.626648 1.02051 0.228146 0.657695 1.02051 0.647012 0.98352 0.270157 0.6666 0.98352 0.669912 0.945026 0.309945 0.677583 0.945026 0.694748 0.905394 0.34712 0.690747 0.905394 0.720947 0.865045 0.381263 0.706205 0.865045 0.747971 0.824452 0.411917 0.72407 0.824452 0.775334 0.786353 0.436369 0.744462 0.786353 0.802591 0.747 0.456127 0.767597 0.747 0.829346 0.709204 0.472909 0.79337 0.709204 0.855249 0.676157 0.481373 0.821942 0.676157 0.879983 0.643898 0.483018 0.85345 0.643898 0.903275 0.615688 0.479641 0.887509 0.615688 0.924883 0.595255 0.465189 0.923994 0.595255 0.944588 0.57824 0.441326 0.962563 0.57824 0.962199 0.571255 0.407262 1.0021 0.571255 0.977501 0.569395 0.362413 1.04173 0.569395 0.990106 0.579424 0.306552 1.07941 0.579424 0.998744 0.595542 0.239932 1.11279 0.595542 0.998246 0.624275 0.163403 1.13613 0.624275 0.9672 0.737554 1.13299 0.827863 1.31696 0.962796 0.584502 0.737554 0.689489 0.962796 0.651971 1.1326 0.651971 1.11398 0.621967 1.2351 0.0773846 0.621967 1.14384 0.594803 1.23877 0.156961 0.594803 1.14235 0.579429 1.21479 0.230356 0.579429 1.13186 0.568691 1.18069 0.295711 0.355767 0.568691 1.11727 0.565866 1.14189 0.402986 0.565866 1.09973 0.573741 1.10131 0.440365 0.573741 1.07958 0.585321 1.05995 0.467831 0.585321 1.05704 0.606146 1.01983 0.485656 0.606146 1.03233 0.629345 0.981087 0.497247 0.629345 1.0057 0.657168 0.944715 0.497377 0.657168 0.977411 0.691486 0.911356 0.489762 0.691486 0.947793 0.72597 0.880549 0.47779 0.72597 0.917196 0.762672 0.852674 0.456815 0.762672 0.88602 0.803404 0.827927 0.430249 0.803404 0.854725 0.842431 0.805737 0.4012 0.842431 0.823811 0.88175 0.786258 0.88175 0.793839 0.920834 0.769378 0.367704 0.920834 0.765421 0.959206 0.754984 0.330334 0.959206 0.739214 0.996445 0.742966 0.289623 0.996445 0.715908 1.03218 0.733227 0.246074 1.03218 0.696189 1.06606 0.725687 0.200165 1.06606 0.680714 1.08094 0.719987 0.152325 1.08094 0.670043 1.06225 0.718341 0.119853 1.06225 0.664578 1.04102 0.722372 0.117596 1.04102 0.664678 1.06054 0.11759 0.714809 0.1153 1.06054 0.670052 1.07912 0.119651 0.718242 1.07912 0.680715 1.06773 0.148753 0.719931 1.06773 0.696189 1.03357 0.197084 0.72576 1.03357 0.715908 0.997474 0.243639 0.733295 0.997474 0.739214 0.959772 0.288018 0.743023 0.959772 0.765421 0.920828 0.329767 0.75502 0.920828 0.793839 0.881044 0.368418 0.769378 0.881044 0.823811 0.840874 0.403478 0.786202 0.840874 0.854726 0.803342 0.431899 0.805604 0.803342 0.886021 0.764034 0.455514 0.827921 0.764034 0.917194 0.726015 0.476349 0.85281 0.726015 0.947792 0.689959 0.491245 0.880554 0.689959 0.977415 0.659401 0.496714 0.911186 0.659401 1.0057 0.629598 0.494693 0.944978 0.629598 1.03233 0.604089 0.487457 0.981117 0.604089 1.05704 0.586814 0.468456 1.01957 0.586814 1.07958 0.572546 0.44002 1.06013 0.572546 1.09973 0.568323 0.401761 1.10117 0.568323 1.11727 0.568365 0.353574 1.14216 0.568365 1.13186 0.57977 0.295712 1.18066 0.57977 1.14235 0.595976 0.228837 1.21483 0.595976 1.14384 0.620319 0.157424 1.23885 0.620319 1.11398 0.654675 0.0763472 1.23505 0.654675 0.962796 0.686785 1.1326 0.661474 1.09865 0.628219 1.24499 0.628219 1.26001 0.598036 1.35451 0.0796579 0.598036 1.28835 0.573824 1.35663 0.155607 0.573824 1.28488 0.552068 1.33078 0.227805 0.297768 0.552068 1.2725 0.537032 1.29525 0.356934 0.537032 1.25586 0.532306 1.25531 0.40791 0.532306 1.23599 0.530543 1.21229 0.4533 0.530543 1.21321 0.535189 1.16847 0.485468 0.535189 1.18777 0.549174 1.12577 0.50781 0.549174 1.15991 0.565212 1.08413 0.523749 0.565212 1.1299 0.586125 1.04481 0.527151 0.586125 1.09805 0.614304 1.00869 0.521883 0.614304 1.06472 0.642853 0.975107 0.511624 0.642853 1.03031 0.674249 0.944625 0.493965 0.674249 0.995255 0.707851 0.91725 0.466833 0.707851 0.960069 0.745812 0.893192 0.433891 0.745812 0.925325 0.781952 0.871756 0.398559 0.781952 0.89164 0.818586 0.853149 0.35867 0.818586 0.859704 0.855232 0.837255 0.314856 0.855232 0.830253 0.891452 0.823962 0.26772 0.891452 0.80406 0.926852 0.813169 0.217841 0.926852 0.781899 0.96108 0.804797 0.165785 0.96108 0.764507 0.993817 0.798819 0.112115 0.993817 0.752516 1.0248 0.794906 0.106333 1.0248 0.746398 1.05395 0.795359 0.103565 1.05395 0.746413 1.02707 0.106278 0.797556 1.02707 0.752522 0.995804 0.108628 0.794988 0.995804 0.764508 0.962832 0.16205 0.79891 0.962832 0.781898 0.928278 0.214663 0.804885 0.928278 0.804059 0.892454 0.265288 0.81325 0.892454 0.830253 0.855699 0.313382 0.824028 0.855699 0.859703 0.818392 0.358394 0.83729 0.818392 0.891639 0.78095 0.399757 0.853132 0.78095 0.925325 0.743833 0.436881 0.871661 0.743833 0.960074 0.710386 0.466307 0.89299 0.710386 0.995253 0.675542 0.4901 0.917537 0.675542 1.03031 0.642657 0.510511 0.944788 0.642657 1.06472 0.612353 0.524032 0.975079 0.612353 1.09806 0.588445 0.526821 1.00842 0.588445 1.1299 0.565382 0.521215 1.04516 0.565382 1.15991 0.546893 0.509916 1.08415 0.546893 1.18778 0.537052 0.485929 1.12541 0.537052 1.21321 0.529689 0.452254 1.16876 0.529689 1.23599 0.532208 0.40888 1.21216 0.532208 1.25586 0.537868 0.356194 1.2553 0.537868 1.2725 0.550358 0.298628 1.29536 0.550358 1.28488 0.573435 0.229908 1.33057 0.573435 1.28835 0.598829 0.155188 1.35658 0.598829 1.26002 0.62606 0.0810116 1.35453 0.62606 1.09865 0.663632 1.24495 0.502049 1.33078 0.297768 0.482387 1.41993 0.298628 1.33057 0.500316 1.41992 0.483225 0.528712 1.35663 0.227805 0.502049 1.42605 0.229908 1.35658 0.528343 1.42605 0.500316 0.482387 1.29525 0.356934 0.473355 1.40486 0.356194 1.29536 0.483225 1.40486 0.473262 0.473355 1.25531 0.40791 0.467574 1.38533 0.40888 1.2553 0.473262 1.38533 0.466704 0.467574 1.21229 0.4533 0.468539 1.36232 0.452254 1.21216 0.466704 1.36232 0.47043 0.468539 1.16847 0.485468 0.479288 1.33621 0.485929 1.16876 0.47043 1.33622 0.476981 0.479288 1.12577 0.50781 0.492463 1.30731 0.509916 1.12541 0.476981 1.30731 0.492626 0.55828 1.35451 0.155607 0.528712 1.40013 0.155188 1.35453 0.559066 1.40013 0.528343 0.492463 1.08413 0.523749 0.510922 1.27589 0.521215 1.08415 0.492626 1.27589 0.513277 0.510922 1.04481 0.527151 0.537122 1.24225 0.526821 1.04516 0.513277 1.24226 0.53515 0.537122 1.00869 0.521883 0.564081 1.20675 0.524032 1.00842 0.53515 1.20675 0.563877 0.564081 0.975107 0.511624 0.594307 1.16976 0.510511 0.975079 0.563877 1.16976 0.595609 0.594307 0.944625 0.493965 0.627149 1.1317 0.4901 0.944788 0.595609 1.13169 0.629716 0.627149 0.91725 0.466833 0.66479 1.09304 0.466307 0.917537 0.629716 1.09305 0.662797 0.66479 0.893192 0.433891 0.700982 1.05434 0.436881 0.89299 0.662797 1.05434 0.699969 0.700982 0.871756 0.398559 0.738056 1.0162 0.399757 0.871661 0.699969 1.0162 0.737858 0.738056 0.853149 0.35867 0.775522 0.979278 0.358394 0.853132 0.737858 0.979277 0.77599 0.775522 0.837255 0.314856 0.812926 0.944322 0.313382 0.83729 0.77599 0.944321 0.813931 0.812926 0.823962 0.26772 0.849849 0.912124 0.265288 0.824028 0.813931 0.912123 0.851277 0.849849 0.813169 0.217841 0.885895 0.883515 0.214663 0.81325 0.851277 0.883515 0.887646 0.885895 0.804797 0.165785 0.920681 0.85933 0.16205 0.804885 0.887646 0.85933 0.922664 0.920681 0.798819 0.112115 0.953835 0.84036 0.108628 0.79891 0.922664 0.84036 0.955336 0.953835 0.794906 0.106333 0.936111 0.827308 0.106278 0.794988 0.955336 0.827307 0.933904 0.936111 0.795359 0.103565 0.912282 0.820628 0.912282 0.797556 0.933904 0.82054 0.518651 1.18069 0.355767 0.511628 1.2725 0.353574 1.18066 0.518316 1.2725 0.514152 0.511628 1.14189 0.402986 0.515897 1.25586 0.401761 1.14216 0.514152 1.25586 0.514669 0.53401 1.21479 0.295711 0.518651 1.28488 0.295712 1.21483 0.534362 1.28488 0.518316 0.515897 1.10131 0.440365 0.52431 1.23599 0.44002 1.10117 0.514669 1.23599 0.525854 0.52431 1.05995 0.467831 0.54258 1.21321 0.468456 1.06013 0.525854 1.21321 0.540457 0.54258 1.01983 0.485656 0.563629 1.18777 0.487457 1.01957 0.540457 1.18778 0.563886 0.563629 0.981087 0.497247 0.589778 1.15991 0.494693 0.981117 0.563886 1.15991 0.592084 1.13069 0.714809 1.10589 0.746413 1.10415 0.722372 0.1153 1.13069 0.746398 0.589778 0.944715 0.497377 0.622971 1.1299 0.496714 0.944978 0.592084 1.1299 0.621397 1.07428 0.718341 0.117596 1.10415 0.752516 0.11759 0.718242 1.07631 0.752522 1.10589 1.04184 0.719987 0.119853 1.07428 0.764507 0.119651 0.719931 1.04374 0.764508 1.07631 0.622971 0.911356 0.489762 0.656677 1.09805 0.491245 0.911186 0.621397 1.09806 0.656723 1.00724 0.725687 0.152325 1.04184 0.781899 0.148753 0.72576 1.00892 0.781898 1.04374 0.656677 0.880549 0.47779 0.693018 1.06472 0.476349 0.880554 0.656723 1.06472 0.694416 0.970788 0.733227 0.200165 1.00724 0.80406 0.197084 0.733295 0.972195 0.804059 1.00892 0.693018 0.852674 0.456815 0.733853 1.03031 0.455514 0.85281 0.694416 1.03031 0.733793 0.932799 0.742966 0.246074 0.970788 0.830253 0.243639 0.743023 0.933839 0.830253 0.972195 0.733853 0.827927 0.430249 0.773312 0.995255 0.431899 0.827921 0.733793 0.995253 0.771717 0.89364 0.754984 0.289623 0.932799 0.859704 0.288018 0.75502 0.894214 0.859703 0.933839 0.773312 0.805737 0.4012 0.813436 0.960069 0.403478 0.805604 0.771717 0.960074 0.812716 0.853707 0.769378 0.330334 0.89364 0.89164 0.329767 0.769378 0.853701 0.891639 0.894214 0.368418 0.786202 0.812716 0.925325 0.853701 0.813436 0.786258 0.367704 0.853707 0.925325 0.554257 1.23877 0.230356 0.53401 1.28835 0.228837 1.23885 0.555438 1.28835 0.534362 0.585892 1.2351 0.156961 0.554257 1.26001 0.157424 1.23505 0.58423 1.26002 0.555438 1.24499 0.0796579 0.55828 1.23106 0.598641 0.0810116 1.24495 0.596485 1.23106 0.559066 0.114342 0.640727 1.11688 0.664678 1.02942 1.11812 0.654556 1.02942 0.664578 0.119358 0.645452 1.08869 0.670052 1.11688 1.09016 0.645379 0.119324 1.11812 0.670043 1.05924 0.645644 0.121101 1.09016 0.680714 0.121247 0.645706 1.05765 0.680715 1.08869 1.02598 0.650766 0.139343 1.05924 0.696189 0.14271 0.650737 1.02419 0.696189 1.05765 0.988736 0.657659 0.186218 1.02598 0.715908 0.186202 0.657695 0.990562 0.715908 1.02419 0.951641 0.666563 0.231476 0.988736 0.739214 0.228146 0.6666 0.953168 0.739214 0.990562 0.9131 0.67755 0.272808 0.951641 0.765421 0.270157 0.677583 0.914244 0.765421 0.953168 0.309945 0.690747 0.874135 0.793839 0.914244 0.873474 0.690726 0.311736 0.9131 0.793839 0.833165 0.706203 0.347838 0.873474 0.823811 0.34712 0.706205 0.833224 0.823811 0.874135 0.511526 1.04167 0.406594 0.517591 1.11727 0.407262 1.04173 0.51268 1.11727 0.515807 0.517591 1.0022 0.440741 0.528536 1.09973 0.441326 1.0021 0.515807 1.09973 0.529665 0.381263 0.72407 0.79194 0.854726 0.833224 0.792625 0.724097 0.380655 0.833165 0.854725 0.465189 0.962563 0.529665 1.07958 0.547398 0.528536 0.9625 0.46443 0.549243 1.07958 0.549243 0.924099 0.478367 0.573068 1.05704 0.479641 0.923994 0.547398 1.05704 0.573567 0.75237 0.74453 0.409679 0.792625 0.88602 0.411917 0.744462 0.750771 0.886021 0.79194 0.483018 0.887509 0.573567 1.03233 0.604293 0.573068 0.887482 0.483408 0.604381 1.03233 0.604381 0.853456 0.480453 0.637031 1.0057 0.481373 0.85345 0.604293 1.0057 0.636192 0.362413 1.07941 0.515115 1.13186 0.51268 0.517178 1.07951 0.36157 0.511526 1.13186 0.710696 0.767512 0.436556 0.75237 0.917196 0.436369 0.767597 0.712539 0.917194 0.750771 0.637031 0.821986 0.472744 0.672739 0.977411 0.472909 0.821942 0.636192 0.977415 0.67338 0.456127 0.79337 0.67338 0.947792 0.712539 0.672739 0.793338 0.45859 0.710696 0.947793 0.528813 1.11274 0.305639 0.517178 1.14235 0.306552 1.11279 0.529993 1.14235 0.515115 0.553069 1.13618 0.239151 0.528813 1.14384 0.239932 1.13613 0.551065 1.14384 0.529993 0.583233 1.13297 0.162649 0.553069 1.11398 0.163403 1.13299 0.584502 1.11398 0.551065 0.585892 1.09865 0.619882 1.1326 0.0773846 0.0763472 1.1326 0.622584 1.09865 0.58423 1.11706 0.569397 1.13996 0.581842 0.117777 0.583093 1.11653 0.581825 1.13996 1.0907 0.576007 0.119767 1.11706 0.586584 0.119809 0.576045 1.09011 0.586582 1.11653 1.06167 0.574478 0.12148 1.0907 0.595903 0.121539 0.574514 1.06098 0.595903 1.09011 1.0302 0.578435 0.129373 1.06167 0.609422 0.130892 0.578433 1.02936 0.609422 1.06098 0.996539 0.584763 0.170984 1.0302 0.626648 0.172861 0.58476 0.995488 0.626648 1.02936 0.960934 0.59293 0.211229 0.996539 0.647012 0.213588 0.592926 0.959603 0.647012 0.995488 0.923667 0.603052 0.249817 0.960934 0.669912 0.251201 0.603051 0.923612 0.669912 0.959603 0.883381 0.615228 0.288073 0.923667 0.694748 0.286955 0.615232 0.884583 0.694748 0.923612 0.843739 0.62959 0.324109 0.883381 0.720947 0.322205 0.629593 0.844461 0.720947 0.884583 0.355013 0.646255 0.803641 0.747971 0.844461 0.803523 0.646254 0.355849 0.843739 0.747971 0.763207 0.665354 0.384501 0.803523 0.775333 0.385 0.665351 0.762568 0.775334 0.803641 0.515265 0.914112 0.438501 0.528722 0.962198 0.45807 0.874789 0.529579 0.944588 0.550249 0.437178 0.914118 0.515754 0.962199 0.529579 0.528722 0.874783 0.457458 0.551675 0.944588 0.467312 0.837001 0.550249 0.924883 0.578783 0.551675 0.83701 0.466773 0.577966 0.924882 0.72334 0.687027 0.409573 0.763207 0.802591 0.411737 0.687018 0.721757 0.802591 0.762568 0.468599 0.801479 0.578783 0.903275 0.609369 0.577966 0.801474 0.467666 0.61108 0.903276 0.61108 0.76861 0.461269 0.64551 0.879983 0.462997 0.768599 0.609369 0.879983 0.645416 0.432833 0.711392 0.683772 0.829346 0.721757 0.682576 0.711385 0.432399 0.72334 0.829347 0.449462 0.738562 0.645416 0.855249 0.683772 0.64551 0.738563 0.450567 0.682576 0.855249 0.408294 0.953804 0.507296 0.977501 0.515754 0.507395 0.953804 0.408689 0.515265 0.977501 0.511632 0.992167 0.36697 0.507395 0.990105 0.367868 0.992157 0.510797 0.990106 0.507296 0.523118 1.02644 0.312635 0.511632 0.998744 0.315014 1.02644 0.521514 0.998744 0.510797 0.54505 1.05165 0.248438 0.523118 0.998246 0.249393 1.05165 0.545719 0.998246 0.521514 0.580244 1.05679 0.168955 0.54505 0.9672 0.16856 1.05679 0.579966 0.9672 0.545719 
</DataArray>
<DataArray type="Float64" Name="wall variable 0" format="ascii">
0 1.9995e-10 8.24595e-10 0 4.91183e-10 1.94803e-09 8.4978e-11 0 1.01525e-09 4.81909e-09 1.99952e-10 0 1.69864e-09 1.00363e-08 4.91197e-10 0 2.35167e-09 1.68561e-08 1.01529e-09 0 3.05341e-09 2.31685e-08 1.69871e-09 0 4.50342e-09 2.92719e-08 2.35178e-09 0 8.73274e-09 4.08915e-08 3.05364e-09 0 2.06476e-08 7.53725e-08 4.50432e-09 0 4.99894e-08 1.76232e-07 8.73753e-09 0 1.11538e-07 4.33601e-07 2.06758e-08 0 2.20341e-07 9.91564e-07 5.01378e-08 0 3.84017e-07 2.00863e-06 1.1215e-07 0 6.18156e-07 3.57415e-06 2.22234e-07 0 1.04498e-06 5.8185e-06 3.88673e-07 0 2.23187e-06 9.80461e-06 6.30151e-07 0 6.22705e-06 2.10421e-05 1.09382e-06 0 2.02311e-05 6.28018e-05 2.55824e-06 0 7.18873e-05 0.000238694 8.95582e-06 0 0.000261936 0.000981447 4.14211e-05 0 0.00083905 0.00332383 0.000194517 0 0.00208295 0.00794071 0.000730393 0 0.0038477 0.0137908 0.00198104 0 0.00526634 0.0186424 0.0038154 0 0.00533116 0.0206078 0.00526725 0 0.00391925 0.0188906 0.00530561 0 0.00204015 0.0140848 0.0039376 0 0.000742328 0.00810285 0.00214269 0 0.000191637 0.00334303 0.000856182 0 3.87195e-05 0.000952349 0.000261607 0 7.82572e-06 0.000217745 6.96059e-05 0 2.11224e-06 5.31137e-05 1.88476e-05 0 9.41866e-07 1.67232e-05 5.50093e-06 0 6.5152e-07 8.26854e-06 1.86774e-06 0 5.01707e-07 6.04448e-06 9.09621e-07 0 3.51353e-07 4.69497e-06 6.43833e-07 0 2.11696e-07 3.24395e-06 4.97301e-07 0 1.093e-07 1.9154e-06 3.48247e-07 0 4.9402e-08 9.66659e-07 2.10095e-07 0 2.04934e-08 4.27323e-07 1.08735e-07 0 8.6937e-09 1.74726e-07 4.92596e-08 0 4.494e-09 7.50241e-08 2.04658e-08 0 3.05124e-09 4.08127e-08 8.68898e-09 0 2.35123e-09 2.92543e-08 4.49311e-09 0 1.69859e-09 2.31645e-08 3.05101e-09 0 1.01526e-09 1.68553e-08 2.35112e-09 0 4.91191e-10 1.00361e-08 1.69851e-09 0 1.99951e-10 4.81904e-09 1.01522e-09 0 8.49777e-11 1.94802e-09 4.91177e-10 0 0 8.24593e-10 1.99948e-10 0 8.498e-11 1.94807e-09 4.39773e-09 0 1.99963e-10 4.81932e-09 1.04287e-08 8.24651e-10 4.91264e-10 1.00376e-08 2.61094e-08 1.94836e-09 1.01559e-09 1.68609e-08 5.51904e-08 4.82072e-09 1.6996e-09 2.318e-08 9.36128e-08 1.00418e-08 2.35347e-09 2.92921e-08 1.27757e-07 1.68686e-08 3.05631e-09 4.09255e-08 1.5554e-07 2.31899e-08 4.50934e-09 7.54524e-08 1.99433e-07 2.93104e-08 8.75389e-09 1.7655e-07 3.34144e-07 4.09925e-08 2.07646e-08 4.35422e-07 7.63047e-07 7.58059e-08 5.06837e-08 1.00222e-06 1.95146e-06 1.78689e-07 1.1505e-07 2.06035e-06 4.76059e-06 4.47196e-07 2.34206e-07 3.76813e-06 1.04203e-05 1.05327e-06 4.26217e-07 6.39381e-06 2.01564e-05 2.22516e-06 7.2625e-07 1.13604e-05 3.56834e-05 4.18169e-06 1.34451e-06 2.60847e-05 6.55608e-05 7.43097e-06 3.53393e-06 8.743e-05 0.000165684 1.53789e-05 1.53977e-05 0.000411231 0.00068943 5.1889e-05 9.26482e-05 0.00217505 0.00354323 0.000288883 0.000545847 0.0090487 0.0137129 0.0018084 0.00247895 0.0250452 0.033099 0.00898862 0.00767232 0.0470292 0.0554324 0.0278709 0.0161215 0.0665319 0.0730234 0.0535382 0.0243612 0.0784149 0.0829793 0.0734492 0.0280023 0.0819036 0.0863171 0.0814304 0.0248412 0.0746862 0.0837239 0.0788042 0.016629 0.0547249 0.0740284 0.0675356 0.00790422 0.0282865 0.0560483 0.0479786 0.00250545 0.00882251 0.0329692 0.0254197 0.000529137 0.00164503 0.013108 0.00896839 8.34898e-05 0.0002343 0.00303512 0.00203859 1.26539e-05 3.81282e-05 0.000500234 0.000353261 2.75043e-06 1.20644e-05 0.000110894 6.96213e-05 1.12772e-06 7.45759e-06 5.06428e-05 2.0153e-05 7.58439e-07 5.51377e-06 3.72566e-05 9.6613e-06 5.67593e-07 3.69386e-06 2.7996e-05 6.8485e-06 3.83008e-07 2.10385e-06 1.80837e-05 5.12028e-06 2.22707e-07 1.02418e-06 9.88659e-06 3.41226e-06 1.12073e-07 4.40404e-07 4.63094e-06 1.96353e-06 4.9934e-08 1.77129e-07 1.92165e-06 9.76908e-07 2.05808e-08 7.54521e-08 7.5651e-07 4.29103e-07 8.70992e-09 4.0913e-08 3.32762e-07 1.7504e-07 4.49901e-09 2.92927e-08 1.99148e-07 7.51036e-08 3.05391e-09 2.3186e-08 1.55482e-07 4.08467e-08 2.35291e-09 1.68677e-08 1.27745e-07 2.92744e-08 1.69947e-09 1.00416e-08 9.36103e-08 2.31761e-08 1.01556e-09 4.82068e-09 5.51899e-08 1.686e-08 4.91258e-10 1.94835e-09 2.61093e-08 1.00374e-08 1.99961e-10 8.24649e-10 1.04287e-08 4.81928e-09 8.49796e-11 0 4.39773e-09 1.94806e-09 1.04295e-08 2.11067e-08 0 8.24725e-10 2.61142e-08 4.98175e-08 4.39928e-09 1.94876e-09 5.522e-08 1.26196e-07 1.04378e-08 4.82358e-09 9.3734e-08 2.72038e-07 2.61561e-08 1.0056e-08 1.28067e-07 4.69288e-07 5.53515e-08 1.69124e-08 1.56068e-07 6.40971e-07 9.39672e-08 2.32737e-08 2.00212e-07 7.6257e-07 1.28332e-07 2.94322e-08 3.35527e-07 9.12662e-07 1.56443e-07 4.11723e-08 7.66995e-07 1.3862e-06 2.01428e-07 7.62159e-08 1.97228e-06 3.07921e-06 3.41893e-07 1.80655e-07 4.90509e-06 8.39305e-06 8.07645e-07 4.61049e-07 1.12809e-05 2.31121e-05 2.21819e-06 1.14115e-06 2.39761e-05 5.97e-05 6.08433e-06 2.64512e-06 4.83336e-05 0.000139714 1.54325e-05 5.63166e-06 0.000100523 0.000299821 3.49215e-05 1.12435e-05 0.000264914 0.000654392 7.47522e-05 2.42609e-05 0.00102901 0.00189109 0.000191335 7.72248e-05 0.00499277 0.00734857 0.000777946 0.000410063 0.0199301 0.0248457 0.00450276 0.00269862 0.0506472 0.0556224 0.0229183 0.0145016 0.0837814 0.0837621 0.0640304 0.0442693 0.107886 0.10015 0.10472 0.0824499 0.123667 0.107859 0.131176 0.115449 0.133817 0.110644 0.142688 0.136776 0.142038 0.11161 0.141452 0.144778 0.144431 0.111661 0.134248 0.13843 0.133028 0.109227 0.124945 0.117643 0.105334 0.100745 0.109274 0.0839817 0.0624819 0.0824696 0.0843275 0.0444893 0.0202449 0.0520617 0.049685 0.0139224 0.00326168 0.0204363 0.0181173 0.00231533 0.000476067 0.00469777 0.00387849 0.000300433 0.000125373 0.0010242 0.000666578 5.06845e-05 6.94363e-05 0.000443631 0.00016966 1.82538e-05 4.81261e-05 0.000316705 8.16487e-05 1.19078e-05 2.90407e-05 0.000217072 5.63387e-05 8.30795e-06 1.42352e-05 0.000120623 3.75186e-05 4.9491e-06 5.8612e-06 5.56781e-05 2.14153e-05 2.4949e-06 2.17785e-06 2.23196e-05 1.06897e-05 1.10887e-06 8.00107e-07 8.24018e-06 4.77031e-06 4.5399e-07 3.40419e-07 3.04986e-06 1.94209e-06 1.79076e-07 2.01132e-07 1.38064e-06 7.60421e-07 7.58605e-08 1.56383e-07 9.11625e-07 3.34139e-07 4.10926e-08 1.2832e-07 7.62379e-07 1.99925e-07 2.94145e-08 9.39647e-08 6.40936e-07 1.56009e-07 2.32697e-08 5.53509e-08 4.69282e-07 1.28055e-07 1.69115e-08 2.6156e-08 2.72037e-07 9.37316e-08 1.00559e-08 1.04378e-08 1.26196e-07 5.52195e-08 4.82354e-09 4.39927e-09 4.98174e-08 2.61141e-08 1.94875e-09 8.24723e-10 0 2.11066e-08 1.04295e-08 4.98346e-08 9.1588e-08 0 4.401e-09 1.26293e-07 2.11385e-07 2.11419e-08 1.04469e-08 2.72675e-07 5.40518e-07 5.00256e-08 2.6225e-08 4.7208e-07 1.19694e-06 1.27295e-07 5.57176e-08 6.48434e-07 2.12413e-06 2.75932e-07 9.51538e-08 7.75222e-07 2.93215e-06 4.77895e-07 1.30619e-07 9.30165e-07 3.45763e-06 6.54481e-07 1.59648e-07 1.4133e-06 3.94469e-06 7.81664e-07 2.0559e-07 3.14194e-06 5.48333e-06 9.4809e-07 3.49169e-07 8.67982e-06 1.19762e-05 1.50841e-06 8.36181e-07 2.53248e-05 3.73083e-05 3.79119e-06 2.43532e-06 7.52126e-05 0.000132653 1.30512e-05 7.68246e-06 0.00021806 0.000465147 4.86791e-05 2.40782e-05 0.000580637 0.00139259 0.000164411 6.73178e-05 0.00144142 0.00342368 0.000462122 0.00016378 0.00385717 0.00743764 0.00113611 0.00039135 0.0117385 0.0173593 0.00304162 0.0012625 0.0331746 0.0423506 0.0112238 0.00625536 0.0686488 0.0794608 0.041914 0.0295961 0.100675 0.104704 0.0945601 0.0790118 0.120333 0.113577 0.137529 0.12892 0.132346 0.11505 0.162619 0.168064 0.140885 0.113923 0.173548 0.196423 0.148958 0.112226 0.172748 0.213917 0.161771 0.112173 0.161862 0.221169 0.174499 0.11353 0.149274 0.216131 0.175659 0.115703 0.142219 0.199075 0.162717 0.115902 0.133945 0.169475 0.132875 0.111284 0.120761 0.127781 0.0830234 0.0962104 0.0981 0.0748321 0.0286157 0.0632126 0.0607854 0.0240159 0.00580526 0.0265813 0.023696 0.00382698 0.00170479 0.00929526 0.00653306 0.000666152 0.000984343 0.0049378 0.00211945 0.000259175 0.000666197 0.00365505 0.00113038 0.000176206 0.000360493 0.00237373 0.000752012 0.000114217 0.000145776 0.00114739 0.000425184 5.69775e-05 4.58915e-05 0.000420319 0.000187752 2.22374e-05 1.2691e-05 0.000126073 6.99781e-05 7.39502e-06 3.74411e-06 3.63913e-05 2.44399e-05 2.39049e-06 1.50134e-06 1.18373e-05 8.52087e-06 8.28384e-07 9.46887e-07 5.46057e-06 3.11193e-06 3.4767e-07 7.81448e-07 3.94086e-06 1.40762e-06 2.0529e-07 6.54442e-07 3.45699e-06 9.29105e-07 1.59587e-07 4.77888e-07 2.93205e-06 7.75027e-07 1.30607e-07 2.75931e-07 2.12411e-06 6.48398e-07 9.51512e-08 1.27295e-07 1.19694e-06 4.72074e-07 5.57171e-08 5.00255e-08 5.40517e-07 2.72673e-07 2.62249e-08 2.11419e-08 2.11385e-07 1.26293e-07 1.04469e-08 4.40099e-09 0 9.15879e-08 4.98346e-08 2.11661e-07 3.60042e-07 0 2.11739e-08 5.41982e-07 7.85896e-07 9.22331e-08 5.01825e-08 1.20727e-06 2.01278e-06 2.1512e-07 1.28562e-07 2.17402e-06 4.64814e-06 5.60744e-07 2.83296e-07 3.07525e-06 8.70498e-06 1.27145e-06 5.03537e-07 3.70344e-06 1.23699e-05 2.29127e-06 7.05008e-07 4.27236e-06 1.47109e-05 3.19113e-06 8.51483e-07 5.94039e-06 1.63483e-05 3.79763e-06 1.03134e-06 1.28516e-05 2.11647e-05 4.48103e-06 1.62299e-06 4.04288e-05 4.69234e-05 7.09892e-06 4.11888e-06 0.000158848 0.000187566 2.13788e-05 1.56806e-05 0.000681093 0.000942022 0.000103712 7.15423e-05 0.00254648 0.00393261 0.000523424 0.00030226 0.00737138 0.0110098 0.00210576 0.00100819 0.0171626 0.0229017 0.00628041 0.00270002 0.0354424 0.0402431 0.0146966 0.00649739 0.065432 0.0698962 0.0331387 0.0184507 0.0968099 0.112431 0.0770107 0.0558468 0.113046 0.134229 0.129972 0.109113 0.12156 0.130069 0.164993 0.154161 0.126793 0.12082 0.182773 0.188782 0.130417 0.112693 0.187371 0.213349 0.134394 0.106658 0.184432 0.231708 0.141247 0.102975 0.175487 0.244936 0.157185 0.103387 0.158384 0.253314 0.177161 0.104504 0.141224 0.248037 0.186986 0.10842 0.135541 0.23464 0.187444 0.113345 0.132094 0.213858 0.175094 0.117853 0.127465 0.184764 0.143209 0.117905 0.118001 0.142381 0.0921003 0.106891 0.0978255 0.0846505 0.0419854 0.0773853 0.066343 0.0306672 0.0184113 0.0441544 0.0370963 0.00835995 0.0123906 0.030306 0.0210757 0.00402025 0.00894717 0.0245208 0.0142162 0.00294257 0.00484582 0.0172167 0.00985605 0.00184322 0.00182561 0.00921285 0.00539876 0.000830832 0.000483532 0.00350609 0.00213262 0.000272863 9.94159e-05 0.00087884 0.000617357 6.77604e-05 2.09708e-05 0.000181002 0.000151015 1.52646e-05 7.05471e-06 4.62191e-05 3.94396e-05 4.0694e-06 4.47489e-06 2.10711e-05 1.27023e-05 1.6156e-06 3.79667e-06 1.63342e-05 5.91545e-06 1.03006e-06 3.19098e-06 1.47087e-05 4.26815e-06 8.51255e-07 2.29125e-06 1.23696e-05 3.70275e-06 7.04967e-07 1.27145e-06 8.70493e-06 3.07513e-06 5.0353e-07 5.60743e-07 4.64813e-06 2.174e-06 2.83294e-07 2.1512e-07 2.01278e-06 1.20727e-06 1.28561e-07 9.22331e-08 7.85895e-07 5.41982e-07 5.01825e-08 2.11739e-08 0 3.60042e-07 2.11661e-07 7.89328e-07 1.30901e-06 0 9.27167e-08 2.02761e-06 2.56109e-06 3.69334e-07 2.17016e-07 4.76319e-06 6.34518e-06 8.36311e-07 5.77225e-07 9.35003e-06 1.57545e-05 2.28943e-06 1.38126e-06 1.44433e-05 3.30296e-05 5.72076e-06 2.71902e-06 1.83802e-05 5.01784e-05 1.11692e-05 4.06472e-06 2.1156e-05 6.18289e-05 1.61977e-05 5.00928e-06 2.73183e-05 6.83733e-05 1.95115e-05 5.85305e-06 5.66905e-05 8.29505e-05 2.28518e-05 8.6205e-06 0.000208549 0.000183713 3.76338e-05 2.38206e-05 0.00111306 0.000919077 0.00013872 0.000122683 0.00552505 0.0051479 0.000855152 0.000737493 0.0184202 0.017486 0.00487262 0.00356909 0.0415572 0.0370771 0.0177563 0.0117069 0.0732192 0.0614222 0.040472 0.0278918 0.111278 0.0892231 0.0698427 0.0549575 0.146917 0.126528 0.111778 0.106947 0.155555 0.16422 0.171257 0.1755 0.136155 0.168047 0.207755 0.196859 0.122558 0.14178 0.212331 0.202588 0.118267 0.118771 0.20411 0.215173 0.116932 0.103982 0.190574 0.223575 0.118314 0.0947847 0.177062 0.232695 0.125057 0.0907022 0.164208 0.246306 0.142907 0.0940249 0.144965 0.262226 0.166655 0.0930418 0.12463 0.25194 0.180514 0.0969174 0.119451 0.237179 0.190814 0.10438 0.11849 0.223745 0.193943 0.11479 0.118837 0.208327 0.183597 0.126367 0.118205 0.181645 0.156139 0.138112 0.114363 0.142963 0.116005 0.132012 0.112029 0.104017 0.0762958 0.100027 0.102547 0.0590313 0.0605916 0.0777813 0.0844047 0.0381373 0.0499707 0.066057 0.0679383 0.0302609 0.0331465 0.0508371 0.0521585 0.0201146 0.0155439 0.0324572 0.0332734 0.00964219 0.0044642 0.0158842 0.0158139 0.0031764 0.000811905 0.00480231 0.00497911 0.000689093 0.000135134 0.000880533 0.00104332 0.000118209 3.73127e-05 0.000180385 0.000201675 2.3423e-05 2.28129e-05 8.25822e-05 5.58652e-05 8.57393e-06 1.95059e-05 6.83222e-05 2.71958e-05 5.84604e-06 1.61969e-05 6.18216e-05 2.11371e-05 5.00816e-06 1.11691e-05 5.01774e-05 1.83775e-05 4.06454e-06 5.72074e-06 3.30295e-05 1.44429e-05 2.71899e-06 2.28942e-06 1.57545e-05 9.34998e-06 1.38126e-06 8.36311e-07 6.34518e-06 4.76318e-06 5.77224e-07 3.69334e-07 2.56109e-06 2.02761e-06 2.17016e-07 9.27167e-08 0 1.30901e-06 7.89328e-07 2.59679e-06 2.60418e-06 4.61708e-06 0 3.75706e-07 1.41391e-06 8.50267e-07 6.42892e-06 1.95681e-07 3.05302e-06 2.41558e-06 1.64683e-05 2.90083e-06 3.06251e-06 8.91408e-06 6.8057e-06 3.83469e-05 9.24544e-06 9.72517e-06 2.63927e-05 1.63279e-05 7.11355e-05 2.35538e-05 2.96561e-05 5.82934e-05 2.72674e-05 0.00010057 4.33853e-05 6.58827e-05 9.00234e-05 3.51321e-05 0.000118949 6.13805e-05 0.00010277 0.000128099 0.000110774 4.01314e-05 0.000142612 7.55027e-05 0.000148486 0.000125566 5.34111e-05 0.000259875 0.000108726 0.000243181 0.000193946 0.000141884 0.00094783 0.000316753 0.00096324 0.000718409 0.000836968 0.00513791 0.00187473 0.00590778 0.00450307 0.00539284 0.0201319 0.00928001 0.0210466 0.021465 0.047653 0.0212377 0.0248939 0.0510873 0.0495388 0.0804389 0.0316423 0.0557723 0.0844961 0.0876731 0.116378 0.0431119 0.0891786 0.116139 0.13192 0.151968 0.0573481 0.121243 0.148978 0.188651 0.179392 0.0769343 0.155538 0.195588 0.251045 0.176825 0.0913093 0.20396 0.236278 0.246384 0.139806 0.0808187 0.245868 0.230724 0.216205 0.111781 0.0540123 0.244173 0.208496 0.213222 0.102851 0.0373619 0.221179 0.182957 0.210896 0.0993828 0.0290647 0.192874 0.162115 0.21383 0.100204 0.0252737 0.17041 0.147841 0.234047 0.109469 0.0256756 0.15599 0.131302 0.269176 0.128114 0.138338 0.0310209 0.139943 0.108575 0.245249 0.152657 0.161949 0.0267079 0.102144 0.221433 0.167554 0.176388 0.0267523 0.101483 0.211854 0.183683 0.193164 0.0301499 0.103697 0.204912 0.196129 0.207017 0.0368496 0.106702 0.188205 0.200824 0.212316 0.04731 0.114585 0.172938 0.189707 0.200425 0.0690152 0.140084 0.172945 0.155498 0.165913 0.0865344 0.150382 0.136607 0.118254 0.127654 0.0730764 0.136842 0.110981 0.106478 0.113356 0.0532363 0.117287 0.0970252 0.0963617 0.101676 0.0430194 0.0966956 0.0728603 0.0749698 0.0794368 0.0349576 0.0705215 0.0436111 0.0469036 0.0511284 0.0269596 0.0430388 0.0195328 0.0196877 0.0231278 0.0188046 0.0185637 0.00503204 0.00428726 0.00556911 0.00842835 0.00483359 0.000802015 0.000699491 0.00093072 0.00175117 0.000913339 0.000139043 0.000192244 0.000240323 0.000305674 0.000255782 5.31004e-05 0.000125361 0.000148151 0.000107514 0.00014202 4.00867e-05 0.000110746 0.000128053 7.53322e-05 0.000118863 3.51255e-05 9.00197e-05 0.000102764 6.1356e-05 0.000100559 2.72665e-05 5.8293e-05 6.5882e-05 4.33822e-05 7.11341e-05 1.63278e-05 2.63926e-05 2.96561e-05 2.35535e-05 3.83468e-05 6.80569e-06 8.91407e-06 9.72516e-06 9.2454e-06 1.64683e-05 2.41558e-06 3.05302e-06 3.06251e-06 2.90082e-06 6.42892e-06 8.50267e-07 1.41391e-06 1.95681e-07 3.75706e-07 0 4.61708e-06 2.60418e-06 2.59679e-06 6.94359e-06 1.16165e-05 1.27025e-05 0 1.49912e-06 5.49376e-06 3.07625e-06 1.80942e-05 1.0748e-05 9.45364e-06 9.96935e-06 5.69928e-05 4.02694e-05 1.62489e-05 3.51053e-05 3.63208e-05 0.000181432 0.000164817 7.17836e-05 0.000142889 0.000113843 0.000459278 0.000578361 0.000306553 0.000375771 0.000212319 0.000754627 0.00123227 0.000828779 0.00149102 0.000649688 0.000289151 0.000949803 0.00180143 0.00197272 0.000861647 0.000332722 0.00107539 0.00204818 0.00213378 0.000959191 0.000402971 0.00154418 0.00219823 0.00264713 0.00120643 0.000874792 0.00399994 0.00384262 0.00730676 0.00334339 0.00448277 0.0150959 0.0142463 0.0278856 0.0149277 0.0213548 0.0414641 0.0420742 0.0655597 0.0471096 0.0539763 0.0734325 0.0662639 0.0885704 0.0936033 0.108341 0.0834475 0.099848 0.124319 0.144706 0.146742 0.106096 0.129574 0.156077 0.197796 0.185227 0.131861 0.157862 0.189263 0.255276 0.222897 0.165947 0.186657 0.238916 0.344585 0.228796 0.207092 0.228907 0.291046 0.341691 0.164691 0.198484 0.268056 0.268043 0.228614 0.103746 0.125844 0.261506 0.218915 0.197378 0.0874466 0.0848285 0.227994 0.179641 0.191375 0.0845596 0.0721982 0.194222 0.153646 0.193198 0.0876416 0.0690576 0.169937 0.136731 0.22878 0.104075 0.0765111 0.155396 0.125396 0.299224 0.121903 0.158687 0.0894112 0.141932 0.102211 0.252203 0.147235 0.174265 0.0922436 0.0921593 0.20697 0.164106 0.185112 0.0837201 0.0887911 0.195967 0.182774 0.200689 0.0842109 0.089969 0.190123 0.205129 0.218875 0.0916898 0.0970069 0.186596 0.23513 0.240165 0.114675 0.138562 0.237274 0.27052 0.266148 0.196923 0.218055 0.290712 0.217614 0.229776 0.235379 0.222839 0.215182 0.163387 0.176009 0.177379 0.186854 0.183727 0.14736 0.156231 0.132398 0.155058 0.164569 0.135168 0.142441 0.112052 0.128948 0.128628 0.11279 0.120147 0.0937522 0.0982608 0.0856967 0.0823872 0.093583 0.075347 0.0676504 0.0502171 0.0444943 0.0618144 0.0611437 0.0385792 0.0200127 0.0142551 0.0264863 0.0394124 0.014214 0.00425739 0.00325462 0.00706647 0.0135011 0.00383706 0.000851621 0.00119637 0.00261821 0.00373128 0.00151697 0.000400029 0.000957844 0.00212957 0.00218176 0.00107101 0.000332283 0.000861458 0.00197203 0.00204541 0.000949141 0.000289088 0.000649663 0.00149091 0.00180094 0.000754534 0.000212311 0.000375768 0.000828762 0.00123218 0.000459267 0.000113842 0.000142889 0.000306552 0.000578349 0.000181431 3.63207e-05 3.51052e-05 7.17835e-05 0.000164816 5.69927e-05 9.96934e-06 9.45364e-06 1.62489e-05 4.02693e-05 1.80942e-05 3.07625e-06 5.49376e-06 1.0748e-05 1.49912e-06 0 1.27025e-05 1.16165e-05 6.94359e-06 0 6.29155e-06 3.07631e-05 2.24757e-05 1.82732e-05 1.72415e-05 0.000117162 9.92886e-05 3.2633e-05 6.81193e-05 8.55203e-05 0.000634958 0.000650382 0.000186625 0.000475633 0.000477994 0.00313052 0.00411753 0.00146186 0.00272746 0.00195218 0.00993852 0.0142378 0.00795053 0.0191805 0.00819391 0.00430495 0.0171596 0.0262804 0.0298456 0.015241 0.00638044 0.0209313 0.0336315 0.0345934 0.0199815 0.00719623 0.0209641 0.0342405 0.0324807 0.0202717 0.0072602 0.0216454 0.030183 0.0287229 0.0188588 0.0102719 0.0278951 0.0329148 0.0430975 0.0280163 0.0265238 0.0474015 0.0534205 0.0826003 0.0587637 0.0646296 0.0788949 0.0899687 0.12428 0.108009 0.10695 0.102535 0.10837 0.143401 0.149461 0.147886 0.133555 0.115014 0.157489 0.170675 0.21974 0.171473 0.137009 0.175887 0.196043 0.29449 0.204957 0.156015 0.191327 0.221939 0.355281 0.243081 0.17703 0.260551 0.437682 0.270273 0.219477 0.217198 0.300195 0.584359 0.204353 0.23754 0.254195 0.322055 0.264103 0.111327 0.171018 0.262322 0.234167 0.17994 0.0791713 0.111992 0.219921 0.183213 0.174047 0.0756926 0.107362 0.193675 0.157064 0.180768 0.0823897 0.112847 0.179385 0.126295 0.242513 0.0983443 0.130307 0.161336 0.107651 0.313679 0.119587 0.144708 0.151648 0.104288 0.353678 0.171347 0.179447 0.149582 0.149282 0.105815 0.20661 0.181979 0.20298 0.14788 0.0863253 0.186928 0.196653 0.212901 0.139933 0.0866696 0.180389 0.233797 0.227609 0.135603 0.110217 0.220982 0.30193 0.273205 0.177092 0.211005 0.464647 0.418097 0.32107 0.292422 0.309299 0.615467 0.253765 0.246173 0.295159 0.290182 0.324811 0.200336 0.189619 0.205225 0.223001 0.295386 0.188786 0.17727 0.16167 0.185276 0.263836 0.177591 0.167996 0.146427 0.158752 0.203357 0.15843 0.151203 0.129851 0.125267 0.138637 0.140554 0.136778 0.109081 0.0961014 0.100499 0.10203 0.118335 0.102801 0.073958 0.0608091 0.0560259 0.0790475 0.0855862 0.0447404 0.0251312 0.0272846 0.0419756 0.0511988 0.0268921 0.00999033 0.0187455 0.0285148 0.0322699 0.0213593 0.00721207 0.0202559 0.0324439 0.0300452 0.0209009 0.00718735 0.0199764 0.0345814 0.0342033 0.0209162 0.00637878 0.0152395 0.0298413 0.0336197 0.0171558 0.00430466 0.00819359 0.0191793 0.0262767 0.00993768 0.00195214 0.00272742 0.00795029 0.0142369 0.00313041 0.00047799 0.00047563 0.00146184 0.0041174 0.000634948 8.55201e-05 6.81191e-05 0.000186624 0.000650373 0.000117162 1.72415e-05 1.82732e-05 3.26329e-05 9.92882e-05 3.07631e-05 6.29155e-06 0 2.24757e-05 0 4.06511e-05 0.00026643 0.000168399 0.000158753 0.000250176 0.00202065 0.00126221 0.000350214 0.00153618 0.00244422 0.0131459 0.0105911 0.00354577 0.0139199 0.0166444 0.042038 0.0407518 0.0253448 0.0661695 0.0516197 0.0472934 0.0862321 0.0779709 0.0924094 0.0845903 0.0830878 0.112325 0.105089 0.109717 0.10856 0.10021 0.115873 0.112883 0.112666 0.115903 0.0981618 0.10906 0.107202 0.0986565 0.104606 0.0785831 0.109878 0.0904283 0.0774934 0.0826696 0.0762435 0.101057 0.0914206 0.0943253 0.0949631 0.0918439 0.0974819 0.0969984 0.120114 0.134364 0.118379 0.0993395 0.105677 0.136985 0.15878 0.151769 0.0988232 0.1031 0.151174 0.175639 0.194916 0.121775 0.0991458 0.13965 0.147282 0.298958 0.145144 0.112105 0.146384 0.149472 0.361049 0.156011 0.118615 0.149481 0.156667 0.374992 0.174265 0.121357 0.150616 0.161011 0.351683 0.230348 0.136292 0.170604 0.174141 0.505179 0.183473 0.17382 0.197275 0.246385 0.260349 0.11342 0.153711 0.181791 0.199021 0.166485 0.0802957 0.113365 0.167044 0.163973 0.164739 0.082073 0.106665 0.175845 0.174434 0.222253 0.0983713 0.109014 0.133308 0.10629 0.364119 0.110978 0.114539 0.134135 0.101619 0.457483 0.117557 0.11573 0.139222 0.116236 0.486303 0.122724 0.135947 0.105912 0.116764 0.244961 0.191415 0.187348 0.118335 0.0892901 0.18662 0.182094 0.180771 0.120289 0.0890963 0.181226 0.21855 0.196895 0.12465 0.120815 0.242988 0.282014 0.231825 0.16449 0.212616 0.465502 0.284137 0.230135 0.22989 0.26896 0.481636 0.160979 0.162444 0.19933 0.247376 0.314145 0.147965 0.14065 0.129606 0.169218 0.356255 0.151981 0.14727 0.118791 0.151292 0.349067 0.14629 0.145053 0.117437 0.142034 0.29091 0.144113 0.138211 0.110882 0.119482 0.18988 0.171373 0.148476 0.0978536 0.0962131 0.146633 0.153577 0.133404 0.100777 0.0956187 0.113615 0.129868 0.116568 0.10257 0.0937535 0.0882859 0.0930263 0.0924009 0.0942107 0.0989706 0.0750204 0.0824195 0.0771408 0.0902496 0.109192 0.0783164 0.104561 0.0985816 0.0901329 0.108893 0.0980643 0.115841 0.112623 0.107091 0.11579 0.100174 0.108534 0.109698 0.112837 0.112292 0.0830757 0.0845809 0.0924018 0.10507 0.0862203 0.0472904 0.0516169 0.0661657 0.0779641 0.0420341 0.0166438 0.0139195 0.0253438 0.0407491 0.0131452 0.00244418 0.00153616 0.0035457 0.0105907 0.00202059 0.000250174 0.000158752 0.000350211 0.00126218 0.000266428 4.0651e-05 0 0.000168398 0.0424583 0.0516715 0.064439 0.0740544 0 0.0644337 0.0516687 0.0424563 0 0.0740468 0.00718958 0.0112735 0.0253329 0.0326 0 0.0253315 0.0112732 0.00718942 0 0.0325976 0.0954693 0.092083 0.113487 0.112773 0 0.113475 0.0920753 0.0954621 0 0.112754 0.111601 0.129877 0.140777 0.12661 0 0.140745 0.129855 0.111584 0 0.126561 0.124849 0.143523 0.14302 0.123007 0 0.142942 0.143462 0.124805 0 0.122906 0.124686 0.136504 0.129559 0.113952 0 0.129345 0.136379 0.124616 0 0.113689 0.102992 0.104675 0.117542 0.114286 0 0.116802 0.104448 0.102939 0 0.11332 0.000692105 0.00106484 0.00393014 0.00740281 0 0.00393003 0.00106483 0.000692099 0 0.0074025 0.0834558 0.102531 0.113585 0.102873 0 0.111058 0.101129 0.0828866 0 0.100421 0.122241 0.136849 0.116467 0.104272 0 0.112403 0.132896 0.119518 0 0.101232 0.175052 0.157247 0.120295 0.116251 0 0.116415 0.15234 0.170266 0 0.113677 0.214221 0.150717 0.118247 0.127362 0 0.115297 0.146347 0.208796 0 0.125475 0.230728 0.118649 0.163799 0.148193 0 0.161151 0.115836 0.226391 0 0.146436 0.18641 0.135056 0.215479 0.169614 0 0.211281 0.132088 0.183449 0 0.167563 0.177315 0.154037 0.232465 0.18002 0 0.225485 0.150128 0.175114 0 0.177776 0.170279 0.158079 0.240441 0.20749 0 0.227777 0.149545 0.167558 0 0.208575 0.162152 0.174233 0.295039 0.231544 0 0.291835 0.148339 0.147538 0 0.259385 0.190524 0.315235 0.222642 0.204576 0 0.310047 0.298848 0.171601 0 0.24993 0.31584 0.22302 0.125397 0.158047 0 0.218199 0.4079 0.288046 0 0.214491 0.350313 0.111989 0.0911729 0.132937 0 0.133635 0.232262 0.42455 0 0.166276 0.352783 0.0715737 0.088217 0.128716 0 0.102287 0.121585 0.449687 0 0.146736 0.325025 0.0615237 0.148861 0.140757 0 0.0973709 0.0834099 0.443242 0 0.140847 0.20077 0.0721383 0.243265 0.162877 0 0.165437 0.0701813 0.400464 0 0.146742 0.178616 0.0865771 0.301413 0.164742 0 0.200867 0.112748 0.294379 0 0.0159552 0.0117107 0.0191392 0.0371999 0.0414306 0.0191376 0.0117102 0.0159547 0.0414271 0.0371947 0.0341495 0.0242067 0.0309541 0.0513015 0.0643436 0.0309476 0.0242043 0.0341469 0.0643331 0.051284 0.00319287 0.00298083 0.00648356 0.0153242 0.0171942 0.0064833 0.00298077 0.00319281 0.0171933 0.0153231 0.0485428 0.0332039 0.0358267 0.0539935 0.074995 0.0358028 0.0331955 0.0485343 0.0749684 0.0539437 0.0531661 0.0347842 0.0343263 0.0502457 0.0731834 0.0342309 0.0347593 0.0531527 0.0731264 0.0500516 0.0471305 0.0296926 0.0328651 0.0503872 0.0608104 0.0324587 0.0296019 0.0470947 0.0606714 0.0496462 0.04176 0.0319268 0.0409719 0.0592551 0.0630196 0.0394881 0.0313012 0.0413944 0.0621765 0.0570337 0.15425 0.0648125 0.527705 0.124259 0.214121 0.0487863 0.341588 0.173558 0.114728 0.0667711 0.0563289 0.0673454 0.0839111 0.0918557 0.0634535 0.053703 0.064581 0.0890082 0.079434 0.295622 0.0399514 0.215262 0.154515 0.103033 0.15031 0.0508646 0.544368 0.0980257 0.151365 0.32939 0.0424614 0.141271 0.137024 0.0952006 0.123636 0.0623345 0.533297 0.105727 0.146124 0.124967 0.100722 0.100576 0.114793 0.120068 0.0943428 0.0951519 0.118846 0.115888 0.10859 0.343309 0.0572201 0.107372 0.123167 0.100073 0.120059 0.0962103 0.524765 0.134517 0.149441 0.188578 0.128398 0.122844 0.139875 0.125051 0.115692 0.120783 0.17803 0.121235 0.132788 0.372896 0.0949967 0.103893 0.124077 0.12613 0.129425 0.204363 0.538214 0.197528 0.167502 0.224312 0.130391 0.176604 0.174511 0.116076 0.167596 0.121968 0.210304 0.113355 0.165991 0.422076 0.215426 0.133352 0.150515 0.190073 0.217391 0.471593 0.511673 0.280697 0.236497 0.24694 0.147509 0.256025 0.208675 0.131213 0.240083 0.13791 0.229417 0.128596 0.197334 0.393408 0.405518 0.292536 0.22453 0.228016 0.464608 0.465989 0.282029 0.25447 0.321915 0.247134 0.176312 0.321672 0.235396 0.144201 0.293225 0.161978 0.226652 0.140514 0.221507 0.250683 0.28788 0.440361 0.28329 0.177211 0.396263 0.227962 0.202452 0.160056 0.317424 0.327683 0.178579 0.206873 0.142512 0.26975 0.236766 0.210113 0.376946 0.268978 0.152148 0.00038625 0.000430406 0.00126835 0.00375162 0.0031086 0.00126833 0.000430403 0.000386248 0.00310852 0.00375149 5.23572e-05 5.73521e-05 0.000182529 0.000558361 0.00034364 0.000182528 5.7352e-05 5.2357e-05 0.000343637 0.000558353 0.000116035 0.000404634 0.000944406 0 0 0.000404629 0.000116034 0 0 0.000944389 0.173774 0.030541 0.261481 0.111939 0.137713 0.202884 0.0387655 0.183974 0.0952514 0.138021 0.0354296 0.264935 0.0975928 0.136718 0.216969 0.0302198 0.141652 0.144468 0.082942 0.22152 0.0341633 0.114861 0.122746 0.0831045 0.120234 0.0455956 0.279593 0.107654 0.124936 0.245235 0.0451097 0.106125 0.111781 0.0964818 0.118748 0.0658279 0.305032 0.135559 0.123946 0.292813 0.0692869 0.111116 0.11293 0.12909 0.128943 0.11229 0.342439 0.199269 0.133699 0.358228 0.132714 0.140455 0.133762 0.207345 0.188772 0.243681 0.386947 0.301269 0.183678 0.463896 0.248409 0.25883 0.204139 0.278975 0.334269 0.308844 0.318265 0.303089 0.272722 0.308444 0.188441 0.202175 0.210215 0.280571 0.326152 0.25777 0.375862 0.28278 0.251444 0.248834 0.179237 0.328717 0.276804 0.199257 0.250687 0.130394 0.183938 0.166935 0.237782 0.00114058 0.000671258 0.00100291 0.00236696 0.00594371 0.00100276 0.000671231 0.00114055 0.00594315 0.00236633 0.00209034 0.00102199 0.00129711 0.00295642 0.00871589 0.00129608 0.00102179 0.00209012 0.00871361 0.00295256 0.206123 0.108429 0.181057 0.150115 0.199533 0.215789 0.132283 0.251999 0.237083 0.166324 0.00148045 0.00121931 0.00276858 0.00964253 0.00325916 0.00276987 0.00122059 0.00148721 0.00328207 0.00965155 0.0030092 0.00137367 0.00217007 0.00484293 0.00930705 0.00212808 0.00136522 0.00300104 0.00926425 0.00471664 0.179358 0.104194 0.187223 0.193854 0.138299 0.163787 0.0903141 0.158408 0.128192 0.169295 0.00554688 0.00246828 0.0038926 0.0120785 0.0110355 0.00395066 0.00253625 0.00581342 0.0116434 0.0123427 0.011059 0.0104453 0.0208933 0.0330866 0.0299149 0.0195009 0.00987588 0.0106024 0.0285263 0.0307303 0.000583952 0.000311011 0.000411607 0.00270135 0.00137416 0.000411611 0.000311015 0.000583969 0.00137425 0.00270145 0.136022 0.0820421 0.129985 0.147721 0.113283 0.117821 0.0731981 0.123803 0.105753 0.132446 0.0396288 0.0354404 0.0514725 0.0687679 0.0664961 0.0474437 0.0329987 0.0371784 0.0626642 0.0630848 0.0793485 0.0572682 0.0832278 0.0917889 0.0963185 0.0897438 0.0625691 0.0864865 0.106009 0.0978252 9.4915e-05 9.00324e-05 0.000222334 0.000497935 0.000701259 0.000222333 9.00321e-05 9.49147e-05 0.000701248 0.000497925 1.98298e-05 2.18308e-05 6.52834e-05 0.000137436 0.000134171 6.52833e-05 2.18308e-05 1.98298e-05 0.000134171 0.000137435 5.93909e-06 6.13929e-06 1.90946e-05 3.73209e-05 2.91749e-05 1.90946e-05 6.13929e-06 5.93909e-06 2.91748e-05 3.73208e-05 9.15824e-05 5.80969e-05 0 1.247e-05 3.40474e-05 3.40473e-05 1.247e-05 0 5.80967e-05 9.1582e-05 0.154444 0.0127725 0.150133 0.0944067 0.123437 0.0120408 0.176109 0.0894829 0.125023 0.169221 0.0121078 0.122569 0.126189 0.0837494 0.113877 0.0144908 0.189302 0.091551 0.114975 0.180568 0.0146486 0.110159 0.112195 0.0864615 0.1118 0.0188449 0.206451 0.10106 0.112021 0.202684 0.0194423 0.108634 0.108601 0.0983165 0.114343 0.025765 0.224126 0.119749 0.113867 0.236204 0.0275135 0.113693 0.111777 0.122974 0.118761 0.03719 0.237575 0.153528 0.118908 0.273185 0.0433126 0.127448 0.124173 0.173854 0.130124 0.0611029 0.232967 0.21014 0.133691 0.303872 0.0703982 0.169399 0.164632 0.235577 0.163987 0.0814384 0.196743 0.222945 0.171542 0.25674 0.0848326 0.218728 0.219242 0.233455 0.170777 0.0658592 0.13871 0.168582 0.181185 0.181873 0.0689584 0.210596 0.219084 0.17978 0.151369 0.0453641 0.120443 0.130782 0.158006 0.127582 0.0359372 0.109503 0.112163 0.13355 0.137051 0.0489292 0.169017 0.179504 0.136175 0.0996045 0.0359942 0.124959 0.135563 0.104174 0.103047 0.0290911 0.0862705 0.0913487 0.109844 0.000104221 4.59886e-05 0.000120381 0.000141645 0.000376226 0.000144216 5.5706e-05 0.000130225 0.000435058 0.000177177 0.000120291 4.59763e-05 0.000104214 0.000376169 0.000141471 0.000130277 5.5794e-05 0.00014483 0.000178357 0.00043544 0.000261655 7.6726e-05 0.00015178 0.000496653 0.000342315 0.000152169 7.73722e-05 0.000265965 0.000350362 0.000499311 0.0615244 0.025929 0.0842055 0.0936237 0.0749922 0.0736046 0.0222005 0.0554741 0.0676671 0.0804408 0.000943015 0.000208345 0.000250032 0.00095333 0.00125507 0.000253304 0.000214475 0.000979935 0.00131926 0.000976312 0.00100532 0.00125548 0.00526885 0.00673179 0.00451618 0.00494972 0.00118432 0.000969476 0.00429338 0.00624414 0.0441454 0.0147484 0.0248038 0.0438353 0.0498359 0.0269132 0.0165149 0.0489429 0.0561237 0.0476587 0.0188628 0.00608481 0.00583049 0.0184996 0.022319 0.00620718 0.00663322 0.0204845 0.0245672 0.0198189 0.000101547 3.27315e-05 6.6685e-05 0.000272374 0.000116931 6.66858e-05 3.27329e-05 0.000101559 0.000116955 0.000272382 2.99808e-05 1.78426e-05 7.16832e-05 8.11264e-05 0.000151511 7.16817e-05 1.78425e-05 2.99807e-05 0.00015151 8.11236e-05 9.80992e-06 7.05483e-06 3.85442e-05 4.29466e-05 5.59593e-05 3.85441e-05 7.05481e-06 9.80991e-06 5.59593e-05 4.29463e-05 3.07377e-06 2.32056e-06 1.65019e-05 1.82246e-05 1.80675e-05 1.65019e-05 2.32055e-06 3.07377e-06 1.80675e-05 1.82246e-05 1.41392e-06 1.87765e-07 6.42894e-06 6.93288e-06 6.65291e-06 6.42894e-06 1.87765e-07 1.41392e-06 6.65291e-06 6.93288e-06 
</DataArray>
<DataArray type="Float64" Name="wall variable 1" format="ascii">
0 0.200011 0.200011 0 0.200011 0.200011 0.200011 0 0.200011 0.200011 0.200011 0 0.200011 0.200011 0.200011 0 0.200011 0.200011 0.200011 0 0.200011 0.200011 0.200011 0 0.200011 0.200011 0.200011 0 0.200011 0.200011 0.200011 0 0.200011 0.200011 0.200011 0 0.200011 0.200011 0.200011 0 0.200011 0.200011 0.200011 0 0.200011 0.200011 0.200011 0 0.200011 0.200011 0.200011 0 0.200011 0.200011 0.200011 0 0.200011 0.200011 0.200011 0 0.200011 0.200011 0.200011 0 0.200011 0.200011 0.200011 0 0.200011 0.200011 0.200011 0 0.200011 0.200011 0.200011 0 0.200011 0.200013 0.200011 0 0.200011 0.200025 0.200011 0 0.200011 0.20006 0.200011 0 0.200011 0.200125 0.200011 0 0.200011 0.200194 0.200011 0 0.200011 0.200226 0.200011 0 0.200011 0.2002 0.200011 0 0.200011 0.20013 0.200011 0 0.200011 0.200062 0.200011 0 0.200011 0.200025 0.200011 0 0.200011 0.200013 0.200011 0 0.200011 0.200011 0.200011 0 0.200011 0.200011 0.200011 0 0.200011 0.200011 0.200011 0 0.200011 0.200011 0.200011 0 0.200011 0.200011 0.200011 0 0.200011 0.200011 0.200011 0 0.200011 0.200011 0.200011 0 0.200011 0.200011 0.200011 0 0.200011 0.200011 0.200011 0 0.200011 0.200011 0.200011 0 0.200011 0.200011 0.200011 0 0.200011 0.200011 0.200011 0 0.200011 0.200011 0.200011 0 0.200011 0.200011 0.200011 0 0.200011 0.200011 0.200011 0 0.200011 0.200011 0.200011 0 0.200011 0.200011 0.200011 0 0.200011 0.200011 0.200011 0 0.200011 0.200011 0.200011 0 0 0.200011 0.200011 0 0.200011 0.200011 0.200011 0 0.200011 0.200011 0.200011 0.200011 0.200011 0.200011 0.200011 0.200011 0.200011 0.200011 0.200011 0.200011 0.200011 0.200011 0.200011 0.200011 0.200011 0.200011 0.200011 0.200011 0.200011 0.200011 0.200011 0.200011 0.200011 0.200011 0.200011 0.200011 0.200011 0.200011 0.200011 0.200011 0.200011 0.200011 0.200011 0.200011 0.200011 0.200011 0.200011 0.200011 0.200011 0.200011 0.200011 0.200011 0.200011 0.200011 0.200011 0.200011 0.200011 0.200011 0.200011 0.200011 0.200011 0.200011 0.200011 0.200011 0.200011 0.200011 0.200011 0.200011 0.200011 0.200011 0.200011 0.200011 0.200011 0.200011 0.200011 0.200011 0.200011 0.200012 0.200019 0.200011 0.200013 0.200019 0.200066 0.200012 0.200025 0.200036 0.200205 0.200019 0.20006 0.200044 0.200378 0.200036 0.200125 0.20003 0.200551 0.200044 0.200194 0.200014 0.200673 0.20003 0.200226 0.200013 0.200723 0.200014 0.2002 0.200031 0.200691 0.200013 0.20013 0.200046 0.200572 0.200031 0.200062 0.200038 0.200385 0.200046 0.200025 0.20002 0.2002 0.200038 0.200013 0.200012 0.200059 0.20002 0.200011 0.200011 0.200016 0.200012 0.200011 0.200011 0.200011 0.200011 0.200011 0.200011 0.200011 0.200011 0.200011 0.200011 0.200011 0.200011 0.200011 0.200011 0.200011 0.200011 0.200011 0.200011 0.200011 0.200011 0.200011 0.200011 0.200011 0.200011 0.200011 0.200011 0.200011 0.200011 0.200011 0.200011 0.200011 0.200011 0.200011 0.200011 0.200011 0.200011 0.200011 0.200011 0.200011 0.200011 0.200011 0.200011 0.200011 0.200011 0.200011 0.200011 0.200011 0.200011 0.200011 0.200011 0.200011 0.200011 0.200011 0.200011 0.200011 0.200011 0.200011 0.200011 0.200011 0.200011 0.200011 0.200011 0.200011 0.200011 0.200011 0.200011 0.200011 0.200011 0.200011 0.200011 0.200011 0.200011 0.200011 0 0.200011 0.200011 0.200011 0.200011 0 0.200011 0.200011 0.200011 0.200011 0.200011 0.200011 0.200011 0.200011 0.200011 0.200011 0.200011 0.200011 0.200011 0.200011 0.200011 0.200011 0.200011 0.200011 0.200011 0.200011 0.200011 0.200011 0.200011 0.200011 0.200011 0.200011 0.200011 0.200011 0.200011 0.200011 0.200011 0.200011 0.200011 0.200011 0.200011 0.200011 0.200011 0.200011 0.200011 0.200011 0.200011 0.200011 0.200011 0.200011 0.200011 0.200011 0.200011 0.200011 0.200011 0.200011 0.200011 0.200011 0.200011 0.200011 0.200011 0.200011 0.200011 0.200011 0.200011 0.200011 0.200011 0.200011 0.200014 0.200011 0.200011 0.200017 0.200036 0.200011 0.200011 0.200052 0.200146 0.200017 0.200019 0.200117 0.200358 0.200052 0.200066 0.200145 0.200584 0.200117 0.200205 0.200122 0.20078 0.200145 0.200378 0.200066 0.200919 0.200122 0.200551 0.200019 0.201008 0.200066 0.200673 0.200018 0.201067 0.200019 0.200723 0.200069 0.201038 0.200018 0.200691 0.20013 0.200942 0.200069 0.200572 0.200154 0.20077 0.20013 0.200385 0.200122 0.200537 0.200154 0.2002 0.200051 0.200281 0.200122 0.200059 0.200015 0.200088 0.200051 0.200016 0.200011 0.20002 0.200015 0.200011 0.200011 0.200012 0.200011 0.200011 0.200011 0.200011 0.200011 0.200011 0.200011 0.200011 0.200011 0.200011 0.200011 0.200011 0.200011 0.200011 0.200011 0.200011 0.200011 0.200011 0.200011 0.200011 0.200011 0.200011 0.200011 0.200011 0.200011 0.200011 0.200011 0.200011 0.200011 0.200011 0.200011 0.200011 0.200011 0.200011 0.200011 0.200011 0.200011 0.200011 0.200011 0.200011 0.200011 0.200011 0.200011 0.200011 0.200011 0.200011 0.200011 0.200011 0.200011 0.200011 0.200011 0.200011 0.200011 0.200011 0.200011 0.200011 0.200011 0.200011 0.200011 0.200011 0.200011 0.200011 0.200011 0.200011 0.200011 0.200011 0.200011 0 0.200011 0.200011 0.200011 0.200011 0 0.200011 0.200011 0.200011 0.200011 0.200011 0.200011 0.200011 0.200011 0.200011 0.200011 0.200011 0.200011 0.200011 0.200011 0.200011 0.200011 0.200011 0.200011 0.200011 0.200011 0.200011 0.200011 0.200011 0.200011 0.200011 0.200011 0.200011 0.200011 0.200011 0.200011 0.200011 0.200011 0.200011 0.200011 0.200011 0.200011 0.200011 0.200011 0.200011 0.200011 0.200011 0.200011 0.200011 0.200011 0.200011 0.200011 0.200011 0.200011 0.200011 0.200011 0.200012 0.200011 0.200011 0.200011 0.200016 0.200011 0.200011 0.200012 0.200032 0.200011 0.200011 0.200028 0.200115 0.200012 0.200014 0.200107 0.200434 0.200028 0.200036 0.200238 0.200662 0.200107 0.200146 0.200289 0.200769 0.200238 0.200358 0.200239 0.200868 0.200289 0.200584 0.200168 0.200867 0.200239 0.20078 0.200091 0.200908 0.200168 0.200919 0.200025 0.201011 0.200091 0.201008 0.200021 0.201154 0.200025 0.201067 0.200092 0.201077 0.200021 0.201038 0.200184 0.200955 0.200092 0.200942 0.200262 0.200842 0.200184 0.20077 0.200294 0.200741 0.200262 0.200537 0.200217 0.200539 0.200294 0.200281 0.200078 0.200285 0.200217 0.200088 0.200018 0.200126 0.200078 0.20002 0.200011 0.200038 0.200018 0.200012 0.200011 0.200021 0.200011 0.200011 0.200011 0.200016 0.200011 0.200011 0.200011 0.200013 0.200011 0.200011 0.200011 0.200011 0.200011 0.200011 0.200011 0.200011 0.200011 0.200011 0.200011 0.200011 0.200011 0.200011 0.200011 0.200011 0.200011 0.200011 0.200011 0.200011 0.200011 0.200011 0.200011 0.200011 0.200011 0.200011 0.200011 0.200011 0.200011 0.200011 0.200011 0.200011 0.200011 0.200011 0.200011 0.200011 0.200011 0.200011 0.200011 0.200011 0.200011 0.200011 0.200011 0.200011 0.200011 0.200011 0.200011 0.200011 0.200011 0.200011 0.200011 0.200011 0.200011 0.200011 0.200011 0 0.200011 0.200011 0.200011 0.200011 0 0.200011 0.200011 0.200011 0.200011 0.200011 0.200011 0.200011 0.200011 0.200011 0.200011 0.200011 0.200011 0.200011 0.200011 0.200011 0.200011 0.200011 0.200011 0.200011 0.200011 0.200011 0.200011 0.200011 0.200011 0.200011 0.200011 0.200011 0.200011 0.200011 0.200011 0.200011 0.200011 0.200011 0.200011 0.200011 0.200011 0.200011 0.200011 0.200011 0.200011 0.200011 0.200011 0.200011 0.200011 0.200011 0.200011 0.200014 0.200011 0.200011 0.200013 0.200028 0.200011 0.200012 0.20002 0.200083 0.200013 0.200016 0.200061 0.200257 0.20002 0.200032 0.200222 0.200855 0.200061 0.200115 0.200384 0.201979 0.200222 0.200434 0.200453 0.201566 0.200384 0.200662 0.200344 0.201131 0.200453 0.200769 0.200226 0.20094 0.200344 0.200868 0.200158 0.200754 0.200226 0.200867 0.2001 0.200745 0.200158 0.200908 0.200032 0.200937 0.2001 0.201011 0.200022 0.201281 0.200032 0.201154 0.200099 0.201072 0.200022 0.201077 0.200183 0.200844 0.200099 0.200955 0.20027 0.200754 0.200183 0.200842 0.20037 0.200772 0.20027 0.200741 0.200406 0.200711 0.20037 0.200539 0.200239 0.200516 0.200406 0.200285 0.200079 0.200553 0.200239 0.200126 0.200019 0.200315 0.200079 0.200038 0.200012 0.20015 0.200019 0.200021 0.200012 0.200091 0.200012 0.200016 0.200011 0.200048 0.200012 0.200013 0.200011 0.200022 0.200011 0.200011 0.200011 0.200013 0.200011 0.200011 0.200011 0.200011 0.200011 0.200011 0.200011 0.200011 0.200011 0.200011 0.200011 0.200011 0.200011 0.200011 0.200011 0.200011 0.200011 0.200011 0.200011 0.200011 0.200011 0.200011 0.200011 0.200011 0.200011 0.200011 0.200011 0.200011 0.200011 0.200011 0.200011 0.200011 0.200011 0.200011 0.200011 0.200011 0.200011 0.200011 0.200011 0.200011 0.200011 0.200011 0.200011 0.200011 0.200011 0.200011 0.200011 0 0.200011 0.200011 0.200011 0.200011 0 0.200011 0.200011 0.200011 0.200011 0.200011 0.200011 0.200011 0.200011 0.200011 0.200011 0.200011 0.200011 0.200011 0.200011 0.200011 0.200011 0.200011 0.200011 0.200011 0.200011 0.200011 0.200011 0.200011 0.200011 0.200011 0.200011 0.200011 0.200011 0.200011 0.200011 0.200011 0.200011 0.200011 0.200011 0.200011 0.200011 0.200011 0.200011 0.200011 0.200011 0.200011 0.200013 0.200013 0.200011 0.200011 0.200023 0.200024 0.200013 0.200014 0.200048 0.200064 0.200023 0.200028 0.200099 0.200201 0.200048 0.200083 0.200237 0.200554 0.200099 0.200257 0.200512 0.201484 0.200237 0.200855 0.200678 0.203446 0.200512 0.201979 0.200527 0.202593 0.200678 0.201566 0.2003 0.201391 0.200527 0.201131 0.20018 0.200928 0.2003 0.20094 0.200129 0.20062 0.20018 0.200754 0.200099 0.200576 0.200129 0.200745 0.200041 0.200877 0.200099 0.200937 0.200026 0.201644 0.200041 0.201281 0.200106 0.201136 0.200026 0.201072 0.200167 0.200728 0.200106 0.200844 0.200241 0.200654 0.200167 0.200754 0.200349 0.200746 0.200241 0.200772 0.200472 0.200798 0.200349 0.200711 0.2004 0.200726 0.200472 0.200516 0.200166 0.201141 0.2004 0.200553 0.200046 0.200716 0.200166 0.200315 0.200023 0.200416 0.200046 0.20015 0.200026 0.200277 0.200023 0.200091 0.200026 0.200133 0.200026 0.200048 0.200018 0.20005 0.200026 0.200022 0.200013 0.200022 0.200018 0.200013 0.200011 0.200012 0.200013 0.200011 0.200011 0.200011 0.200011 0.200011 0.200011 0.200011 0.200011 0.200011 0.200011 0.200011 0.200011 0.200011 0.200011 0.200011 0.200011 0.200011 0.200011 0.200011 0.200011 0.200011 0.200011 0.200011 0.200011 0.200011 0.200011 0.200011 0.200011 0.200011 0.200011 0.200011 0.200011 0.200011 0.200011 0.200011 0.200011 0.200011 0.200011 0.200011 0.200011 0.200011 0.200011 0 0.200011 0.200011 0.200011 0.200011 0.200011 0 0.200011 0.200011 0.200011 0.200011 0.011972 0.200011 0.200011 0.200011 0.0677709 0.200011 0.200011 0.200011 0.200011 0.0781423 0.200011 0.200011 0.200011 0.200011 0.0804598 0.200011 0.200011 0.200011 0.200011 0.0809825 0.200011 0.200011 0.200011 0.200011 0.0810837 0.200011 0.200011 0.200011 0.200011 0.200011 0.0810833 0.200011 0.200011 0.200011 0.200011 0.0810596 0.200011 0.200011 0.200011 0.200011 0.0810312 0.200011 0.200011 0.200011 0.200013 0.0810075 0.200012 0.200013 0.200013 0.200028 0.0809943 0.200028 0.200024 0.200066 0.0810006 0.200019 0.200066 0.200064 0.200134 0.0810384 0.200034 0.200134 0.200201 0.200221 0.0811207 0.20007 0.200221 0.200554 0.200334 0.0812714 0.200155 0.200334 0.201484 0.200545 0.0815345 0.200422 0.200545 0.203446 0.200996 0.0819502 0.201269 0.200996 0.202593 0.200666 0.0823414 0.202297 0.200666 0.201391 0.200264 0.0828908 0.201592 0.200264 0.200928 0.200151 0.0836003 0.200653 0.200151 0.20062 0.20011 0.0843734 0.200318 0.20011 0.200576 0.200096 0.0851162 0.200204 0.200096 0.200877 0.200065 0.0857142 0.200183 0.200065 0.201644 0.20004 0.200206 0.0860287 0.200188 0.20004 0.201136 0.200118 0.200239 0.0860286 0.200118 0.200728 0.200161 0.200276 0.0857118 0.200161 0.200654 0.200223 0.200376 0.0851162 0.200223 0.200746 0.200311 0.20055 0.0843737 0.200311 0.200798 0.200477 0.200799 0.0836029 0.200477 0.200726 0.200508 0.200965 0.0829164 0.200508 0.201141 0.200175 0.200564 0.0823809 0.200175 0.200716 0.200076 0.200293 0.0818546 0.200076 0.200416 0.200068 0.200162 0.0814945 0.200068 0.200277 0.200077 0.200089 0.0812632 0.200077 0.200133 0.200071 0.200051 0.0811181 0.200071 0.20005 0.200046 0.200028 0.081037 0.200046 0.200022 0.200024 0.200018 0.0810003 0.200024 0.200012 0.200013 0.200012 0.0809944 0.200013 0.200011 0.200011 0.200011 0.0810073 0.200011 0.200011 0.200011 0.200011 0.0810316 0.200011 0.200011 0.200011 0.200011 0.0810596 0.200011 0.200011 0.200011 0.200011 0.0810837 0.200011 0.200011 0.200011 0.200011 0.0810837 0.200011 0.200011 0.200011 0.200011 0.0809829 0.200011 0.200011 0.200011 0.200011 0.0804598 0.200011 0.200011 0.200011 0.200011 0.0781423 0.200011 0.200011 0.200011 0.200011 0.0677709 0.200011 0.200011 0.200011 0.011972 0.200011 0 0.200011 0.200011 0.200011 0.200011 0.200011 0.200011 0 0.200011 0.200011 0.200011 0.200011 0.142052 0.200011 0.200011 0.200011 0.155856 0.200011 0.200011 0.200011 0.200011 0.158332 0.200011 0.200011 0.200011 0.200011 0.15883 0.200011 0.200011 0.200011 0.200011 0.158916 0.200011 0.200011 0.200011 0.200011 0.200011 0.158915 0.200011 0.200011 0.200011 0.200011 0.158894 0.200011 0.200011 0.200011 0.200011 0.158872 0.200011 0.200011 0.200011 0.200012 0.158851 0.200011 0.200012 0.200011 0.200024 0.158839 0.200016 0.200024 0.200016 0.200078 0.158843 0.200029 0.200078 0.200035 0.200192 0.158857 0.200192 0.200109 0.200348 0.15888 0.200028 0.200348 0.200442 0.200636 0.158928 0.20009 0.200636 0.201291 0.201141 0.159024 0.200432 0.201141 0.202815 0.201742 0.159331 0.201488 0.201742 0.208019 0.202176 0.161012 0.204363 0.202176 0.208811 0.20127 0.160865 0.209287 0.20127 0.202218 0.200242 0.159368 0.204597 0.200242 0.200883 0.200152 0.159515 0.20079 0.200152 0.200488 0.200129 0.159696 0.200368 0.200129 0.200431 0.200111 0.159866 0.200282 0.200111 0.200871 0.20016 0.160002 0.200336 0.20016 0.202655 0.200091 0.201887 0.160087 0.200514 0.200091 0.201477 0.200178 0.200943 0.160092 0.200178 0.200681 0.200225 0.200587 0.160008 0.200225 0.200618 0.200266 0.200575 0.159874 0.200266 0.200801 0.200321 0.200748 0.159704 0.200321 0.201291 0.200785 0.20183 0.159546 0.200785 0.203028 0.201445 0.206976 0.160968 0.201445 0.205501 0.200802 0.203046 0.164281 0.200802 0.201638 0.200446 0.201709 0.159581 0.200446 0.201219 0.200342 0.200896 0.159089 0.200342 0.200816 0.200264 0.200363 0.158973 0.200264 0.200333 0.200189 0.200094 0.158903 0.200189 0.200092 0.200128 0.200027 0.158864 0.200128 0.200032 0.200061 0.200025 0.158847 0.200061 0.200015 0.200022 0.200015 0.158839 0.200022 0.200011 0.200012 0.200011 0.158838 0.200012 0.200011 0.200011 0.200011 0.158851 0.200011 0.200011 0.200011 0.200011 0.158872 0.200011 0.200011 0.200011 0.200011 0.158894 0.200011 0.200011 0.200011 0.200011 0.158915 0.200011 0.200011 0.200011 0.200011 0.158916 0.200011 0.200011 0.200011 0.200011 0.15883 0.200011 0.200011 0.200011 0.200011 0.158332 0.200011 0.200011 0.200011 0.200011 0.155856 0.200011 0.200011 0.200011 0.142052 0.200011 0 0.200011 0.200011 0.200011 0 0.200011 0.200011 0.126866 0.200011 0.200011 0.200011 0.178085 0.200011 0.200011 0.200011 0.200011 0.182278 0.200011 0.200011 0.200011 0.200011 0.182963 0.200011 0.200011 0.200012 0.200013 0.183052 0.200011 0.200015 0.200013 0.200016 0.200012 0.183033 0.200032 0.200012 0.200021 0.200011 0.182978 0.200051 0.200011 0.200024 0.200011 0.182899 0.200053 0.200011 0.200022 0.200011 0.182813 0.200035 0.200011 0.200023 0.200025 0.182759 0.200015 0.200025 0.200026 0.200099 0.18275 0.200046 0.200099 0.200035 0.200266 0.182739 0.20008 0.200266 0.200073 0.200498 0.182707 0.200037 0.200498 0.200215 0.200605 0.182605 0.200269 0.200605 0.20119 0.201001 0.182545 0.201661 0.201001 0.203697 0.201439 0.182572 0.203589 0.201439 0.206574 0.201861 0.182642 0.201861 0.211231 0.201487 0.183715 0.205338 0.201487 0.238627 0.202099 0.191949 0.210162 0.202099 0.201978 0.200359 0.182917 0.202696 0.200359 0.200498 0.200272 0.182544 0.200229 0.200272 0.200341 0.200262 0.182608 0.200283 0.200262 0.20033 0.200138 0.182673 0.200445 0.200138 0.201123 0.200112 0.182767 0.201154 0.200112 0.203191 0.200098 0.182904 0.203852 0.200098 0.207709 0.201127 0.201073 0.183029 0.212202 0.201127 0.200858 0.200753 0.200837 0.182898 0.200753 0.200614 0.200664 0.200646 0.182774 0.200664 0.200625 0.200688 0.200281 0.182629 0.200688 0.201364 0.200963 0.200205 0.183174 0.200963 0.217344 0.206852 0.210518 0.198011 0.206852 0.246678 0.200972 0.205046 0.196564 0.200972 0.204556 0.200821 0.20356 0.182706 0.200821 0.204562 0.200693 0.203067 0.182581 0.200693 0.202988 0.200594 0.201548 0.182586 0.200594 0.201063 0.200404 0.200294 0.182552 0.200404 0.200214 0.200367 0.20003 0.182596 0.200367 0.200077 0.200208 0.200062 0.182682 0.200208 0.200035 0.20008 0.20004 0.182715 0.20008 0.200025 0.200022 0.200016 0.182737 0.200022 0.200022 0.200011 0.200035 0.182756 0.200011 0.200022 0.200011 0.200053 0.182813 0.200011 0.200024 0.200011 0.200051 0.182899 0.200011 0.200021 0.200012 0.200032 0.182978 0.200012 0.200016 0.200013 0.200015 0.183033 0.200013 0.200012 0.200011 0.200011 0.183052 0.200011 0.200011 0.200011 0.200011 0.182963 0.200011 0.200011 0.200011 0.200011 0.182278 0.200011 0.200011 0.200011 0.200011 0.178085 0.200011 0.200011 0 0.126866 0 0.200011 0.200011 0.16453 0.200011 0.200011 0.200012 0.188094 0.200011 0.200012 0.200012 0.200031 0.189937 0.200011 0.200031 0.200028 0.20009 0.190114 0.200015 0.200025 0.20009 0.2001 0.200069 0.18995 0.200047 0.200069 0.200327 0.200026 0.189721 0.200132 0.200026 0.200505 0.200011 0.189391 0.200162 0.200011 0.200488 0.200023 0.188977 0.200169 0.200023 0.200279 0.200128 0.188496 0.200276 0.200128 0.200211 0.200028 0.188074 0.20005 0.200028 0.200079 0.200328 0.187939 0.200036 0.200328 0.200019 0.200451 0.187514 0.20008 0.200451 0.200169 0.200661 0.187039 0.200134 0.200661 0.200733 0.200128 0.186486 0.200259 0.200128 0.204052 0.200081 0.18617 0.200897 0.200081 0.207466 0.200107 0.185945 0.201009 0.200107 0.208095 0.200142 0.185657 0.200782 0.200142 0.204509 0.200227 0.185416 0.201837 0.200227 0.220659 0.200738 0.189122 0.200134 0.200738 0.201249 0.200374 0.185842 0.200067 0.200374 0.200241 0.200398 0.184737 0.200048 0.200398 0.200336 0.200949 0.184586 0.200156 0.200949 0.201548 0.200063 0.184548 0.200875 0.200063 0.2088 0.200034 0.184503 0.204192 0.200034 0.218936 0.200104 0.184471 0.206923 0.200104 0.225186 0.200298 0.200785 0.184481 0.200298 0.201739 0.20141 0.200219 0.184532 0.20141 0.200328 0.200664 0.200073 0.184546 0.200664 0.200191 0.200671 0.20014 0.184604 0.200671 0.200562 0.200834 0.20011 0.185704 0.200834 0.211212 0.200862 0.200592 0.193788 0.200862 0.215195 0.200363 0.201606 0.187467 0.200363 0.203664 0.200185 0.200641 0.18529 0.200185 0.207759 0.20011 0.200965 0.18565 0.20011 0.207248 0.200076 0.200882 0.185953 0.200076 0.203993 0.200119 0.200266 0.186176 0.200119 0.200766 0.200612 0.200121 0.186489 0.200612 0.200185 0.200397 0.200071 0.187028 0.200397 0.200025 0.200286 0.200032 0.187486 0.200286 0.200081 0.200022 0.200049 0.187906 0.200022 0.200208 0.200129 0.200274 0.188071 0.200129 0.200278 0.200024 0.200169 0.188495 0.200024 0.200486 0.200011 0.200163 0.188975 0.200011 0.200504 0.200026 0.200132 0.189391 0.200026 0.200327 0.200069 0.200047 0.18972 0.200069 0.2001 0.20009 0.200025 0.18995 0.20009 0.200028 0.200031 0.200015 0.190114 0.200031 0.200012 0.200012 0.200011 0.189937 0.200012 0.200011 0.200011 0.200011 0.188094 0.200011 0.200011 0 0.16453 0.200094 0.190114 0.200025 0.200269 0 0.200025 0.190114 0.200094 0 0.200269 0.200021 0.189937 0.200015 0.200094 0 0.200015 0.189937 0.200021 0 0.200094 0.200269 0.18995 0.200047 0.200041 0 0.200047 0.18995 0.200269 0 0.200041 0.200041 0.189721 0.200132 0.200013 0 0.200132 0.18972 0.200041 0 0.200013 0.200013 0.189391 0.200162 0.200011 0 0.200163 0.189391 0.200013 0 0.200011 0.200011 0.188977 0.200169 0.200027 0 0.200169 0.188975 0.200011 0 0.200028 0.200027 0.188496 0.200276 0.200156 0 0.200274 0.188495 0.200028 0 0.200158 0.200011 0.188094 0.200011 0.200021 0 0.200011 0.188094 0.200011 0 0.200021 0.200156 0.188074 0.20005 0.20015 0 0.200049 0.188071 0.200158 0 0.200132 0.20015 0.187939 0.200036 0.20102 0 0.200032 0.187906 0.200132 0 0.200917 0.20102 0.187514 0.20008 0.201598 0 0.200071 0.187486 0.200917 0 0.201466 0.201598 0.187039 0.200134 0.2019 0 0.200121 0.187028 0.201466 0 0.20181 0.2019 0.186486 0.200259 0.200296 0 0.200266 0.186489 0.20181 0 0.200285 0.200296 0.18617 0.200897 0.200066 0 0.200882 0.186176 0.200285 0 0.200071 0.200066 0.185945 0.201009 0.200023 0 0.200965 0.185953 0.200071 0 0.200033 0.200023 0.185657 0.200782 0.200123 0 0.200641 0.18565 0.200033 0 0.200164 0.200123 0.185416 0.201837 0.200168 0 0.201606 0.18529 0.200164 0 0.200827 0.200168 0.189122 0.200134 0.203604 0 0.200592 0.187467 0.200827 0 0.20135 0.203604 0.185842 0.200067 0.207718 0 0.20011 0.193788 0.20135 0 0.213381 0.207718 0.184737 0.200048 0.20878 0 0.20014 0.185704 0.213381 0 0.218713 0.20878 0.184586 0.200156 0.207382 0 0.200073 0.184604 0.218713 0 0.218148 0.207382 0.184548 0.200875 0.200975 0 0.200219 0.184546 0.218148 0 0.214479 0.200975 0.184503 0.204192 0.200196 0 0.200785 0.184532 0.214479 0 0.20384 0.200196 0.184471 0.206923 0.200234 0 0.200234 0.184481 0.20384 0 0.200022 0.183052 0.200015 0.200025 0.2001 0.200015 0.183052 0.200022 0.2001 0.200025 0.200025 0.183033 0.200032 0.200015 0.200327 0.200032 0.183033 0.200025 0.200327 0.200015 0.200013 0.182963 0.200011 0.200022 0.200028 0.200011 0.182963 0.200013 0.200028 0.200022 0.200015 0.182978 0.200051 0.200011 0.200505 0.200051 0.182978 0.200015 0.200504 0.200011 0.200011 0.182899 0.200053 0.200014 0.200488 0.200053 0.182899 0.200011 0.200486 0.200014 0.200014 0.182813 0.200035 0.200016 0.200279 0.200035 0.182813 0.200014 0.200278 0.200016 0.200016 0.182759 0.200015 0.2001 0.200211 0.200016 0.182756 0.200016 0.200208 0.200082 0.200037 0.183029 0.229457 0.225186 0.201437 0.182904 0.212202 0.200037 0.218936 0.2001 0.18275 0.200046 0.200608 0.200079 0.20004 0.182737 0.200082 0.200081 0.200497 0.205342 0.182767 0.203852 0.201437 0.2088 0.201073 0.182898 0.235756 0.201739 0.229457 0.206535 0.182673 0.201154 0.205342 0.201548 0.200837 0.182774 0.234587 0.200328 0.235756 0.200608 0.182739 0.20008 0.201449 0.200019 0.200062 0.182715 0.200497 0.200025 0.201133 0.206716 0.182608 0.200445 0.206535 0.200336 0.200646 0.182629 0.232601 0.200191 0.234587 0.201449 0.182707 0.200037 0.201814 0.200169 0.20003 0.182682 0.201133 0.200185 0.201364 0.207259 0.182544 0.200283 0.206716 0.200241 0.200281 0.183174 0.230422 0.200562 0.232601 0.201814 0.182605 0.200269 0.202114 0.200733 0.200294 0.182596 0.201364 0.200766 0.201526 0.208529 0.182917 0.200229 0.207259 0.201249 0.200205 0.198011 0.218477 0.211212 0.230422 0.202114 0.182545 0.201661 0.201289 0.204052 0.201548 0.182552 0.201526 0.203993 0.200839 0.207127 0.191949 0.202696 0.208529 0.220659 0.210518 0.196564 0.200813 0.215195 0.218477 0.201289 0.182572 0.203589 0.20048 0.207466 0.203067 0.182586 0.200839 0.207248 0.200235 0.200301 0.183715 0.210162 0.207127 0.204509 0.205046 0.182706 0.200172 0.203664 0.200813 0.20356 0.182581 0.200235 0.207759 0.200172 0.20048 0.182642 0.205338 0.200301 0.208095 0.200011 0.182278 0.200011 0.200013 0.200012 0.200011 0.182278 0.200011 0.200012 0.200013 0.200011 0.178085 0.200011 0.200011 0.200011 0.200011 0.178085 0.200011 0.200011 0.200011 0.16453 0.200011 0.200011 0 0 0.200011 0.16453 0 0 0.200011 0.201887 0.160092 0.20289 0.207709 0.200239 0.201088 0.160087 0.200239 0.203191 0.200943 0.160008 0.202499 0.200858 0.20289 0.201245 0.160002 0.200514 0.201088 0.201123 0.200994 0.159866 0.200336 0.201245 0.20033 0.200587 0.159874 0.202615 0.200614 0.202499 0.201098 0.159696 0.200282 0.200994 0.200341 0.200575 0.159704 0.203177 0.200625 0.202615 0.201677 0.159515 0.200368 0.201098 0.200498 0.200748 0.159546 0.204507 0.201364 0.203177 0.203331 0.159368 0.20079 0.201677 0.201978 0.20183 0.160968 0.205777 0.217344 0.204507 0.215608 0.160865 0.204597 0.203331 0.238627 0.206976 0.164281 0.204087 0.246678 0.205777 0.203046 0.159581 0.200317 0.204556 0.204087 0.204033 0.161012 0.209287 0.215608 0.211231 0.20161 0.159331 0.204363 0.204033 0.206574 0.201709 0.159089 0.200305 0.204562 0.200317 0.200011 0.158916 0.200011 0.200011 0.200016 0.200011 0.158916 0.200011 0.200016 0.200011 0.200011 0.158915 0.200011 0.200011 0.200021 0.200011 0.158915 0.200011 0.200021 0.200011 0.200896 0.158973 0.200551 0.202988 0.200305 0.20139 0.159024 0.201488 0.20161 0.203697 0.200011 0.158894 0.200011 0.200024 0.200011 0.200011 0.158894 0.200011 0.200011 0.200024 0.200011 0.158872 0.200011 0.200011 0.200022 0.200011 0.158872 0.200011 0.200022 0.200011 0.200978 0.158928 0.200432 0.20139 0.20119 0.200363 0.158903 0.200514 0.201063 0.200551 0.200011 0.158851 0.200011 0.200022 0.200019 0.200011 0.158851 0.200011 0.200021 0.200023 0.200021 0.158839 0.200016 0.200084 0.200026 0.200015 0.158838 0.200019 0.200025 0.200067 0.200011 0.15883 0.200011 0.200012 0.200011 0.200011 0.15883 0.200011 0.200011 0.200012 0.200469 0.15888 0.20009 0.200978 0.200215 0.200094 0.158864 0.200286 0.200214 0.200514 0.200084 0.158843 0.200029 0.200234 0.200035 0.200025 0.158839 0.200067 0.200035 0.200165 0.200027 0.158847 0.200165 0.200077 0.200286 0.200234 0.158857 0.200028 0.200469 0.200073 0.200011 0.158332 0.200011 0.200011 0.200011 0.200011 0.158332 0.200011 0.200011 0.200011 0.200011 0.155856 0.200011 0.200011 0.200011 0.200011 0.155856 0.200011 0.200011 0.200011 0.200011 0.142052 0.200011 0.200011 0.200011 0.200011 0.142052 0.200011 0.200011 0.200011 0.200011 0.200011 0 0.126866 0.200011 0.200011 0.126866 0 0.200011 0.200011 0.200221 0.0860287 0.200147 0.202655 0.200206 0.0860286 0.200266 0.201477 0.200147 0.200222 0.0857142 0.200188 0.200221 0.200871 0.200239 0.0857118 0.200299 0.200681 0.200266 0.200198 0.0851162 0.200183 0.200222 0.200431 0.200276 0.0851162 0.200391 0.200618 0.200299 0.200247 0.0843734 0.200204 0.200198 0.200488 0.200376 0.0843737 0.200614 0.200801 0.200391 0.200484 0.0836003 0.200318 0.200247 0.200883 0.20055 0.0836029 0.201129 0.201291 0.200614 0.201261 0.0828908 0.200653 0.200484 0.202218 0.200799 0.0829164 0.201118 0.203028 0.201129 0.202783 0.0823414 0.201592 0.201261 0.208811 0.200965 0.0823809 0.200644 0.205501 0.201118 0.202016 0.0819502 0.202297 0.202783 0.208019 0.200564 0.0818546 0.200121 0.201638 0.200644 0.20071 0.0815345 0.201269 0.202016 0.202815 0.200293 0.0814945 0.200075 0.201219 0.200121 0.200162 0.0812632 0.200108 0.200816 0.200075 0.200372 0.0812714 0.200422 0.20071 0.201291 0.200212 0.0811207 0.200155 0.200372 0.200442 0.200089 0.0811181 0.200101 0.200333 0.200108 0.200011 0.0810837 0.200011 0.200011 0.200011 0.200011 0.0810837 0.200011 0.200011 0.200011 0.200011 0.0810837 0.200011 0.200011 0.200011 0.200011 0.0810833 0.200011 0.200011 0.200011 0.200011 0.0810596 0.200011 0.200011 0.200011 0.200011 0.0810596 0.200011 0.200011 0.200011 0.200095 0.0810384 0.20007 0.200212 0.200109 0.200051 0.081037 0.20006 0.200092 0.200101 0.200011 0.0810316 0.200011 0.200011 0.200011 0.200011 0.0810312 0.200011 0.200011 0.200011 0.200011 0.0810075 0.200012 0.200016 0.200011 0.200012 0.0810073 0.200011 0.200011 0.200015 0.200028 0.0810003 0.200031 0.200032 0.20006 0.200039 0.0810006 0.200034 0.200095 0.200035 0.200018 0.0809944 0.200015 0.200015 0.200031 0.200016 0.0809943 0.200019 0.200039 0.200016 0.200011 0.0809829 0.200011 0.200011 0.200011 0.200011 0.0809825 0.200011 0.200011 0.200011 0.200011 0.0804598 0.200011 0.200011 0.200011 0.200011 0.0804598 0.200011 0.200011 0.200011 0.200011 0.0781423 0.200011 0.200011 0.200011 0.200011 0.0781423 0.200011 0.200011 0.200011 0.200011 0.0677709 0.200011 0.200011 0.200011 0.200011 0.0677709 0.200011 0.200011 0.200011 0.200011 0.011972 0.200011 0.200011 0.200011 0.200011 0.011972 0.200011 0.200011 0.200011 
</DataArray>
<DataArray type="Float64" Name="wall variable 2" format="ascii">
0 6.88678e-18 1.6967e-17 0 3.11977e-17 9.90537e-17 0 0 1.13417e-16 6.18905e-16 0 0 2.21355e-16 2.70407e-15 0 0 1.22446e-16 7.56857e-15 0 0 2.74505e-16 1.36354e-14 0 0 1.73289e-15 1.89895e-14 0 0 6.87404e-15 2.62942e-14 0 0 2.24702e-14 5.11998e-14 0 0 6.14791e-14 1.60886e-13 0 0 4.27218e-14 3.4629e-13 0 0 0 0 0 0 0 0 1.11714e-12 0 0 0 1.00523e-11 0 0 0 5.25717e-11 0 0 0 2.20374e-10 0 0 0 9.78084e-10 0 0 0 7.76916e-09 0 0 0 1.40977e-07 0 0 0 2.62625e-06 0 0 0 2.90712e-05 0 0 0 0.000164054 0 0 0 0.000478127 0 0 0 0.000694128 0 0.000332862 0 0.000368305 0 0.000707995 0 0 0 0.00050394 0 0 0 0.000172451 0 0 0 2.95142e-05 0 0 0 2.48503e-06 0 0 0 1.19569e-07 0 0 0 5.68646e-09 0 0 0 6.31426e-10 0 0 0 1.42976e-10 0 0 0 4.61451e-11 0 0 0 1.6896e-11 0 0 0 4.06551e-12 0 0 0 3.17367e-13 0 0 0 0 0 0 0 0 4.44778e-13 1.29349e-13 0 0 1.6758e-13 6.94518e-14 0 0 5.15715e-14 2.31761e-14 0 0 2.6297e-14 6.94222e-15 0 0 1.89856e-14 1.73948e-15 0 0 1.36344e-14 2.7484e-16 0 0 7.56842e-15 1.2235e-16 0 0 2.70406e-15 2.21315e-16 0 0 6.18907e-16 1.13409e-16 0 0 9.90541e-17 3.11968e-17 0 0 1.69671e-17 6.88667e-18 0 0 6.70597e-16 1.49623e-15 0 0 3.04913e-15 8.836e-15 0 0 1.11883e-14 5.60578e-14 0 0 2.1534e-14 2.49003e-13 0 0 6.48252e-15 7.05277e-13 0 0 2.8505e-16 1.271e-12 0 0 6.72817e-14 1.75671e-12 0 0 3.37344e-13 2.36296e-12 0 0 1.20277e-12 4.14982e-12 0 0 2.35759e-12 9.8673e-12 0 0 0 0 0 4.09947e-12 0 0 1.9505e-11 6.04279e-11 0 0 2.8499e-10 4.14116e-10 0 0 1.9836e-09 2.03896e-09 0 0 9.64949e-09 1.08756e-08 0 0 4.47511e-08 1.04102e-07 0 0 3.1104e-07 1.89903e-06 0 0 4.41959e-06 3.96784e-05 0 0 8.48146e-05 0.000558906 0 0 0.00112909 0.00396414 0 0 0.00690243 0.0139802 0 0 0.0170368 0.028596 0 0 0.0199683 0.0403972 0 0 0.0137888 0.04495 0.00461246 0 0.00476928 0.0411983 0.0139928 0 0 0.0295455 0.0206262 0 0 0.0144491 0.0176645 0 0 0.00400073 0.00696525 0 0 0.00052644 0.00104478 0 0 3.20375e-05 6.55556e-05 0 0 1.19852e-06 2.67246e-06 0 0 5.23289e-08 1.60898e-07 0 0 6.1871e-09 2.46397e-08 0 0 2.11155e-09 8.22263e-09 0 0 8.92302e-10 3.60069e-09 0 0 2.65298e-10 1.09363e-09 0 0 4.4626e-11 1.8105e-10 0 0 2.75766e-12 9.68552e-12 0 0 0 0 0 0 0 0 1.04292e-11 3.18309e-12 0 0 4.17182e-12 1.27903e-12 0 0 2.36142e-12 3.46567e-13 0 0 1.75603e-12 6.8589e-14 0 0 1.27085e-12 4.56096e-16 0 0 7.05254e-13 6.49712e-15 0 0 2.49001e-13 2.15336e-14 0 0 5.60577e-14 1.1188e-14 0 0 8.83601e-15 3.04908e-15 0 0 1.49623e-15 6.7059e-16 2.01683e-14 3.91509e-14 0 0 9.13067e-14 2.33421e-13 0 0 3.39061e-13 1.51382e-12 0 0 6.44592e-13 6.867e-12 0 0 0 1.9616e-11 0 0 0 3.47881e-11 7.43295e-15 0 0 4.65028e-11 8.50584e-13 0 0 5.77673e-11 1.2347e-12 0 0 7.68819e-11 1.0506e-12 0 0 0 3.17288e-13 0 0 0 1.04818e-10 2.42349e-11 0 0 2.28321e-09 1.11506e-09 0 0 2.5178e-08 1.31462e-08 0 0 1.72285e-07 9.04397e-08 0 0 8.41916e-07 4.51463e-07 0 0 4.02835e-06 2.28734e-06 0 0 2.98593e-05 1.90656e-05 0 0 0.000357947 0.000264033 0 0 0.00398654 0.00327277 0 0 0.0212536 0.0202197 0 0 0.0359271 0.0479634 0 0 0.0320184 0.0617426 0 0 0.0233615 0.0636494 0 0 0.0136498 0.0623831 0.0054798 0 0.00427014 0.0617156 0.0151473 0 0 0.0624466 0.0250607 0 0 0.0633918 0.0333565 0 0 0.0609813 0.0360496 0 0 0.0466828 0.0196423 0 0 0.0186204 0.00287767 0 0 0.00248801 0.000177863 0 0 0.000141097 1.15137e-05 0 0 7.64977e-06 1.66459e-06 0 0 1.15229e-06 6.81468e-07 0 0 4.72553e-07 3.48739e-07 0 0 2.08212e-07 1.09736e-07 0 0 6.07317e-08 1.92535e-08 0 0 1.03847e-08 1.85344e-09 0 0 9.251e-10 7.61474e-11 0 0 1.35397e-11 0 0 0 0 6.97052e-13 7.74393e-11 2.23023e-12 0 1.17712e-12 5.77099e-11 0 0 8.41944e-13 4.64824e-11 0 0 6.42334e-15 3.47839e-11 0 0 0 1.96153e-11 0 0 0 6.86693e-12 6.44662e-13 0 0 1.51382e-12 3.39062e-13 0 0 2.33421e-13 9.13064e-14 0 0 0 3.91509e-14 2.01682e-14 4.91034e-13 7.91853e-13 0 0 2.17085e-12 4.58547e-12 0 0 8.0061e-12 3.03801e-11 0 0 1.46114e-11 1.37412e-10 0 0 0 3.77091e-10 0 0 0 6.14064e-10 6.06747e-12 0 0 7.42641e-10 3.56753e-11 0 0 7.75861e-10 7.76743e-11 0 0 2.28025e-10 2.05432e-10 0 0 0 8.16428e-10 7.30588e-11 0 0 1.01493e-08 5.99851e-09 0 0 1.73532e-07 1.16585e-07 0 0 2.05525e-06 1.35072e-06 0 0 1.51154e-05 9.76345e-06 0 0 7.46704e-05 4.97649e-05 0 0 0.000316073 0.000227439 0 0 0.00167202 0.00134059 0 0 0.0105123 0.00945801 0 0 0.0381202 0.0403071 0 0 0.0493046 0.0673009 0 0 0.0393155 0.070727 0 0 0.0257447 0.0660185 0 0 0.0164482 0.0595996 0 0 0.0101737 0.0547415 0.00477795 0 0.00394398 0.0534845 0.0118756 0 0 0.0543915 0.0191674 0 0 0.0579533 0.0288137 0 0 0.0620269 0.0410194 0 0 0.0635448 0.0470194 0 0 0.0567461 0.0280276 0 0 0.0284138 0.00482624 0 0 0.00439443 0.000533301 0 0 0.000457141 0.000102156 0 0 0.000105871 5.81453e-05 0 0 5.22595e-05 3.24923e-05 0 0 2.34442e-05 9.89761e-06 0 0 6.56775e-06 1.62609e-06 0 0 1.08125e-06 1.49898e-07 0 0 1.01614e-07 9.04927e-09 0 0 5.39791e-09 7.40651e-10 0 0 5.20445e-11 1.95442e-10 2.54777e-10 0 0 7.60646e-11 7.76044e-10 0 0 3.5437e-11 7.42428e-10 0 0 6.03943e-12 6.1401e-10 0 0 0 3.77082e-10 0 0 0 1.37411e-10 1.46135e-11 0 0 3.038e-11 8.0062e-12 0 0 4.58546e-12 2.17085e-12 0 0 0 7.91853e-13 4.91034e-13 9.5165e-12 1.21337e-11 0 0 4.05076e-11 6.14291e-11 0 0 1.36013e-10 4.37356e-10 0 0 1.88104e-10 1.82119e-09 0 0 0 3.74797e-09 0 0 0 2.77053e-09 3.79397e-10 0 0 0 1.06412e-09 0 0 0 2.19003e-09 0 0 0 6.75537e-09 0 0 0 3.54757e-08 1.3983e-08 0 0 4.98648e-07 3.73269e-07 0 0 9.27459e-06 7.31473e-06 0 0 0.000115467 8.78425e-05 0 0 0.000773508 0.000600377 0 0 0.00294762 0.002621 0 0 0.00785737 0.00886081 0 0 0.023085 0.0307401 0 0 0.0607181 0.0840137 0 0 0.0635333 0.0999215 0 0 0.0473063 0.0891022 0 0 0.0285717 0.0754554 0 0 0.0153912 0.0609679 0 0 0.0101433 0.0515096 0 0 0.00821262 0.0476078 0.00477589 0 0.00481967 0.0492394 0.00950191 0 0 0.0479596 0.013125 0 0 0.0504814 0.0197548 0 0 0.0564258 0.0325258 0 0 0.0647409 0.0479737 0 0 0.0682833 0.0509406 0 0 0.0601689 0.0307218 0 0 0.037317 0.00713642 0 0 0.011334 0.00225237 0 0 0.00456752 0.00209905 0 0 0.0027565 0.0014541 0 0 0.00134674 0.000514855 0 0 0.000404473 9.07202e-05 0 0 6.918e-05 8.01007e-06 0 0 6.32071e-06 4.53882e-07 0 0 3.40376e-07 3.33213e-08 0 0 1.30814e-08 6.52187e-09 0 0 0 2.15513e-09 0 0 0 1.05919e-09 0 0 0 3.78838e-10 2.77075e-09 0 0 0 3.74792e-09 0 0 0 1.82118e-09 1.88147e-10 0 0 4.37355e-10 1.36016e-10 0 0 6.1429e-11 4.05076e-11 0 0 0 1.21337e-11 9.5165e-12 1.38007e-10 1.11256e-10 0 0 6.06254e-10 5.20998e-10 0 0 1.30632e-09 4.75234e-09 0 0 0 1.6252e-08 0 0 0 8.00656e-10 1.36559e-09 0 0 0 1.53831e-08 0 0 0 2.72923e-08 9.41285e-10 0 0 4.41877e-08 6.71845e-09 0 0 1.37338e-07 3.78013e-08 0 0 8.72544e-07 5.14753e-07 0 0 1.38701e-05 1.21169e-05 0 0 0.000256832 0.000233939 0 0 0.00245482 0.00222503 0 0 0.00903791 0.00951864 0 0 0.0186958 0.0254741 0 0 0.0312901 0.056222 0 0 0.0546813 0.120227 0 0 0.0895246 0.181702 0 0 0.0823588 0.145279 0 0 0.0495788 0.104186 0 0 0.02285 0.0779733 0 0 0.0104063 0.0561572 0 0 0.00745626 0.045149 0 0 0.00799605 0.0439999 0.00679152 0 0.00730942 0.0523503 0.00919607 0 0 0.0457133 0.0103906 0 0 0.0459154 0.01469 0 0 0.0532423 0.025406 0 0 0.0673208 0.0435633 0 0 0.0791462 0.0555002 0 0 0.0814119 0.048543 0 0 0.0930862 0.0197364 0 0 0.067495 0.0115322 0 0 0.0389645 0.0123323 0 0 0.0264672 0.0107393 0 0 0.0157449 0.0063739 0 0 0.00683193 0.00194872 0 0 0.00176405 0.000220307 0 0 0.000199815 1.25894e-05 0 0 1.09625e-05 8.23109e-07 0 0 4.85702e-07 1.3293e-07 0 0 3.67463e-08 4.35783e-08 0 0 6.64946e-09 2.72104e-08 0 0 9.35711e-10 1.53742e-08 0 0 0 1.36496e-09 8.01129e-10 0 0 0 1.62519e-08 0 0 0 4.75233e-09 1.30635e-09 0 0 5.20998e-10 6.06255e-10 0 0 0 1.11256e-10 1.38007e-10 1.63338e-09 1.08334e-09 8.27733e-10 0 0 0 0 7.73831e-09 0 0 0 1.85635e-09 0 0 0 0 0 0 0 9.2394e-08 0 0 0 0 3.45322e-07 1.19256e-07 0 0 0 5.29092e-07 3.08188e-07 0 0 0 0 6.63882e-07 4.98591e-07 0 0 0 1.59024e-06 1.03407e-06 0 0 1.91968e-07 9.7051e-06 7.1745e-06 0 0 0.000101318 0.000145294 0.000136883 0 0 0.00132705 0.00195702 0.00181603 0 0 0.00961048 0.00777405 0 0 0.0027102 0.0211612 0.0174303 0 0 0 0.0334668 0.0346882 0 0 0 0.047104 0.0637781 0 0 0 0.0621471 0.121477 0 0 0 0.0847131 0.215247 0 0 0 0.110529 0.189478 0 0 0 0.0676859 0.126579 0 0 0 0.0217521 0.0834588 0 0 0 0.00939877 0.053616 0 5.53147e-05 0 0.00707823 0.0405009 0 1.60885e-05 0 0.00797666 0.0414129 0 0.000154547 0 0.0125926 0.0637511 0.0114769 0 0.000825212 0 0 0.0449517 0.00920637 0 0.000269771 0 0.0432837 0.0101032 0 0.000141576 0 0.0527199 0.013759 0 0.000109665 0 0.072571 0.021919 0 0 0 0.0938291 0.0428432 0 0 0 0.105041 0.0718193 0 0 0 0.126981 0.0499154 0 0 0 0.0889103 0.0280839 0 0 0 0.0575711 0.0269278 0 0 0 0.0418519 0.0251573 0 0 0 0.025925 0.0211994 0 0 0 0.0138891 0.0155048 0 0 0 0.00647999 0.00780621 0.00193478 0 0 0.00156921 0.0016931 0.00111748 0 0 0.000123458 0.000131799 8.95152e-05 0 0 6.78027e-06 9.13511e-06 0 0 0 1.01502e-06 1.53693e-06 0 0 0 4.96794e-07 6.56385e-07 0 0 0 3.07991e-07 5.28117e-07 0 0 0 1.1924e-07 3.45222e-07 0 0 0 0 9.23874e-08 0 0 0 0 0 0 0 1.85661e-09 0 0 0 0 7.73832e-09 0 0 0 0 0 8.27737e-10 1.08334e-09 1.63338e-09 1.32051e-08 0 0 0 0 0 0 0 0 2.29463e-08 4.92424e-10 0 0 0 4.66063e-07 4.28669e-07 0 0 0 4.90362e-06 4.69262e-06 0 0 0 1.65884e-05 1.76903e-05 0 0 0 0 2.65393e-05 3.6298e-05 0 0 0 2.39062e-05 5.07843e-05 0 0 0 2.24751e-05 6.64916e-05 0 0 0 0.000118582 0.000176947 0 0 0.000800384 0.00140191 0.0013246 0 0 0.0060746 0.00867549 0.00614373 0 0 0.00902862 0.0238077 0.0138717 0 0 0.0420723 0.0274992 0 0 0.00395623 0.0598746 0.06145 0 0 0 0.0873283 0.116435 0 0 0 0.126987 0.192372 0 0 0 0.169525 0.389581 0 0 0 0.20116 0.404583 0 0 0 0.09866 0.15392 0 0.00209408 0 0.0150614 0.0662415 0 0.00928939 0 0.0138251 0.0354709 0 0.00625761 0 0.0163571 0.0268737 0 0.00541678 0 0.0173027 0.0373981 0 0.00800168 0 0.0253935 0.0847469 0.019476 0 0.013141 0 0 0.052477 0.020823 0 0.0134935 0 0.0383941 0.0228049 0 0.0104658 0 0.0455201 0.0218131 0 0.0114079 0 0.0722758 0.0193393 0 0.0140467 0 0.130253 0.0517661 0 0 0 0.249112 0.174806 0 0 0 0.371967 0.124147 0 0 0 0.175846 0.0813391 0 0 0 0.124189 0.0671508 0 0 0 0.0892403 0.0524865 0 0 0 0.0514319 0.0397544 0 0 0 0.0247689 0.0308626 0 0 0 0.012786 0.0191619 0.00626208 0 0 0.00559711 0.00749704 0.00504875 0 0 0.00121206 0.00126295 0.000668365 0 0 0.000168686 0.000108199 0 0 0 6.56916e-05 2.1048e-05 0 0 0 5.06735e-05 2.36694e-05 0 0 0 3.62819e-05 2.65051e-05 0 0 0 1.76883e-05 1.65845e-05 0 0 0 4.69245e-06 4.90334e-06 0 0 0 4.28662e-07 4.66052e-07 0 0 0 4.92272e-10 2.2946e-08 0 0 0 0 0 0 0 0 0 0 1.32051e-08 0 2.35971e-09 0 0 3.51671e-07 2.58483e-07 0 0 0 4.96142e-06 6.22099e-06 0 0 2.99052e-06 0.0001104 0.000116112 0 0 3.50004e-05 0.00100467 0.000947657 0 0 0 0 0.00234515 0.00301933 0 0 0 0.00261196 0.00535332 0 0 0 0.00101288 0.00633045 0.000892983 0 0 0 0.00603216 0.000172872 0 0 0 0.00717436 0 0 0 0.0113365 0.00978796 0 0 0.0121376 0.0322924 0.0129687 0 0 0.0211259 0.0499095 0.0188598 0 0 0.0115619 0.0625876 0.0264548 0 0 0 0.0701481 0.0784544 0 0 0 0.0915468 0.157604 0 0 0 0.115403 0.223728 0 0 0.134305 0.327672 0 0 0 0.111701 0.765448 0 0 0 0.14172 0.10146 0 0 0 0.0271642 0.0295065 0 0.00235697 0 0.0277683 0.0209543 0 0.0102083 0 0.0271151 0.0193818 0 0.0142206 0 0.0207769 0.0469532 0 0.0226808 0 0.0182656 0.100069 0 0.0346861 0 0.0141311 0.180929 0.0709039 0 0.0476682 0 0 0.0427978 0.0510342 0 0.0358985 0 0.0350054 0.0445891 0 0.030456 0 0.0403269 0.0308698 0 0.0216039 0 0.0873889 0.0237472 0.015282 0 0 0.614137 0.413841 0 0 0 1.11552 0.0875847 0 0 0 0.209126 0.102008 0 0 0 0.201355 0.087929 0 0 0 0.15092 0.0728452 0 0 0 0.0802906 0.0563364 0 0 0 0.0316266 0.0506239 0.00515993 0 0 0.0216776 0.041257 0.0156627 0 0 0.0137136 0.0278638 0.00953049 0 0 0.00956033 0.0100958 0 0 0 0.00699267 0 0 0 0.000381846 0.00598828 0 0 0 0.000947654 0.00631811 0.00099575 0 0 0 0.00534953 0.00260674 0 0 0 0.00301837 0.00234387 0 0 0 0.000947516 0.0010045 0 0 0 0.000116105 0.000110393 3.49959e-05 0 0 6.2208e-06 4.96126e-06 2.99039e-06 0 0 2.58479e-07 3.51667e-07 0 0 0 2.3596e-09 0 0 0 1.15102e-06 0 0 2.61994e-05 3.17837e-05 0 0 2.7614e-05 0.000943883 0.00104856 0 0 0.000922787 0.0109118 0.00993025 0 0 0.00482782 0.00872578 0.0255269 0.0253295 0 0 0 0.0207771 0.0538733 0 0 0 0.0110729 0.0710329 0 0 0 0.00236877 0.0703061 0.00784724 0 0 0 0.0521066 0.0235851 0 0 0 0.0519619 0 0 0 0.0133552 0.0301497 0 0 0.0126027 0.0504485 0.00604409 0 0 0.0208523 0.0479818 0.025308 0 0 0.0244043 0.0527892 0.0523558 0 0 0 0.0202921 0.144906 0 0 0 0.0130694 0.20612 0 0 0 0.0163318 0.214719 0 0 0 0.0182205 0.153321 0.0385756 0 0 0 0.447794 0 0 0 0.0800273 0.0917477 0 0 0.0138841 0.0364908 0.0267943 0 0 0.00975216 0.0387588 0.0286485 0 0.0015048 0.0257212 0.0644093 0.0752551 0 0.0120243 0 0.014299 0.200351 0 0.0115105 0 0.00524044 0.315905 0 0.00785456 0 0.013878 0.385419 0.035097 0 0 0 0.08055 0.076039 0.0318429 0.0144951 0 0.0272528 0.0447161 0.0152072 0.00845273 0 0.0243416 0.0339436 0.0214109 0 0 0.0731871 0.052747 0.0274406 0 0 0.416753 0.0880507 0 0 0 0.426498 0 0 0 0.0329954 0.131849 0.0316581 0 0 0 0.218891 0.0246485 0 0 0 0.209931 0.0177187 0 0 0 0.147437 0.0225573 0 0 0 0.0566779 0.0521897 0.0228696 0 0 0.0297156 0.0447377 0.0186221 0 0 0.00994038 0.0453868 0.0107236 0 0 0.0300362 0.0105989 0 0 0 0.051166 0 0 0 0.0243721 0.0518096 0 0 0 0.00835531 0.0700707 0.00210358 0 0 0 0.0709089 0.0109533 0 0 0 0.0538238 0.0207289 0 0 0 0.0253168 0.0255111 0.00871773 0 0 0.00992786 0.0109093 0.00482603 0 0 0.00104845 0.000943795 0.000922678 0 0 3.17821e-05 2.61982e-05 2.76124e-05 0 0 1.15099e-06 0 0 0.0271615 0.0236117 0 0 0 0 0.0236014 0.0271504 0 0 0.0061267 0.00675669 0 0 0 0 0.00675557 0.00612578 0 0 0.0476116 0.0272683 0.0145838 0 0 0.0146015 0.0272428 0.0475725 0 0 0.0146841 0.0379089 0.0307599 0 0 0.0307953 0.0378325 0.0146033 0 0 0.00526246 0.039179 0.0363804 0 0 0.0364625 0.0389974 0.00507999 0 0 0.00205521 0.0337971 0.0367893 0.00680111 0 0.0369427 0.0334457 0.00167129 0 0.00747233 0 0.0204854 0.0415447 0.0230269 0 0.0417101 0.0199639 0 0 0.0240275 0.000286924 0.000340756 0 0 0 0 0.000340732 0.000286905 0 0 0 0.0247524 0.0168289 0 0 0.0172937 0.0231802 0 0 0 0.0388129 0.0560168 0 0 0 0 0.0525935 0.0354714 0 0 0.0888317 0.0444782 0 0 0 0 0.0429287 0.0835872 0 0 0.102501 0.0376374 0 0 0 0 0.0382458 0.0992951 0 0 0.107411 0.0194121 0.0385388 0 0 0.0381935 0.0212088 0.108085 0 0 0.0379754 0.025334 0.0766082 0 0 0.0754792 0.0279525 0.0417055 0 0 0.0114359 0.0367113 0.0815243 0.00161122 0 0.0789014 0.0405568 0.0182969 0 0 0 0.0365296 0.0704779 0.0311727 0 0.0605393 0.0389114 0.007925 0 0.0312317 0 0.0376342 0.110313 0.0266765 0 0.0914349 0.0241085 0 0 0.0729197 0 0.196863 0.0254984 0 0 0.0671769 0.164022 0 0 0 0.173012 0.0911182 0 0 0 0 0.3227 0.103633 0 0 0.23719 0.020563 0 0 0 0 0.0768528 0.347067 0 0 0.244583 0 0 0 0 0 0.00503841 0.373538 0 0 0.218529 0 0.0604712 0 0 0 0 0.352621 0 0 0.073291 0 0.156432 0 0 0.0554032 0 0.310429 0 0 0.0239015 0 0.210907 0 0 0.0313705 0.012611 0.155774 0 0.00809895 0.00621935 0.00467939 0 0 0.00467847 0.0062171 0.00809592 0 0 0.00981663 0.0136029 0.0122842 0 0 0.0122797 0.0135922 0.0098043 0 0 0.00181181 0.0015586 0.000385378 0 0 0.000385383 0.00155839 0.00181157 0 0 0.00552062 0.0180466 0.0178039 0.000529082 0 0.017794 0.0180142 0.00548559 0 0.000615936 0 0.016969 0.018542 0.00613139 0 0.0185301 0.0168914 0 0 0.00633301 0 0.0128112 0.0152591 0.000674104 0 0.0152673 0.0126317 0 0 0.00135408 0 0.018962 0.00547536 0 0 0.0059382 0.0181079 0 0 0 0 0 0.440525 0 0.0807145 0 0.257839 0.00775077 0 0.0344196 0.0336112 0 0 0 0 0.0305871 0.030486 0 0 0.169434 0 0.129047 0 0 0.0473726 0 0.503248 0 0 0.192856 0 0.0615726 0 0 0.042264 0 0.514653 0 0 0.0856563 0.0387819 0 0 0 0 0.0347134 0.0745728 0 0 0.20153 0 0.0282925 0 0 0.0365908 0 0.532865 0 0 0.120032 0.0376915 0 0 0 0 0.034867 0.102573 0 0 0.221263 0 0.0156617 0 0 0.00731705 0.0370347 0.599096 0 0 0.126275 0.0250324 0.035099 0 0 0.0375602 0.025845 0.107693 0 0 0.287812 0.0424529 0.00382571 0 0 0 0.499206 0.599099 0 0 0.132642 0.0120191 0.106326 0 0 0.102676 0.0196552 0.115441 0 0 0.293491 0.334536 0.140567 0 0 0.462927 0.55223 0.0739188 0 0 0.0986292 0.0132633 0.163617 0 0 0.150573 0.0267059 0.0884969 0 0 0.0345658 0.0935791 0.359255 0 0 0.231039 0.0413955 0 0 0 0.160942 0.0257521 0.0471975 0 0.0108582 0.0517117 0.0168355 0.212965 0 0 0.000105626 0.000105195 0 0 0 0 0.000105189 0.00010562 0 0 3.25129e-06 3.41303e-06 0 0 0 0 3.41294e-06 3.2512e-06 0 0 8.67004e-06 0 0 0 0 0 8.66978e-06 0 0 0 0.0918151 0 0.133302 0 0 0.0743825 0 0.0364959 0 0.0571996 0 0.124996 0 0 0.0837709 0 0.0417859 0 0 0.0766391 0 0.0287298 0 0 0.0401574 0 0.128758 0 0 0.0810187 0 0.0221007 0 0 0.0410878 0 0.144987 0 0 0.101177 0 0.0249222 0 0 0.0563755 0.00156559 0.18274 0 0 0.172825 0 0.0484505 0 0 0.135433 0.183948 0.350336 0 0 0.569616 0.140114 0.22032 0 0 0.415432 0.380883 0.32177 0 0 0.238366 0.10143 0.0653746 0 0 0.270982 0.176598 0.421167 0 0 0.153736 0.0640617 0.258144 0 0 0.136815 0.03929 0.0669014 0 0 0.000146994 0.000123309 0.000140701 0 0 0.0001407 0.000123272 0.000146936 0 0 0.000192287 0.000238092 0.000272689 0 0 0.000272711 0.000237866 0.000191904 0 0 0.0907754 0.028312 0.0833164 0 0 0.13617 0.0335826 0.12549 0 0 0.000344848 0.000299313 0.00010028 0 0 0.000102341 0.000300511 0.000344712 0 0 6.31554e-05 0.000359888 0.000336491 0 0 0.000340125 0.000352915 5.22377e-05 0 0 0.110965 0.0269421 0.0573523 0 0 0.0509449 0.0223644 0.0758574 0 0 0 0.000910529 0.000723615 0 0 0.000804541 0.000972314 0 0 0 0.00727164 0.00490992 0 0 0 0 0.00437279 0.00645496 0 0 3.62678e-05 3.51424e-05 4.85138e-05 0 0 4.85191e-05 3.51463e-05 3.6268e-05 0 0 0.0769027 0.0233236 0.014887 0 0 0.0177114 0.0186905 0.0561058 0 0 0.0286135 0.0127514 0 0 0 0 0.0109341 0.0243059 0 0 0.000397066 0.0156902 0.0427395 0 0 0.053882 0.0190262 0 0 0 5.47293e-06 4.90012e-06 2.41632e-06 0 0 2.41639e-06 4.89992e-06 5.4727e-06 0 0 3.15326e-07 4.11993e-07 3.59733e-07 0 0 3.59734e-07 4.11986e-07 3.1532e-07 0 0 2.01183e-08 3.16687e-08 8.13919e-08 0 0 8.13918e-08 3.16685e-08 2.01181e-08 0 0 0 0 0 1.85896e-07 5.1231e-09 5.12524e-09 1.85894e-07 0 0 0 0.044455 0 0.037646 0 0.0435025 0 0.0438099 0 0 0.0407158 0 0.0384871 0 0 0.0369871 0 0.0418191 0 0 0.0336828 0 0.0311978 0 0 0.0374231 0 0.0455955 0 0 0.0341364 0 0.0326488 0 0 0.0466739 0.000700717 0.062588 0 0 0.0520362 0.000532344 0.0451063 0 0 0.0640784 0.00621112 0.100318 0 0 0.106293 0.00675098 0.0754219 0 0 0.0843959 0.0281803 0.129266 0 0 0.236085 0.0358481 0.141711 0 0 0.117025 0.0548634 0.123277 0 0 0.216636 0.0610411 0.197943 0 0 0.106487 0.0289637 0.0389993 0 0 0.11036 0.0356683 0.155919 0 0 0.0787718 0.0119486 0.0291599 0 0 0.052595 0.00820661 0.034419 0 0 0.071527 0.0164379 0.0850406 0 0 0.0499874 0.00980343 0.0398605 0 0 0.031014 0.0063765 0.0308256 0 0 1.1105e-06 7.85497e-07 2.32476e-06 0 0 2.71425e-06 1.18272e-06 1.40467e-06 0 0 2.32821e-06 7.84428e-07 1.10721e-06 0 0 1.42952e-06 1.19093e-06 2.69121e-06 0 0 1.4109e-07 2.37976e-06 3.62638e-06 0 0 3.80288e-06 2.45116e-06 0 0 0 0.0304566 0.00644761 0.0148134 0 0 0.0138362 0.00473633 0.0215879 0 0 0 1.35668e-05 2.37125e-05 0 0 2.56379e-05 1.46951e-05 0 0 0 0.000368838 0.000188344 0 0 0 0 0.00016477 0.000327664 0 0 0.00336638 0.0031056 0.0125001 0 0 0.015772 0.00386738 0.00263933 0 0 0 0.00118954 0.00341223 0 0 0.00402261 0.00140625 0 0 0 1.38979e-06 4.19851e-07 7.18163e-07 0 0 7.18504e-07 4.19967e-07 1.38931e-06 0 0 2.07762e-07 1.493e-07 5.47065e-07 0 0 5.47115e-07 1.4929e-07 2.07739e-07 0 0 1.57217e-08 3.26319e-08 1.77769e-07 0 0 1.77772e-07 3.26314e-08 1.57207e-08 0 0 0 4.37819e-09 5.35054e-08 0 0 5.35054e-08 4.37816e-09 0 0 0 0 3.79722e-11 1.02762e-08 1.1558e-09 5.35242e-09 1.02762e-08 3.79721e-11 0 5.35242e-09 1.15583e-09 
</DataArray>
</CellData>
</Piece>
</UnstructuredGrid>
</VTKFile>
