<VTKFile type="UnstructuredGrid" version="0.1">
<UnstructuredGrid>
<Piece  NumberOfPoints="    4139" NumberOfCells="    3182">
<Points>
<DataArray type="Float64" NumberOfComponents="3" format="ascii">
-0.21435 -11.5314 0 
-0.213919 -11.5261 0 
-0.213394 -11.5194 0 
-0.212727 -11.5111 0 
-0.211817 -11.501 0 
-0.210513 -11.4891 0 
-0.208642 -11.4756 0 
-0.206027 -11.4604 0 
-0.202519 -11.444 0 
-0.198006 -11.4266 0 
-0.192417 -11.4086 0 
-0.18572 -11.3902 0 
-0.177918 -11.3717 0 
-0.169038 -11.3536 0 
-0.159125 -11.3361 0 
-0.148232 -11.3193 0 
-0.136421 -11.3034 0 
-0.123753 -11.2888 0 
-0.110292 -11.2754 0 
-0.0960994 -11.2634 0 
-0.0812423 -11.253 0 
-0.0657924 -11.2442 0 
-0.0498331 -11.2373 0 
-0.0334647 -11.2322 0 
-0.0168075 -11.2292 0 
-2.11569e-08 -11.2281 0 
0.0168074 -11.2292 0 
0.0334647 -11.2322 0 
0.0498331 -11.2373 0 
0.0657923 -11.2442 0 
0.0812423 -11.253 0 
0.0960994 -11.2634 0 
0.110292 -11.2754 0 
0.123753 -11.2888 0 
0.136421 -11.3034 0 
0.148232 -11.3193 0 
0.159125 -11.3361 0 
0.169038 -11.3536 0 
0.177918 -11.3717 0 
0.18572 -11.3902 0 
0.192417 -11.4086 0 
0.198006 -11.4266 0 
0.202519 -11.444 0 
0.206027 -11.4604 0 
0.208642 -11.4756 0 
0.210513 -11.4891 0 
0.211817 -11.501 0 
0.212727 -11.5111 0 
0.213394 -11.5194 0 
0.213919 -11.5261 0 
0.214349 -11.5314 0 
-1.43776 -11.4149 0 
-1.43223 -11.3162 0 
-1.42325 -11.1869 0 
-1.40997 -11.0368 0 
-1.39169 -10.8749 0 
-1.36806 -10.7077 0 
-1.339 -10.5394 0 
-1.30463 -10.3727 0 
-1.26508 -10.2093 0 
-1.22055 -10.0505 0 
-1.17119 -9.8972 0 
-1.11721 -9.75014 0 
-1.05878 -9.61002 0 
-0.99613 -9.47742 0 
-0.929467 -9.35292 0 
-0.859024 -9.23701 0 
-0.785036 -9.13018 0 
-0.707736 -9.03285 0 
-0.627356 -8.94545 0 
-0.544119 -8.86836 0 
-0.458249 -8.802 0 
-0.369985 -8.74677 0 
-0.279609 -8.70312 0 
-0.187482 -8.6715 0 
-0.0940797 -8.65233 0 
-2.11569e-08 -8.6459 0 
0.0940797 -8.65233 0 
0.187482 -8.6715 0 
0.279609 -8.70312 0 
0.369985 -8.74677 0 
0.458249 -8.802 0 
0.544119 -8.86836 0 
0.627356 -8.94545 0 
0.707736 -9.03285 0 
0.785036 -9.13018 0 
0.859024 -9.23701 0 
0.929467 -9.35292 0 
0.99613 -9.47742 0 
1.05878 -9.61002 0 
1.11721 -9.75014 0 
1.17119 -9.8972 0 
1.22055 -10.0505 0 
1.26508 -10.2093 0 
1.30463 -10.3727 0 
1.339 -10.5394 0 
1.36806 -10.7077 0 
1.39169 -10.8749 0 
1.40997 -11.0368 0 
1.42325 -11.1869 0 
1.43223 -11.3162 0 
1.43776 -11.4149 0 
-2.85905 -11.3516 0 
-2.84877 -11.1277 0 
-2.8304 -10.8337 0 
-2.80228 -10.5039 0 
-2.76357 -10.16 0 
-2.71406 -9.81373 0 
-2.65386 -9.47098 0 
-2.58324 -9.13514 0 
-2.50248 -8.80838 0 
-2.41194 -8.49234 0 
-2.31196 -8.18841 0 
-2.20296 -7.89783 0 
-2.08534 -7.62174 0 
-1.95958 -7.36122 0 
-1.82613 -7.11727 0 
-1.6855 -6.8908 0 
-1.53818 -6.68267 0 
-1.38471 -6.49367 0 
-1.22558 -6.32453 0 
-1.06131 -6.17594 0 
-0.892421 -6.04855 0 
-0.71944 -5.94302 0 
-0.542957 -5.85999 0 
-0.363655 -5.8001 0 
-0.182351 -5.76391 0 
-2.11569e-08 -5.75179 0 
0.182351 -5.76391 0 
0.363655 -5.8001 0 
0.542957 -5.85999 0 
0.71944 -5.94302 0 
0.892421 -6.04855 0 
1.06131 -6.17594 0 
1.22558 -6.32453 0 
1.38471 -6.49367 0 
1.53818 -6.68267 0 
1.6855 -6.8908 0 
1.82613 -7.11727 0 
1.95958 -7.36122 0 
2.08534 -7.62174 0 
2.20296 -7.89783 0 
2.31196 -8.18841 0 
2.41194 -8.49234 0 
2.50248 -8.80838 0 
2.58324 -9.13514 0 
2.65386 -9.47098 0 
2.71406 -9.81373 0 
2.76357 -10.16 0 
2.80228 -10.5039 0 
2.8304 -10.8337 0 
2.84877 -11.1277 0 
2.85905 -11.3516 0 
-4.29018 -11.3131 0 
-4.2763 -10.949 0 
-4.24948 -10.4777 0 
-4.20733 -9.96238 0 
-4.14896 -9.43487 0 
-4.0743 -8.90906 0 
-3.98359 -8.39144 0 
-3.87723 -7.88562 0 
-3.75563 -7.39417 0 
-3.6193 -6.91921 0 
-3.46879 -6.46268 0 
-3.30468 -6.02637 0 
-3.12762 -5.61199 0 
-2.93831 -5.22114 0 
-2.73746 -4.85531 0 
-2.52585 -4.5159 0 
-2.30426 -4.2042 0 
-2.07349 -3.92141 0 
-1.83436 -3.66861 0 
-1.5877 -3.44682 0 
-1.33433 -3.25698 0 
-1.07512 -3.09999 0 
-0.810984 -2.97672 0 
-0.542948 -2.88795 0 
-0.272181 -2.83437 0 
-2.11566e-08 -2.81646 0 
0.272181 -2.83437 0 
0.542948 -2.88795 0 
0.810984 -2.97672 0 
1.07512 -3.09999 0 
1.33433 -3.25698 0 
1.5877 -3.44682 0 
1.83436 -3.66861 0 
2.07349 -3.92141 0 
2.30426 -4.2042 0 
2.52585 -4.5159 0 
2.73746 -4.85531 0 
2.93831 -5.22114 0 
3.12762 -5.61199 0 
3.30468 -6.02637 0 
3.46879 -6.46268 0 
3.6193 -6.91921 0 
3.75563 -7.39417 0 
3.87723 -7.88562 0 
3.98359 -8.39144 0 
4.0743 -8.90906 0 
4.14896 -9.43487 0 
4.20733 -9.96238 0 
4.24948 -10.4777 0 
4.27629 -10.949 0 
4.29018 -11.3131 0 
-5.72277 -11.2861 0 
-5.70559 -10.7722 0 
-5.67046 -10.1182 0 
-5.61433 -9.41665 0 
-5.53635 -8.70617 0 
-5.43657 -8.00159 0 
-5.31538 -7.30952 0 
-5.17327 -6.6339 0 
-5.01083 -5.97774 0 
-4.8287 -5.34374 0 
-4.62761 -4.73441 0 
-4.40835 -4.15214 0 
-4.17179 -3.5992 0 
-3.91885 -3.07774 0 
-3.65052 -2.58976 0 
-3.36782 -2.13714 0 
-3.07181 -1.72162 0 
-2.76361 -1.3448 0 
-2.44433 -1.00813 0 
-2.1151 -0.712967 0 
-1.77708 -0.460534 0 
-1.43146 -0.251981 0 
-1.07949 -0.0883744 0 
-0.722557 0.0293224 0 
-0.362167 0.100306 0 
-2.10043e-08 0.124032 0 
0.362167 0.100306 0 
0.722557 0.0293224 0 
1.07949 -0.0883744 0 
1.43146 -0.251981 0 
1.77708 -0.460534 0 
2.1151 -0.712967 0 
2.44433 -1.00813 0 
2.76361 -1.3448 0 
3.07181 -1.72162 0 
3.36782 -2.13714 0 
3.65052 -2.58976 0 
3.91885 -3.07774 0 
4.17179 -3.5992 0 
4.40835 -4.15214 0 
4.62761 -4.73441 0 
4.8287 -5.34374 0 
5.01083 -5.97774 0 
5.17327 -6.6339 0 
5.31538 -7.30952 0 
5.43657 -8.00159 0 
5.53635 -8.70617 0 
5.61433 -9.41665 0 
5.67046 -10.1182 0 
5.70559 -10.7722 0 
5.72277 -11.2861 0 
-7.15555 -11.2659 0 
-7.13521 -10.5953 0 
-7.09177 -9.75632 0 
-7.02165 -8.86886 0 
-6.92405 -7.97614 0 
-6.79915 -7.0933 0 
-6.64746 -6.22707 0 
-6.4696 -5.38177 0 
-6.2663 -4.56095 0 
-6.03836 -3.7679 0 
-5.78668 -3.00576 0 
-5.51226 -2.27751 0 
-5.21619 -1.58598 0 
-4.89961 -0.933876 0 
-4.56377 -0.323716 0 
-4.20996 0.24214 0 
-3.83953 0.761509 0 
-3.45386 1.23238 0 
-3.0544 1.65293 0 
-2.64258 2.02149 0 
-2.21988 2.33652 0 
-1.78783 2.59664 0 
-1.34803 2.80058 0 
-0.902177 2.9472 0 
-0.452157 3.03558 0 
3.78655e-08 3.06512 0 
0.452157 3.03558 0 
0.902177 2.9472 0 
1.34803 2.80058 0 
1.78783 2.59664 0 
2.21988 2.33652 0 
2.64258 2.02149 0 
3.0544 1.65293 0 
3.45386 1.23238 0 
3.83953 0.761509 0 
4.20996 0.24214 0 
4.56377 -0.323716 0 
4.89961 -0.933876 0 
5.21619 -1.58598 0 
5.51226 -2.27751 0 
5.78668 -3.00576 0 
6.03836 -3.7679 0 
6.2663 -4.56095 0 
6.4696 -5.38177 0 
6.64746 -6.22707 0 
6.79915 -7.0933 0 
6.92405 -7.97614 0 
7.02165 -8.86886 0 
7.09177 -9.75632 0 
7.13521 -10.5953 0 
7.15555 -11.2659 0 
-8.58831 -11.25 0 
-8.56489 -10.4178 0 
-8.51318 -9.3928 0 
-8.42907 -8.31995 0 
-8.31184 -7.24554 0 
-8.16183 -6.18475 0 
-7.97966 -5.1445 0 
-7.76606 -4.12956 0 
-7.52189 -3.14408 0 
-7.24813 -2.19199 0 
-6.94586 -1.27702 0 
-6.61628 -0.402769 0 
-6.26068 0.427358 0 
-5.88046 1.21012 0 
-5.4771 1.94247 0 
-5.05217 2.62158 0 
-4.6073 3.2448 0 
-4.14416 3.80973 0 
-3.6645 4.31417 0 
-3.17008 4.7561 0 
-2.66269 5.13373 0 
-2.14421 5.4454 0 
-1.61655 5.68964 0 
-1.08179 5.86517 0 
-0.542152 5.97095 0 
1.86609e-05 6.0063 0 
0.542154 5.97095 0 
1.08179 5.86517 0 
1.61655 5.68964 0 
2.14421 5.4454 0 
2.66269 5.13373 0 
3.17008 4.7561 0 
3.6645 4.31417 0 
4.14416 3.80973 0 
4.6073 3.2448 0 
5.05217 2.62158 0 
5.4771 1.94247 0 
5.88046 1.21012 0 
6.26068 0.427358 0 
6.61628 -0.402768 0 
6.94586 -1.27702 0 
7.24813 -2.19199 0 
7.52189 -3.14408 0 
7.76606 -4.12956 0 
7.97966 -5.1445 0 
8.16183 -6.18475 0 
8.31184 -7.24554 0 
8.42907 -8.31995 0 
8.51318 -9.3928 0 
8.56489 -10.4178 0 
8.58831 -11.25 0 
-10.0208 -11.2372 0 
-9.99438 -10.2397 0 
-9.93454 -9.02833 0 
-9.83644 -7.77062 0 
-9.6996 -6.51493 0 
-9.52449 -5.27641 0 
-9.31185 -4.06222 0 
-9.06253 -2.87768 0 
-8.77752 -1.72755 0 
-8.45796 -0.616399 0 
-8.10511 0.451415 0 
-7.72036 1.47168 0 
-7.30523 2.44043 0 
-6.86136 3.35387 0 
-6.39048 4.20843 0 
-5.89441 5.00078 0 
-5.37509 5.72787 0 
-4.83447 6.38686 0 
-4.2746 6.97516 0 
-3.69756 7.49046 0 
-3.10548 7.93064 0 
-2.50056 8.29382 0 
-1.88506 8.57831 0 
-1.26141 8.7827 0 
-0.632159 8.90592 0 
8.61797e-05 8.94709 0 
0.632176 8.90586 0 
1.26141 8.7827 0 
1.88506 8.57831 0 
2.50056 8.29382 0 
3.10548 7.93064 0 
3.69756 7.49046 0 
4.2746 6.97516 0 
4.83447 6.38686 0 
5.37509 5.72787 0 
5.89442 5.00079 0 
6.39048 4.20842 0 
6.86136 3.35386 0 
7.30523 2.44044 0 
7.72035 1.47168 0 
8.10511 0.451413 0 
8.45796 -0.616393 0 
8.77752 -1.72755 0 
9.06253 -2.87767 0 
9.31185 -4.06222 0 
9.5245 -5.2764 0 
9.6996 -6.51494 0 
9.83645 -7.77062 0 
9.93453 -9.02833 0 
9.99438 -10.2397 0 
10.0208 -11.2372 0 
-11.4517 -11.2271 0 
-11.4226 -10.0613 0 
-11.3547 -8.66342 0 
-11.2425 -7.22139 0 
-11.086 -5.7849 0 
-10.8857 -4.36899 0 
-10.6425 -2.98116 0 
-10.3574 -1.62732 0 
-10.0316 -0.312813 0 
-9.66621 0.957106 0 
-9.26279 2.17749 0 
-8.82291 3.34353 0 
-8.34829 4.45062 0 
-7.84082 5.49448 0 
-7.30248 6.47102 0 
-6.73536 7.3764 0 
-6.14166 8.20714 0 
-5.52365 8.95999 0 
-4.88368 9.63199 0 
-4.22414 10.2205 0 
-3.54749 10.7231 0 
-2.85626 11.1376 0 
-2.15307 11.4623 0 
-1.44067 11.6954 0 
-0.722035 11.836 0 
-0.000282969 11.8828 0 
0.721957 11.836 0 
1.44066 11.6954 0 
2.15307 11.4623 0 
2.85626 11.1376 0 
3.54749 10.7231 0 
4.22414 10.2205 0 
4.88368 9.63199 0 
5.52365 8.95999 0 
6.14166 8.20715 0 
6.73536 7.3764 0 
7.30248 6.47101 0 
7.84082 5.49449 0 
8.3483 4.45063 0 
8.8229 3.34351 0 
9.26279 2.17749 0 
9.66622 0.95712 0 
10.0316 -0.312828 0 
10.3575 -1.62731 0 
10.6425 -2.98118 0 
10.8857 -4.36898 0 
11.0859 -5.7849 0 
11.2425 -7.22139 0 
11.3547 -8.66342 0 
11.4226 -10.0613 0 
11.4517 -11.2271 0 
-12.8722 -11.2194 0 
-12.8418 -9.88345 0 
-12.7656 -8.30007 0 
-12.6391 -6.67532 0 
-12.4625 -5.05962 0 
-12.2366 -3.46799 0 
-11.9625 -1.90837 0 
-11.6413 -0.38718 0 
-11.2743 1.08958 0 
-10.8629 2.51604 0 
-10.4088 3.88668 0 
-9.91378 5.19615 0 
-9.37983 6.43927 0 
-8.80906 7.61128 0 
-8.2037 8.70759 0 
-7.56608 9.72393 0 
-6.89868 10.6563 0 
-6.20407 11.5012 0 
-5.48487 12.2553 0 
-4.74378 12.9156 0 
-3.9836 13.4793 0 
-3.20715 13.9442 0 
-2.4174 14.3082 0 
-1.61741 14.5695 0 
-0.810491 14.727 0 
9.15504e-07 14.7795 0 
0.810487 14.7272 0 
1.6174 14.5695 0 
2.4174 14.3082 0 
3.20715 13.9442 0 
3.9836 13.4793 0 
4.74378 12.9156 0 
5.48487 12.2553 0 
6.20407 11.5013 0 
6.89869 10.6564 0 
7.56608 9.72391 0 
8.2037 8.70758 0 
8.80907 7.61129 0 
9.37984 6.43929 0 
9.91376 5.19612 0 
10.4088 3.8867 0 
10.8629 2.51606 0 
11.2742 1.08955 0 
11.6413 -0.387166 0 
11.9625 -1.90838 0 
12.2366 -3.46799 0 
12.4625 -5.05962 0 
12.6391 -6.67533 0 
12.7656 -8.30007 0 
12.8418 -9.88345 0 
12.8722 -11.2194 0 
-14.2214 -11.2139 0 
-14.1864 -9.714 0 
-14.099 -7.95496 0 
-13.955 -6.15901 0 
-13.7545 -4.37703 0 
-13.4988 -2.62427 0 
-13.1895 -0.909056 0 
-12.8285 0.76175 0 
-12.4173 2.38177 0 
-11.958 3.94498 0 
-11.4525 5.44558 0 
-10.9028 6.87797 0 
-10.3113 8.23691 0 
-9.6801 9.51734 0 
-9.01171 10.7145 0 
-8.30865 11.8238 0 
-7.57359 12.8412 0 
-6.80928 13.7627 0 
-6.01854 14.585 0 
-5.20429 15.3048 0 
-4.36951 15.9193 0 
-3.51728 16.4259 0 
-2.65078 16.8225 0 
-1.77333 17.1072 0 
-0.888431 17.279 0 
0.000232557 17.3367 0 
0.888491 17.2791 0 
1.77333 17.1071 0 
2.65078 16.8225 0 
3.51728 16.4259 0 
4.36951 15.9193 0 
5.20429 15.3048 0 
6.01854 14.585 0 
6.80928 13.7628 0 
7.5736 12.8412 0 
8.30866 11.8238 0 
9.01169 10.7144 0 
9.68009 9.51732 0 
10.3113 8.23692 0 
10.9029 6.87799 0 
11.4525 5.44555 0 
11.958 3.94498 0 
12.4173 2.38178 0 
12.8285 0.761741 0 
13.1896 -0.909052 0 
13.4988 -2.62427 0 
13.7545 -4.37702 0 
13.955 -6.159 0 
14.099 -7.95496 0 
14.1864 -9.71399 0 
14.2214 -11.2139 0 
-13.4381 -6.31338 0 
-13.0268 -4.81572 0 
13.0251 -4.81654 0 
13.4398 -6.31266 0 
-13.5416 -8.05665 0 
-13.245 -6.49033 0 
13.2446 -6.49059 0 
13.542 -8.05661 0 
-13.275 -4.58055 0 
-12.7629 -3.1706 0 
12.7636 -3.1701 0 
13.2742 -4.5809 0 
-13.0494 -2.87497 0 
-12.4579 -1.55914 0 
12.4578 -1.55923 0 
13.0495 -2.87494 0 
-12.7694 -1.20233 0 
-12.1065 0.00949732 0 
12.1058 0.00889608 0 
12.7701 -1.20174 0 
-12.4332 0.427241 0 
-11.7133 1.53316 0 
11.7148 1.53464 0 
12.4316 0.425847 0 
-12.0403 2.00305 0 
-11.2815 3.01009 0 
11.2798 3.00809 0 
12.0421 2.0049 0 
-13.5922 -9.76483 0 
-13.4112 -8.18075 0 
13.412 -8.18051 0 
13.5914 -9.76474 0 
-11.599 3.52329 0 
-10.8069 4.42985 0 
10.807 4.43005 0 
11.5989 3.52318 0 
-11.1091 4.979 0 
-10.293 5.79039 0 
10.2945 5.79263 0 
11.1075 4.9768 0 
-10.5715 6.3612 0 
-9.743 7.08973 0 
9.74186 7.08773 0 
10.5728 6.3631 0 
-9.9935 7.67056 0 
-9.15429 8.31669 0 
9.15418 8.3165 0 
9.99361 7.67079 0 
-9.37578 8.89935 0 
-8.5305 9.46948 0 
8.53113 9.47091 0 
9.37508 8.89797 0 
-8.7214 10.0431 0 
-7.87345 10.5434 0 
7.87458 10.5462 0 
8.72015 10.0403 0 
-8.03218 11.0946 0 
-7.18629 11.537 0 
7.18551 11.5347 0 
8.03307 11.0969 0 
-7.3138 12.0566 0 
-6.46889 12.4398 0 
6.46854 12.4386 0 
7.31418 12.0578 0 
-6.5679 12.9226 0 
-5.72493 13.2511 0 
5.72487 13.2508 0 
6.56797 12.9228 0 
-5.79761 13.6895 0 
-4.95698 13.9672 0 
4.95709 13.9677 0 
5.79746 13.689 0 
-5.00605 14.3549 0 
-4.16775 14.5848 0 
4.16795 14.5861 0 
5.00579 14.3537 0 
-4.1964 14.9163 0 
-3.36006 15.1012 0 
3.36027 15.1029 0 
4.19611 14.9146 0 
-3.37193 15.3718 0 
-2.53684 15.5137 0 
2.537 15.5158 0 
3.37166 15.3697 0 
-2.53599 15.7199 0 
-1.70101 15.8201 0 
1.70108 15.8226 0 
2.53579 15.7174 0 
-1.69235 15.9593 0 
-0.85742 16.0187 0 
0.857483 16.0221 0 
1.69233 15.9574 0 
-0.844664 16.1501 0 
-0.00827118 16.1094 0 
0.00843055 16.2366 0 
0.844656 16.1537 0 
-11.9357 -5.29809 0 
-11.4388 -4.04121 0 
11.4385 -4.04135 0 
11.936 -5.29793 0 
-11.7395 -3.7603 0 
-11.1647 -2.5978 0 
11.1669 -2.59615 0 
11.7372 -3.76178 0 
-12.0777 -6.85687 0 
-11.6748 -5.51546 0 
11.6751 -5.5153 0 
12.0773 -6.85705 0 
10.8548 -1.18783 0 
11.4884 -2.25457 0 
-11.4874 -2.25536 0 
-10.8558 -1.18695 0 
-11.187 -0.787116 0 
-10.5069 0.182848 0 
10.5081 0.184053 0 
11.1857 -0.788261 0 
-10.835 0.632812 0 
-10.1236 1.51215 0 
10.1221 1.51033 0 
10.8367 0.634537 0 
-10.4391 2.00282 0 
-9.70156 2.79128 0 
9.70173 2.79155 0 
10.4389 2.00263 0 
-0.758755 13.3331 0 
-0.00773533 13.3469 0 
0.00832293 13.4895 0 
0.75819 13.332 0 
-9.99916 3.31477 0 
-9.24398 4.01812 0 
9.2454 4.02031 0 
9.99757 3.31259 0 
-1.52421 13.2155 0 
-0.770078 13.1842 0 
0.769869 13.1827 0 
1.52404 13.2129 0 
-2.2846 13.0005 0 
-1.53087 13.0637 0 
1.53073 13.0614 0 
2.28444 12.9981 0 
-9.51615 4.56055 0 
-8.7533 5.19064 0 
8.7524 5.18906 0 
9.51715 4.56208 0 
-3.03739 12.6871 0 
-2.28435 12.8073 0 
2.2845 12.8094 0 
3.03713 12.685 0 
-8.99657 5.74088 0 
-8.2273 6.29852 0 
8.22732 6.29858 0 
8.99654 5.74086 0 
-3.7799 12.2763 0 
-3.02532 12.4337 0 
3.02553 12.4354 0 
3.77961 12.2745 0 
-8.44115 6.84876 0 
-7.66918 7.33997 0 
7.66984 7.34146 0 
8.4404 6.84726 0 
-4.50896 11.7698 0 
-3.75204 11.9661 0 
3.75224 11.9674 0 
4.50869 11.7685 0 
-7.85137 7.87728 0 
-7.08168 8.31333 0 
7.08166 8.31324 0 
7.8514 7.87733 0 
-5.22161 11.1695 0 
-4.46183 11.407 0 
4.46197 11.4077 0 
5.22143 11.1688 0 
-7.23264 8.82848 0 
-6.46432 9.20877 0 
6.4637 9.20696 0 
7.23334 8.83028 0 
5.1521 10.7591 0 
5.91498 10.4775 0 
-5.91498 10.4775 0 
-5.1521 10.7591 0 
-6.58625 9.69623 0 
-5.82038 10.0252 0 
5.82014 10.0244 0 
6.58653 9.69708 0 
-12.169 -8.42061 0 
-11.8681 -7.01641 0 
11.8692 -7.01592 0 
12.1678 -8.42087 0 
-12.2057 -9.94555 0 
-12.024 -8.5265 0 
12.0224 -8.52695 0 
12.2074 -9.94542 0 
-13.5859 -11.2544 0 
-13.5246 -9.82692 0 
13.5224 -9.82738 0 
13.5881 -11.2544 0 
-0.672492 10.4206 0 
-0.00517924 10.4361 0 
0.00551258 10.2882 0 
0.672235 10.4213 0 
0.67837 10.2706 0 
1.34923 10.3201 0 
-1.34912 10.3182 0 
-0.678356 10.2695 0 
-2.02178 10.1293 0 
-1.35022 10.1648 0 
1.35032 10.1665 0 
2.02194 10.1314 0 
-2.68747 9.85359 0 
-2.01646 9.95273 0 
2.01627 9.95052 0 
2.68778 9.85579 0 
-3.34444 9.49406 0 
-2.67017 9.61828 0 
2.67048 9.6205 0 
3.34407 9.4918 0 
-3.9892 9.04766 0 
-3.31132 9.20318 0 
3.31162 9.20504 0 
3.98882 9.04579 0 
-4.61951 8.5184 0 
-3.93726 8.70728 0 
3.93754 8.70866 0 
4.61918 8.51702 0 
-5.23288 7.90819 0 
-4.54573 8.13294 0 
4.54592 8.13372 0 
5.23265 7.90741 0 
5.13455 7.48289 0 
5.82683 7.21911 0 
-5.82685 7.21917 0 
-5.13453 7.48281 0 
-10.395 -4.67397 0 
-9.83053 -3.66398 0 
9.8315 -3.66322 0 
10.3939 -4.67464 0 
-10.1725 -3.34098 0 
-9.55854 -2.42181 0 
9.55711 -2.42313 0 
10.1741 -3.33976 0 
5.70132 6.75907 0 
6.3993 6.45452 0 
-6.39901 6.45373 0 
-5.70158 6.75984 0 
9.25308 -1.21404 0 
9.90541 -2.04188 0 
-9.90635 -2.04102 0 
-9.25223 -1.21494 0 
-9.59391 -0.784709 0 
-8.91609 -0.0427034 0 
8.9148 -0.0443008 0 
9.59536 -0.783167 0 
-6.94693 5.6145 0 
-6.24493 5.96726 0 
6.24425 5.96548 0 
6.9477 5.61628 0 
8.54646 1.08658 0 
9.24186 0.426342 0 
-9.24222 0.426778 0 
-8.54613 1.08612 0 
-8.84977 1.5838 0 
-8.14637 2.17196 0 
8.14632 2.17187 0 
8.84983 1.58388 0 
10.0714 -4.93501 0 
10.5684 -6.0353 0 
-10.5664 -6.03631 0 
-10.0732 -4.93382 0 
-7.46944 4.70683 0 
-6.7617 5.10608 0 
6.76256 5.10806 0 
7.46846 4.70482 0 
-8.42278 2.68666 0 
-7.71419 3.20555 0 
7.71373 3.20471 0 
8.4233 2.6875 0 
7.25257 4.18566 0 
7.96147 3.72825 0 
-7.96184 3.72892 0 
-7.25224 4.18498 0 
-10.6914 -7.41514 0 
-10.281 -6.23183 0 
10.2821 -6.23127 0 
10.6902 -7.41557 0 
-10.7635 -8.79692 0 
-10.4592 -7.5496 0 
10.4573 -7.55036 0 
10.7656 -8.7964 0 
-10.7916 -10.1334 0 
-10.6003 -8.8757 0 
10.6016 -8.87539 0 
10.7902 -10.1336 0 
-12.2002 -11.2516 0 
-12.1302 -9.98942 0 
12.133 -9.98901 0 
12.1973 -11.2516 0 
-0.586419 7.49105 0 
-0.00187653 7.50211 0 
0.00206268 7.35298 0 
0.58629 7.49127 0 
-1.17382 7.40392 0 
-0.585594 7.33926 0 
0.585602 7.33972 0 
1.17386 7.40467 0 
-1.75786 7.24109 0 
-1.16816 7.25022 0 
1.16821 7.25089 0 
1.75794 7.24196 0 
-2.33595 7.00282 0 
-1.74652 7.07763 0 
1.74643 7.07659 0 
2.33608 7.00387 0 
-2.90594 6.68999 0 
-2.3131 6.78767 0 
2.31294 6.78637 0 
2.90615 6.69129 0 
-3.46557 6.30395 0 
-2.86834 6.42582 0 
2.86807 6.4242 0 
3.46589 6.30559 0 
-4.01271 5.84619 0 
-3.41016 5.99397 0 
3.41015 5.9939 0 
4.01272 5.84625 0 
-4.54581 5.32035 0 
-3.93613 5.49222 0 
3.93646 5.49364 0 
4.54542 5.3189 0 
4.44543 4.92768 0 
5.06153 4.72343 0 
-5.0618 4.72428 0 
-4.4452 4.92683 0 
4.93524 4.29854 0 
5.55904 4.06188 0 
-5.55909 4.06202 0 
-4.9352 4.2984 0 
-6.03564 3.33578 0 
-5.40442 3.60974 0 
5.40416 3.60903 0 
6.03593 3.3365 0 
-8.85062 -4.43069 0 
-8.25763 -3.66161 0 
7.99464 -2.61745 0 
8.61744 -3.30128 0 
8.25802 -3.66123 0 
8.85018 -4.43104 0 
-8.61816 -3.3006 0 
-7.99401 -2.61815 0 
7.70413 -1.60481 0 
8.34593 -2.20832 0 
-8.34482 -2.20955 0 
-7.70511 -1.60355 0 
-6.48938 2.548 0 
-5.85129 2.86391 0 
5.85058 2.86218 0 
6.49019 2.54974 0 
7.38769 -0.624972 0 
8.03656 -1.15902 0 
-8.03716 -1.15826 0 
-7.38717 -0.625734 0 
-7.69417 -0.155033 0 
-7.04337 0.315569 0 
7.04236 0.313886 0 
7.69532 -0.153351 0 
6.27401 2.06339 0 
6.91867 1.70214 0 
-6.91935 1.70342 0 
-6.27342 2.06212 0 
6.67134 1.21202 0 
7.32141 0.800783 0 
-7.32135 0.800684 0 
-6.6714 1.21211 0 
8.49245 -4.73463 0 
9.04417 -5.59031 0 
-9.04408 -5.59038 0 
-8.49253 -4.73456 0 
-9.19133 -6.77626 0 
-8.70375 -5.83024 0 
8.703 -5.83073 0 
9.19215 -6.77583 0 
-9.29617 -7.97563 0 
-8.88677 -6.94943 0 
8.88525 -6.95022 0 
9.29782 -7.97499 0 
-9.35549 -9.17274 0 
-9.04395 -8.08576 0 
9.04462 -8.0855 0 
9.35478 -9.17292 0 
-9.36763 -10.3192 0 
-9.17778 -9.225 0 
9.17749 -9.22507 0 
9.36793 -10.3192 0 
-10.7759 -11.2393 0 
-10.7062 -10.1498 0 
10.7045 -10.15 0 
10.7776 -11.2393 0 
-0.293655 -11.5205 0.0
-0.293268 -11.5158 0.0
-1.38975 -11.3268 0.0
-1.39473 -11.4156 0.0
-0.292356 -11.5021 0.0
-1.38123 -11.2029 0.0
-1.38931 -11.3192 0.0
-0.292829 -11.5082 0.0
-0.290889 -11.4853 0.0
-1.3684 -11.0585 0.0
-1.38036 -11.1936 0.0
-0.29149 -11.4928 0.0
-0.288798 -11.4659 0.0
-1.35068 -10.9024 0.0
-1.36713 -11.0481 0.0
-0.289618 -11.475 0.0
-0.285955 -11.4443 0.0
-1.32774 -10.741 0.0
-1.34901 -10.8915 0.0
-0.287128 -11.455 0.0
-0.282215 -11.4211 0.0
-1.29954 -10.5785 0.0
-1.32569 -10.73 0.0
-0.2839 -11.4333 0.0
-0.277441 -11.3965 0.0
-1.26618 -10.4175 0.0
-1.29712 -10.5675 0.0
-0.279794 -11.4101 0.0
-0.271517 -11.3709 0.0
-1.22783 -10.2596 0.0
-1.26341 -10.4067 0.0
-0.274674 -11.3857 0.0
-0.264363 -11.3447 0.0
-1.18465 -10.1062 0.0
-1.22473 -10.2491 0.0
-0.268425 -11.3604 0.0
-0.255929 -11.3182 0.0
-1.13683 -9.958 0.0
-1.18125 -10.096 0.0
-0.260959 -11.3345 0.0
-0.2462 -11.2919 0.0
-1.08454 -9.81584 0.0
-1.13313 -9.94819 0.0
-0.252227 -11.3084 0.0
-0.235191 -11.2659 0.0
-1.02797 -9.68035 0.0
-1.08055 -9.80646 0.0
-0.242212 -11.2825 0.0
-0.222936 -11.2407 0.0
-0.967319 -9.55209 0.0
-1.02371 -9.67143 0.0
-0.230928 -11.257 0.0
-0.209488 -11.2165 0.0
-0.902796 -9.43163 0.0
-0.962793 -9.54369 0.0
-0.218411 -11.2323 0.0
-0.19491 -11.1935 0.0
-0.834622 -9.31945 0.0
-0.898021 -9.42377 0.0
-0.204713 -11.2086 0.0
-0.179267 -11.172 0.0
-0.76302 -9.21602 0.0
-0.82961 -9.31217 0.0
-0.189897 -11.1862 0.0
-0.162632 -11.1521 0.0
-0.688216 -9.12175 0.0
-0.757786 -9.20934 0.0
-0.174033 -11.1653 0.0
-0.145073 -11.134 0.0
-0.610431 -9.03705 0.0
-0.682773 -9.11571 0.0
-0.157189 -11.146 0.0
-0.126664 -11.1178 0.0
-0.529881 -8.9623 0.0
-0.604794 -9.03167 0.0
-0.139437 -11.1286 0.0
-0.107476 -11.1038 0.0
-0.446782 -8.89789 0.0
-0.524065 -8.95762 0.0
-0.120848 -11.1131 0.0
-0.0875909 -11.0919 0.0
-0.361365 -8.84421 0.0
-0.440802 -8.89392 0.0
-0.101496 -11.0998 0.0
-0.0670996 -11.0824 0.0
-0.273898 -8.8017 0.0
-0.355237 -8.84098 0.0
-0.0814629 -11.0887 0.0
-0.0461131 -11.0754 0.0
-0.184728 -8.77078 0.0
-0.267643 -8.79924 0.0
-0.0608447 -11.08 0.0
-0.0247669 -11.071 0.0
-0.094312 -8.75186 0.0
-0.178374 -8.76912 0.0
-0.0397585 -11.0738 0.0
-0.00322091 -11.0692 0.0
-0.00322091 -8.74523 0.0
-0.0878927 -8.75102 0.0
-0.0183476 -11.0702 0.0
0.0183476 -11.0702 0.0
0.0878926 -8.75102 0.0
0.00322087 -8.74523 0.0
0.00322087 -11.0692 0.0
0.0397584 -11.0738 0.0
0.178374 -8.76912 0.0
0.0943119 -8.75186 0.0
0.0247669 -11.071 0.0
0.0608446 -11.08 0.0
0.267643 -8.79924 0.0
0.184728 -8.77078 0.0
0.0461131 -11.0754 0.0
0.0814629 -11.0887 0.0
0.355237 -8.84098 0.0
0.273898 -8.8017 0.0
0.0670995 -11.0824 0.0
0.101496 -11.0998 0.0
0.440802 -8.89392 0.0
0.361365 -8.84421 0.0
0.0875909 -11.0919 0.0
0.120848 -11.1131 0.0
0.524065 -8.95762 0.0
0.446782 -8.89789 0.0
0.107476 -11.1038 0.0
0.139437 -11.1286 0.0
0.604794 -9.03167 0.0
0.529881 -8.9623 0.0
0.126664 -11.1178 0.0
0.157189 -11.146 0.0
0.682773 -9.11571 0.0
0.610431 -9.03705 0.0
0.145073 -11.134 0.0
0.174032 -11.1653 0.0
0.757786 -9.20934 0.0
0.688216 -9.12175 0.0
0.162631 -11.1521 0.0
0.189897 -11.1862 0.0
0.82961 -9.31217 0.0
0.76302 -9.21602 0.0
0.179267 -11.172 0.0
0.204713 -11.2086 0.0
0.898021 -9.42377 0.0
0.834622 -9.31945 0.0
0.194909 -11.1935 0.0
0.218411 -11.2323 0.0
0.962793 -9.54369 0.0
0.902796 -9.43163 0.0
0.209488 -11.2165 0.0
0.230928 -11.257 0.0
1.02371 -9.67143 0.0
0.967319 -9.55209 0.0
0.222936 -11.2407 0.0
0.242212 -11.2825 0.0
1.08055 -9.80646 0.0
1.02797 -9.68035 0.0
0.235191 -11.2659 0.0
0.252227 -11.3084 0.0
1.13313 -9.94819 0.0
1.08454 -9.81584 0.0
0.2462 -11.2919 0.0
0.260959 -11.3345 0.0
1.18125 -10.096 0.0
1.13683 -9.958 0.0
0.255929 -11.3182 0.0
0.268425 -11.3604 0.0
1.22473 -10.2491 0.0
1.18465 -10.1062 0.0
0.264363 -11.3447 0.0
0.274674 -11.3857 0.0
1.26341 -10.4067 0.0
1.22783 -10.2596 0.0
0.271517 -11.3709 0.0
0.279794 -11.4101 0.0
1.29712 -10.5675 0.0
1.26618 -10.4175 0.0
0.27744 -11.3965 0.0
0.2839 -11.4333 0.0
1.32569 -10.73 0.0
1.29954 -10.5785 0.0
0.282215 -11.4211 0.0
0.287128 -11.455 0.0
1.34901 -10.8915 0.0
1.32774 -10.741 0.0
0.285955 -11.4443 0.0
0.289618 -11.475 0.0
1.36713 -11.0481 0.0
1.35068 -10.9024 0.0
0.288798 -11.4659 0.0
0.29149 -11.4928 0.0
1.38036 -11.1936 0.0
1.3684 -11.0585 0.0
0.290889 -11.4853 0.0
0.292829 -11.5082 0.0
1.38931 -11.3192 0.0
1.38123 -11.2029 0.0
0.292356 -11.5021 0.0
0.293655 -11.5205 0.0
1.39473 -11.4156 0.0
1.38975 -11.3268 0.0
0.293268 -11.5158 0.0
-1.5176 -11.4028 0.0
-1.51263 -11.314 0.0
-2.78751 -11.1443 0.0
-2.79676 -11.3459 0.0
-1.51152 -11.2944 0.0
-1.50344 -11.1781 0.0
-2.76987 -10.8602 0.0
-2.7864 -11.1248 0.0
-1.5013 -11.1545 0.0
-1.48934 -11.0194 0.0
-2.74243 -10.5398 0.0
-2.76773 -10.8366 0.0
-1.48644 -10.9938 0.0
-1.46999 -10.8481 0.0
-2.70468 -10.2047 0.0
-2.73952 -10.5141 0.0
-1.46636 -10.8216 0.0
-1.44509 -10.6711 0.0
-2.65649 -9.86659 0.0
-2.70105 -10.1783 0.0
-1.44071 -10.6446 0.0
-1.41457 -10.4931 0.0
-2.59794 -9.53158 0.0
-2.65211 -9.84006 0.0
-1.40942 -10.4669 0.0
-1.37849 -10.3168 0.0
-2.52923 -9.20309 0.0
-2.5928 -9.50535 0.0
-1.37258 -10.2912 0.0
-1.33699 -10.1441 0.0
-2.45065 -8.88331 0.0
-2.52333 -9.17739 0.0
-1.33033 -10.1192 0.0
-1.29025 -9.97624 0.0
-2.3625 -8.57389 0.0
-2.44399 -8.85833 0.0
-1.28285 -9.95211 0.0
-1.23843 -9.81414 0.0
-2.26512 -8.27623 0.0
-2.35509 -8.54977 0.0
-1.23031 -9.79098 0.0
-1.18172 -9.65863 0.0
-2.1589 -7.99154 0.0
-2.257 -8.25307 0.0
-1.17292 -9.63654 0.0
-1.12034 -9.51042 0.0
-2.04424 -7.72097 0.0
-2.15009 -7.96945 0.0
-1.11088 -9.48949 0.0
-1.05449 -9.37015 0.0
-1.92159 -7.46557 0.0
-2.03478 -7.70004 0.0
-1.04441 -9.35045 0.0
-0.984411 -9.2384 0.0
-1.79141 -7.22631 0.0
-1.91151 -7.44587 0.0
-0.973747 -9.22002 0.0
-0.910348 -9.1157 0.0
-1.65417 -7.00411 0.0
-1.78074 -7.20794 0.0
-0.899136 -9.09872 0.0
-0.832547 -9.00257 0.0
-1.51038 -6.79981 0.0
-1.64296 -6.98713 0.0
-0.820827 -8.98704 0.0
-0.751258 -8.89944 0.0
-1.36053 -6.61418 0.0
-1.49866 -6.78428 0.0
-0.739069 -8.88543 0.0
-0.666727 -8.80677 0.0
-1.20513 -6.44795 0.0
-1.34834 -6.60017 0.0
-0.654108 -8.79434 0.0
-0.579194 -8.72496 0.0
-1.04467 -6.30178 0.0
-1.19251 -6.43551 0.0
-0.566184 -8.71417 0.0
-0.488901 -8.65444 0.0
-0.879656 -6.17633 0.0
-1.03166 -6.29098 0.0
-0.475539 -8.64533 0.0
-0.396102 -8.59563 0.0
-0.710611 -6.07225 0.0
-0.866294 -6.16723 0.0
-0.382432 -8.58826 0.0
-0.301093 -8.54897 0.0
-0.538106 -5.99016 0.0
-0.696941 -6.06488 0.0
-0.287166 -8.5434 0.0
-0.204252 -8.51494 0.0
-0.362808 -5.93068 0.0
-0.52418 -5.98458 0.0
-0.190128 -8.51119 0.0
-0.106066 -8.49394 0.0
-0.18551 -5.89436 0.0
-0.348684 -5.92694 0.0
-0.0918175 -8.49205 0.0
-0.00714577 -8.48627 0.0
-0.00714577 -5.88157 0.0
-0.171262 -5.89248 0.0
0.00714573 -8.48627 0.0
0.0918175 -8.49205 0.0
0.171262 -5.89248 0.0
0.00714573 -5.88157 0.0
0.106066 -8.49394 0.0
0.190128 -8.51119 0.0
0.348684 -5.92694 0.0
0.18551 -5.89436 0.0
0.204252 -8.51494 0.0
0.287166 -8.5434 0.0
0.524179 -5.98458 0.0
0.362808 -5.93068 0.0
0.301093 -8.54897 0.0
0.382432 -8.58826 0.0
0.696941 -6.06488 0.0
0.538106 -5.99016 0.0
0.396102 -8.59563 0.0
0.475539 -8.64533 0.0
0.866294 -6.16723 0.0
0.710611 -6.07225 0.0
0.488901 -8.65444 0.0
0.566183 -8.71417 0.0
1.03166 -6.29098 0.0
0.879656 -6.17633 0.0
0.579194 -8.72496 0.0
0.654107 -8.79434 0.0
1.19251 -6.43551 0.0
1.04467 -6.30178 0.0
0.666727 -8.80677 0.0
0.739069 -8.88543 0.0
1.34834 -6.60017 0.0
1.20513 -6.44795 0.0
0.751258 -8.89944 0.0
0.820827 -8.98704 0.0
1.49866 -6.78428 0.0
1.36053 -6.61418 0.0
0.832547 -9.00257 0.0
0.899136 -9.09872 0.0
1.64296 -6.98713 0.0
1.51038 -6.79981 0.0
0.910348 -9.1157 0.0
0.973747 -9.22002 0.0
1.78074 -7.20794 0.0
1.65417 -7.00411 0.0
0.984411 -9.2384 0.0
1.04441 -9.35045 0.0
1.91151 -7.44587 0.0
1.79141 -7.22631 0.0
1.05449 -9.37015 0.0
1.11088 -9.48949 0.0
2.03478 -7.70004 0.0
1.92159 -7.46557 0.0
1.12034 -9.51042 0.0
1.17292 -9.63654 0.0
2.15009 -7.96945 0.0
2.04424 -7.72097 0.0
1.18172 -9.65863 0.0
1.23031 -9.79098 0.0
2.257 -8.25307 0.0
2.1589 -7.99154 0.0
1.23843 -9.81414 0.0
1.28285 -9.95211 0.0
2.35509 -8.54977 0.0
2.26512 -8.27623 0.0
1.29025 -9.97624 0.0
1.33033 -10.1192 0.0
2.44399 -8.85833 0.0
2.3625 -8.57389 0.0
1.33699 -10.1441 0.0
1.37258 -10.2912 0.0
2.52333 -9.17739 0.0
2.45065 -8.88331 0.0
1.37849 -10.3168 0.0
1.40942 -10.4669 0.0
2.5928 -9.50535 0.0
2.52923 -9.20309 0.0
1.41457 -10.4931 0.0
1.44071 -10.6446 0.0
2.65211 -9.84006 0.0
2.59794 -9.53158 0.0
1.44509 -10.6711 0.0
1.46636 -10.8216 0.0
2.70105 -10.1783 0.0
2.65649 -9.86659 0.0
1.46999 -10.8481 0.0
1.48644 -10.9938 0.0
2.73952 -10.5141 0.0
2.70468 -10.2047 0.0
1.48934 -11.0194 0.0
1.5013 -11.1545 0.0
2.76773 -10.8366 0.0
2.74243 -10.5398 0.0
1.50344 -11.1781 0.0
1.51152 -11.2944 0.0
2.7864 -11.1248 0.0
2.76987 -10.8602 0.0
1.51263 -11.314 0.0
1.5176 -11.4028 0.0
2.79676 -11.3459 0.0
2.78751 -11.1443 0.0
-2.92642 -11.133 0.0
-4.21119 -10.9722 0.0
-4.22369 -11.2999 0.0
-2.93567 -11.3345 0.0
-2.90797 -10.834 0.0
-4.18514 -10.5136 0.0
-4.20928 -10.9378 0.0
-2.9245 -11.0986 0.0
-2.87944 -10.4963 0.0
-4.14399 -10.0089 0.0
-4.18192 -10.4727 0.0
-2.90475 -10.7931 0.0
-2.84016 -10.1433 0.0
-4.08701 -9.49068 0.0
-4.13955 -9.96544 0.0
-2.875 -10.4528 0.0
-2.78988 -9.78751 0.0
-4.0141 -8.97331 0.0
-4.08129 -9.44653 0.0
-2.83444 -10.0992 0.0
-2.72868 -9.43515 0.0
-3.92543 -8.46357 0.0
-4.00707 -8.92943 0.0
-2.78285 -9.74363 0.0
-2.65678 -9.08978 0.0
-3.82137 -7.96522 0.0
-3.9171 -8.42046 0.0
-2.72034 -9.39204 0.0
-2.57447 -8.75365 0.0
-3.70231 -7.48086 0.0
-3.81174 -7.92317 0.0
-2.64715 -9.04774 0.0
-2.4821 -8.42845 0.0
-3.56873 -7.01264 0.0
-3.69143 -7.4401 0.0
-2.56359 -8.71289 0.0
-2.38003 -8.11561 0.0
-3.42117 -6.56245 0.0
-3.55663 -6.97333 0.0
-2.47 -8.38914 0.0
-2.26865 -7.8164 0.0
-3.2602 -6.13209 0.0
-3.4079 -6.52477 0.0
-2.36676 -8.07792 0.0
-2.14841 -7.53202 0.0
-3.08647 -5.72324 0.0
-3.24582 -6.09619 0.0
-2.25427 -7.78049 0.0
-2.01977 -7.26356 0.0
-2.90063 -5.33748 0.0
-3.07102 -5.68925 0.0
-2.13296 -7.49802 0.0
-1.88322 -7.01205 0.0
-2.70342 -4.97628 0.0
-2.88418 -5.30553 0.0
-2.00332 -7.23161 0.0
-1.73925 -6.77844 0.0
-2.49557 -4.64103 0.0
-2.68602 -4.9465 0.0
-1.86582 -6.98227 0.0
-1.5884 -6.56363 0.0
-2.27786 -4.333 0.0
-2.4773 -4.61353 0.0
-1.72098 -6.75094 0.0
-1.43119 -6.36841 0.0
-2.05109 -4.05337 0.0
-2.25878 -4.30789 0.0
-1.56931 -6.53851 0.0
-1.26814 -6.19356 0.0
-1.81605 -3.80323 0.0
-2.03126 -4.03074 0.0
-1.41136 -6.34578 0.0
-1.0998 -6.03976 0.0
-1.57355 -3.58356 0.0
-1.79554 -3.78317 0.0
-1.24764 -6.1735 0.0
-0.926685 -5.90771 0.0
-1.3244 -3.3953 0.0
-1.55244 -3.56616 0.0
-1.07869 -6.02236 0.0
-0.749354 -5.79807 0.0
-1.06947 -3.23935 0.0
-1.30276 -3.38064 0.0
-0.905037 -5.89305 0.0
-0.568407 -5.7115 0.0
-0.809632 -3.11655 0.0
-1.04735 -3.2275 0.0
-0.727242 -5.78623 0.0
-0.384543 -5.64864 0.0
-0.545906 -3.0277 0.0
-0.787139 -3.10759 0.0
-0.545914 -5.70254 0.0
-0.198588 -5.61004 0.0
-0.279435 -2.97346 0.0
-0.523126 -3.02168 0.0
-0.361762 -5.64262 0.0
-0.0115114 -5.59612 0.0
-0.0115114 -2.95431 0.0
-0.256474 -2.97044 0.0
-0.175627 -5.60702 0.0
0.175627 -5.60702 0.0
0.256474 -2.97044 0.0
0.0115113 -2.95431 0.0
0.0115113 -5.59612 0.0
0.361762 -5.64262 0.0
0.523126 -3.02168 0.0
0.279435 -2.97346 0.0
0.198588 -5.61004 0.0
0.545914 -5.70254 0.0
0.787139 -3.10759 0.0
0.545906 -3.0277 0.0
0.384543 -5.64864 0.0
0.727242 -5.78623 0.0
1.04735 -3.2275 0.0
0.809632 -3.11655 0.0
0.568407 -5.7115 0.0
0.905037 -5.89305 0.0
1.30276 -3.38064 0.0
1.06947 -3.23935 0.0
0.749354 -5.79807 0.0
1.07869 -6.02236 0.0
1.55244 -3.56616 0.0
1.3244 -3.3953 0.0
0.926685 -5.90771 0.0
1.24764 -6.1735 0.0
1.79554 -3.78317 0.0
1.57355 -3.58356 0.0
1.0998 -6.03976 0.0
1.41136 -6.34578 0.0
2.03126 -4.03074 0.0
1.81605 -3.80323 0.0
1.26814 -6.19356 0.0
1.56931 -6.53851 0.0
2.25878 -4.30789 0.0
2.05109 -4.05337 0.0
1.43119 -6.36841 0.0
1.72098 -6.75094 0.0
2.4773 -4.61353 0.0
2.27786 -4.333 0.0
1.5884 -6.56363 0.0
1.86582 -6.98227 0.0
2.68602 -4.9465 0.0
2.49557 -4.64103 0.0
1.73925 -6.77844 0.0
2.00332 -7.23161 0.0
2.88418 -5.30553 0.0
2.70342 -4.97628 0.0
1.88322 -7.01205 0.0
2.13296 -7.49802 0.0
3.07102 -5.68925 0.0
2.90063 -5.33748 0.0
2.01977 -7.26356 0.0
2.25427 -7.78049 0.0
3.24582 -6.09619 0.0
3.08647 -5.72324 0.0
2.14841 -7.53202 0.0
2.36676 -8.07792 0.0
3.4079 -6.52477 0.0
3.2602 -6.13209 0.0
2.26865 -7.8164 0.0
2.47 -8.38914 0.0
3.55663 -6.97333 0.0
3.42117 -6.56245 0.0
2.38003 -8.11561 0.0
2.56359 -8.71289 0.0
3.69143 -7.4401 0.0
3.56873 -7.01264 0.0
2.4821 -8.42845 0.0
2.64715 -9.04774 0.0
3.81174 -7.92317 0.0
3.70231 -7.48086 0.0
2.57447 -8.75365 0.0
2.72034 -9.39204 0.0
3.9171 -8.42046 0.0
3.82137 -7.96522 0.0
2.65678 -9.08978 0.0
2.78285 -9.74363 0.0
4.00707 -8.92943 0.0
3.92543 -8.46357 0.0
2.72868 -9.43515 0.0
2.83444 -10.0992 0.0
4.08129 -9.44653 0.0
4.0141 -8.97331 0.0
2.78988 -9.78751 0.0
2.875 -10.4528 0.0
4.13955 -9.96544 0.0
4.08701 -9.49068 0.0
2.84016 -10.1433 0.0
2.90475 -10.7931 0.0
4.18192 -10.4727 0.0
4.14399 -10.0089 0.0
2.87944 -10.4963 0.0
2.9245 -11.0986 0.0
4.20928 -10.9378 0.0
4.18514 -10.5136 0.0
2.90797 -10.834 0.0
2.92642 -11.133 0.0
2.93567 -11.3345 0.0
4.22369 -11.2999 0.0
4.21119 -10.9722 0.0
-4.3526 -10.9618 0.0
-5.63896 -10.8027 0.0
-5.65443 -11.2652 0.0
-4.3651 -11.2895 0.0
-4.32593 -10.4871 0.0
-5.6048 -10.1636 0.0
-5.63642 -10.7521 0.0
-4.35006 -10.9113 0.0
-4.28374 -9.96435 0.0
-5.55004 -9.4732 0.0
-5.60055 -10.1046 0.0
-4.32167 -10.4281 0.0
-4.22518 -9.42781 0.0
-5.47383 -8.77198 0.0
-5.54401 -9.41142 0.0
-4.27771 -9.90257 0.0
-4.1501 -8.89247 0.0
-5.37615 -8.07574 0.0
-5.46595 -8.70986 0.0
-4.2173 -9.36569 0.0
-4.05872 -8.3652 0.0
-5.25733 -7.39147 0.0
-5.3664 -8.01433 0.0
-4.14035 -8.83106 0.0
-3.95139 -7.84977 0.0
-5.11783 -6.72322 0.0
-5.24573 -7.33129 0.0
-4.04712 -8.30501 0.0
-3.82855 -7.34884 0.0
-4.95822 -6.07406 0.0
-5.10442 -6.6646 0.0
-3.93798 -7.79115 0.0
-3.69068 -6.86458 0.0
-4.77914 -5.44666 0.0
-4.94306 -6.01726 0.0
-3.81338 -7.29204 0.0
-3.53835 -6.39896 0.0
-4.58129 -4.84352 0.0
-4.76227 -5.39192 0.0
-3.67382 -6.80984 0.0
-3.37215 -5.95382 0.0
-4.36546 -4.26701 0.0
-4.56279 -4.79105 0.0
-3.51985 -6.34649 0.0
-3.19274 -5.53089 0.0
-4.13249 -3.71938 0.0
-4.3454 -4.21702 0.0
-3.35209 -5.90383 0.0
-3.00081 -5.1318 0.0
-3.8833 -3.20275 0.0
-4.11095 -3.67207 0.0
-3.1712 -5.48358 0.0
-2.79711 -4.7581 0.0
-3.61886 -2.71911 0.0
-3.86036 -3.15829 0.0
-2.97787 -5.08735 0.0
-2.5824 -4.41121 0.0
-3.34017 -2.27033 0.0
-3.59461 -2.67768 0.0
-2.77286 -4.71668 0.0
-2.3575 -4.09244 0.0
-3.0483 -1.85812 0.0
-3.3147 -2.23209 0.0
-2.55693 -4.37297 0.0
-2.12321 -3.80302 0.0
-2.74432 -1.48407 0.0
-3.0217 -1.82322 0.0
-2.3309 -4.05754 0.0
-1.88037 -3.54407 0.0
-2.42934 -1.14964 0.0
-2.7167 -1.45264 0.0
-2.09559 -3.77159 0.0
-1.62982 -3.31662 0.0
-2.10448 -0.85615 0.0
-2.40079 -1.1218 0.0
-1.85182 -3.51623 0.0
-1.37241 -3.12163 0.0
-1.77088 -0.604826 0.0
-2.0751 -0.832015 0.0
-1.60044 -3.29248 0.0
-1.10901 -2.96002 0.0
-1.42971 -0.396807 0.0
-1.74077 -0.584505 0.0
-1.3423 -3.10131 0.0
-0.840554 -2.83266 0.0
-1.08221 -0.233154 0.0
-1.39898 -0.3804 0.0
-1.07828 -2.94361 0.0
-0.568084 -2.74037 0.0
-0.729733 -0.114823 0.0
-1.05098 -0.220751 0.0
-0.809317 -2.82026 0.0
-0.292779 -2.68383 0.0
-0.373766 -0.0426181 0.0
-0.698117 -0.106503 0.0
-0.536469 -2.73205 0.0
-0.0159652 -2.66353 0.0
-0.0159652 -0.0170881 0.0
-0.341916 -0.0384416 0.0
-0.260928 -2.67965 0.0
0.260928 -2.67965 0.0
0.341916 -0.0384416 0.0
0.0159651 -0.0170881 0.0
0.0159651 -2.66353 0.0
0.536469 -2.73205 0.0
0.698117 -0.106503 0.0
0.373766 -0.0426181 0.0
0.292779 -2.68383 0.0
0.809317 -2.82026 0.0
1.05098 -0.220751 0.0
0.729733 -0.114823 0.0
0.568084 -2.74037 0.0
1.07828 -2.94361 0.0
1.39898 -0.3804 0.0
1.08221 -0.233154 0.0
0.840554 -2.83266 0.0
1.3423 -3.10131 0.0
1.74077 -0.584505 0.0
1.42971 -0.396807 0.0
1.10901 -2.96002 0.0
1.60044 -3.29248 0.0
2.0751 -0.832015 0.0
1.77088 -0.604826 0.0
1.37241 -3.12163 0.0
1.85182 -3.51623 0.0
2.40079 -1.1218 0.0
2.10448 -0.85615 0.0
1.62982 -3.31662 0.0
2.09559 -3.77159 0.0
2.7167 -1.45264 0.0
2.42934 -1.14964 0.0
1.88037 -3.54407 0.0
2.3309 -4.05754 0.0
3.0217 -1.82322 0.0
2.74432 -1.48407 0.0
2.12321 -3.80302 0.0
2.55693 -4.37297 0.0
3.3147 -2.23209 0.0
3.0483 -1.85812 0.0
2.3575 -4.09244 0.0
2.77286 -4.71668 0.0
3.59461 -2.67768 0.0
3.34017 -2.27033 0.0
2.5824 -4.41121 0.0
2.97787 -5.08735 0.0
3.86036 -3.15829 0.0
3.61886 -2.71911 0.0
2.79711 -4.7581 0.0
3.1712 -5.48358 0.0
4.11095 -3.67207 0.0
3.8833 -3.20275 0.0
3.00081 -5.1318 0.0
3.35209 -5.90383 0.0
4.3454 -4.21702 0.0
4.13249 -3.71938 0.0
3.19274 -5.53089 0.0
3.51985 -6.34649 0.0
4.56279 -4.79105 0.0
4.36546 -4.26701 0.0
3.37215 -5.95382 0.0
3.67382 -6.80984 0.0
4.76227 -5.39192 0.0
4.58129 -4.84352 0.0
3.53835 -6.39896 0.0
3.81338 -7.29204 0.0
4.94306 -6.01726 0.0
4.77914 -5.44666 0.0
3.69068 -6.86458 0.0
3.93798 -7.79115 0.0
5.10442 -6.6646 0.0
4.95822 -6.07406 0.0
3.82855 -7.34884 0.0
4.04712 -8.30501 0.0
5.24573 -7.33129 0.0
5.11783 -6.72322 0.0
3.95139 -7.84977 0.0
4.14035 -8.83106 0.0
5.3664 -8.01433 0.0
5.25733 -7.39147 0.0
4.05872 -8.3652 0.0
4.2173 -9.36569 0.0
5.46595 -8.70986 0.0
5.37615 -8.07574 0.0
4.1501 -8.89247 0.0
4.27771 -9.90257 0.0
5.54401 -9.41142 0.0
5.47383 -8.77198 0.0
4.22518 -9.42781 0.0
4.32167 -10.4281 0.0
5.60055 -10.1046 0.0
5.55004 -9.4732 0.0
4.28374 -9.96435 0.0
4.35006 -10.9113 0.0
5.63642 -10.7521 0.0
5.6048 -10.1636 0.0
4.32593 -10.4871 0.0
4.3526 -10.9618 0.0
4.3651 -11.2895 0.0
5.65443 -11.2652 0.0
5.63896 -10.8027 0.0
-5.78116 -10.7927 0.0
-7.06782 -10.6335 0.0
-7.08613 -11.237 0.0
-5.79662 -11.2553 0.0
-5.74643 -10.1369 0.0
-7.02561 -9.81117 0.0
-7.0647 -10.5662 0.0
-5.77804 -10.7254 0.0
-5.69061 -9.4281 0.0
-6.9572 -8.93508 0.0
-7.0203 -9.7338 0.0
-5.74112 -10.0595 0.0
-5.61277 -8.70854 0.0
-6.8617 -8.05151 0.0
-6.94954 -8.85496 0.0
-5.68296 -9.34797 0.0
-5.51289 -7.99433 0.0
-6.73921 -7.17687 0.0
-6.85162 -7.97142 0.0
-5.60269 -8.62845 0.0
-5.39132 -7.2925 0.0
-6.59019 -6.3183 0.0
-6.72671 -7.09791 0.0
-5.50039 -7.91536 0.0
-5.24853 -6.60714 0.0
-6.41523 -5.48023 0.0
-6.5753 -6.241 0.0
-5.37643 -7.21521 0.0
-5.08512 -5.94134 0.0
-6.21504 -4.66623 0.0
-6.39802 -5.40497 0.0
-5.23132 -6.53189 0.0
-4.90173 -5.29784 0.0
-5.99042 -3.87959 0.0
-6.19557 -4.59333 0.0
-5.06564 -5.86844 0.0
-4.69908 -4.67919 0.0
-5.74225 -3.12341 0.0
-5.96876 -3.80934 0.0
-4.88006 -5.22759 0.0
-4.47799 -4.08783 0.0
-5.47151 -2.40065 0.0
-5.71849 -3.05608 0.0
-4.67532 -4.61187 0.0
-4.23932 -3.52604 0.0
-5.17928 -1.71414 0.0
-5.44575 -2.33652 0.0
-4.45223 -4.02369 0.0
-3.98401 -2.99602 0.0
-4.86669 -1.06655 0.0
-5.15161 -1.65344 0.0
-4.21166 -3.46534 0.0
-3.71305 -2.49981 0.0
-4.53497 -0.460374 0.0
-4.83723 -1.00952 0.0
-3.95455 -2.93899 0.0
-3.42747 -2.03932 0.0
-4.1854 0.102031 0.0
-4.50383 -0.40724 0.0
-3.6819 -2.44668 0.0
-3.12836 -1.61632 0.0
-3.8193 0.618497 0.0
-4.15269 0.151065 0.0
-3.39476 -1.99029 0.0
-2.81683 -1.23243 0.0
-3.43805 1.08703 0.0
-3.78515 0.663244 0.0
-3.09421 -1.57157 0.0
-2.49401 -0.889149 0.0
-3.04307 1.50581 0.0
-3.40259 1.12732 0.0
-2.78136 -1.19215 0.0
-2.16105 -0.587833 0.0
-2.63579 1.87318 0.0
-3.00642 1.54148 0.0
-2.45736 -0.853483 0.0
-1.81914 -0.329743 0.0
-2.21766 2.18761 0.0
-2.59809 1.90408 0.0
-2.12335 -0.556933 0.0
-1.46946 -0.116042 0.0
-1.7902 2.44772 0.0
-2.17904 2.21361 0.0
-1.78052 -0.30374 0.0
-1.11329 0.0521862 0.0
-1.35497 2.65224 0.0
-1.7508 2.4687 0.0
-1.43006 -0.0950598 0.0
-0.752022 0.173966 0.0
-0.913679 2.80005 0.0
-1.31494 2.6681 0.0
-1.07327 0.0680388 0.0
-0.387176 0.24848 0.0
-0.468166 2.89023 0.0
-0.873184 2.81068 0.0
-0.711527 0.184594 0.0
-0.0204411 0.275167 0.0
-0.020441 2.92214 0.0
-0.427382 2.89556 0.0
-0.346391 0.253813 0.0
0.346391 0.253813 0.0
0.427382 2.89556 0.0
0.0204411 2.92214 0.0
0.020441 0.275167 0.0
0.711527 0.184594 0.0
0.873184 2.81068 0.0
0.468166 2.89023 0.0
0.387176 0.24848 0.0
1.07327 0.0680388 0.0
1.31494 2.6681 0.0
0.913679 2.80005 0.0
0.752022 0.173966 0.0
1.43006 -0.0950598 0.0
1.7508 2.4687 0.0
1.35497 2.65224 0.0
1.11329 0.0521862 0.0
1.78052 -0.30374 0.0
2.17904 2.21361 0.0
1.7902 2.44772 0.0
1.46946 -0.116042 0.0
2.12335 -0.556933 0.0
2.59809 1.90408 0.0
2.21766 2.18761 0.0
1.81914 -0.329743 0.0
2.45736 -0.853483 0.0
3.00642 1.54148 0.0
2.63579 1.87318 0.0
2.16105 -0.587833 0.0
2.78136 -1.19215 0.0
3.40259 1.12732 0.0
3.04307 1.50581 0.0
2.49401 -0.889149 0.0
3.09421 -1.57157 0.0
3.78515 0.663244 0.0
3.43805 1.08703 0.0
2.81683 -1.23243 0.0
3.39476 -1.99029 0.0
4.15269 0.151065 0.0
3.8193 0.618497 0.0
3.12836 -1.61632 0.0
3.6819 -2.44668 0.0
4.50383 -0.40724 0.0
4.1854 0.102031 0.0
3.42747 -2.03932 0.0
3.95455 -2.93899 0.0
4.83723 -1.00952 0.0
4.53497 -0.460374 0.0
3.71305 -2.49981 0.0
4.21166 -3.46534 0.0
5.15161 -1.65344 0.0
4.86669 -1.06655 0.0
3.98401 -2.99602 0.0
4.45223 -4.02369 0.0
5.44575 -2.33652 0.0
5.17928 -1.71414 0.0
4.23932 -3.52604 0.0
4.67532 -4.61187 0.0
5.71849 -3.05608 0.0
5.47151 -2.40065 0.0
4.47799 -4.08783 0.0
4.88006 -5.22759 0.0
5.96876 -3.80934 0.0
5.74225 -3.12341 0.0
4.69908 -4.67919 0.0
5.06564 -5.86844 0.0
6.19557 -4.59333 0.0
5.99042 -3.87959 0.0
4.90172 -5.29784 0.0
5.23132 -6.53189 0.0
6.39802 -5.40497 0.0
6.21504 -4.66623 0.0
5.08512 -5.94134 0.0
5.37643 -7.21521 0.0
6.5753 -6.241 0.0
6.41523 -5.48023 0.0
5.24853 -6.60714 0.0
5.50039 -7.91536 0.0
6.72671 -7.09791 0.0
6.59019 -6.3183 0.0
5.39132 -7.2925 0.0
5.60269 -8.62845 0.0
6.85162 -7.97142 0.0
6.73921 -7.17687 0.0
5.51289 -7.99433 0.0
5.68296 -9.34797 0.0
6.94954 -8.85496 0.0
6.8617 -8.05151 0.0
5.61277 -8.70854 0.0
5.74112 -10.0595 0.0
7.0203 -9.7338 0.0
6.9572 -8.93508 0.0
5.69061 -9.4281 0.0
5.77804 -10.7254 0.0
7.0647 -10.5662 0.0
7.02561 -9.81117 0.0
5.74643 -10.1369 0.0
5.78116 -10.7927 0.0
5.79662 -11.2553 0.0
7.08613 -11.237 0.0
7.06782 -10.6335 0.0
-7.21035 -10.6238 0.0
-8.49706 -10.4641 0.0
-8.51814 -11.2131 0.0
-7.22866 -11.2273 0.0
-7.16759 -9.78428 0.0
-8.44685 -9.45712 0.0
-8.4934 -10.3796 0.0
-7.20668 -10.5393 0.0
-7.09811 -8.8897 0.0
-8.36478 -8.39568 0.0
-8.44048 -9.36124 0.0
-7.16121 -9.68841 0.0
-7.00096 -7.9878 0.0
-8.24997 -7.33026 0.0
-8.35548 -8.29723 0.0
-7.0888 -8.79125 0.0
-6.87625 -7.09521 0.0
-8.10267 -6.27752 0.0
-8.23768 -7.23223 0.0
-6.98866 -7.88977 0.0
-6.72447 -6.21909 0.0
-7.92344 -5.24477 0.0
-8.0874 -6.181 0.0
-6.86099 -6.9987 0.0
-6.54621 -5.36389 0.0
-7.71302 -4.2369 0.0
-7.90526 -5.15035 0.0
-6.70628 -6.12467 0.0
-6.34221 -4.53323 0.0
-7.47224 -3.25805 0.0
-7.69199 -4.14498 0.0
-6.52518 -5.27197 0.0
-6.11326 -3.73046 0.0
-7.20206 -2.31214 0.0
-7.44844 -3.16902 0.0
-6.31841 -4.4442 0.0
-5.86029 -2.95874 0.0
-6.90355 -1.40288 0.0
-7.1756 -2.22635 0.0
-6.0868 -3.64467 0.0
-5.58428 -2.2211 0.0
-6.5779 -0.533831 0.0
-6.87453 -1.32066 0.0
-5.83126 -2.87652 0.0
-5.28634 -1.5204 0.0
-6.22638 0.291604 0.0
-6.54642 -0.45551 0.0
-5.5528 -2.14278 0.0
-4.96761 -0.859389 0.0
-5.85038 1.07021 0.0
-6.19257 0.365721 0.0
-5.25253 -1.44628 0.0
-4.62936 -0.240618 0.0
-5.45136 1.79895 0.0
-5.81438 1.13983 0.0
-4.93161 -0.789763 0.0
-4.27287 0.333518 0.0
-5.03086 2.47501 0.0
-5.4133 1.86381 0.0
-4.5913 -0.175753 0.0
-3.89952 0.860803 0.0
-4.59051 3.09577 0.0
-4.9909 2.53486 0.0
-4.23291 0.393371 0.0
-3.51071 1.3392 0.0
-4.13198 3.65881 0.0
-4.5488 3.15038 0.0
-3.8578 0.915412 0.0
-3.10787 1.76685 0.0
-3.65696 4.16196 0.0
-4.08866 3.70797 0.0
-3.46739 1.38835 0.0
-2.69247 2.14205 0.0
-3.16722 4.60321 0.0
-3.6122 4.20546 0.0
-3.06311 1.81035 0.0
-2.26601 2.46326 0.0
-2.66454 4.98075 0.0
-3.12118 4.64088 0.0
-2.64644 2.17973 0.0
-1.83002 2.72906 0.0
-2.15076 5.29294 0.0
-2.6174 5.01244 0.0
-2.21887 2.49495 0.0
-1.38611 2.93817 0.0
-1.62779 5.53832 0.0
-2.10268 5.3185 0.0
-1.78194 2.75463 0.0
-0.936012 3.08943 0.0
-1.09767 5.7156 0.0
-1.57895 5.55762 0.0
-1.33728 2.95747 0.0
-0.481602 3.18192 0.0
-0.562597 5.82375 0.0
-1.04828 5.72854 0.0
-0.88662 3.10237 0.0
-0.0249252 3.21499 0.0
-0.0249084 5.86205 0.0
-0.512862 5.83024 0.0
-0.431867 3.18841 0.0
0.431867 3.18841 0.0
0.512865 5.83023 0.0
0.024943 5.86205 0.0
0.0249262 3.21499 0.0
0.88662 3.10237 0.0
1.04828 5.72854 0.0
0.5626 5.82374 0.0
0.481602 3.18191 0.0
1.33728 2.95747 0.0
1.57895 5.55762 0.0
1.09767 5.7156 0.0
0.936012 3.08943 0.0
1.78194 2.75463 0.0
2.10268 5.3185 0.0
1.62779 5.53832 0.0
1.38611 2.93817 0.0
2.21887 2.49495 0.0
2.6174 5.01244 0.0
2.15076 5.29294 0.0
1.83002 2.72906 0.0
2.64644 2.17973 0.0
3.12118 4.64088 0.0
2.66454 4.98075 0.0
2.26601 2.46326 0.0
3.06311 1.81035 0.0
3.6122 4.20546 0.0
3.16722 4.60321 0.0
2.69247 2.14205 0.0
3.46739 1.38835 0.0
4.08866 3.70797 0.0
3.65696 4.16196 0.0
3.10787 1.76685 0.0
3.8578 0.915412 0.0
4.5488 3.15038 0.0
4.13198 3.65881 0.0
3.51071 1.3392 0.0
4.23291 0.393371 0.0
4.9909 2.53486 0.0
4.59051 3.09577 0.0
3.89952 0.860803 0.0
4.5913 -0.175753 0.0
5.4133 1.86382 0.0
5.03086 2.47501 0.0
4.27287 0.333518 0.0
4.93161 -0.789763 0.0
5.81438 1.13983 0.0
5.45136 1.79895 0.0
4.62936 -0.240618 0.0
5.25253 -1.44628 0.0
6.19257 0.365721 0.0
5.85038 1.07021 0.0
4.96761 -0.859389 0.0
5.5528 -2.14278 0.0
6.54642 -0.455509 0.0
6.22638 0.291604 0.0
5.28634 -1.5204 0.0
5.83126 -2.87652 0.0
6.87452 -1.32066 0.0
6.5779 -0.53383 0.0
5.58428 -2.2211 0.0
6.0868 -3.64467 0.0
7.1756 -2.22635 0.0
6.90355 -1.40288 0.0
5.86029 -2.95874 0.0
6.31841 -4.4442 0.0
7.44844 -3.16902 0.0
7.20206 -2.31214 0.0
6.11326 -3.73046 0.0
6.52518 -5.27197 0.0
7.69199 -4.14498 0.0
7.47224 -3.25805 0.0
6.34221 -4.53323 0.0
6.70628 -6.12467 0.0
7.90526 -5.15035 0.0
7.71302 -4.2369 0.0
6.54621 -5.36389 0.0
6.86099 -6.9987 0.0
8.0874 -6.181 0.0
7.92344 -5.24477 0.0
6.72447 -6.21909 0.0
6.98866 -7.88977 0.0
8.23768 -7.23223 0.0
8.10267 -6.27752 0.0
6.87625 -7.09521 0.0
7.0888 -8.79125 0.0
8.35548 -8.29723 0.0
8.24997 -7.33026 0.0
7.00096 -7.9878 0.0
7.16121 -9.68841 0.0
8.44048 -9.36124 0.0
8.36478 -8.39568 0.0
7.09811 -8.8897 0.0
7.20668 -10.5393 0.0
8.4934 -10.3796 0.0
8.44685 -9.45712 0.0
7.16759 -9.78428 0.0
7.21035 -10.6238 0.0
7.22866 -11.2273 0.0
8.51814 -11.2131 0.0
8.49706 -10.4641 0.0
-8.63976 -10.4545 0.0
-9.36223 -10.3658 0.0
-9.92631 -10.2943 0.0
-9.95007 -11.192 0.0
-8.66084 -11.2035 0.0
-9.32216 -10.2726 0.0
-8.5997 -10.3613 0.0
-8.55315 -9.43883 0.0
-9.15129 -9.28781 0.0
-9.14453 -9.17941 0.0
-8.54639 -9.33043 0.0
-8.47069 -8.36487 0.0
-9.02408 -8.15409 0.0
-9.30446 -9.13238 0.0
-9.014 -8.04282 0.0
-8.4606 -8.25359 0.0
-8.3551 -7.28663 0.0
-8.87253 -7.02013 0.0
-9.241 -7.94371 0.0
-8.859 -6.90913 0.0
-8.34156 -7.17564 0.0
-8.20656 -6.22093 0.0
-8.69428 -5.90187 0.0
-9.1331 -6.75328 0.0
-8.67733 -5.79242 0.0
-8.18961 -6.11148 0.0
-8.02565 -5.17525 0.0
-8.48724 -4.80631 0.0
-8.98363 -5.57655 0.0
-8.46686 -4.69899 0.0
-8.00527 -5.06793 0.0
-7.81303 -4.15448 0.0
-8.25545 -3.73333 0.0
-8.78913 -4.42551 0.0
-8.55624 -3.30384 0.0
-8.23177 -3.62875 0.0
-7.78935 -4.0499 0.0
-7.56961 -3.16298 0.0
-7.99451 -2.68964 0.0
-8.2833 -2.22046 0.0
-7.96757 -2.5882 0.0
-7.54267 -3.06154 0.0
-7.29628 -2.20466 0.0
-7.70756 -1.67507 0.0
-7.97639 -1.17652 0.0
-7.67755 -1.57728 0.0
-7.26627 -2.10688 0.0
-6.99423 -1.28341 0.0
-7.3914 -0.697247 0.0
-7.63469 -0.179853 0.0
-7.35839 -0.603484 0.0
-6.96122 -1.18964 0.0
-6.66459 -0.402815 0.0
-7.04897 0.243689 0.0
-7.26334 0.769613 0.0
-7.01316 0.333009 0.0
-6.62878 -0.313496 0.0
-6.30874 0.433619 0.0
-6.67838 1.1399 0.0
-6.63989 1.22444 0.0
-6.27025 0.518154 0.0
-5.92805 1.22264 0.0
-6.28171 1.98944 0.0
-6.86305 1.66661 0.0
-6.24068 2.06886 0.0
-5.88702 1.30206 0.0
-5.52399 1.96118 0.0
-5.86077 2.79047 0.0
-6.43504 2.50615 0.0
-5.81741 2.86445 0.0
-5.48063 2.03515 0.0
-5.0982 2.64635 0.0
-5.41522 3.5357 0.0
-5.98331 3.28913 0.0
-5.36968 3.60395 0.0
-5.05265 2.7146 0.0
-4.65227 3.2755 0.0
-4.94738 4.22375 0.0
-5.50888 4.011 0.0
-4.89983 4.28601 0.0
-4.60472 3.33777 0.0
-4.1879 3.84621 0.0
-4.45884 4.85159 0.0
-5.01377 4.6693 0.0
-4.40947 4.90763 0.0
-4.13853 3.90224 0.0
-3.70684 4.35623 0.0
-3.9513 5.41647 0.0
-4.50002 5.26179 0.0
-3.90028 5.46605 0.0
-3.65582 4.40581 0.0
-3.21083 4.80355 0.0
-3.42691 5.91763 0.0
-3.9692 5.78462 0.0
-3.37446 5.96056 0.0
-3.15838 4.84648 0.0
-2.70174 5.18634 0.0
-2.88682 6.34922 0.0
-3.42433 6.23954 0.0
-2.83311 6.38531 0.0
-2.64803 5.22243 0.0
-2.1814 5.50294 0.0
-2.3334 6.71098 0.0
-2.86695 6.62307 0.0
-2.27864 6.74008 0.0
-2.12664 5.53204 0.0
-1.65175 5.75185 0.0
-1.76873 7.00105 0.0
-2.29921 6.93372 0.0
-1.7132 7.02188 0.0
-1.59623 5.77269 0.0
-1.11494 5.93066 0.0
-1.19268 7.17721 0.0
-1.72341 7.16899 0.0
-1.13662 7.19059 0.0
-1.05889 5.94404 0.0
-0.573213 6.03925 0.0
-0.612311 7.27073 0.0
-1.14171 7.32892 0.0
-0.55539 7.28065 0.0
-0.516292 6.04917 0.0
-0.0283382 6.08099 0.0
-0.0264986 7.293 0.0
-0.0300439 7.42721 0.0
-0.556132 7.41726 0.0
0.0307884 7.28918 0.0
0.0289488 6.07717 0.0
0.516871 6.04535 0.0
0.555974 7.27725 0.0
0.556593 7.41365 0.0
0.61232 7.27117 0.0
0.573217 6.03928 0.0
1.05889 5.94408 0.0
1.13666 7.19123 0.0
1.14175 7.32963 0.0
1.19272 7.17785 0.0
1.11495 5.9307 0.0
1.59623 5.77273 0.0
1.71312 7.02098 0.0
1.72348 7.16981 0.0
1.76865 7.00011 0.0
1.65176 5.75185 0.0
2.12665 5.53204 0.0
2.2785 6.73892 0.0
2.29934 6.93466 0.0
2.33326 6.70981 0.0
2.18141 5.50294 0.0
2.64804 5.22243 0.0
2.83289 6.38385 0.0
2.86715 6.62424 0.0
2.88659 6.34776 0.0
2.70175 5.18634 0.0
3.15839 4.84648 0.0
3.37446 5.96049 0.0
3.42463 6.24101 0.0
3.4269 5.91757 0.0
3.21083 4.80355 0.0
3.65582 4.40581 0.0
3.90058 5.46734 0.0
3.96922 5.78468 0.0
3.95159 5.41776 0.0
3.70682 4.35623 0.0
4.13852 3.90224 0.0
4.40966 4.90839 0.0
4.49965 5.26049 0.0
4.45904 4.85236 0.0
4.18789 3.84621 0.0
4.60471 3.33777 0.0
4.89986 4.28613 0.0
5.01352 4.66853 0.0
4.94742 4.22387 0.0
4.65226 3.2755 0.0
5.05265 2.7146 0.0
5.36944 3.60331 0.0
5.50884 4.01087 0.0
5.41499 3.53505 0.0
5.0982 2.64634 0.0
5.48064 2.03515 0.0
5.81677 2.86289 0.0
5.98359 3.28978 0.0
5.86014 2.78891 0.0
5.52401 1.96117 0.0
5.88703 1.30205 0.0
6.24123 2.07 0.0
6.4358 2.50772 0.0
6.28223 1.99059 0.0
5.92803 1.22264 0.0
6.27023 0.51816 0.0
6.63983 1.22436 0.0
6.86243 1.66547 0.0
6.67834 1.13981 0.0
6.30874 0.433619 0.0
6.62878 -0.313495 0.0
7.01225 0.331494 0.0
7.2634 0.769702 0.0
7.04808 0.242162 0.0
6.66461 -0.402827 0.0
6.96124 -1.18966 0.0
7.35888 -0.60281 0.0
7.63575 -0.178352 0.0
7.39186 -0.696553 0.0
6.99422 -1.2834 0.0
7.26626 -2.10687 0.0
7.67666 -1.57841 0.0
7.97585 -1.1772 0.0
7.7067 -1.67621 0.0
7.2963 -2.20467 0.0
7.54269 -3.06156 0.0
7.96816 -2.58759 0.0
8.28432 -2.21937 0.0
7.99507 -2.68899 0.0
7.56959 -3.16296 0.0
7.78934 -4.04989 0.0
8.23211 -3.6284 0.0
8.55559 -3.30444 0.0
8.25579 -3.73299 0.0
7.81302 -4.15448 0.0
8.00526 -5.06792 0.0
8.46677 -4.69904 0.0
8.78873 -4.42581 0.0
8.48717 -4.80637 0.0
8.02566 -5.17526 0.0
8.18961 -6.11148 0.0
8.67666 -5.79287 0.0
8.98372 -5.57649 0.0
8.69362 -5.90233 0.0
8.20657 -6.22094 0.0
8.34158 -7.17565 0.0
8.85764 -6.90986 0.0
9.13385 -6.75291 0.0
8.87118 -7.02088 0.0
8.35512 -7.28667 0.0
8.46062 -8.25363 0.0
9.01461 -8.04263 0.0
9.24249 -7.94318 0.0
9.02468 -8.15385 0.0
8.47068 -8.36485 0.0
8.54638 -9.33041 0.0
9.14426 -9.17946 0.0
9.30382 -9.13252 0.0
9.15103 -9.28788 0.0
8.55316 -9.43883 0.0
8.5997 -10.3614 0.0
9.32243 -10.2726 0.0
8.63976 -10.4545 0.0
8.66084 -11.2035 0.0
9.95007 -11.192 0.0
9.92631 -10.2943 0.0
9.3625 -10.3658 0.0
-10.7363 -11.1874 0.0
-10.0567 -11.1856 0.0
-10.033 -10.2878 0.0
-10.6736 -10.2069 0.0
-10.6692 -10.0935 0.0
-10.0285 -10.1745 0.0
-9.97466 -9.08425 0.0
-10.5739 -8.94688 0.0
-10.746 -10.0788 0.0
-10.5661 -8.82037 0.0
-9.96688 -8.95774 0.0
-9.87859 -7.8258 0.0
-10.4391 -7.62688 0.0
-10.7129 -8.74946 0.0
-10.4274 -7.49751 0.0
-9.86688 -7.69643 0.0
-9.74373 -6.56631 0.0
-10.267 -6.31151 0.0
-10.6363 -7.37649 0.0
-10.2513 -6.18266 0.0
-9.72799 -6.43746 0.0
-9.57038 -5.32279 0.0
-10.0643 -5.01446 0.0
-10.5081 -6.0067 0.0
-10.0446 -4.88754 0.0
-9.55072 -5.19587 0.0
-9.35935 -4.10309 0.0
-9.82615 -3.74468 0.0
-10.3341 -4.65367 0.0
-10.1103 -3.32953 0.0
-9.80252 -3.62023 0.0
-9.33571 -3.97865 0.0
-9.11132 -2.91256 0.0
-9.55773 -2.50229 0.0
-9.84334 -2.03832 0.0
-9.5303 -2.38103 0.0
-9.08389 -2.79131 0.0
-8.82739 -1.75619 0.0
-9.25463 -1.29485 0.0
-9.53094 -0.790006 0.0
-9.22343 -1.17722 0.0
-8.79619 -1.63856 0.0
-8.50858 -0.638527 0.0
-8.9209 -0.122201 0.0
-9.17965 0.413738 0.0
-8.88614 -0.00879513 0.0
-8.47382 -0.525122 0.0
-8.15625 0.435911 0.0
-8.55317 1.00715 0.0
-8.78819 1.56383 0.0
-8.51492 1.11591 0.0
-8.118 0.544681 0.0
-7.77172 1.46292 0.0
-8.15514 2.09317 0.0
-8.3624 2.66003 0.0
-8.11364 2.1968 0.0
-7.73022 1.56655 0.0
-7.35661 2.43842 0.0
-7.72468 3.12702 0.0
-7.90294 3.69614 0.0
-7.68005 3.22511 0.0
-7.31199 2.53651 0.0
-6.9125 3.3586 0.0
-7.2643 4.1066 0.0
-7.21674 4.19875 0.0
-6.86495 3.45075 0.0
-6.44116 4.21985 0.0
-6.77526 5.02774 0.0
-7.41222 4.66841 0.0
-6.72494 5.11359 0.0
-6.39084 4.3057 0.0
-5.94438 5.01882 0.0
-6.25984 5.88865 0.0
-6.89165 5.57117 0.0
-6.20702 5.96785 0.0
-5.89156 5.09803 0.0
-5.42416 5.7524 0.0
-5.71801 6.68118 0.0
-6.34569 6.40567 0.0
-5.66285 6.75343 0.0
-5.369 5.82465 0.0
-4.88245 6.41774 0.0
-5.1525 7.4041 0.0
-5.77559 7.16682 0.0
-5.09523 7.46911 0.0
-4.82517 6.48275 0.0
-4.32129 7.01223 0.0
-4.56531 8.05422 0.0
-5.18374 7.85195 0.0
-4.50614 8.11174 0.0
-4.26212 7.06974 0.0
-3.74278 7.53351 0.0
-3.95852 8.62864 0.0
-4.57254 8.45866 0.0
-3.89767 8.67843 0.0
-3.68194 7.58329 0.0
-3.14907 7.97946 0.0
-3.33432 9.12474 0.0
-3.94442 8.98477 0.0
-3.27203 9.1666 0.0
-3.08677 8.02131 0.0
-2.54234 8.34817 0.0
-2.695 9.54019 0.0
-3.30184 9.42839 0.0
-2.63147 9.57393 0.0
-2.47882 8.38191 0.0
-1.92487 8.63795 0.0
-2.04313 9.87493 0.0
-2.64704 9.7857 0.0
-1.97875 9.89948 0.0
-1.86049 8.6625 0.0
-1.2992 8.84645 0.0
-1.37913 10.0904 0.0
-1.98354 10.0584 0.0
-1.31416 10.106 0.0
-1.23423 8.86207 0.0
-0.667912 8.97296 0.0
-0.70949 10.2002 0.0
-1.31318 10.244 0.0
-0.643373 10.2113 0.0
-0.601795 8.98403 0.0
-0.0327742 9.02108 0.0
-0.0278905 10.2281 0.0
-0.0375131 10.3612 0.0
-0.638095 10.3472 0.0
0.0386409 10.2243 0.0
0.0337571 9.01726 0.0
0.602638 8.98014 0.0
0.644212 10.2084 0.0
0.638691 10.344 0.0
0.709508 10.2013 0.0
0.667933 8.97298 0.0
1.23424 8.86214 0.0
1.31426 10.1076 0.0
1.31328 10.2458 0.0
1.37923 10.092 0.0
1.29921 8.84654 0.0
1.8605 8.66259 0.0
1.97858 9.89758 0.0
1.98368 10.0604 0.0
2.04298 9.87294 0.0
1.92489 8.63795 0.0
2.47884 8.3819 0.0
2.63177 9.57592 0.0
2.64734 9.78768 0.0
2.69525 9.54219 0.0
2.54232 8.34817 0.0
3.08676 8.02131 0.0
3.27228 9.16827 0.0
3.30149 9.42636 0.0
3.33458 9.12642 0.0
3.14905 7.97946 0.0
3.68192 7.5833 0.0
3.8979 8.67967 0.0
3.94406 8.98309 0.0
3.95875 8.62989 0.0
3.74277 7.53351 0.0
4.26211 7.06974 0.0
4.5063 8.11245 0.0
4.57223 8.45742 0.0
4.56547 8.05493 0.0
4.32128 7.01223 0.0
4.82517 6.48275 0.0
5.09524 7.46918 0.0
5.18354 7.85125 0.0
5.15252 7.40417 0.0
4.88245 6.41774 0.0
5.369 5.82465 0.0
5.66262 6.75273 0.0
5.77557 7.16677 0.0
5.71778 6.68048 0.0
5.42417 5.7524 0.0
5.89157 5.09803 0.0
6.20642 5.96625 0.0
6.34596 6.40639 0.0
6.25926 5.88704 0.0
5.94441 5.01882 0.0
6.39086 4.30569 0.0
6.72573 5.11537 0.0
6.89236 5.57276 0.0
6.77601 5.02953 0.0
6.44113 4.21985 0.0
6.86493 3.45075 0.0
7.21701 4.19937 0.0
7.41132 4.66662 0.0
7.26458 4.10722 0.0
6.91249 3.3586 0.0
7.31198 2.53651 0.0
7.67963 3.22436 0.0
7.9026 3.69555 0.0
7.72427 3.12626 0.0
7.35662 2.43842 0.0
7.73023 1.56654 0.0
8.1136 2.19671 0.0
8.36288 2.66078 0.0
8.15509 2.09309 0.0
7.77172 1.46292 0.0
8.118 0.544677 0.0
8.51521 1.11633 0.0
8.78825 1.5639 0.0
8.55346 1.00756 0.0
8.15624 0.435916 0.0
8.47381 -0.525109 0.0
8.88496 -0.0102258 0.0
9.17932 0.413353 0.0
8.91976 -0.123664 0.0
8.50861 -0.638547 0.0
8.79621 -1.63859 0.0
9.22422 -1.17643 0.0
9.53227 -0.788644 0.0
9.25537 -1.29402 0.0
8.82737 -1.75618 0.0
9.08388 -2.79128 0.0
9.529 -2.38219 0.0
9.84248 -2.03907 0.0
9.55647 -2.5035 0.0
9.11135 -2.91259 0.0
9.33574 -3.97869 0.0
9.80343 -3.61959 0.0
10.1117 -3.32847 0.0
9.82702 -3.74397 0.0
9.35932 -4.10307 0.0
9.55071 -5.19584 0.0
10.0429 -4.88858 0.0
10.3332 -4.65425 0.0
10.0626 -5.01559 0.0
9.57042 -5.32284 0.0
9.72801 -6.43752 0.0
10.2523 -6.18222 0.0
10.5099 -6.00584 0.0
10.268 -6.31098 0.0
9.74371 -6.56628 0.0
9.86687 -7.69639 0.0
10.4256 -7.49816 0.0
10.6352 -7.37685 0.0
10.4373 -7.62763 0.0
9.87862 -7.82586 0.0
9.9669 -8.9578 0.0
10.5673 -8.82015 0.0
10.7148 -8.74906 0.0
10.575 -8.94655 0.0
9.97464 -9.08421 0.0
10.0285 -10.1745 0.0
10.6676 -10.0937 0.0
10.7448 -10.0789 0.0
10.6721 -10.2071 0.0
10.033 -10.2879 0.0
10.0567 -11.1856 0.0
10.7379 -11.1875 0.0
-12.1608 -11.1902 0.0
-11.4871 -11.1681 0.0
-11.461 -10.1189 0.0
-12.0978 -10.0542 0.0
-12.0929 -9.92298 0.0
-11.4561 -9.98767 0.0
-11.3949 -8.72958 0.0
-11.9974 -8.60635 0.0
-12.1608 -9.8835 0.0
-11.9885 -8.46151 0.0
-11.3861 -8.58473 0.0
-11.2851 -7.28691 0.0
-11.8481 -7.10242 0.0
-12.119 -8.36621 0.0
-11.8346 -6.95483 0.0
-11.2717 -7.13932 0.0
-11.1308 -5.84648 0.0
-11.6607 -5.60398 0.0
-12.0233 -6.81124 0.0
-11.6428 -5.45747 0.0
-11.1128 -5.69997 0.0
-10.9326 -4.42565 0.0
-11.4304 -4.13065 0.0
-11.8776 -5.26184 0.0
-11.6786 -3.73349 0.0
-11.408 -3.98631 0.0
-10.9102 -4.28131 0.0
-10.6914 -3.03227 0.0
-11.1613 -2.68724 0.0
-11.4248 -2.23755 0.0
-11.1344 -2.54575 0.0
-10.6645 -2.89077 0.0
-10.4079 -1.67231 0.0
-10.8564 -1.27598 0.0
-11.1233 -0.778281 0.0
-10.8252 -1.13813 0.0
-10.3767 -1.53446 0.0
-10.0834 -0.351408 0.0
-10.5112 0.0946869 0.0
-10.771 0.633403 0.0
-10.4757 0.228435 0.0
-10.0479 -0.21766 0.0
-9.7191 0.925267 0.0
-10.1307 1.42481 0.0
-10.3752 1.99535 0.0
-10.0912 1.55376 0.0
-9.67959 1.05421 0.0
-9.31652 2.15256 0.0
-9.7114 2.70497 0.0
-9.9358 3.29978 0.0
-9.66796 2.82864 0.0
-9.27307 2.27623 0.0
-8.87718 3.32566 0.0
-9.25613 3.93279 0.0
-9.45386 4.53887 0.0
-9.2089 4.05068 0.0
-8.82994 3.44355 0.0
-8.40278 4.43993 0.0
-8.76729 5.10594 0.0
-8.9355 5.71273 0.0
-8.71656 5.21751 0.0
-8.35205 4.55149 0.0
-7.89533 5.49097 0.0
-8.24316 6.2146 0.0
-8.38155 6.81463 0.0
-8.18908 6.31942 0.0
-7.84125 5.59579 0.0
-7.35675 6.47467 0.0
-7.68677 7.25672 0.0
-7.79351 7.83798 0.0
-7.62953 7.35439 0.0
-7.29951 6.57234 0.0
-6.7891 7.38719 0.0
-7.10079 8.23042 0.0
-7.17656 8.78415 0.0
-7.0407 8.32051 0.0
-6.72902 7.47728 0.0
-6.19469 8.22494 0.0
-6.48507 9.12641 0.0
-6.53207 9.6473 0.0
-6.42233 9.20859 0.0
-6.13194 8.30713 0.0
-5.57573 8.98469 0.0
-5.84279 9.9434 0.0
-5.77764 10.0173 0.0
-5.51058 9.05863 0.0
-4.9346 9.66343 0.0
-5.17618 10.6778 0.0
-5.86278 10.4244 0.0
-5.10887 10.7432 0.0
-4.86729 9.72885 0.0
-4.2737 10.2585 0.0
-4.48762 11.3264 0.0
-5.17143 11.1126 0.0
-4.41841 11.383 0.0
-4.20449 10.3151 0.0
-3.59551 10.7674 0.0
-3.7796 11.8862 0.0
-4.46082 11.7095 0.0
-3.70874 11.9338 0.0
-3.52465 10.815 0.0
-2.90255 11.1881 0.0
-3.0547 12.3546 0.0
-3.73382 12.2129 0.0
-2.98248 12.3929 0.0
-2.83032 11.2265 0.0
-2.19745 11.5186 0.0
-2.3156 12.7292 0.0
-2.99333 12.621 0.0
-2.24235 12.7576 0.0
-2.1242 11.547 0.0
-1.48304 11.7569 0.0
-1.56422 12.9883 0.0
-2.24257 12.9315 0.0
-1.49038 13.0062 0.0
-1.40919 11.7747 0.0
-0.762422 11.9013 0.0
-0.805661 13.1146 0.0
-1.48438 13.1428 0.0
-0.730822 13.1264 0.0
-0.687583 11.9131 0.0
-0.0380064 11.9551 0.0
-0.0447135 13.2729 0.0
-0.720631 13.2604 0.0
0.0442681 13.4051 0.0
0.0298157 13.2767 0.0
0.0365228 11.959 0.0
0.686539 11.9169 0.0
0.729659 13.1289 0.0
0.719148 13.2633 0.0
0.805458 13.1131 0.0
0.762338 11.9012 0.0
1.40917 11.7746 0.0
1.49024 13.004 0.0
1.48422 13.1404 0.0
1.56409 12.9862 0.0
1.48303 11.7567 0.0
2.12419 11.5469 0.0
2.24248 12.7593 0.0
2.24243 12.9292 0.0
2.31572 12.7311 0.0
2.19743 11.5186 0.0
2.8303 11.2265 0.0
2.98264 12.3945 0.0
2.99308 12.6191 0.0
3.05487 12.3562 0.0
2.90253 11.1881 0.0
3.52463 10.815 0.0
3.70891 11.9349 0.0
3.73354 12.2113 0.0
3.77977 11.8873 0.0
3.59549 10.7674 0.0
4.20448 10.3151 0.0
4.41852 11.3836 0.0
4.46057 11.7083 0.0
4.48774 11.327 0.0
4.2737 10.2585 0.0
4.86728 9.72885 0.0
5.10886 10.7432 0.0
5.17126 11.112 0.0
5.17618 10.6778 0.0
4.9346 9.66344 0.0
5.51058 9.05864 0.0
5.77741 10.0166 0.0
5.86277 10.4244 0.0
5.84258 9.94265 0.0
5.57574 8.98469 0.0
6.13195 8.30713 0.0
6.42179 9.20697 0.0
6.53233 9.64807 0.0
6.48454 9.12478 0.0
6.19471 8.22494 0.0
6.72904 7.47727 0.0
7.04071 8.32043 0.0
7.17722 8.78576 0.0
7.10078 8.23034 0.0
6.7891 7.38718 0.0
7.29951 6.57233 0.0
7.63014 7.35574 0.0
7.79354 7.83802 0.0
7.68735 7.25808 0.0
7.35672 6.47467 0.0
7.84123 5.5958 0.0
8.18908 6.31949 0.0
8.38085 6.8133 0.0
8.24318 6.21466 0.0
7.89533 5.49097 0.0
8.35205 4.55151 0.0
8.71575 5.21609 0.0
8.93547 5.71271 0.0
8.76651 5.10451 0.0
8.40282 4.43992 0.0
8.82996 3.44351 0.0
9.21021 4.05264 0.0
9.45479 4.54022 0.0
9.25738 3.93479 0.0
8.87713 3.32567 0.0
9.27304 2.27626 0.0
9.66808 2.8289 0.0
9.93434 3.29784 0.0
9.71155 2.70522 0.0
9.31651 2.15257 0.0
9.67959 1.05423 0.0
10.0898 1.55212 0.0
10.375 1.99519 0.0
10.1294 1.42313 0.0
9.71915 0.925242 0.0
10.048 -0.21771 0.0
10.4768 0.229482 0.0
10.7726 0.634918 0.0
10.5123 0.0958021 0.0
10.0834 -0.35139 0.0
10.3767 -1.53442 0.0
10.8243 -1.1389 0.0
11.1221 -0.77928 0.0
10.8555 -1.27681 0.0
10.4079 -1.67233 0.0
10.6645 -2.89082 0.0
11.1364 -2.54429 0.0
11.4258 -2.23687 0.0
11.1632 -2.68569 0.0
10.6913 -3.03221 0.0
10.9102 -4.28124 0.0
11.4077 -3.98637 0.0
11.6765 -3.73475 0.0
11.4302 -4.13078 0.0
10.9326 -4.42565 0.0
11.1128 -5.69998 0.0
11.6431 -5.45734 0.0
11.8779 -5.2617 0.0
11.661 -5.60382 0.0
11.1307 -5.84647 0.0
11.2717 -7.13931 0.0
11.8357 -6.95438 0.0
12.023 -6.8114 0.0
11.8491 -7.10194 0.0
11.2851 -7.28686 0.0
11.3861 -8.58469 0.0
11.9869 -8.46187 0.0
12.1179 -8.36639 0.0
11.9958 -8.60682 0.0
11.395 -8.72964 0.0
11.4561 -9.98773 0.0
12.0955 -9.92267 0.0
12.1624 -9.88343 0.0
12.1004 -10.0538 0.0
11.461 -10.1188 0.0
11.4871 -11.1681 0.0
12.1582 -11.1901 0.0
-13.5483 -11.184 0.0
-12.906 -11.1525 0.0
-12.8786 -9.95016 0.0
-13.4932 -9.89928 0.0
-13.488 -9.7507 0.0
-12.8734 -9.80158 0.0
-12.8048 -8.37655 0.0
-13.3859 -8.26916 0.0
-13.5488 -9.69483 0.0
-13.3758 -8.10612 0.0
-12.7948 -8.21351 0.0
-12.6809 -6.75124 0.0
-13.2263 -6.58474 0.0
-13.4932 -7.99443 0.0
-13.2111 -6.41964 0.0
-12.6658 -6.58613 0.0
-12.5068 -5.132 0.0
-13.0147 -4.91249 0.0
-13.3849 -6.26038 0.0
-13.2179 -4.53702 0.0
-12.9945 -4.74867 0.0
-12.4866 -4.96819 0.0
-12.2834 -3.53572 0.0
-12.757 -3.26806 0.0
-12.9895 -2.84062 0.0
-12.7317 -3.10668 0.0
-12.2581 -3.37434 0.0
-12.0114 -1.97068 0.0
-12.4572 -1.65637 0.0
-12.7073 -1.17732 0.0
-12.427 -1.49845 0.0
-11.9812 -1.81276 0.0
-11.6921 -0.443687 0.0
-12.1108 -0.0866775 0.0
-12.3697 0.44321 0.0
-12.0758 0.067241 0.0
-11.6571 -0.289768 0.0
-11.3267 1.03931 0.0
-11.7219 1.43854 0.0
-11.9764 2.01076 0.0
-11.6821 1.58786 0.0
-11.2869 1.18863 0.0
-10.9166 2.47244 0.0
-11.2934 2.91709 0.0
-11.5349 3.52289 0.0
-11.2491 3.06101 0.0
-10.8723 2.61637 0.0
-10.4637 3.84995 0.0
-10.822 4.3388 0.0
-11.0453 4.97104 0.0
-10.7733 4.47681 0.0
-10.415 3.98796 0.0
-9.9695 5.16649 0.0
-10.3108 5.7013 0.0
-10.5086 6.34659 0.0
-10.2579 5.83286 0.0
-9.91659 5.29805 0.0
-9.43604 6.41686 0.0
-9.76289 7.00227 0.0
-9.93154 7.6495 0.0
-9.70609 7.12675 0.0
-9.37923 6.54134 0.0
-8.86554 7.59614 0.0
-9.17625 8.23102 0.0
-9.31506 8.87236 0.0
-9.11572 8.34797 0.0
-8.80501 7.71309 0.0
-8.26018 8.69977 0.0
-8.55431 9.38547 0.0
-8.66211 10.0107 0.0
-8.4903 9.49442 0.0
-8.19618 8.80872 0.0
-7.62233 9.72343 0.0
-7.89896 10.4609 0.0
-7.97454 11.0576 0.0
-7.83169 10.5615 0.0
-7.55506 9.82395 0.0
-6.9544 10.6631 0.0
-7.21324 11.4557 0.0
-7.25782 12.015 0.0
-7.14307 11.5474 0.0
-6.88422 10.7548 0.0
-6.25907 11.5152 0.0
-6.49741 12.3599 0.0
-6.51366 12.8768 0.0
-6.42455 12.4424 0.0
-6.18621 11.5977 0.0
-5.53893 12.2763 0.0
-5.75499 13.1725 0.0
-5.74514 13.6401 0.0
-5.67974 13.2454 0.0
-5.46368 12.3493 0.0
-4.7967 12.9435 0.0
-4.98858 13.8899 0.0
-4.95537 14.302 0.0
-4.91121 13.953 0.0
-4.71934 13.0066 0.0
-4.03517 13.514 0.0
-4.2009 14.5089 0.0
-4.14751 14.8603 0.0
-4.12172 14.562 0.0
-3.95599 13.567 0.0
-3.25719 13.9855 0.0
-3.39481 15.0267 0.0
-3.32479 15.313 0.0
-3.31411 15.0695 0.0
-3.17649 14.0282 0.0
-2.46571 14.3558 0.0
-2.57321 15.4407 0.0
-2.49054 15.6585 0.0
-2.4913 15.4729 0.0
-2.38381 14.388 0.0
-1.66382 14.6232 0.0
-1.73905 15.7487 0.0
-1.64851 15.8956 0.0
-1.6563 15.7703 0.0
-1.58107 14.6448 0.0
-0.854836 14.7865 0.0
-0.897072 15.9491 0.0
-0.802666 16.0798 0.0
-0.814146 15.9615 0.0
-0.77191 14.799 0.0
-0.0424677 14.8462 0.0
-0.0499126 16.0431 0.0
0.0490471 16.1611 0.0
0.0340155 16.0467 0.0
0.0414604 14.8497 0.0
0.770898 14.8027 0.0
0.813194 15.9681 0.0
0.80165 16.0866 0.0
0.897101 15.9522 0.0
0.854804 14.7868 0.0
1.58103 14.6448 0.0
1.65633 15.7726 0.0
1.64846 15.894 0.0
1.73909 15.751 0.0
1.66378 14.6232 0.0
2.38378 14.388 0.0
2.49142 15.4749 0.0
2.49033 15.6563 0.0
2.57333 15.4426 0.0
2.46569 14.3558 0.0
3.17647 14.0282 0.0
3.31428 15.071 0.0
3.32453 15.3111 0.0
3.39498 15.0283 0.0
3.25717 13.9855 0.0
3.95597 13.567 0.0
4.12188 14.5631 0.0
4.14723 14.8588 0.0
4.20107 14.5101 0.0
4.03515 13.514 0.0
4.71932 13.0066 0.0
4.9113 13.9536 0.0
4.95513 14.3009 0.0
4.98867 13.8904 0.0
4.79669 12.9435 0.0
5.46367 12.3493 0.0
5.67967 13.2452 0.0
5.74501 13.6396 0.0
5.75494 13.1723 0.0
5.53893 12.2763 0.0
6.18621 11.5977 0.0
6.42424 12.4413 0.0
6.51372 12.8771 0.0
6.49711 12.3589 0.0
6.25908 11.5152 0.0
6.88424 10.7548 0.0
7.14238 11.5453 0.0
7.25819 12.0161 0.0
7.21258 11.4537 0.0
6.95444 10.6631 0.0
7.55509 9.82391 0.0
7.83274 10.564 0.0
7.97538 11.0596 0.0
7.89994 10.4635 0.0
7.62228 9.72342 0.0
8.19614 8.80873 0.0
8.49083 9.49573 0.0
8.66095 10.0082 0.0
8.55485 9.38678 0.0
8.26016 8.69978 0.0
8.80499 7.71312 0.0
9.1156 8.34781 0.0
9.3144 8.87113 0.0
9.17615 8.23085 0.0
8.86555 7.59615 0.0
9.37924 6.54136 0.0
9.70506 7.12495 0.0
9.93164 7.64971 0.0
9.7619 7.00044 0.0
9.43608 6.41684 0.0
9.91661 5.29799 0.0
10.2593 5.83485 0.0
10.5097 6.34827 0.0
10.3121 5.70335 0.0
9.96944 5.16649 0.0
10.4149 3.98801 0.0
10.7733 4.47703 0.0
11.0438 4.96911 0.0
10.822 4.33898 0.0
10.4637 3.84997 0.0
10.8724 2.61639 0.0
11.2476 3.05922 0.0
11.5348 3.5228 0.0
11.292 2.91524 0.0
10.9167 2.47241 0.0
11.2869 1.18856 0.0
11.6834 1.58914 0.0
11.978 2.01237 0.0
11.7231 1.43992 0.0
11.3267 1.03934 0.0
11.657 -0.289709 0.0
12.0751 0.0667468 0.0
12.3683 0.442002 0.0
12.1102 -0.0872419 0.0
11.6921 -0.443698 0.0
11.9812 -1.81279 0.0
12.4269 -1.49855 0.0
12.708 -1.17681 0.0
12.4571 -1.65646 0.0
12.0114 -1.97069 0.0
12.2581 -3.37434 0.0
12.7324 -3.10624 0.0
12.9896 -2.8406 0.0
12.7576 -3.26758 0.0
12.2834 -3.53569 0.0
12.4866 -4.96815 0.0
12.993 -4.74938 0.0
13.2171 -4.5373 0.0
13.0132 -4.9133 0.0
12.5069 -5.13207 0.0
12.6658 -6.58621 0.0
13.2108 -6.41994 0.0
13.3865 -6.2598 0.0
13.2259 -6.585 0.0
12.6809 -6.75126 0.0
12.7948 -8.21353 0.0
13.3765 -8.10592 0.0
13.4935 -7.99441 0.0
13.3866 -8.2689 0.0
12.8048 -8.37651 0.0
12.8734 -9.80156 0.0
13.4859 -9.75109 0.0
13.5481 -9.69471 0.0
13.4911 -9.89978 0.0
12.8786 -9.95025 0.0
12.906 -11.1526 0.0
13.5504 -11.1841 0.0
-13.9129 -6.07706 0.0
-13.4476 -6.216 0.0
-13.0775 -4.8681 0.0
-13.3009 -4.65645 0.0
-13.7324 -4.47328 0.0
13.3001 -4.65669 0.0
13.076 -4.86877 0.0
13.4492 -6.21527 0.0
13.9129 -6.07698 0.0
13.7324 -4.4732 0.0
-14.0597 -7.86978 0.0
-13.5581 -7.96129 0.0
-13.2911 -6.5516 0.0
-13.4649 -6.39235 0.0
-13.9301 -6.25341 0.0
13.4664 -6.39169 0.0
13.2908 -6.55183 0.0
13.5584 -7.96124 0.0
14.0597 -7.86976 0.0
13.9301 -6.25339 0.0
-13.7097 -4.29945 0.0
-13.2782 -4.48262 0.0
-12.8172 -3.21366 0.0
-13.0751 -2.9476 0.0
-13.4796 -2.72196 0.0
13.0752 -2.9476 0.0
12.818 -3.21324 0.0
13.2775 -4.48296 0.0
13.7097 -4.29948 0.0
13.4796 -2.72199 0.0
-13.4516 -2.55186 0.0
-13.0471 -2.77749 0.0
-12.5148 -1.59324 0.0
-12.7951 -1.27211 0.0
-13.1733 -1.00817 0.0
12.7958 -1.27158 0.0
12.5147 -1.59332 0.0
13.0472 -2.77746 0.0
13.4516 -2.55186 0.0
13.1733 -1.00816 0.0
-13.1402 -0.84222 0.0
-12.762 -1.10616 0.0
-12.1654 -0.0155222 0.0
-12.4594 0.360447 0.0
-12.8152 0.661505 0.0
12.458 0.359223 0.0
12.1648 -0.016033 0.0
12.7627 -1.10561 0.0
13.1401 -0.842186 0.0
12.8152 0.661527 0.0
-12.7771 0.822566 0.0
-12.4213 0.521508 0.0
-11.7735 1.51684 0.0
-12.0678 1.93974 0.0
-12.4071 2.28058 0.0
12.0695 1.94135 0.0
11.7748 1.51812 0.0
12.42 0.520199 0.0
12.7771 0.822504 0.0
12.4071 2.28054 0.0
-12.3643 2.4361 0.0
-12.0251 2.09525 0.0
-11.3421 3.00159 0.0
-11.6279 3.46347 0.0
-11.951 3.84299 0.0
11.6277 3.46342 0.0
11.3406 2.99984 0.0
12.0266 2.09697 0.0
12.3643 2.43616 0.0
11.9509 3.84304 0.0
-14.15 -9.62852 0.0
-13.6152 -9.67427 0.0
-13.4523 -8.2486 0.0
-13.5696 -8.13691 0.0
-14.0712 -8.04539 0.0
13.57 -8.1369 0.0
13.453 -8.24841 0.0
13.6145 -9.67422 0.0
14.15 -9.62855 0.0
14.0712 -8.04542 0.0
-11.9036 3.99261 0.0
-11.5805 3.61309 0.0
-10.8676 4.42899 0.0
-11.1396 4.92322 0.0
-11.4487 5.34315 0.0
11.1382 4.92125 0.0
10.8677 4.42917 0.0
11.5804 3.61299 0.0
11.9036 3.99261 0.0
11.4487 5.34313 0.0
-11.397 5.48627 0.0
-11.0879 5.06635 0.0
-10.3535 5.7966 0.0
-10.6041 6.31033 0.0
-10.9023 6.77542 0.0
10.6053 6.31199 0.0
10.3549 5.79857 0.0
11.0865 5.06433 0.0
11.397 5.4862 0.0
10.9024 6.77539 0.0
-10.8466 6.9115 0.0
-10.5484 6.4464 0.0
-9.80269 7.10208 0.0
-10.0281 7.62483 0.0
-10.3141 8.13455 0.0
10.0282 7.62506 0.0
9.80163 7.10031 0.0
10.5495 6.44814 0.0
10.8465 6.91154 0.0
10.3141 8.13458 0.0
-10.2544 8.2632 0.0
-9.96839 7.75348 0.0
-9.2131 8.335 0.0
-9.41244 8.85939 0.0
-9.68633 9.41558 0.0
9.4118 8.85816 0.0
9.213 8.33483 0.0
9.96849 7.75369 0.0
10.2544 8.26321 0.0
9.68631 9.41557 0.0
-9.62287 9.53631 0.0
-9.34898 8.98012 0.0
-8.58823 9.49323 0.0
-8.76004 10.0095 0.0
-9.02132 10.6137 0.0
8.75894 10.0069 0.0
8.58881 9.49451 0.0
9.34837 8.97887 0.0
9.62288 9.53628 0.0
9.02132 10.6137 0.0
-8.95438 10.7261 0.0
-8.6931 10.1219 0.0
-7.92995 10.5721 0.0
-8.0728 11.0682 0.0
-8.32162 11.7245 0.0
8.07365 11.0702 0.0
7.93101 10.5746 0.0
8.69202 10.1193 0.0
8.95441 10.726 0.0
8.32168 11.7244 0.0
-8.2515 11.828 0.0
-8.00268 11.1718 0.0
-7.24138 11.5699 0.0
-7.35613 12.0376 0.0
-7.58995 12.7437 0.0
7.35645 12.0386 0.0
7.24065 11.5679 0.0
8.00345 11.1738 0.0
8.25148 11.828 0.0
7.58993 12.7437 0.0
-7.51681 12.8381 0.0
-7.28299 12.132 0.0
-6.52258 12.4769 0.0
-6.61169 12.9114 0.0
-6.82893 13.6675 0.0
6.61173 12.9116 0.0
6.52225 12.4758 0.0
7.28333 12.1331 0.0
7.5168 12.8381 0.0
6.82891 13.6675 0.0
-6.75309 13.7524 0.0
-6.53585 12.9963 0.0
-5.77717 13.2919 0.0
-5.84258 13.6865 0.0
-6.04142 14.4925 0.0
5.84245 13.686 0.0
5.77711 13.2917 0.0
6.5359 12.9965 0.0
6.75308 13.7524 0.0
6.04142 14.4925 0.0
-5.96316 14.5676 0.0
-5.76432 13.7616 0.0
-5.00775 14.0115 0.0
-5.05191 14.3604 0.0
-5.23033 15.2154 0.0
5.05169 14.3593 0.0
5.00786 14.012 0.0
5.76419 13.7611 0.0
5.96316 14.5676 0.0
5.23033 15.2154 0.0
-5.14993 15.2803 0.0
-4.97151 14.4254 0.0
-4.21704 14.6323 0.0
-4.24283 14.9306 0.0
-4.39863 15.8334 0.0
4.24258 14.9291 0.0
4.21723 14.6334 0.0
4.9713 14.4243 0.0
5.14994 15.2803 0.0
4.39864 15.8333 0.0
-4.31639 15.8879 0.0
-4.1606 14.9852 0.0
-3.40789 15.1516 0.0
-3.41857 15.3952 0.0
-3.54939 16.3439 0.0
3.41835 15.3932 0.0
3.4081 15.1531 0.0
4.16035 14.9836 0.0
4.31641 15.8879 0.0
3.5494 16.3438 0.0
-3.46562 16.3878 0.0
-3.33481 15.4391 0.0
-2.58322 15.5667 0.0
-2.58246 15.7523 0.0
-2.68577 16.7447 0.0
2.58231 15.7501 0.0
2.5834 15.5687 0.0
3.33459 15.4371 0.0
3.46565 16.3878 0.0
2.6858 16.7447 0.0
-2.60082 16.7778 0.0
-2.4975 15.7854 0.0
-1.74602 15.8756 0.0
-1.73823 16.0009 0.0
-1.81111 17.034 0.0
1.73824 15.9992 0.0
1.74611 15.8778 0.0
2.49736 15.7832 0.0
2.60085 16.7778 0.0
1.81114 17.034 0.0
-1.72527 17.0562 0.0
-1.65239 16.023 0.0
-0.900956 16.0766 0.0
-0.889475 16.1948 0.0
-0.928866 17.2108 0.0
0.889499 16.1981 0.0
0.901044 16.0796 0.0
1.6524 16.0214 0.0
1.72531 17.0562 0.0
0.928951 17.211 0.0
-0.842122 17.2234 0.0
-0.802731 16.2074 0.0
-0.0499781 16.1708 0.0
-0.0349466 16.2853 0.0
-0.0423248 17.2753 0.0
0.0439542 17.2787 0.0
0.0513324 16.2886 0.0
0.803935 16.2141 0.0
0.843387 17.2269 0.0
-12.4168 -4.99296 0.0
-11.9426 -5.20758 0.0
-11.4955 -4.07638 0.0
-11.7661 -3.82356 0.0
-12.2135 -3.56049 0.0
11.764 -3.82488 0.0
11.4952 -4.0765 0.0
11.9429 -5.20742 0.0
12.4168 -4.99294 0.0
12.2135 -3.56047 0.0
-12.1887 -3.40673 0.0
-11.7413 -3.6698 0.0
-11.224 -2.62356 0.0
-11.5144 -2.31536 0.0
-11.942 -2.00307 0.0
11.5154 -2.31472 0.0
11.226 -2.62214 0.0
11.7392 -3.6712 0.0
12.1888 -3.4068 0.0
11.942 -2.00315 0.0
-12.5957 -6.60391 0.0
-12.0905 -6.7673 0.0
-11.7279 -5.56003 0.0
-11.9627 -5.3644 0.0
-12.4368 -5.14978 0.0
11.963 -5.36427 0.0
11.7282 -5.5599 0.0
12.0901 -6.76747 0.0
12.5957 -6.60393 0.0
12.4368 -5.14979 0.0
11.2135 -0.844977 0.0
10.9157 -1.20459 0.0
11.486 -2.16466 0.0
11.9126 -1.85308 0.0
11.6236 -0.483992 0.0
-11.9127 -1.85311 0.0
-11.485 -2.1654 0.0
-10.9166 -1.20383 0.0
-11.2147 -0.843979 0.0
-11.6236 -0.484036 0.0
-11.5897 -0.338248 0.0
-11.1808 -0.69819 0.0
-10.5688 0.174777 0.0
-10.8641 0.579745 0.0
-11.2594 0.990834 0.0
10.8656 0.581261 0.0
10.5699 0.175825 0.0
11.1797 -0.699257 0.0
11.5898 -0.338272 0.0
11.2594 0.990775 0.0
-11.2213 1.13177 0.0
-10.826 0.720685 0.0
-10.1857 1.51209 0.0
-10.4697 1.95369 0.0
-10.8511 2.41559 0.0
10.4695 1.95356 0.0
10.1843 1.51049 0.0
10.8275 0.722276 0.0
11.2213 1.13179 0.0
10.851 2.41564 0.0
-10.8088 2.5513 0.0
-10.4274 2.08941 0.0
-9.76359 2.79902 0.0
-10.0314 3.27016 0.0
-10.4001 3.78489 0.0
10.03 3.2682 0.0
9.76375 2.79926 0.0
10.4272 2.08924 0.0
10.8088 2.55132 0.0
10.4001 3.7849 0.0
-0.768328 14.6597 0.0
-0.721766 13.4052 0.0
-0.0458482 13.4176 0.0
-0.0313958 13.546 0.0
-0.0388856 14.7069 0.0
0.0399875 14.7105 0.0
0.0474773 13.5496 0.0
0.722357 13.4078 0.0
0.769425 14.6635 0.0
-10.3538 3.91483 0.0
-9.98515 3.40011 0.0
-9.30548 4.03313 0.0
-9.55044 4.52131 0.0
-9.9083 5.09335 0.0
9.55137 4.52265 0.0
9.30679 4.03506 0.0
9.98375 3.39811 0.0
10.3538 3.91481 0.0
9.90832 5.09329 0.0
-1.57254 14.5058 0.0
-1.48866 13.2871 0.0
-0.809941 13.259 0.0
-0.79975 13.393 0.0
-0.846312 14.6475 0.0
0.799227 13.392 0.0
0.809738 13.2575 0.0
1.4885 13.2847 0.0
1.57252 14.5057 0.0
0.846294 14.6476 0.0
-2.37072 14.2519 0.0
-2.2512 13.075 0.0
-1.57285 13.1319 0.0
-1.56685 13.2684 0.0
-1.65074 14.4871 0.0
1.5667 13.266 0.0
1.57272 13.1297 0.0
2.25106 13.0727 0.0
2.37072 14.2518 0.0
1.65072 14.487 0.0
-9.85824 5.21701 0.0
-9.50037 4.64497 0.0
-8.8138 5.21205 0.0
-9.03275 5.70727 0.0
-9.37768 6.33582 0.0
9.0327 5.70727 0.0
8.81298 5.21065 0.0
9.50125 4.64636 0.0
9.8582 5.21701 0.0
9.37767 6.33586 0.0
-3.15869 13.8947 0.0
-3.0059 12.7632 0.0
-2.32817 12.8714 0.0
-2.32839 13.0453 0.0
-2.44792 14.2222 0.0
2.32828 13.0431 0.0
2.32833 12.8733 0.0
3.00569 12.7613 0.0
3.15871 13.8946 0.0
2.44794 14.2222 0.0
-9.32395 6.45281 0.0
-8.97901 5.82426 0.0
-8.28667 6.32613 0.0
-8.47913 6.82135 0.0
-8.81026 7.50762 0.0
8.47845 6.82 0.0
8.28669 6.32619 0.0
8.97898 5.82424 0.0
9.32395 6.45283 0.0
8.81026 7.50763 0.0
-3.93344 13.4362 0.0
-3.75011 12.3534 0.0
-3.07099 12.4951 0.0
-3.08185 12.7231 0.0
-3.23464 13.8546 0.0
3.08164 12.7213 0.0
3.07119 12.4967 0.0
3.74987 12.3518 0.0
3.93346 13.4362 0.0
3.23466 13.8546 0.0
-8.75308 7.61747 0.0
-8.42196 6.9312 0.0
-7.72718 7.37329 0.0
-7.89116 7.85687 0.0
-8.20825 8.60415 0.0
7.89121 7.85691 0.0
7.7278 7.37462 0.0
8.4213 6.92984 0.0
8.75311 7.61747 0.0
8.20827 8.60413 0.0
-4.69215 12.879 0.0
-4.4808 11.8478 0.0
-3.79958 12.0245 0.0
-3.82465 12.3036 0.0
-4.00798 13.3864 0.0
3.82441 12.3021 0.0
3.79977 12.0257 0.0
4.48058 11.8467 0.0
4.69216 12.879 0.0
4.00799 13.3864 0.0
-8.1479 8.70642 0.0
-7.83081 7.95915 0.0
-7.13809 8.35159 0.0
-7.27395 8.81522 0.0
-7.57405 9.62113 0.0
7.27458 8.81684 0.0
7.13807 8.35151 0.0
7.83084 7.95919 0.0
8.1479 8.70641 0.0
7.57405 9.6211 0.0
-5.43196 12.2256 0.0
-5.19503 11.2483 0.0
-4.51123 11.4621 0.0
-4.55365 11.7886 0.0
-4.76499 12.8198 0.0
4.55341 11.7875 0.0
4.51136 11.4628 0.0
5.19488 11.2477 0.0
5.43197 12.2256 0.0
4.765 12.8198 0.0
-7.51068 9.71547 0.0
-7.21057 8.90957 0.0
-6.51909 9.25183 0.0
-6.62883 9.69054 0.0
-6.91002 10.5546 0.0
6.62906 9.69132 0.0
6.51852 9.25021 0.0
7.21119 8.91119 0.0
7.51065 9.71546 0.0
6.91 10.5547 0.0
5.26574 11.1793 0.0
5.20334 10.8105 0.0
5.88993 10.5571 0.0
6.15011 11.4785 0.0
5.50283 12.1571 0.0
-6.15011 11.4785 0.0
-5.88994 10.5571 0.0
-5.20335 10.8105 0.0
-5.2659 11.1799 0.0
-5.50283 12.1571 0.0
-6.84389 10.6407 0.0
-6.5627 9.77657 0.0
-5.87342 10.0727 0.0
-5.95856 10.4797 0.0
-6.21874 11.4011 0.0
5.95855 10.4797 0.0
5.87319 10.0719 0.0
6.56295 9.77735 0.0
6.84389 10.6407 0.0
6.21873 11.4011 0.0
-12.7248 -8.2249 0.0
-12.1879 -8.33339 0.0
-11.917 -7.0696 0.0
-12.1056 -6.92601 0.0
-12.6109 -6.76262 0.0
12.1053 -6.92622 0.0
11.9181 -7.0692 0.0
12.1868 -8.33366 0.0
12.7248 -8.22494 0.0
12.6109 -6.76267 0.0
-12.8036 -9.80771 0.0
-12.2311 -9.8636 0.0
-12.0676 -8.58646 0.0
-12.1981 -8.49116 0.0
-12.735 -8.38267 0.0
12.197 -8.49133 0.0
12.0661 -8.5868 0.0
12.2326 -9.86342 0.0
12.8036 -9.80765 0.0
12.735 -8.38261 0.0
-13.6153 -11.1773 0.0
-13.5602 -9.89263 0.0
-13.621 -9.83676 0.0
-14.1558 -9.791 0.0
-14.1872 -11.1409 0.0
13.6203 -9.83659 0.0
13.5581 -9.89296 0.0
13.6173 -11.1773 0.0
14.1872 -11.1408 0.0
14.1558 -9.79092 0.0
-0.684729 11.7678 0.0
-0.640141 10.4939 0.0
-0.0395595 10.5078 0.0
-0.0351529 11.8098 0.0
0.0293703 10.504 0.0
0.0389929 10.3709 0.0
0.639043 10.4907 0.0
0.683793 11.764 0.0
0.033777 11.806 0.0
0.708805 10.4831 0.0
0.714326 10.3475 0.0
1.3181 10.392 0.0
1.40039 11.6298 0.0
0.753555 11.7564 0.0
-1.40041 11.6297 0.0
-1.31801 10.3903 0.0
-0.714324 10.3465 0.0
-0.709047 10.4824 0.0
-0.753634 11.7563 0.0
-2.11095 11.4033 0.0
-1.9928 10.2037 0.0
-1.38839 10.2356 0.0
-1.3874 10.3737 0.0
-1.4698 11.6132 0.0
1.3875 10.3754 0.0
1.38848 10.2372 0.0
1.99294 10.2056 0.0
2.11095 11.4034 0.0
1.46979 11.6132 0.0
-2.81243 11.0851 0.0
-2.66052 9.9295 0.0
-2.0566 10.0187 0.0
-2.0614 10.1777 0.0
-2.17955 11.3773 0.0
2.06152 10.1795 0.0
2.05642 10.0167 0.0
2.66077 9.93148 0.0
2.81241 11.0851 0.0
2.17953 11.3773 0.0
-3.50191 10.6764 0.0
-3.31916 9.5703 0.0
-2.71232 9.6821 0.0
-2.72789 9.89387 0.0
-2.8798 11.0495 0.0
2.72818 9.89585 0.0
2.71261 9.68409 0.0
3.31885 9.56826 0.0
3.50193 10.6764 0.0
2.87982 11.0495 0.0
-4.17702 10.1798 0.0
-3.96558 9.1243 0.0
-3.35548 9.26428 0.0
-3.38529 9.52607 0.0
-3.56803 10.6322 0.0
3.38497 9.52403 0.0
3.35577 9.26595 0.0
3.96525 9.12262 0.0
4.17703 10.1798 0.0
3.56805 10.6322 0.0
-4.83521 9.59757 0.0
-4.59746 8.59535 0.0
-3.98343 8.76534 0.0
-4.03018 9.07168 0.0
-4.24162 10.1272 0.0
4.02985 9.06999 0.0
3.98369 8.76657 0.0
4.59717 8.5941 0.0
4.83522 9.59757 0.0
4.24163 10.1272 0.0
-5.47403 8.93197 0.0
-5.21233 7.98535 0.0
-4.59389 8.18762 0.0
-4.6603 8.53454 0.0
-4.89805 9.53677 0.0
4.66 8.53329 0.0
4.59407 8.18833 0.0
5.21213 7.98464 0.0
5.47403 8.93197 0.0
4.89805 9.53677 0.0
5.27296 7.9159 0.0
5.18467 7.53383 0.0
5.80772 7.29643 0.0
6.09107 8.18567 0.0
5.53487 8.86323 0.0
-6.09107 8.18566 0.0
-5.80774 7.29649 0.0
-5.18465 7.53376 0.0
-5.27317 7.91661 0.0
-5.53486 8.86322 0.0
-10.8393 -4.31767 0.0
-10.3976 -4.59215 0.0
-9.88965 -3.68316 0.0
-10.1974 -3.39246 0.0
-10.6205 -3.06863 0.0
10.1988 -3.39139 0.0
9.89055 -3.68251 0.0
10.3967 -4.59278 0.0
10.8393 -4.31769 0.0
10.6205 -3.06867 0.0
-10.5945 -2.9357 0.0
-10.1715 -3.25953 0.0
-9.61893 -2.43229 0.0
-9.93197 -2.08958 0.0
-10.3379 -1.71724 0.0
9.9311 -2.09031 0.0
9.61762 -2.43343 0.0
10.1729 -3.2584 0.0
10.5945 -2.93568 0.0
10.3379 -1.71719 0.0
5.86632 7.22003 0.0
5.75337 6.80599 0.0
6.38155 6.5319 0.0
6.684 7.36159 0.0
6.14967 8.10926 0.0
-6.68401 7.36159 0.0
-6.38129 6.53118 0.0
-5.75361 6.80668 0.0
-5.86635 7.22008 0.0
-6.14968 8.10925 0.0
9.62218 -0.828291 0.0
9.31413 -1.21608 0.0
9.90124 -1.96113 0.0
10.3081 -1.58802 0.0
10.0148 -0.404986 0.0
-10.308 -1.588 0.0
-9.90207 -1.96034 0.0
-9.31336 -1.21687 0.0
-9.62086 -0.829657 0.0
-10.0148 -0.404951 0.0
-9.9811 -0.279976 0.0
-9.58719 -0.704682 0.0
-8.97715 -0.0368771 0.0
-9.27067 0.385656 0.0
-9.65226 0.862951 0.0
9.27032 0.385292 0.0
8.97596 -0.0382861 0.0
9.58846 -0.703266 0.0
9.98106 -0.27996 0.0
9.65224 0.862992 0.0
-7.25058 6.46297 0.0
-6.93058 5.6921 0.0
-6.29877 6.00958 0.0
-6.43745 6.4474 0.0
-6.74017 7.27781 0.0
6.4377 6.44813 0.0
6.29815 6.00799 0.0
6.93126 5.69371 0.0
7.25056 6.46297 0.0
6.74015 7.27782 0.0
8.88012 1.54741 0.0
8.60709 1.09984 0.0
9.23295 0.505624 0.0
9.61488 0.983324 0.0
9.25179 2.08166 0.0
-9.61486 0.983318 0.0
-9.23326 0.506022 0.0
-8.60679 1.09943 0.0
-8.88006 1.54734 0.0
-9.25178 2.08167 0.0
-9.21087 2.19691 0.0
-8.83915 1.66258 0.0
-8.20609 2.19193 0.0
-8.45486 2.65516 0.0
-8.81498 3.24634 0.0
8.45533 2.65592 0.0
8.20604 2.19184 0.0
8.8392 1.66266 0.0
9.21087 2.19691 0.0
8.81497 3.24632 0.0
10.4186 -4.72896 0.0
10.1283 -4.9633 0.0
10.5756 -5.95355 0.0
11.0414 -5.7282 0.0
10.8612 -4.45387 0.0
-11.0415 -5.72825 0.0
-10.5738 -5.95452 0.0
-10.13 -4.96228 0.0
-10.4196 -4.72841 0.0
-10.8612 -4.45393 0.0
-7.78855 5.49328 0.0
-7.4543 4.7844 0.0
-6.81734 5.14372 0.0
-6.98405 5.6013 0.0
-7.30404 6.37217 0.0
6.98477 5.60288 0.0
6.81813 5.14549 0.0
7.45345 4.78258 0.0
7.78857 5.49328 0.0
7.30406 6.37215 0.0
-8.77063 3.35609 0.0
-8.41051 2.76491 0.0
-7.77279 3.23191 0.0
-7.99567 3.70294 0.0
-8.34348 4.35248 0.0
7.99533 3.70235 0.0
7.77236 3.23116 0.0
8.41098 2.76568 0.0
8.77061 3.35609 0.0
8.34347 4.3525 0.0
7.50406 4.68508 0.0
7.30976 4.21784 0.0
7.94777 3.80617 0.0
8.29591 4.45631 0.0
7.83919 5.39578 0.0
-8.2959 4.4563 0.0
-7.9481 3.80677 0.0
-7.30946 4.21723 0.0
-7.50493 4.68689 0.0
-7.83918 5.39578 0.0
-11.2001 -7.15993 0.0
-10.704 -7.3343 0.0
-10.3347 -6.26932 0.0
-10.5915 -6.09335 0.0
-11.0592 -5.86709 0.0
10.5934 -6.09248 0.0
10.3357 -6.26886 0.0
10.703 -7.33473 0.0
11.2001 -7.15997 0.0
11.0592 -5.86713 0.0
-11.3145 -8.59831 0.0
-10.7824 -8.71846 0.0
-10.5086 -7.59588 0.0
-10.7175 -7.47486 0.0
-11.2135 -7.30049 0.0
10.7164 -7.47519 0.0
10.5068 -7.5965 0.0
10.7843 -8.71793 0.0
11.3145 -8.59825 0.0
11.2135 -7.30043 0.0
-11.3847 -9.99545 0.0
-10.8167 -10.0604 0.0
-10.6446 -8.92841 0.0
-10.7915 -8.8575 0.0
-11.3236 -8.73735 0.0
10.7933 -8.85708 0.0
10.6458 -8.92816 0.0
10.8155 -10.0606 0.0
11.3847 -9.99549 0.0
11.3236 -8.73739 0.0
-12.2363 -10.0081 0.0
-12.8088 -9.9522 0.0
-12.8362 -11.1546 0.0
-12.2314 -11.1835 0.0
-12.1684 -10.0476 0.0
12.2379 -10.0081 0.0
12.171 -10.0473 0.0
12.2289 -11.1836 0.0
12.8362 -11.1547 0.0
12.8088 -9.95229 0.0
-0.599367 8.83743 0.0
-0.558201 7.56405 0.0
-0.0321131 7.574 0.0
-0.0303466 8.87448 0.0
0.0281257 7.57024 0.0
0.031671 7.43603 0.0
0.557475 7.56049 0.0
0.598773 8.83361 0.0
0.0298921 8.87072 0.0
-1.2259 8.71619 0.0
-1.14707 7.47529 0.0
-0.617668 7.41709 0.0
-0.61841 7.5537 0.0
-0.659576 8.82708 0.0
0.618291 7.55393 0.0
0.617672 7.41753 0.0
1.1471 7.47598 0.0
1.2259 8.71621 0.0
0.659589 8.82705 0.0
-1.84768 8.5178 0.0
-1.7332 7.3143 0.0
-1.20248 7.32252 0.0
-1.20756 7.46085 0.0
-1.28639 8.70176 0.0
1.2076 7.46156 0.0
1.20251 7.32316 0.0
1.73328 7.31512 0.0
1.84768 8.51784 0.0
1.2864 8.70179 0.0
-2.4615 8.23934 0.0
-2.31335 7.07744 0.0
-1.78287 7.14477 0.0
-1.79307 7.29188 0.0
-1.90755 8.49538 0.0
1.79314 7.29266 0.0
1.78277 7.14383 0.0
2.31346 7.07839 0.0
2.46149 8.23934 0.0
1.90754 8.49538 0.0
-3.06468 7.88135 0.0
-2.88509 6.76476 0.0
-2.35154 6.85267 0.0
-2.3721 7.04631 0.0
-2.52025 8.20821 0.0
2.37221 7.04726 0.0
2.35138 6.85151 0.0
2.88527 6.76593 0.0
3.06467 7.88135 0.0
2.52024 8.20821 0.0
-3.65518 7.44656 0.0
-3.44639 6.37871 0.0
-2.90888 6.48839 0.0
-2.94272 6.72614 0.0
-3.12231 7.84273 0.0
2.9429 6.72732 0.0
2.90863 6.48693 0.0
3.44667 6.38018 0.0
3.65516 7.44657 0.0
3.1223 7.84273 0.0
-4.2308 6.93686 0.0
-3.9951 5.92078 0.0
-3.45281 6.05379 0.0
-3.50268 6.33277 0.0
-3.71146 7.40063 0.0
3.50297 6.33425 0.0
3.4528 6.05373 0.0
3.99512 5.92084 0.0
4.2308 6.93686 0.0
3.71146 7.40063 0.0
-4.78941 6.35434 0.0
-4.52962 5.39448 0.0
-3.9809 5.54916 0.0
-4.04982 5.86773 0.0
-4.28552 6.88381 0.0
4.04985 5.86779 0.0
3.98121 5.55044 0.0
4.52927 5.39318 0.0
4.78942 6.35433 0.0
4.28553 6.88381 0.0
4.58225 5.33321 0.0
4.49227 4.98111 0.0
5.04676 4.79729 0.0
5.32896 5.70128 0.0
4.8424 6.29437 0.0
-5.32895 5.70128 0.0
-5.04699 4.79806 0.0
-4.49205 4.98035 0.0
-4.5826 5.33451 0.0
-4.84239 6.29437 0.0
5.09779 4.73065 0.0
4.98413 4.34825 0.0
5.54555 4.13526 0.0
5.84738 4.98028 0.0
5.37999 5.63465 0.0
-5.84738 4.98027 0.0
-5.54559 4.13538 0.0
-4.98409 4.34813 0.0
-5.09803 4.73142 0.0
-5.37998 5.63465 0.0
-6.34273 4.19411 0.0
-6.02337 3.40872 0.0
-5.45528 3.65529 0.0
-5.59448 4.06234 0.0
-5.89627 4.90723 0.0
5.59443 4.06222 0.0
5.45504 3.65465 0.0
6.02364 3.40938 0.0
6.34272 4.19411 0.0
5.89627 4.90724 0.0
-9.26595 -4.02641 0.0
-8.85084 -4.35804 0.0
-8.31716 -3.66586 0.0
-8.64163 -3.34096 0.0
-9.04156 -2.96033 0.0
8.37063 -2.24537 0.0
8.05448 -2.61359 0.0
8.615 -3.22904 0.0
9.01558 -2.84779 0.0
8.75907 -1.81268 0.0
8.64099 -3.34158 0.0
8.31751 -3.66554 0.0
8.85045 -4.35836 0.0
9.26596 -4.02642 0.0
9.04157 -2.96033 0.0
-9.01556 -2.84778 0.0
-8.61563 -3.22841 0.0
-8.0539 -2.61421 0.0
-8.36962 -2.24647 0.0
-8.75906 -1.81267 0.0
8.06289 -1.19212 0.0
7.7637 -1.59333 0.0
8.34132 -2.13648 0.0
8.72975 -1.70379 0.0
8.44215 -0.703751 0.0
-8.72978 -1.70381 0.0
-8.34034 -2.13761 0.0
-7.7646 -1.59221 0.0
-8.06344 -1.19145 0.0
-8.44216 -0.703775 0.0
-6.81309 3.34583 0.0
-6.47831 2.62055 0.0
-5.90403 2.90487 0.0
-6.06994 3.32955 0.0
-6.3893 4.11494 0.0
6.07019 3.33021 0.0
5.90337 2.90332 0.0
6.47903 2.62213 0.0
6.81307 3.34584 0.0
6.38928 4.11494 0.0
7.72328 -0.18219 0.0
7.44641 -0.606648 0.0
8.0304 -1.08729 0.0
8.40966 -0.598927 0.0
8.09209 0.362098 0.0
-8.40964 -0.598924 0.0
-8.03092 -1.0866 0.0
-7.44593 -0.607325 0.0
-7.72223 -0.183694 0.0
-8.09208 0.362109 0.0
-8.05649 0.462518 0.0
-7.68664 -0.0832851 0.0
-7.10092 0.340256 0.0
-7.35111 0.77686 0.0
-7.71021 1.38076 0.0
7.35114 0.776965 0.0
7.09999 0.338758 0.0
7.68766 -0.0817559 0.0
8.05647 0.462532 0.0
7.71019 1.38078 0.0
6.5231 2.53713 0.0
6.32854 2.09941 0.0
6.90873 1.77429 0.0
7.25664 2.43876 0.0
6.85715 3.26084 0.0
-7.25662 2.43876 0.0
-6.90933 1.77545 0.0
-6.32799 2.09828 0.0
-6.52235 2.53557 0.0
-6.85714 3.26085 0.0
6.95012 1.68381 0.0
6.72752 1.2427 0.0
7.31258 0.87259 0.0
7.67163 1.4764 0.0
7.29802 2.34828 0.0
-7.67163 1.4764 0.0
-7.31253 0.8725 0.0
-6.72757 1.24279 0.0
-6.95073 1.68497 0.0
-7.29802 2.34827 0.0
8.873 -4.47411 0.0
8.55104 -4.74734 0.0
9.0476 -5.51745 0.0
9.47989 -5.23494 0.0
9.2885 -4.14217 0.0
-9.47988 -5.23494 0.0
-9.04751 -5.51751 0.0
-8.55112 -4.74728 0.0
-8.8734 -4.4738 0.0
-9.28851 -4.14217 0.0
-9.65656 -6.46825 0.0
-9.19911 -6.70345 0.0
-8.76029 -5.85203 0.0
-9.06659 -5.63615 0.0
-9.49896 -5.35358 0.0
9.06667 -5.63608 0.0
8.75961 -5.85245 0.0
9.19984 -6.70304 0.0
9.65655 -6.46824 0.0
9.49896 -5.35356 0.0
-9.79515 -7.71923 0.0
-9.30891 -7.90373 0.0
-8.94044 -6.98015 0.0
-9.21454 -6.8243 0.0
-9.67199 -6.58911 0.0
9.21527 -6.82388 0.0
8.93906 -6.98083 0.0
9.31037 -7.90313 0.0
9.79514 -7.71919 0.0
9.67197 -6.58907 0.0
-9.89516 -8.97327 0.0
-9.37401 -9.10323 0.0
-9.09364 -8.12495 0.0
-9.32063 -8.02583 0.0
-9.80687 -7.84132 0.0
9.32212 -8.02528 0.0
9.09424 -8.12473 0.0
9.37338 -9.10341 0.0
9.89516 -8.97328 0.0
9.80688 -7.84134 0.0
-9.957 -10.1839 0.0
-9.39292 -10.2554 0.0
-9.22206 -9.27063 0.0
-9.38199 -9.22359 0.0
-9.90314 -9.09363 0.0
9.38136 -9.22375 0.0
9.22179 -9.27068 0.0
9.39319 -10.2554 0.0
9.957 -10.1839 0.0
9.90314 -9.09362 0.0
-10.8216 -10.1863 0.0
-11.3896 -10.1213 0.0
-11.4157 -11.1706 0.0
-10.8076 -11.1815 0.0
-10.7448 -10.2009 0.0
10.8204 -10.1864 0.0
10.7433 -10.2011 0.0
10.8091 -11.1815 0.0
11.4157 -11.1705 0.0
11.3896 -10.1213 0.0
</DataArray>
</Points>
<Cells>
<DataArray type="Int32" Name="connectivity" format="ascii">
0 1 958 957 1 52 959 958 52 51 960 959 51 0 957 960 2 53 962 961 53 52 963 962 52 1 964 963 1 2 961 964 3 54 966 965 54 53 967 966 53 2 968 967 2 3 965 968 4 55 970 969 55 54 971 970 54 3 972 971 3 4 969 972 5 56 974 973 56 55 975 974 55 4 976 975 4 5 973 976 6 57 978 977 57 56 979 978 56 5 980 979 5 6 977 980 7 58 982 981 58 57 983 982 57 6 984 983 6 7 981 984 8 59 986 985 59 58 987 986 58 7 988 987 7 8 985 988 9 60 990 989 60 59 991 990 59 8 992 991 8 9 989 992 10 61 994 993 61 60 995 994 60 9 996 995 9 10 993 996 11 62 998 997 62 61 999 998 61 10 1000 999 10 11 997 1000 12 63 1002 1001 63 62 1003 1002 62 11 1004 1003 11 12 1001 1004 13 64 1006 1005 64 63 1007 1006 63 12 1008 1007 12 13 1005 1008 14 65 1010 1009 65 64 1011 1010 64 13 1012 1011 13 14 1009 1012 15 66 1014 1013 66 65 1015 1014 65 14 1016 1015 14 15 1013 1016 16 67 1018 1017 67 66 1019 1018 66 15 1020 1019 15 16 1017 1020 17 68 1022 1021 68 67 1023 1022 67 16 1024 1023 16 17 1021 1024 18 69 1026 1025 69 68 1027 1026 68 17 1028 1027 17 18 1025 1028 19 70 1030 1029 70 69 1031 1030 69 18 1032 1031 18 19 1029 1032 20 71 1034 1033 71 70 1035 1034 70 19 1036 1035 19 20 1033 1036 21 72 1038 1037 72 71 1039 1038 71 20 1040 1039 20 21 1037 1040 22 73 1042 1041 73 72 1043 1042 72 21 1044 1043 21 22 1041 1044 23 74 1046 1045 74 73 1047 1046 73 22 1048 1047 22 23 1045 1048 24 75 1050 1049 75 74 1051 1050 74 23 1052 1051 23 24 1049 1052 25 76 1054 1053 76 75 1055 1054 75 24 1056 1055 24 25 1053 1056 26 77 1058 1057 77 76 1059 1058 76 25 1060 1059 25 26 1057 1060 27 78 1062 1061 78 77 1063 1062 77 26 1064 1063 26 27 1061 1064 28 79 1066 1065 79 78 1067 1066 78 27 1068 1067 27 28 1065 1068 29 80 1070 1069 80 79 1071 1070 79 28 1072 1071 28 29 1069 1072 30 81 1074 1073 81 80 1075 1074 80 29 1076 1075 29 30 1073 1076 31 82 1078 1077 82 81 1079 1078 81 30 1080 1079 30 31 1077 1080 32 83 1082 1081 83 82 1083 1082 82 31 1084 1083 31 32 1081 1084 33 84 1086 1085 84 83 1087 1086 83 32 1088 1087 32 33 1085 1088 34 85 1090 1089 85 84 1091 1090 84 33 1092 1091 33 34 1089 1092 35 86 1094 1093 86 85 1095 1094 85 34 1096 1095 34 35 1093 1096 36 87 1098 1097 87 86 1099 1098 86 35 1100 1099 35 36 1097 1100 37 88 1102 1101 88 87 1103 1102 87 36 1104 1103 36 37 1101 1104 38 89 1106 1105 89 88 1107 1106 88 37 1108 1107 37 38 1105 1108 39 90 1110 1109 90 89 1111 1110 89 38 1112 1111 38 39 1109 1112 40 91 1114 1113 91 90 1115 1114 90 39 1116 1115 39 40 1113 1116 41 92 1118 1117 92 91 1119 1118 91 40 1120 1119 40 41 1117 1120 42 93 1122 1121 93 92 1123 1122 92 41 1124 1123 41 42 1121 1124 43 94 1126 1125 94 93 1127 1126 93 42 1128 1127 42 43 1125 1128 44 95 1130 1129 95 94 1131 1130 94 43 1132 1131 43 44 1129 1132 45 96 1134 1133 96 95 1135 1134 95 44 1136 1135 44 45 1133 1136 46 97 1138 1137 97 96 1139 1138 96 45 1140 1139 45 46 1137 1140 47 98 1142 1141 98 97 1143 1142 97 46 1144 1143 46 47 1141 1144 48 99 1146 1145 99 98 1147 1146 98 47 1148 1147 47 48 1145 1148 49 100 1150 1149 100 99 1151 1150 99 48 1152 1151 48 49 1149 1152 50 101 1154 1153 101 100 1155 1154 100 49 1156 1155 49 50 1153 1156 51 52 1158 1157 52 103 1159 1158 103 102 1160 1159 102 51 1157 1160 52 53 1162 1161 53 104 1163 1162 104 103 1164 1163 103 52 1161 1164 53 54 1166 1165 54 105 1167 1166 105 104 1168 1167 104 53 1165 1168 54 55 1170 1169 55 106 1171 1170 106 105 1172 1171 105 54 1169 1172 55 56 1174 1173 56 107 1175 1174 107 106 1176 1175 106 55 1173 1176 56 57 1178 1177 57 108 1179 1178 108 107 1180 1179 107 56 1177 1180 57 58 1182 1181 58 109 1183 1182 109 108 1184 1183 108 57 1181 1184 58 59 1186 1185 59 110 1187 1186 110 109 1188 1187 109 58 1185 1188 59 60 1190 1189 60 111 1191 1190 111 110 1192 1191 110 59 1189 1192 60 61 1194 1193 61 112 1195 1194 112 111 1196 1195 111 60 1193 1196 61 62 1198 1197 62 113 1199 1198 113 112 1200 1199 112 61 1197 1200 62 63 1202 1201 63 114 1203 1202 114 113 1204 1203 113 62 1201 1204 63 64 1206 1205 64 115 1207 1206 115 114 1208 1207 114 63 1205 1208 64 65 1210 1209 65 116 1211 1210 116 115 1212 1211 115 64 1209 1212 65 66 1214 1213 66 117 1215 1214 117 116 1216 1215 116 65 1213 1216 66 67 1218 1217 67 118 1219 1218 118 117 1220 1219 117 66 1217 1220 67 68 1222 1221 68 119 1223 1222 119 118 1224 1223 118 67 1221 1224 68 69 1226 1225 69 120 1227 1226 120 119 1228 1227 119 68 1225 1228 69 70 1230 1229 70 121 1231 1230 121 120 1232 1231 120 69 1229 1232 70 71 1234 1233 71 122 1235 1234 122 121 1236 1235 121 70 1233 1236 71 72 1238 1237 72 123 1239 1238 123 122 1240 1239 122 71 1237 1240 72 73 1242 1241 73 124 1243 1242 124 123 1244 1243 123 72 1241 1244 73 74 1246 1245 74 125 1247 1246 125 124 1248 1247 124 73 1245 1248 74 75 1250 1249 75 126 1251 1250 126 125 1252 1251 125 74 1249 1252 75 76 1254 1253 76 127 1255 1254 127 126 1256 1255 126 75 1253 1256 76 77 1258 1257 77 128 1259 1258 128 127 1260 1259 127 76 1257 1260 77 78 1262 1261 78 129 1263 1262 129 128 1264 1263 128 77 1261 1264 78 79 1266 1265 79 130 1267 1266 130 129 1268 1267 129 78 1265 1268 79 80 1270 1269 80 131 1271 1270 131 130 1272 1271 130 79 1269 1272 80 81 1274 1273 81 132 1275 1274 132 131 1276 1275 131 80 1273 1276 81 82 1278 1277 82 133 1279 1278 133 132 1280 1279 132 81 1277 1280 82 83 1282 1281 83 134 1283 1282 134 133 1284 1283 133 82 1281 1284 83 84 1286 1285 84 135 1287 1286 135 134 1288 1287 134 83 1285 1288 84 85 1290 1289 85 136 1291 1290 136 135 1292 1291 135 84 1289 1292 85 86 1294 1293 86 137 1295 1294 137 136 1296 1295 136 85 1293 1296 86 87 1298 1297 87 138 1299 1298 138 137 1300 1299 137 86 1297 1300 87 88 1302 1301 88 139 1303 1302 139 138 1304 1303 138 87 1301 1304 88 89 1306 1305 89 140 1307 1306 140 139 1308 1307 139 88 1305 1308 89 90 1310 1309 90 141 1311 1310 141 140 1312 1311 140 89 1309 1312 90 91 1314 1313 91 142 1315 1314 142 141 1316 1315 141 90 1313 1316 91 92 1318 1317 92 143 1319 1318 143 142 1320 1319 142 91 1317 1320 92 93 1322 1321 93 144 1323 1322 144 143 1324 1323 143 92 1321 1324 93 94 1326 1325 94 145 1327 1326 145 144 1328 1327 144 93 1325 1328 94 95 1330 1329 95 146 1331 1330 146 145 1332 1331 145 94 1329 1332 95 96 1334 1333 96 147 1335 1334 147 146 1336 1335 146 95 1333 1336 96 97 1338 1337 97 148 1339 1338 148 147 1340 1339 147 96 1337 1340 97 98 1342 1341 98 149 1343 1342 149 148 1344 1343 148 97 1341 1344 98 99 1346 1345 99 150 1347 1346 150 149 1348 1347 149 98 1345 1348 99 100 1350 1349 100 151 1351 1350 151 150 1352 1351 150 99 1349 1352 100 101 1354 1353 101 152 1355 1354 152 151 1356 1355 151 100 1353 1356 103 154 1358 1357 154 153 1359 1358 153 102 1360 1359 102 103 1357 1360 104 155 1362 1361 155 154 1363 1362 154 103 1364 1363 103 104 1361 1364 105 156 1366 1365 156 155 1367 1366 155 104 1368 1367 104 105 1365 1368 106 157 1370 1369 157 156 1371 1370 156 105 1372 1371 105 106 1369 1372 107 158 1374 1373 158 157 1375 1374 157 106 1376 1375 106 107 1373 1376 108 159 1378 1377 159 158 1379 1378 158 107 1380 1379 107 108 1377 1380 109 160 1382 1381 160 159 1383 1382 159 108 1384 1383 108 109 1381 1384 110 161 1386 1385 161 160 1387 1386 160 109 1388 1387 109 110 1385 1388 111 162 1390 1389 162 161 1391 1390 161 110 1392 1391 110 111 1389 1392 112 163 1394 1393 163 162 1395 1394 162 111 1396 1395 111 112 1393 1396 113 164 1398 1397 164 163 1399 1398 163 112 1400 1399 112 113 1397 1400 114 165 1402 1401 165 164 1403 1402 164 113 1404 1403 113 114 1401 1404 115 166 1406 1405 166 165 1407 1406 165 114 1408 1407 114 115 1405 1408 116 167 1410 1409 167 166 1411 1410 166 115 1412 1411 115 116 1409 1412 117 168 1414 1413 168 167 1415 1414 167 116 1416 1415 116 117 1413 1416 118 169 1418 1417 169 168 1419 1418 168 117 1420 1419 117 118 1417 1420 119 170 1422 1421 170 169 1423 1422 169 118 1424 1423 118 119 1421 1424 120 171 1426 1425 171 170 1427 1426 170 119 1428 1427 119 120 1425 1428 121 172 1430 1429 172 171 1431 1430 171 120 1432 1431 120 121 1429 1432 122 173 1434 1433 173 172 1435 1434 172 121 1436 1435 121 122 1433 1436 123 174 1438 1437 174 173 1439 1438 173 122 1440 1439 122 123 1437 1440 124 175 1442 1441 175 174 1443 1442 174 123 1444 1443 123 124 1441 1444 125 176 1446 1445 176 175 1447 1446 175 124 1448 1447 124 125 1445 1448 126 177 1450 1449 177 176 1451 1450 176 125 1452 1451 125 126 1449 1452 127 178 1454 1453 178 177 1455 1454 177 126 1456 1455 126 127 1453 1456 128 179 1458 1457 179 178 1459 1458 178 127 1460 1459 127 128 1457 1460 129 180 1462 1461 180 179 1463 1462 179 128 1464 1463 128 129 1461 1464 130 181 1466 1465 181 180 1467 1466 180 129 1468 1467 129 130 1465 1468 131 182 1470 1469 182 181 1471 1470 181 130 1472 1471 130 131 1469 1472 132 183 1474 1473 183 182 1475 1474 182 131 1476 1475 131 132 1473 1476 133 184 1478 1477 184 183 1479 1478 183 132 1480 1479 132 133 1477 1480 134 185 1482 1481 185 184 1483 1482 184 133 1484 1483 133 134 1481 1484 135 186 1486 1485 186 185 1487 1486 185 134 1488 1487 134 135 1485 1488 136 187 1490 1489 187 186 1491 1490 186 135 1492 1491 135 136 1489 1492 137 188 1494 1493 188 187 1495 1494 187 136 1496 1495 136 137 1493 1496 138 189 1498 1497 189 188 1499 1498 188 137 1500 1499 137 138 1497 1500 139 190 1502 1501 190 189 1503 1502 189 138 1504 1503 138 139 1501 1504 140 191 1506 1505 191 190 1507 1506 190 139 1508 1507 139 140 1505 1508 141 192 1510 1509 192 191 1511 1510 191 140 1512 1511 140 141 1509 1512 142 193 1514 1513 193 192 1515 1514 192 141 1516 1515 141 142 1513 1516 143 194 1518 1517 194 193 1519 1518 193 142 1520 1519 142 143 1517 1520 144 195 1522 1521 195 194 1523 1522 194 143 1524 1523 143 144 1521 1524 145 196 1526 1525 196 195 1527 1526 195 144 1528 1527 144 145 1525 1528 146 197 1530 1529 197 196 1531 1530 196 145 1532 1531 145 146 1529 1532 147 198 1534 1533 198 197 1535 1534 197 146 1536 1535 146 147 1533 1536 148 199 1538 1537 199 198 1539 1538 198 147 1540 1539 147 148 1537 1540 149 200 1542 1541 200 199 1543 1542 199 148 1544 1543 148 149 1541 1544 150 201 1546 1545 201 200 1547 1546 200 149 1548 1547 149 150 1545 1548 151 202 1550 1549 202 201 1551 1550 201 150 1552 1551 150 151 1549 1552 151 152 1554 1553 152 203 1555 1554 203 202 1556 1555 202 151 1553 1556 154 205 1558 1557 205 204 1559 1558 204 153 1560 1559 153 154 1557 1560 155 206 1562 1561 206 205 1563 1562 205 154 1564 1563 154 155 1561 1564 156 207 1566 1565 207 206 1567 1566 206 155 1568 1567 155 156 1565 1568 157 208 1570 1569 208 207 1571 1570 207 156 1572 1571 156 157 1569 1572 158 209 1574 1573 209 208 1575 1574 208 157 1576 1575 157 158 1573 1576 159 210 1578 1577 210 209 1579 1578 209 158 1580 1579 158 159 1577 1580 160 211 1582 1581 211 210 1583 1582 210 159 1584 1583 159 160 1581 1584 161 212 1586 1585 212 211 1587 1586 211 160 1588 1587 160 161 1585 1588 162 213 1590 1589 213 212 1591 1590 212 161 1592 1591 161 162 1589 1592 163 214 1594 1593 214 213 1595 1594 213 162 1596 1595 162 163 1593 1596 164 215 1598 1597 215 214 1599 1598 214 163 1600 1599 163 164 1597 1600 165 216 1602 1601 216 215 1603 1602 215 164 1604 1603 164 165 1601 1604 166 217 1606 1605 217 216 1607 1606 216 165 1608 1607 165 166 1605 1608 167 218 1610 1609 218 217 1611 1610 217 166 1612 1611 166 167 1609 1612 168 219 1614 1613 219 218 1615 1614 218 167 1616 1615 167 168 1613 1616 169 220 1618 1617 220 219 1619 1618 219 168 1620 1619 168 169 1617 1620 170 221 1622 1621 221 220 1623 1622 220 169 1624 1623 169 170 1621 1624 171 222 1626 1625 222 221 1627 1626 221 170 1628 1627 170 171 1625 1628 172 223 1630 1629 223 222 1631 1630 222 171 1632 1631 171 172 1629 1632 173 224 1634 1633 224 223 1635 1634 223 172 1636 1635 172 173 1633 1636 174 225 1638 1637 225 224 1639 1638 224 173 1640 1639 173 174 1637 1640 175 226 1642 1641 226 225 1643 1642 225 174 1644 1643 174 175 1641 1644 176 227 1646 1645 227 226 1647 1646 226 175 1648 1647 175 176 1645 1648 177 228 1650 1649 228 227 1651 1650 227 176 1652 1651 176 177 1649 1652 178 229 1654 1653 229 228 1655 1654 228 177 1656 1655 177 178 1653 1656 179 230 1658 1657 230 229 1659 1658 229 178 1660 1659 178 179 1657 1660 180 231 1662 1661 231 230 1663 1662 230 179 1664 1663 179 180 1661 1664 181 232 1666 1665 232 231 1667 1666 231 180 1668 1667 180 181 1665 1668 182 233 1670 1669 233 232 1671 1670 232 181 1672 1671 181 182 1669 1672 183 234 1674 1673 234 233 1675 1674 233 182 1676 1675 182 183 1673 1676 184 235 1678 1677 235 234 1679 1678 234 183 1680 1679 183 184 1677 1680 185 236 1682 1681 236 235 1683 1682 235 184 1684 1683 184 185 1681 1684 186 237 1686 1685 237 236 1687 1686 236 185 1688 1687 185 186 1685 1688 187 238 1690 1689 238 237 1691 1690 237 186 1692 1691 186 187 1689 1692 188 239 1694 1693 239 238 1695 1694 238 187 1696 1695 187 188 1693 1696 189 240 1698 1697 240 239 1699 1698 239 188 1700 1699 188 189 1697 1700 190 241 1702 1701 241 240 1703 1702 240 189 1704 1703 189 190 1701 1704 191 242 1706 1705 242 241 1707 1706 241 190 1708 1707 190 191 1705 1708 192 243 1710 1709 243 242 1711 1710 242 191 1712 1711 191 192 1709 1712 193 244 1714 1713 244 243 1715 1714 243 192 1716 1715 192 193 1713 1716 194 245 1718 1717 245 244 1719 1718 244 193 1720 1719 193 194 1717 1720 195 246 1722 1721 246 245 1723 1722 245 194 1724 1723 194 195 1721 1724 196 247 1726 1725 247 246 1727 1726 246 195 1728 1727 195 196 1725 1728 197 248 1730 1729 248 247 1731 1730 247 196 1732 1731 196 197 1729 1732 198 249 1734 1733 249 248 1735 1734 248 197 1736 1735 197 198 1733 1736 199 250 1738 1737 250 249 1739 1738 249 198 1740 1739 198 199 1737 1740 200 251 1742 1741 251 250 1743 1742 250 199 1744 1743 199 200 1741 1744 201 252 1746 1745 252 251 1747 1746 251 200 1748 1747 200 201 1745 1748 202 253 1750 1749 253 252 1751 1750 252 201 1752 1751 201 202 1749 1752 202 203 1754 1753 203 254 1755 1754 254 253 1756 1755 253 202 1753 1756 205 256 1758 1757 256 255 1759 1758 255 204 1760 1759 204 205 1757 1760 206 257 1762 1761 257 256 1763 1762 256 205 1764 1763 205 206 1761 1764 207 258 1766 1765 258 257 1767 1766 257 206 1768 1767 206 207 1765 1768 208 259 1770 1769 259 258 1771 1770 258 207 1772 1771 207 208 1769 1772 209 260 1774 1773 260 259 1775 1774 259 208 1776 1775 208 209 1773 1776 210 261 1778 1777 261 260 1779 1778 260 209 1780 1779 209 210 1777 1780 211 262 1782 1781 262 261 1783 1782 261 210 1784 1783 210 211 1781 1784 212 263 1786 1785 263 262 1787 1786 262 211 1788 1787 211 212 1785 1788 213 264 1790 1789 264 263 1791 1790 263 212 1792 1791 212 213 1789 1792 214 265 1794 1793 265 264 1795 1794 264 213 1796 1795 213 214 1793 1796 215 266 1798 1797 266 265 1799 1798 265 214 1800 1799 214 215 1797 1800 216 267 1802 1801 267 266 1803 1802 266 215 1804 1803 215 216 1801 1804 217 268 1806 1805 268 267 1807 1806 267 216 1808 1807 216 217 1805 1808 218 269 1810 1809 269 268 1811 1810 268 217 1812 1811 217 218 1809 1812 219 270 1814 1813 270 269 1815 1814 269 218 1816 1815 218 219 1813 1816 220 271 1818 1817 271 270 1819 1818 270 219 1820 1819 219 220 1817 1820 221 272 1822 1821 272 271 1823 1822 271 220 1824 1823 220 221 1821 1824 222 273 1826 1825 273 272 1827 1826 272 221 1828 1827 221 222 1825 1828 223 274 1830 1829 274 273 1831 1830 273 222 1832 1831 222 223 1829 1832 224 275 1834 1833 275 274 1835 1834 274 223 1836 1835 223 224 1833 1836 225 276 1838 1837 276 275 1839 1838 275 224 1840 1839 224 225 1837 1840 226 277 1842 1841 277 276 1843 1842 276 225 1844 1843 225 226 1841 1844 227 278 1846 1845 278 277 1847 1846 277 226 1848 1847 226 227 1845 1848 228 279 1850 1849 279 278 1851 1850 278 227 1852 1851 227 228 1849 1852 229 280 1854 1853 280 279 1855 1854 279 228 1856 1855 228 229 1853 1856 230 281 1858 1857 281 280 1859 1858 280 229 1860 1859 229 230 1857 1860 231 282 1862 1861 282 281 1863 1862 281 230 1864 1863 230 231 1861 1864 232 283 1866 1865 283 282 1867 1866 282 231 1868 1867 231 232 1865 1868 233 284 1870 1869 284 283 1871 1870 283 232 1872 1871 232 233 1869 1872 234 285 1874 1873 285 284 1875 1874 284 233 1876 1875 233 234 1873 1876 235 286 1878 1877 286 285 1879 1878 285 234 1880 1879 234 235 1877 1880 236 287 1882 1881 287 286 1883 1882 286 235 1884 1883 235 236 1881 1884 237 288 1886 1885 288 287 1887 1886 287 236 1888 1887 236 237 1885 1888 238 289 1890 1889 289 288 1891 1890 288 237 1892 1891 237 238 1889 1892 239 290 1894 1893 290 289 1895 1894 289 238 1896 1895 238 239 1893 1896 240 291 1898 1897 291 290 1899 1898 290 239 1900 1899 239 240 1897 1900 241 292 1902 1901 292 291 1903 1902 291 240 1904 1903 240 241 1901 1904 242 293 1906 1905 293 292 1907 1906 292 241 1908 1907 241 242 1905 1908 243 294 1910 1909 294 293 1911 1910 293 242 1912 1911 242 243 1909 1912 244 295 1914 1913 295 294 1915 1914 294 243 1916 1915 243 244 1913 1916 245 296 1918 1917 296 295 1919 1918 295 244 1920 1919 244 245 1917 1920 246 297 1922 1921 297 296 1923 1922 296 245 1924 1923 245 246 1921 1924 247 298 1926 1925 298 297 1927 1926 297 246 1928 1927 246 247 1925 1928 248 299 1930 1929 299 298 1931 1930 298 247 1932 1931 247 248 1929 1932 249 300 1934 1933 300 299 1935 1934 299 248 1936 1935 248 249 1933 1936 250 301 1938 1937 301 300 1939 1938 300 249 1940 1939 249 250 1937 1940 251 302 1942 1941 302 301 1943 1942 301 250 1944 1943 250 251 1941 1944 252 303 1946 1945 303 302 1947 1946 302 251 1948 1947 251 252 1945 1948 253 304 1950 1949 304 303 1951 1950 303 252 1952 1951 252 253 1949 1952 253 254 1954 1953 254 305 1955 1954 305 304 1956 1955 304 253 1953 1956 256 307 1958 1957 307 306 1959 1958 306 255 1960 1959 255 256 1957 1960 257 308 1962 1961 308 307 1963 1962 307 256 1964 1963 256 257 1961 1964 258 309 1966 1965 309 308 1967 1966 308 257 1968 1967 257 258 1965 1968 259 310 1970 1969 310 309 1971 1970 309 258 1972 1971 258 259 1969 1972 260 311 1974 1973 311 310 1975 1974 310 259 1976 1975 259 260 1973 1976 261 312 1978 1977 312 311 1979 1978 311 260 1980 1979 260 261 1977 1980 262 313 1982 1981 313 312 1983 1982 312 261 1984 1983 261 262 1981 1984 263 314 1986 1985 314 313 1987 1986 313 262 1988 1987 262 263 1985 1988 264 315 1990 1989 315 314 1991 1990 314 263 1992 1991 263 264 1989 1992 265 316 1994 1993 316 315 1995 1994 315 264 1996 1995 264 265 1993 1996 266 317 1998 1997 317 316 1999 1998 316 265 2000 1999 265 266 1997 2000 267 318 2002 2001 318 317 2003 2002 317 266 2004 2003 266 267 2001 2004 268 319 2006 2005 319 318 2007 2006 318 267 2008 2007 267 268 2005 2008 269 320 2010 2009 320 319 2011 2010 319 268 2012 2011 268 269 2009 2012 270 321 2014 2013 321 320 2015 2014 320 269 2016 2015 269 270 2013 2016 271 322 2018 2017 322 321 2019 2018 321 270 2020 2019 270 271 2017 2020 272 323 2022 2021 323 322 2023 2022 322 271 2024 2023 271 272 2021 2024 273 324 2026 2025 324 323 2027 2026 323 272 2028 2027 272 273 2025 2028 274 325 2030 2029 325 324 2031 2030 324 273 2032 2031 273 274 2029 2032 275 326 2034 2033 326 325 2035 2034 325 274 2036 2035 274 275 2033 2036 276 327 2038 2037 327 326 2039 2038 326 275 2040 2039 275 276 2037 2040 277 328 2042 2041 328 327 2043 2042 327 276 2044 2043 276 277 2041 2044 278 329 2046 2045 329 328 2047 2046 328 277 2048 2047 277 278 2045 2048 279 330 2050 2049 330 329 2051 2050 329 278 2052 2051 278 279 2049 2052 280 331 2054 2053 331 330 2055 2054 330 279 2056 2055 279 280 2053 2056 281 332 2058 2057 332 331 2059 2058 331 280 2060 2059 280 281 2057 2060 282 333 2062 2061 333 332 2063 2062 332 281 2064 2063 281 282 2061 2064 283 334 2066 2065 334 333 2067 2066 333 282 2068 2067 282 283 2065 2068 284 335 2070 2069 335 334 2071 2070 334 283 2072 2071 283 284 2069 2072 285 336 2074 2073 336 335 2075 2074 335 284 2076 2075 284 285 2073 2076 286 337 2078 2077 337 336 2079 2078 336 285 2080 2079 285 286 2077 2080 287 338 2082 2081 338 337 2083 2082 337 286 2084 2083 286 287 2081 2084 288 339 2086 2085 339 338 2087 2086 338 287 2088 2087 287 288 2085 2088 289 340 2090 2089 340 339 2091 2090 339 288 2092 2091 288 289 2089 2092 290 341 2094 2093 341 340 2095 2094 340 289 2096 2095 289 290 2093 2096 291 342 2098 2097 342 341 2099 2098 341 290 2100 2099 290 291 2097 2100 292 343 2102 2101 343 342 2103 2102 342 291 2104 2103 291 292 2101 2104 293 344 2106 2105 344 343 2107 2106 343 292 2108 2107 292 293 2105 2108 294 345 2110 2109 345 344 2111 2110 344 293 2112 2111 293 294 2109 2112 295 346 2114 2113 346 345 2115 2114 345 294 2116 2115 294 295 2113 2116 296 347 2118 2117 347 346 2119 2118 346 295 2120 2119 295 296 2117 2120 297 348 2122 2121 348 347 2123 2122 347 296 2124 2123 296 297 2121 2124 298 349 2126 2125 349 348 2127 2126 348 297 2128 2127 297 298 2125 2128 299 350 2130 2129 350 349 2131 2130 349 298 2132 2131 298 299 2129 2132 300 351 2134 2133 351 350 2135 2134 350 299 2136 2135 299 300 2133 2136 301 352 2138 2137 352 351 2139 2138 351 300 2140 2139 300 301 2137 2140 302 353 2142 2141 353 352 2143 2142 352 301 2144 2143 301 302 2141 2144 303 354 2146 2145 354 353 2147 2146 353 302 2148 2147 302 303 2145 2148 304 355 2150 2149 355 354 2151 2150 354 303 2152 2151 303 304 2149 2152 304 305 2154 2153 305 356 2155 2154 356 355 2156 2155 355 304 2153 2156 307 949 2158 2157 949 358 2159 2158 358 357 2160 2159 357 306 2161 2160 306 307 2157 2161 949 307 2163 2162 307 308 2164 2163 308 950 2165 2164 950 949 2162 2165 950 308 2167 2166 308 309 2168 2167 309 946 2169 2168 946 945 2170 2169 945 950 2166 2170 946 309 2172 2171 309 310 2173 2172 310 942 2174 2173 942 941 2175 2174 941 946 2171 2175 942 310 2177 2176 310 311 2178 2177 311 938 2179 2178 938 937 2180 2179 937 942 2176 2180 938 311 2182 2181 311 312 2183 2182 312 936 2184 2183 936 935 2185 2184 935 938 2181 2185 936 312 2187 2186 312 313 2188 2187 313 902 2189 2188 902 901 2190 2189 901 936 2186 2190 907 902 2192 2191 902 313 2193 2192 313 314 2194 2193 314 908 2195 2194 908 907 2191 2195 911 908 2197 2196 908 314 2198 2197 314 315 2199 2198 315 912 2200 2199 912 911 2196 2200 919 912 2202 2201 912 315 2203 2202 315 316 2204 2203 316 920 2205 2204 920 919 2201 2205 921 920 2207 2206 920 316 2208 2207 316 317 2209 2208 317 922 2210 2209 922 921 2206 2210 931 922 2212 2211 922 317 2213 2212 317 318 2214 2213 318 932 2215 2214 932 931 2211 2215 932 318 2217 2216 318 319 2218 2217 319 928 2219 2218 928 927 2220 2219 927 932 2216 2220 928 319 2222 2221 319 320 2223 2222 320 914 2224 2223 914 913 2225 2224 913 928 2221 2225 914 320 2227 2226 320 321 2228 2227 321 898 2229 2228 898 897 2230 2229 897 914 2226 2230 898 321 2232 2231 321 322 2233 2232 322 896 2234 2233 896 895 2235 2234 895 898 2231 2235 896 322 2237 2236 322 323 2238 2237 323 892 2239 2238 892 891 2240 2239 891 896 2236 2240 892 323 2242 2241 323 324 2243 2242 324 886 2244 2243 886 885 2245 2244 885 892 2241 2245 886 324 2247 2246 324 325 2248 2247 325 882 2249 2248 882 881 2250 2249 881 886 2246 2250 882 325 2252 2251 325 326 2253 2252 326 878 2254 2253 878 877 2255 2254 877 882 2251 2255 878 326 2257 2256 326 327 2258 2257 327 874 2259 2258 874 873 2260 2259 873 878 2256 2260 874 327 2262 2261 327 328 2263 2262 328 870 2264 2263 870 869 2265 2264 869 874 2261 2265 870 328 2267 2266 328 329 2268 2267 329 866 2269 2268 866 865 2270 2269 865 870 2266 2270 866 329 2272 2271 329 330 2273 2272 330 862 2274 2273 862 861 2275 2274 861 866 2271 2275 862 330 2277 2276 330 331 2278 2277 331 859 2279 2278 859 858 2280 2279 858 857 2281 2280 857 862 2276 2281 859 331 2283 2282 331 332 2284 2283 332 863 2285 2284 863 860 2286 2285 860 859 2282 2286 863 332 2288 2287 332 333 2289 2288 333 867 2290 2289 867 864 2291 2290 864 863 2287 2291 867 333 2293 2292 333 334 2294 2293 334 871 2295 2294 871 868 2296 2295 868 867 2292 2296 871 334 2298 2297 334 335 2299 2298 335 875 2300 2299 875 872 2301 2300 872 871 2297 2301 875 335 2303 2302 335 336 2304 2303 336 879 2305 2304 879 876 2306 2305 876 875 2302 2306 879 336 2308 2307 336 337 2309 2308 337 883 2310 2309 883 880 2311 2310 880 879 2307 2311 883 337 2313 2312 337 338 2314 2313 338 887 2315 2314 887 884 2316 2315 884 883 2312 2316 887 338 2318 2317 338 339 2319 2318 339 889 2320 2319 889 888 2321 2320 888 887 2317 2321 889 339 2323 2322 339 340 2324 2323 340 893 2325 2324 893 890 2326 2325 890 889 2322 2326 893 340 2328 2327 340 341 2329 2328 341 899 2330 2329 899 894 2331 2330 894 893 2327 2331 899 341 2333 2332 341 342 2334 2333 342 915 2335 2334 915 900 2336 2335 900 899 2332 2336 915 342 2338 2337 342 343 2339 2338 343 925 2340 2339 925 916 2341 2340 916 915 2337 2341 925 343 2343 2342 343 344 2344 2343 344 929 2345 2344 929 926 2346 2345 926 925 2342 2346 929 344 2348 2347 344 345 2349 2348 345 923 2350 2349 923 930 2351 2350 930 929 2347 2351 923 345 2353 2352 345 346 2354 2353 346 917 2355 2354 917 924 2356 2355 924 923 2352 2356 917 346 2358 2357 346 347 2359 2358 347 909 2360 2359 909 918 2361 2360 918 917 2357 2361 909 347 2363 2362 347 348 2364 2363 348 903 2365 2364 903 910 2366 2365 910 909 2362 2366 903 348 2368 2367 348 349 2369 2368 349 905 2370 2369 905 904 2371 2370 904 903 2367 2371 905 349 2373 2372 349 350 2374 2373 350 933 2375 2374 933 906 2376 2375 906 905 2372 2376 933 350 2378 2377 350 351 2379 2378 351 939 2380 2379 939 934 2381 2380 934 933 2377 2381 939 351 2383 2382 351 352 2384 2383 352 943 2385 2384 943 940 2386 2385 940 939 2382 2386 943 352 2388 2387 352 353 2389 2388 353 947 2390 2389 947 944 2391 2390 944 943 2387 2391 947 353 2393 2392 353 354 2394 2393 354 951 2395 2394 951 948 2396 2395 948 947 2392 2396 951 354 2398 2397 354 355 2399 2398 355 952 2400 2399 952 951 2397 2400 355 356 2402 2401 356 407 2403 2402 407 406 2404 2403 406 952 2405 2404 952 355 2401 2405 953 357 2407 2406 357 358 2408 2407 358 954 2409 2408 954 953 2406 2409 954 358 2411 2410 358 359 2412 2411 359 850 2413 2412 850 849 2414 2413 849 954 2410 2414 850 359 2416 2415 359 360 2417 2416 360 846 2418 2417 846 845 2419 2418 845 850 2415 2419 846 360 2421 2420 360 361 2422 2421 361 842 2423 2422 842 841 2424 2423 841 846 2420 2424 842 361 2426 2425 361 362 2427 2426 362 828 2428 2427 828 827 2429 2428 827 842 2425 2429 828 362 2431 2430 362 363 2432 2431 363 794 2433 2432 794 793 2434 2433 793 828 2430 2434 797 794 2436 2435 794 363 2437 2436 363 364 2438 2437 364 798 2439 2438 798 797 2435 2439 807 798 2441 2440 798 364 2442 2441 364 365 2443 2442 365 808 2444 2443 808 807 2440 2444 809 808 2446 2445 808 365 2447 2446 365 366 2448 2447 366 810 2449 2448 810 809 2445 2449 819 810 2451 2450 810 366 2452 2451 366 367 2453 2452 367 820 2454 2453 820 819 2450 2454 821 820 2456 2455 820 367 2457 2456 367 368 2458 2457 368 822 2459 2458 822 821 2455 2459 833 822 2461 2460 822 368 2462 2461 368 369 2463 2462 369 834 2464 2463 834 833 2460 2464 839 834 2466 2465 834 369 2467 2466 369 370 2468 2467 370 840 2469 2468 840 839 2465 2469 840 370 2471 2470 370 371 2472 2471 371 830 2473 2472 830 829 2474 2473 829 840 2470 2474 830 371 2476 2475 371 372 2477 2476 372 814 2478 2477 814 813 2479 2478 813 830 2475 2479 814 372 2481 2480 372 373 2482 2481 373 804 2483 2482 804 803 2484 2483 803 814 2480 2484 804 373 2486 2485 373 374 2487 2486 374 792 2488 2487 792 791 2489 2488 791 804 2485 2489 792 374 2491 2490 374 375 2492 2491 375 786 2493 2492 786 785 2494 2493 785 792 2490 2494 786 375 2496 2495 375 376 2497 2496 376 782 2498 2497 782 781 2499 2498 781 786 2495 2499 782 376 2501 2500 376 377 2502 2501 377 778 2503 2502 778 777 2504 2503 777 782 2500 2504 778 377 2506 2505 377 378 2507 2506 378 774 2508 2507 774 773 2509 2508 773 778 2505 2509 774 378 2511 2510 378 379 2512 2511 379 770 2513 2512 770 769 2514 2513 769 774 2510 2514 770 379 2516 2515 379 380 2517 2516 380 766 2518 2517 766 765 2519 2518 765 770 2515 2519 766 380 2521 2520 380 381 2522 2521 381 764 2523 2522 764 763 2524 2523 763 766 2520 2524 764 381 2526 2525 381 382 2527 2526 382 759 2528 2527 759 758 2529 2528 758 757 2530 2529 757 764 2525 2530 759 382 2532 2531 382 383 2533 2532 383 761 2534 2533 761 760 2535 2534 760 759 2531 2535 761 383 2537 2536 383 384 2538 2537 384 767 2539 2538 767 762 2540 2539 762 761 2536 2540 767 384 2542 2541 384 385 2543 2542 385 771 2544 2543 771 768 2545 2544 768 767 2541 2545 771 385 2547 2546 385 386 2548 2547 386 775 2549 2548 775 772 2550 2549 772 771 2546 2550 775 386 2552 2551 386 387 2553 2552 387 779 2554 2553 779 776 2555 2554 776 775 2551 2555 779 387 2557 2556 387 388 2558 2557 388 783 2559 2558 783 780 2560 2559 780 779 2556 2560 783 388 2562 2561 388 389 2563 2562 389 787 2564 2563 787 784 2565 2564 784 783 2561 2565 787 389 2567 2566 389 390 2568 2567 390 789 2569 2568 789 788 2570 2569 788 787 2566 2570 789 390 2572 2571 390 391 2573 2572 391 801 2574 2573 801 790 2575 2574 790 789 2571 2575 801 391 2577 2576 391 392 2578 2577 392 815 2579 2578 815 802 2580 2579 802 801 2576 2580 815 392 2582 2581 392 393 2583 2582 393 831 2584 2583 831 816 2585 2584 816 815 2581 2585 831 393 2587 2586 393 394 2588 2587 394 837 2589 2588 837 832 2590 2589 832 831 2586 2590 837 394 2592 2591 394 395 2593 2592 395 835 2594 2593 835 838 2595 2594 838 837 2591 2595 835 395 2597 2596 395 396 2598 2597 396 823 2599 2598 823 836 2600 2599 836 835 2596 2600 823 396 2602 2601 396 397 2603 2602 397 817 2604 2603 817 824 2605 2604 824 823 2601 2605 817 397 2607 2606 397 398 2608 2607 398 811 2609 2608 811 818 2610 2609 818 817 2606 2610 811 398 2612 2611 398 399 2613 2612 399 805 2614 2613 805 812 2615 2614 812 811 2611 2615 805 399 2617 2616 399 400 2618 2617 400 799 2619 2618 799 806 2620 2619 806 805 2616 2620 799 400 2622 2621 400 401 2623 2622 401 795 2624 2623 795 800 2625 2624 800 799 2621 2625 795 401 2627 2626 401 402 2628 2627 402 825 2629 2628 825 796 2630 2629 796 795 2626 2630 825 402 2632 2631 402 403 2633 2632 403 843 2634 2633 843 826 2635 2634 826 825 2631 2635 843 403 2637 2636 403 404 2638 2637 404 847 2639 2638 847 844 2640 2639 844 843 2636 2640 847 404 2642 2641 404 405 2643 2642 405 851 2644 2643 851 848 2645 2644 848 847 2641 2645 851 405 2647 2646 405 406 2648 2647 406 955 2649 2648 955 852 2650 2649 852 851 2646 2650 955 406 2652 2651 406 407 2653 2652 407 956 2654 2653 956 955 2651 2654 853 408 2656 2655 408 409 2657 2656 409 854 2658 2657 854 853 2655 2658 854 409 2660 2659 409 410 2661 2660 410 750 2662 2661 750 749 2663 2662 749 854 2659 2663 750 410 2665 2664 410 411 2666 2665 411 746 2667 2666 746 745 2668 2667 745 750 2664 2668 746 411 2670 2669 411 412 2671 2670 412 666 2672 2671 666 665 2673 2672 665 746 2669 2673 666 412 2675 2674 412 413 2676 2675 413 658 2677 2676 658 657 2678 2677 657 666 2674 2678 661 658 2680 2679 658 413 2681 2680 413 414 2682 2681 414 662 2683 2682 662 661 2679 2683 671 662 2685 2684 662 414 2686 2685 414 415 2687 2686 415 672 2688 2687 672 671 2684 2688 673 672 2690 2689 672 415 2691 2690 415 416 2692 2691 416 674 2693 2692 674 673 2689 2693 677 674 2695 2694 674 416 2696 2695 416 417 2697 2696 417 678 2698 2697 678 677 2694 2698 681 678 2700 2699 678 417 2701 2700 417 418 2702 2701 418 682 2703 2702 682 681 2699 2703 689 682 2705 2704 682 418 2706 2705 418 419 2707 2706 419 690 2708 2707 690 689 2704 2708 701 690 2710 2709 690 419 2711 2710 419 420 2712 2711 420 702 2713 2712 702 701 2709 2713 709 702 2715 2714 702 420 2716 2715 420 421 2717 2716 421 710 2718 2717 710 709 2714 2718 717 710 2720 2719 710 421 2721 2720 421 422 2722 2721 422 718 2723 2722 718 717 2719 2723 725 718 2725 2724 718 422 2726 2725 422 423 2727 2726 423 726 2728 2727 726 725 2724 2728 733 726 2730 2729 726 423 2731 2730 423 424 2732 2731 424 734 2733 2732 734 733 2729 2733 741 734 2735 2734 734 424 2736 2735 424 425 2737 2736 425 742 2738 2737 742 741 2734 2738 742 425 2740 2739 425 426 2741 2740 426 740 2742 2741 740 739 2743 2742 739 742 2739 2743 740 426 2745 2744 426 427 2746 2745 427 730 2747 2746 730 729 2748 2747 729 740 2744 2748 730 427 2750 2749 427 428 2751 2750 428 722 2752 2751 722 721 2753 2752 721 730 2749 2753 722 428 2755 2754 428 429 2756 2755 429 714 2757 2756 714 713 2758 2757 713 722 2754 2758 714 429 2760 2759 429 430 2761 2760 430 706 2762 2761 706 705 2763 2762 705 714 2759 2763 706 430 2765 2764 430 431 2766 2765 431 698 2767 2766 698 697 2768 2767 697 706 2764 2768 698 431 2770 2769 431 432 2771 2770 432 694 2772 2771 694 693 2773 2772 693 698 2769 2773 694 432 2775 2774 432 433 2776 2775 433 686 2777 2776 686 685 2778 2777 685 694 2774 2778 687 686 2780 2779 686 433 2781 2780 433 434 2782 2781 434 695 2783 2782 695 688 2784 2783 688 687 2779 2784 695 434 2786 2785 434 435 2787 2786 435 699 2788 2787 699 696 2789 2788 696 695 2785 2789 699 435 2791 2790 435 436 2792 2791 436 707 2793 2792 707 700 2794 2793 700 699 2790 2794 707 436 2796 2795 436 437 2797 2796 437 715 2798 2797 715 708 2799 2798 708 707 2795 2799 715 437 2801 2800 437 438 2802 2801 438 723 2803 2802 723 716 2804 2803 716 715 2800 2804 723 438 2806 2805 438 439 2807 2806 439 731 2808 2807 731 724 2809 2808 724 723 2805 2809 731 439 2811 2810 439 440 2812 2811 440 737 2813 2812 737 732 2814 2813 732 731 2810 2814 737 440 2816 2815 440 441 2817 2816 441 743 2818 2817 743 738 2819 2818 738 737 2815 2819 743 441 2821 2820 441 442 2822 2821 442 735 2823 2822 735 744 2824 2823 744 743 2820 2824 735 442 2826 2825 442 443 2827 2826 443 727 2828 2827 727 736 2829 2828 736 735 2825 2829 727 443 2831 2830 443 444 2832 2831 444 719 2833 2832 719 728 2834 2833 728 727 2830 2834 719 444 2836 2835 444 445 2837 2836 445 711 2838 2837 711 720 2839 2838 720 719 2835 2839 711 445 2841 2840 445 446 2842 2841 446 703 2843 2842 703 712 2844 2843 712 711 2840 2844 703 446 2846 2845 446 447 2847 2846 447 691 2848 2847 691 704 2849 2848 704 703 2845 2849 691 447 2851 2850 447 448 2852 2851 448 683 2853 2852 683 692 2854 2853 692 691 2850 2854 683 448 2856 2855 448 449 2857 2856 449 679 2858 2857 679 684 2859 2858 684 683 2855 2859 679 449 2861 2860 449 450 2862 2861 450 675 2863 2862 675 680 2864 2863 680 679 2860 2864 675 450 2866 2865 450 451 2867 2866 451 669 2868 2867 669 676 2869 2868 676 675 2865 2869 669 451 2871 2870 451 452 2872 2871 452 663 2873 2872 663 670 2874 2873 670 669 2870 2874 663 452 2876 2875 452 453 2877 2876 453 659 2878 2877 659 664 2879 2878 664 663 2875 2879 659 453 2881 2880 453 454 2882 2881 454 667 2883 2882 667 660 2884 2883 660 659 2880 2884 667 454 2886 2885 454 455 2887 2886 455 747 2888 2887 747 668 2889 2888 668 667 2885 2889 747 455 2891 2890 455 456 2892 2891 456 751 2893 2892 751 748 2894 2893 748 747 2890 2894 751 456 2896 2895 456 457 2897 2896 457 855 2898 2897 855 752 2899 2898 752 751 2895 2899 855 457 2901 2900 457 458 2902 2901 458 856 2903 2902 856 855 2900 2903 753 459 2905 2904 459 460 2906 2905 460 754 2907 2906 754 753 2904 2907 754 460 2909 2908 460 461 2910 2909 461 590 2911 2910 590 589 2912 2911 589 754 2908 2912 590 461 2914 2913 461 462 2915 2914 462 566 2916 2915 566 565 2917 2916 565 590 2913 2917 566 462 2919 2918 462 463 2920 2919 463 562 2921 2920 562 561 2922 2921 561 566 2918 2922 569 562 2924 2923 562 463 2925 2924 463 464 2926 2925 464 570 2927 2926 570 569 2923 2927 573 570 2929 2928 570 464 2930 2929 464 465 2931 2930 465 574 2932 2931 574 573 2928 2932 577 574 2934 2933 574 465 2935 2934 465 466 2936 2935 466 578 2937 2936 578 577 2933 2937 581 578 2939 2938 578 466 2940 2939 466 467 2941 2940 467 582 2942 2941 582 581 2938 2942 585 582 2944 2943 582 467 2945 2944 467 468 2946 2945 468 586 2947 2946 586 585 2943 2947 593 586 2949 2948 586 468 2950 2949 468 469 2951 2950 469 594 2952 2951 594 593 2948 2952 597 594 2954 2953 594 469 2955 2954 469 470 2956 2955 470 598 2957 2956 598 597 2953 2957 601 598 2959 2958 598 470 2960 2959 470 471 2961 2960 471 602 2962 2961 602 601 2958 2962 605 602 2964 2963 602 471 2965 2964 471 472 2966 2965 472 606 2967 2966 606 605 2963 2967 609 606 2969 2968 606 472 2970 2969 472 473 2971 2970 473 610 2972 2971 610 609 2968 2972 613 610 2974 2973 610 473 2975 2974 473 474 2976 2975 474 614 2977 2976 614 613 2973 2977 617 614 2979 2978 614 474 2980 2979 474 475 2981 2980 475 618 2982 2981 618 617 2978 2982 621 618 2984 2983 618 475 2985 2984 475 476 2986 2985 476 622 2987 2986 622 621 2983 2987 625 622 2989 2988 622 476 2990 2989 476 477 2991 2990 477 626 2992 2991 626 625 2988 2992 629 626 2994 2993 626 477 2995 2994 477 478 2996 2995 478 630 2997 2996 630 629 2993 2997 633 630 2999 2998 630 478 3000 2999 478 479 3001 3000 479 634 3002 3001 634 633 2998 3002 637 634 3004 3003 634 479 3005 3004 479 480 3006 3005 480 638 3007 3006 638 637 3003 3007 641 638 3009 3008 638 480 3010 3009 480 481 3011 3010 481 642 3012 3011 642 641 3008 3012 645 642 3014 3013 642 481 3015 3014 481 482 3016 3015 482 646 3017 3016 646 645 3013 3017 649 646 3019 3018 646 482 3020 3019 482 483 3021 3020 483 650 3022 3021 650 649 3018 3022 653 650 3024 3023 650 483 3025 3024 483 484 3026 3025 484 654 3027 3026 654 653 3023 3027 655 654 3029 3028 654 484 3030 3029 484 485 3031 3030 485 651 3032 3031 651 656 3033 3032 656 655 3028 3033 651 485 3035 3034 485 486 3036 3035 486 647 3037 3036 647 652 3038 3037 652 651 3034 3038 647 486 3040 3039 486 487 3041 3040 487 643 3042 3041 643 648 3043 3042 648 647 3039 3043 643 487 3045 3044 487 488 3046 3045 488 639 3047 3046 639 644 3048 3047 644 643 3044 3048 639 488 3050 3049 488 489 3051 3050 489 635 3052 3051 635 640 3053 3052 640 639 3049 3053 635 489 3055 3054 489 490 3056 3055 490 631 3057 3056 631 636 3058 3057 636 635 3054 3058 631 490 3060 3059 490 491 3061 3060 491 627 3062 3061 627 632 3063 3062 632 631 3059 3063 627 491 3065 3064 491 492 3066 3065 492 623 3067 3066 623 628 3068 3067 628 627 3064 3068 623 492 3070 3069 492 493 3071 3070 493 619 3072 3071 619 624 3073 3072 624 623 3069 3073 619 493 3075 3074 493 494 3076 3075 494 615 3077 3076 615 620 3078 3077 620 619 3074 3078 615 494 3080 3079 494 495 3081 3080 495 611 3082 3081 611 616 3083 3082 616 615 3079 3083 611 495 3085 3084 495 496 3086 3085 496 607 3087 3086 607 612 3088 3087 612 611 3084 3088 607 496 3090 3089 496 497 3091 3090 497 603 3092 3091 603 608 3093 3092 608 607 3089 3093 603 497 3095 3094 497 498 3096 3095 498 599 3097 3096 599 604 3098 3097 604 603 3094 3098 599 498 3100 3099 498 499 3101 3100 499 595 3102 3101 595 600 3103 3102 600 599 3099 3103 595 499 3105 3104 499 500 3106 3105 500 587 3107 3106 587 596 3108 3107 596 595 3104 3108 587 500 3110 3109 500 501 3111 3110 501 583 3112 3111 583 588 3113 3112 588 587 3109 3113 583 501 3115 3114 501 502 3116 3115 502 579 3117 3116 579 584 3118 3117 584 583 3114 3118 579 502 3120 3119 502 503 3121 3120 503 575 3122 3121 575 580 3123 3122 580 579 3119 3123 575 503 3125 3124 503 504 3126 3125 504 571 3127 3126 571 576 3128 3127 576 575 3124 3128 571 504 3130 3129 504 505 3131 3130 505 563 3132 3131 563 572 3133 3132 572 571 3129 3133 563 505 3135 3134 505 506 3136 3135 506 567 3137 3136 567 564 3138 3137 564 563 3134 3138 567 506 3140 3139 506 507 3141 3140 507 591 3142 3141 591 568 3143 3142 568 567 3139 3143 591 507 3145 3144 507 508 3146 3145 508 755 3147 3146 755 592 3148 3147 592 591 3144 3148 755 508 3150 3149 508 509 3151 3150 509 756 3152 3151 756 755 3149 3152 513 561 3154 3153 561 562 3155 3154 562 569 3156 3155 569 514 3157 3156 514 513 3153 3157 572 563 3159 3158 563 564 3160 3159 564 557 3161 3160 557 556 3162 3161 556 572 3158 3162 512 565 3164 3163 565 566 3165 3164 566 561 3166 3165 561 513 3167 3166 513 512 3163 3167 564 567 3169 3168 567 568 3170 3169 568 558 3171 3170 558 557 3172 3171 557 564 3168 3172 514 569 3174 3173 569 570 3175 3174 570 573 3176 3175 573 515 3177 3176 515 514 3173 3177 576 571 3179 3178 571 572 3180 3179 572 556 3181 3180 556 555 3182 3181 555 576 3178 3182 515 573 3184 3183 573 574 3185 3184 574 577 3186 3185 577 516 3187 3186 516 515 3183 3187 580 575 3189 3188 575 576 3190 3189 576 555 3191 3190 555 554 3192 3191 554 580 3188 3192 516 577 3194 3193 577 578 3195 3194 578 581 3196 3195 581 517 3197 3196 517 516 3193 3197 584 579 3199 3198 579 580 3200 3199 580 554 3201 3200 554 553 3202 3201 553 584 3198 3202 517 581 3204 3203 581 582 3205 3204 582 585 3206 3205 585 518 3207 3206 518 517 3203 3207 588 583 3209 3208 583 584 3210 3209 584 553 3211 3210 553 552 3212 3211 552 588 3208 3212 518 585 3214 3213 585 586 3215 3214 586 593 3216 3215 593 519 3217 3216 519 518 3213 3217 596 587 3219 3218 587 588 3220 3219 588 552 3221 3220 552 551 3222 3221 551 596 3218 3222 511 589 3224 3223 589 590 3225 3224 590 565 3226 3225 565 512 3227 3226 512 511 3223 3227 568 591 3229 3228 591 592 3230 3229 592 559 3231 3230 559 558 3232 3231 558 568 3228 3232 519 593 3234 3233 593 594 3235 3234 594 597 3236 3235 597 520 3237 3236 520 519 3233 3237 600 595 3239 3238 595 596 3240 3239 596 551 3241 3240 551 550 3242 3241 550 600 3238 3242 520 597 3244 3243 597 598 3245 3244 598 601 3246 3245 601 521 3247 3246 521 520 3243 3247 604 599 3249 3248 599 600 3250 3249 600 550 3251 3250 550 549 3252 3251 549 604 3248 3252 521 601 3254 3253 601 602 3255 3254 602 605 3256 3255 605 522 3257 3256 522 521 3253 3257 608 603 3259 3258 603 604 3260 3259 604 549 3261 3260 549 548 3262 3261 548 608 3258 3262 522 605 3264 3263 605 606 3265 3264 606 609 3266 3265 609 523 3267 3266 523 522 3263 3267 612 607 3269 3268 607 608 3270 3269 608 548 3271 3270 548 547 3272 3271 547 612 3268 3272 523 609 3274 3273 609 610 3275 3274 610 613 3276 3275 613 524 3277 3276 524 523 3273 3277 616 611 3279 3278 611 612 3280 3279 612 547 3281 3280 547 546 3282 3281 546 616 3278 3282 524 613 3284 3283 613 614 3285 3284 614 617 3286 3285 617 525 3287 3286 525 524 3283 3287 620 615 3289 3288 615 616 3290 3289 616 546 3291 3290 546 545 3292 3291 545 620 3288 3292 525 617 3294 3293 617 618 3295 3294 618 621 3296 3295 621 526 3297 3296 526 525 3293 3297 624 619 3299 3298 619 620 3300 3299 620 545 3301 3300 545 544 3302 3301 544 624 3298 3302 526 621 3304 3303 621 622 3305 3304 622 625 3306 3305 625 527 3307 3306 527 526 3303 3307 628 623 3309 3308 623 624 3310 3309 624 544 3311 3310 544 543 3312 3311 543 628 3308 3312 527 625 3314 3313 625 626 3315 3314 626 629 3316 3315 629 528 3317 3316 528 527 3313 3317 632 627 3319 3318 627 628 3320 3319 628 543 3321 3320 543 542 3322 3321 542 632 3318 3322 528 629 3324 3323 629 630 3325 3324 630 633 3326 3325 633 529 3327 3326 529 528 3323 3327 636 631 3329 3328 631 632 3330 3329 632 542 3331 3330 542 541 3332 3331 541 636 3328 3332 529 633 3334 3333 633 634 3335 3334 634 637 3336 3335 637 530 3337 3336 530 529 3333 3337 640 635 3339 3338 635 636 3340 3339 636 541 3341 3340 541 540 3342 3341 540 640 3338 3342 530 637 3344 3343 637 638 3345 3344 638 641 3346 3345 641 531 3347 3346 531 530 3343 3347 644 639 3349 3348 639 640 3350 3349 640 540 3351 3350 540 539 3352 3351 539 644 3348 3352 531 641 3354 3353 641 642 3355 3354 642 645 3356 3355 645 532 3357 3356 532 531 3353 3357 648 643 3359 3358 643 644 3360 3359 644 539 3361 3360 539 538 3362 3361 538 648 3358 3362 532 645 3364 3363 645 646 3365 3364 646 649 3366 3365 649 533 3367 3366 533 532 3363 3367 652 647 3369 3368 647 648 3370 3369 648 538 3371 3370 538 537 3372 3371 537 652 3368 3372 533 649 3374 3373 649 650 3375 3374 650 653 3376 3375 653 534 3377 3376 534 533 3373 3377 656 651 3379 3378 651 652 3380 3379 652 537 3381 3380 537 536 3382 3381 536 656 3378 3382 534 653 3384 3383 653 654 3385 3384 654 655 3386 3385 655 535 3387 3386 535 534 3383 3387 535 655 3389 3388 655 656 3390 3389 656 536 3391 3390 536 535 3388 3391 463 657 3393 3392 657 658 3394 3393 658 661 3395 3394 661 464 3396 3395 464 463 3392 3396 664 659 3398 3397 659 660 3399 3398 660 505 3400 3399 505 504 3401 3400 504 664 3397 3401 464 661 3403 3402 661 662 3404 3403 662 671 3405 3404 671 465 3406 3405 465 464 3402 3406 670 663 3408 3407 663 664 3409 3408 664 504 3410 3409 504 503 3411 3410 503 670 3407 3411 462 665 3413 3412 665 666 3414 3413 666 657 3415 3414 657 463 3416 3415 463 462 3412 3416 660 667 3418 3417 667 668 3419 3418 668 506 3420 3419 506 505 3421 3420 505 660 3417 3421 676 669 3423 3422 669 670 3424 3423 670 503 3425 3424 503 502 3426 3425 502 676 3422 3426 465 671 3428 3427 671 672 3429 3428 672 673 3430 3429 673 466 3431 3430 466 465 3427 3431 466 673 3433 3432 673 674 3434 3433 674 677 3435 3434 677 467 3436 3435 467 466 3432 3436 680 675 3438 3437 675 676 3439 3438 676 502 3440 3439 502 501 3441 3440 501 680 3437 3441 467 677 3443 3442 677 678 3444 3443 678 681 3445 3444 681 468 3446 3445 468 467 3442 3446 684 679 3448 3447 679 680 3449 3448 680 501 3450 3449 501 500 3451 3450 500 684 3447 3451 468 681 3453 3452 681 682 3454 3453 682 689 3455 3454 689 469 3456 3455 469 468 3452 3456 692 683 3458 3457 683 684 3459 3458 684 500 3460 3459 500 499 3461 3460 499 692 3457 3461 483 685 3463 3462 685 686 3464 3463 686 687 3465 3464 687 484 3466 3465 484 483 3462 3466 484 687 3468 3467 687 688 3469 3468 688 485 3470 3469 485 484 3467 3470 469 689 3472 3471 689 690 3473 3472 690 701 3474 3473 701 470 3475 3474 470 469 3471 3475 704 691 3477 3476 691 692 3478 3477 692 499 3479 3478 499 498 3480 3479 498 704 3476 3480 482 693 3482 3481 693 694 3483 3482 694 685 3484 3483 685 483 3485 3484 483 482 3481 3485 688 695 3487 3486 695 696 3488 3487 696 486 3489 3488 486 485 3490 3489 485 688 3486 3490 481 697 3492 3491 697 698 3493 3492 698 693 3494 3493 693 482 3495 3494 482 481 3491 3495 696 699 3497 3496 699 700 3498 3497 700 487 3499 3498 487 486 3500 3499 486 696 3496 3500 470 701 3502 3501 701 702 3503 3502 702 709 3504 3503 709 471 3505 3504 471 470 3501 3505 712 703 3507 3506 703 704 3508 3507 704 498 3509 3508 498 497 3510 3509 497 712 3506 3510 480 705 3512 3511 705 706 3513 3512 706 697 3514 3513 697 481 3515 3514 481 480 3511 3515 700 707 3517 3516 707 708 3518 3517 708 488 3519 3518 488 487 3520 3519 487 700 3516 3520 471 709 3522 3521 709 710 3523 3522 710 717 3524 3523 717 472 3525 3524 472 471 3521 3525 720 711 3527 3526 711 712 3528 3527 712 497 3529 3528 497 496 3530 3529 496 720 3526 3530 479 713 3532 3531 713 714 3533 3532 714 705 3534 3533 705 480 3535 3534 480 479 3531 3535 708 715 3537 3536 715 716 3538 3537 716 489 3539 3538 489 488 3540 3539 488 708 3536 3540 472 717 3542 3541 717 718 3543 3542 718 725 3544 3543 725 473 3545 3544 473 472 3541 3545 728 719 3547 3546 719 720 3548 3547 720 496 3549 3548 496 495 3550 3549 495 728 3546 3550 478 721 3552 3551 721 722 3553 3552 722 713 3554 3553 713 479 3555 3554 479 478 3551 3555 716 723 3557 3556 723 724 3558 3557 724 490 3559 3558 490 489 3560 3559 489 716 3556 3560 473 725 3562 3561 725 726 3563 3562 726 733 3564 3563 733 474 3565 3564 474 473 3561 3565 736 727 3567 3566 727 728 3568 3567 728 495 3569 3568 495 494 3570 3569 494 736 3566 3570 477 729 3572 3571 729 730 3573 3572 730 721 3574 3573 721 478 3575 3574 478 477 3571 3575 724 731 3577 3576 731 732 3578 3577 732 491 3579 3578 491 490 3580 3579 490 724 3576 3580 474 733 3582 3581 733 734 3583 3582 734 741 3584 3583 741 475 3585 3584 475 474 3581 3585 744 735 3587 3586 735 736 3588 3587 736 494 3589 3588 494 493 3590 3589 493 744 3586 3590 732 737 3592 3591 737 738 3593 3592 738 492 3594 3593 492 491 3595 3594 491 732 3591 3595 476 739 3597 3596 739 740 3598 3597 740 729 3599 3598 729 477 3600 3599 477 476 3596 3600 475 741 3602 3601 741 742 3603 3602 742 739 3604 3603 739 476 3605 3604 476 475 3601 3605 738 743 3607 3606 743 744 3608 3607 744 493 3609 3608 493 492 3610 3609 492 738 3606 3610 461 745 3612 3611 745 746 3613 3612 746 665 3614 3613 665 462 3615 3614 462 461 3611 3615 668 747 3617 3616 747 748 3618 3617 748 507 3619 3618 507 506 3620 3619 506 668 3616 3620 460 749 3622 3621 749 750 3623 3622 750 745 3624 3623 745 461 3625 3624 461 460 3621 3625 748 751 3627 3626 751 752 3628 3627 752 508 3629 3628 508 507 3630 3629 507 748 3626 3630 753 754 3632 3631 754 589 3633 3632 589 511 3634 3633 511 510 3635 3634 510 753 3631 3635 592 755 3637 3636 755 756 3638 3637 756 560 3639 3638 560 559 3640 3639 559 592 3636 3640 432 757 3642 3641 757 758 3643 3642 758 433 3644 3643 433 432 3641 3644 758 759 3646 3645 759 760 3647 3646 760 434 3648 3647 434 433 3649 3648 433 758 3645 3649 760 761 3651 3650 761 762 3652 3651 762 435 3653 3652 435 434 3654 3653 434 760 3650 3654 431 763 3656 3655 763 764 3657 3656 764 757 3658 3657 757 432 3659 3658 432 431 3655 3659 430 765 3661 3660 765 766 3662 3661 766 763 3663 3662 763 431 3664 3663 431 430 3660 3664 762 767 3666 3665 767 768 3667 3666 768 436 3668 3667 436 435 3669 3668 435 762 3665 3669 429 769 3671 3670 769 770 3672 3671 770 765 3673 3672 765 430 3674 3673 430 429 3670 3674 768 771 3676 3675 771 772 3677 3676 772 437 3678 3677 437 436 3679 3678 436 768 3675 3679 428 773 3681 3680 773 774 3682 3681 774 769 3683 3682 769 429 3684 3683 429 428 3680 3684 772 775 3686 3685 775 776 3687 3686 776 438 3688 3687 438 437 3689 3688 437 772 3685 3689 427 777 3691 3690 777 778 3692 3691 778 773 3693 3692 773 428 3694 3693 428 427 3690 3694 776 779 3696 3695 779 780 3697 3696 780 439 3698 3697 439 438 3699 3698 438 776 3695 3699 426 781 3701 3700 781 782 3702 3701 782 777 3703 3702 777 427 3704 3703 427 426 3700 3704 780 783 3706 3705 783 784 3707 3706 784 440 3708 3707 440 439 3709 3708 439 780 3705 3709 425 785 3711 3710 785 786 3712 3711 786 781 3713 3712 781 426 3714 3713 426 425 3710 3714 784 787 3716 3715 787 788 3717 3716 788 441 3718 3717 441 440 3719 3718 440 784 3715 3719 788 789 3721 3720 789 790 3722 3721 790 442 3723 3722 442 441 3724 3723 441 788 3720 3724 424 791 3726 3725 791 792 3727 3726 792 785 3728 3727 785 425 3729 3728 425 424 3725 3729 413 793 3731 3730 793 794 3732 3731 794 797 3733 3732 797 414 3734 3733 414 413 3730 3734 800 795 3736 3735 795 796 3737 3736 796 453 3738 3737 453 452 3739 3738 452 800 3735 3739 414 797 3741 3740 797 798 3742 3741 798 807 3743 3742 807 415 3744 3743 415 414 3740 3744 806 799 3746 3745 799 800 3747 3746 800 452 3748 3747 452 451 3749 3748 451 806 3745 3749 790 801 3751 3750 801 802 3752 3751 802 443 3753 3752 443 442 3754 3753 442 790 3750 3754 423 803 3756 3755 803 804 3757 3756 804 791 3758 3757 791 424 3759 3758 424 423 3755 3759 812 805 3761 3760 805 806 3762 3761 806 451 3763 3762 451 450 3764 3763 450 812 3760 3764 415 807 3766 3765 807 808 3767 3766 808 809 3768 3767 809 416 3769 3768 416 415 3765 3769 416 809 3771 3770 809 810 3772 3771 810 819 3773 3772 819 417 3774 3773 417 416 3770 3774 818 811 3776 3775 811 812 3777 3776 812 450 3778 3777 450 449 3779 3778 449 818 3775 3779 422 813 3781 3780 813 814 3782 3781 814 803 3783 3782 803 423 3784 3783 423 422 3780 3784 802 815 3786 3785 815 816 3787 3786 816 444 3788 3787 444 443 3789 3788 443 802 3785 3789 824 817 3791 3790 817 818 3792 3791 818 449 3793 3792 449 448 3794 3793 448 824 3790 3794 417 819 3796 3795 819 820 3797 3796 820 821 3798 3797 821 418 3799 3798 418 417 3795 3799 418 821 3801 3800 821 822 3802 3801 822 833 3803 3802 833 419 3804 3803 419 418 3800 3804 836 823 3806 3805 823 824 3807 3806 824 448 3808 3807 448 447 3809 3808 447 836 3805 3809 796 825 3811 3810 825 826 3812 3811 826 454 3813 3812 454 453 3814 3813 453 796 3810 3814 412 827 3816 3815 827 828 3817 3816 828 793 3818 3817 793 413 3819 3818 413 412 3815 3819 421 829 3821 3820 829 830 3822 3821 830 813 3823 3822 813 422 3824 3823 422 421 3820 3824 816 831 3826 3825 831 832 3827 3826 832 445 3828 3827 445 444 3829 3828 444 816 3825 3829 419 833 3831 3830 833 834 3832 3831 834 839 3833 3832 839 420 3834 3833 420 419 3830 3834 838 835 3836 3835 835 836 3837 3836 836 447 3838 3837 447 446 3839 3838 446 838 3835 3839 832 837 3841 3840 837 838 3842 3841 838 446 3843 3842 446 445 3844 3843 445 832 3840 3844 420 839 3846 3845 839 840 3847 3846 840 829 3848 3847 829 421 3849 3848 421 420 3845 3849 411 841 3851 3850 841 842 3852 3851 842 827 3853 3852 827 412 3854 3853 412 411 3850 3854 826 843 3856 3855 843 844 3857 3856 844 455 3858 3857 455 454 3859 3858 454 826 3855 3859 410 845 3861 3860 845 846 3862 3861 846 841 3863 3862 841 411 3864 3863 411 410 3860 3864 844 847 3866 3865 847 848 3867 3866 848 456 3868 3867 456 455 3869 3868 455 844 3865 3869 409 849 3871 3870 849 850 3872 3871 850 845 3873 3872 845 410 3874 3873 410 409 3870 3874 848 851 3876 3875 851 852 3877 3876 852 457 3878 3877 457 456 3879 3878 456 848 3875 3879 749 460 3881 3880 460 459 3882 3881 459 853 3883 3882 853 854 3884 3883 854 749 3880 3884 752 855 3886 3885 855 856 3887 3886 856 509 3888 3887 509 508 3889 3888 508 752 3885 3889 381 857 3891 3890 857 858 3892 3891 858 382 3893 3892 382 381 3890 3893 858 859 3895 3894 859 860 3896 3895 860 383 3897 3896 383 382 3898 3897 382 858 3894 3898 380 861 3900 3899 861 862 3901 3900 862 857 3902 3901 857 381 3903 3902 381 380 3899 3903 860 863 3905 3904 863 864 3906 3905 864 384 3907 3906 384 383 3908 3907 383 860 3904 3908 379 865 3910 3909 865 866 3911 3910 866 861 3912 3911 861 380 3913 3912 380 379 3909 3913 864 867 3915 3914 867 868 3916 3915 868 385 3917 3916 385 384 3918 3917 384 864 3914 3918 378 869 3920 3919 869 870 3921 3920 870 865 3922 3921 865 379 3923 3922 379 378 3919 3923 868 871 3925 3924 871 872 3926 3925 872 386 3927 3926 386 385 3928 3927 385 868 3924 3928 377 873 3930 3929 873 874 3931 3930 874 869 3932 3931 869 378 3933 3932 378 377 3929 3933 872 875 3935 3934 875 876 3936 3935 876 387 3937 3936 387 386 3938 3937 386 872 3934 3938 376 877 3940 3939 877 878 3941 3940 878 873 3942 3941 873 377 3943 3942 377 376 3939 3943 876 879 3945 3944 879 880 3946 3945 880 388 3947 3946 388 387 3948 3947 387 876 3944 3948 375 881 3950 3949 881 882 3951 3950 882 877 3952 3951 877 376 3953 3952 376 375 3949 3953 880 883 3955 3954 883 884 3956 3955 884 389 3957 3956 389 388 3958 3957 388 880 3954 3958 374 885 3960 3959 885 886 3961 3960 886 881 3962 3961 881 375 3963 3962 375 374 3959 3963 884 887 3965 3964 887 888 3966 3965 888 390 3967 3966 390 389 3968 3967 389 884 3964 3968 888 889 3970 3969 889 890 3971 3970 890 391 3972 3971 391 390 3973 3972 390 888 3969 3973 373 891 3975 3974 891 892 3976 3975 892 885 3977 3976 885 374 3978 3977 374 373 3974 3978 890 893 3980 3979 893 894 3981 3980 894 392 3982 3981 392 391 3983 3982 391 890 3979 3983 372 895 3985 3984 895 896 3986 3985 896 891 3987 3986 891 373 3988 3987 373 372 3984 3988 371 897 3990 3989 897 898 3991 3990 898 895 3992 3991 895 372 3993 3992 372 371 3989 3993 894 899 3995 3994 899 900 3996 3995 900 393 3997 3996 393 392 3998 3997 392 894 3994 3998 363 901 4000 3999 901 902 4001 4000 902 907 4002 4001 907 364 4003 4002 364 363 3999 4003 910 903 4005 4004 903 904 4006 4005 904 400 4007 4006 400 399 4008 4007 399 910 4004 4008 904 905 4010 4009 905 906 4011 4010 906 401 4012 4011 401 400 4013 4012 400 904 4009 4013 364 907 4015 4014 907 908 4016 4015 908 911 4017 4016 911 365 4018 4017 365 364 4014 4018 918 909 4020 4019 909 910 4021 4020 910 399 4022 4021 399 398 4023 4022 398 918 4019 4023 365 911 4025 4024 911 912 4026 4025 912 919 4027 4026 919 366 4028 4027 366 365 4024 4028 370 913 4030 4029 913 914 4031 4030 914 897 4032 4031 897 371 4033 4032 371 370 4029 4033 900 915 4035 4034 915 916 4036 4035 916 394 4037 4036 394 393 4038 4037 393 900 4034 4038 924 917 4040 4039 917 918 4041 4040 918 398 4042 4041 398 397 4043 4042 397 924 4039 4043 366 919 4045 4044 919 920 4046 4045 920 921 4047 4046 921 367 4048 4047 367 366 4044 4048 367 921 4050 4049 921 922 4051 4050 922 931 4052 4051 931 368 4053 4052 368 367 4049 4053 930 923 4055 4054 923 924 4056 4055 924 397 4057 4056 397 396 4058 4057 396 930 4054 4058 916 925 4060 4059 925 926 4061 4060 926 395 4062 4061 395 394 4063 4062 394 916 4059 4063 369 927 4065 4064 927 928 4066 4065 928 913 4067 4066 913 370 4068 4067 370 369 4064 4068 926 929 4070 4069 929 930 4071 4070 930 396 4072 4071 396 395 4073 4072 395 926 4069 4073 368 931 4075 4074 931 932 4076 4075 932 927 4077 4076 927 369 4078 4077 369 368 4074 4078 906 933 4080 4079 933 934 4081 4080 934 402 4082 4081 402 401 4083 4082 401 906 4079 4083 362 935 4085 4084 935 936 4086 4085 936 901 4087 4086 901 363 4088 4087 363 362 4084 4088 361 937 4090 4089 937 938 4091 4090 938 935 4092 4091 935 362 4093 4092 362 361 4089 4093 934 939 4095 4094 939 940 4096 4095 940 403 4097 4096 403 402 4098 4097 402 934 4094 4098 360 941 4100 4099 941 942 4101 4100 942 937 4102 4101 937 361 4103 4102 361 360 4099 4103 940 943 4105 4104 943 944 4106 4105 944 404 4107 4106 404 403 4108 4107 403 940 4104 4108 359 945 4110 4109 945 946 4111 4110 946 941 4112 4111 941 360 4113 4112 360 359 4109 4113 944 947 4115 4114 947 948 4116 4115 948 405 4117 4116 405 404 4118 4117 404 944 4114 4118 358 949 4120 4119 949 950 4121 4120 950 945 4122 4121 945 359 4123 4122 359 358 4119 4123 948 951 4125 4124 951 952 4126 4125 952 406 4127 4126 406 405 4128 4127 405 948 4124 4128 849 409 4130 4129 409 408 4131 4130 408 953 4132 4131 953 954 4133 4132 954 849 4129 4133 852 955 4135 4134 955 956 4136 4135 956 458 4137 4136 458 457 4138 4137 457 852 4134 4138 
</DataArray>
<DataArray type="Int32" Name="offsets" format="ascii">
4 8 12 16 20 24 28 32 36 40 44 48 52 56 60 64 68 72 76 80 84 88 92 96 100 104 108 112 116 120 124 128 132 136 140 144 148 152 156 160 164 168 172 176 180 184 188 192 196 200 204 208 212 216 220 224 228 232 236 240 244 248 252 256 260 264 268 272 276 280 284 288 292 296 300 304 308 312 316 320 324 328 332 336 340 344 348 352 356 360 364 368 372 376 380 384 388 392 396 400 404 408 412 416 420 424 428 432 436 440 444 448 452 456 460 464 468 472 476 480 484 488 492 496 500 504 508 512 516 520 524 528 532 536 540 544 548 552 556 560 564 568 572 576 580 584 588 592 596 600 604 608 612 616 620 624 628 632 636 640 644 648 652 656 660 664 668 672 676 680 684 688 692 696 700 704 708 712 716 720 724 728 732 736 740 744 748 752 756 760 764 768 772 776 780 784 788 792 796 800 804 808 812 816 820 824 828 832 836 840 844 848 852 856 860 864 868 872 876 880 884 888 892 896 900 904 908 912 916 920 924 928 932 936 940 944 948 952 956 960 964 968 972 976 980 984 988 992 996 1000 1004 1008 1012 1016 1020 1024 1028 1032 1036 1040 1044 1048 1052 1056 1060 1064 1068 1072 1076 1080 1084 1088 1092 1096 1100 1104 1108 1112 1116 1120 1124 1128 1132 1136 1140 1144 1148 1152 1156 1160 1164 1168 1172 1176 1180 1184 1188 1192 1196 1200 1204 1208 1212 1216 1220 1224 1228 1232 1236 1240 1244 1248 1252 1256 1260 1264 1268 1272 1276 1280 1284 1288 1292 1296 1300 1304 1308 1312 1316 1320 1324 1328 1332 1336 1340 1344 1348 1352 1356 1360 1364 1368 1372 1376 1380 1384 1388 1392 1396 1400 1404 1408 1412 1416 1420 1424 1428 1432 1436 1440 1444 1448 1452 1456 1460 1464 1468 1472 1476 1480 1484 1488 1492 1496 1500 1504 1508 1512 1516 1520 1524 1528 1532 1536 1540 1544 1548 1552 1556 1560 1564 1568 1572 1576 1580 1584 1588 1592 1596 1600 1604 1608 1612 1616 1620 1624 1628 1632 1636 1640 1644 1648 1652 1656 1660 1664 1668 1672 1676 1680 1684 1688 1692 1696 1700 1704 1708 1712 1716 1720 1724 1728 1732 1736 1740 1744 1748 1752 1756 1760 1764 1768 1772 1776 1780 1784 1788 1792 1796 1800 1804 1808 1812 1816 1820 1824 1828 1832 1836 1840 1844 1848 1852 1856 1860 1864 1868 1872 1876 1880 1884 1888 1892 1896 1900 1904 1908 1912 1916 1920 1924 1928 1932 1936 1940 1944 1948 1952 1956 1960 1964 1968 1972 1976 1980 1984 1988 1992 1996 2000 2004 2008 2012 2016 2020 2024 2028 2032 2036 2040 2044 2048 2052 2056 2060 2064 2068 2072 2076 2080 2084 2088 2092 2096 2100 2104 2108 2112 2116 2120 2124 2128 2132 2136 2140 2144 2148 2152 2156 2160 2164 2168 2172 2176 2180 2184 2188 2192 2196 2200 2204 2208 2212 2216 2220 2224 2228 2232 2236 2240 2244 2248 2252 2256 2260 2264 2268 2272 2276 2280 2284 2288 2292 2296 2300 2304 2308 2312 2316 2320 2324 2328 2332 2336 2340 2344 2348 2352 2356 2360 2364 2368 2372 2376 2380 2384 2388 2392 2396 2400 2404 2408 2412 2416 2420 2424 2428 2432 2436 2440 2444 2448 2452 2456 2460 2464 2468 2472 2476 2480 2484 2488 2492 2496 2500 2504 2508 2512 2516 2520 2524 2528 2532 2536 2540 2544 2548 2552 2556 2560 2564 2568 2572 2576 2580 2584 2588 2592 2596 2600 2604 2608 2612 2616 2620 2624 2628 2632 2636 2640 2644 2648 2652 2656 2660 2664 2668 2672 2676 2680 2684 2688 2692 2696 2700 2704 2708 2712 2716 2720 2724 2728 2732 2736 2740 2744 2748 2752 2756 2760 2764 2768 2772 2776 2780 2784 2788 2792 2796 2800 2804 2808 2812 2816 2820 2824 2828 2832 2836 2840 2844 2848 2852 2856 2860 2864 2868 2872 2876 2880 2884 2888 2892 2896 2900 2904 2908 2912 2916 2920 2924 2928 2932 2936 2940 2944 2948 2952 2956 2960 2964 2968 2972 2976 2980 2984 2988 2992 2996 3000 3004 3008 3012 3016 3020 3024 3028 3032 3036 3040 3044 3048 3052 3056 3060 3064 3068 3072 3076 3080 3084 3088 3092 3096 3100 3104 3108 3112 3116 3120 3124 3128 3132 3136 3140 3144 3148 3152 3156 3160 3164 3168 3172 3176 3180 3184 3188 3192 3196 3200 3204 3208 3212 3216 3220 3224 3228 3232 3236 3240 3244 3248 3252 3256 3260 3264 3268 3272 3276 3280 3284 3288 3292 3296 3300 3304 3308 3312 3316 3320 3324 3328 3332 3336 3340 3344 3348 3352 3356 3360 3364 3368 3372 3376 3380 3384 3388 3392 3396 3400 3404 3408 3412 3416 3420 3424 3428 3432 3436 3440 3444 3448 3452 3456 3460 3464 3468 3472 3476 3480 3484 3488 3492 3496 3500 3504 3508 3512 3516 3520 3524 3528 3532 3536 3540 3544 3548 3552 3556 3560 3564 3568 3572 3576 3580 3584 3588 3592 3596 3600 3604 3608 3612 3616 3620 3624 3628 3632 3636 3640 3644 3648 3652 3656 3660 3664 3668 3672 3676 3680 3684 3688 3692 3696 3700 3704 3708 3712 3716 3720 3724 3728 3732 3736 3740 3744 3748 3752 3756 3760 3764 3768 3772 3776 3780 3784 3788 3792 3796 3800 3804 3808 3812 3816 3820 3824 3828 3832 3836 3840 3844 3848 3852 3856 3860 3864 3868 3872 3876 3880 3884 3888 3892 3896 3900 3904 3908 3912 3916 3920 3924 3928 3932 3936 3940 3944 3948 3952 3956 3960 3964 3968 3972 3976 3980 3984 3988 3992 3996 4000 4004 4008 4012 4016 4020 4024 4028 4032 4036 4040 4044 4048 4052 4056 4060 4064 4068 4072 4076 4080 4084 4088 4092 4096 4100 4104 4108 4112 4116 4120 4124 4128 4132 4136 4140 4144 4148 4152 4156 4160 4164 4168 4172 4176 4180 4184 4188 4192 4196 4200 4204 4208 4212 4216 4220 4224 4228 4232 4236 4240 4244 4248 4252 4256 4260 4264 4268 4272 4276 4280 4284 4288 4292 4296 4300 4304 4308 4312 4316 4320 4324 4328 4332 4336 4340 4344 4348 4352 4356 4360 4364 4368 4372 4376 4380 4384 4388 4392 4396 4400 4404 4408 4412 4416 4420 4424 4428 4432 4436 4440 4444 4448 4452 4456 4460 4464 4468 4472 4476 4480 4484 4488 4492 4496 4500 4504 4508 4512 4516 4520 4524 4528 4532 4536 4540 4544 4548 4552 4556 4560 4564 4568 4572 4576 4580 4584 4588 4592 4596 4600 4604 4608 4612 4616 4620 4624 4628 4632 4636 4640 4644 4648 4652 4656 4660 4664 4668 4672 4676 4680 4684 4688 4692 4696 4700 4704 4708 4712 4716 4720 4724 4728 4732 4736 4740 4744 4748 4752 4756 4760 4764 4768 4772 4776 4780 4784 4788 4792 4796 4800 4804 4808 4812 4816 4820 4824 4828 4832 4836 4840 4844 4848 4852 4856 4860 4864 4868 4872 4876 4880 4884 4888 4892 4896 4900 4904 4908 4912 4916 4920 4924 4928 4932 4936 4940 4944 4948 4952 4956 4960 4964 4968 4972 4976 4980 4984 4988 4992 4996 5000 5004 5008 5012 5016 5020 5024 5028 5032 5036 5040 5044 5048 5052 5056 5060 5064 5068 5072 5076 5080 5084 5088 5092 5096 5100 5104 5108 5112 5116 5120 5124 5128 5132 5136 5140 5144 5148 5152 5156 5160 5164 5168 5172 5176 5180 5184 5188 5192 5196 5200 5204 5208 5212 5216 5220 5224 5228 5232 5236 5240 5244 5248 5252 5256 5260 5264 5268 5272 5276 5280 5284 5288 5292 5296 5300 5304 5308 5312 5316 5320 5324 5328 5332 5336 5340 5344 5348 5352 5356 5360 5364 5368 5372 5376 5380 5384 5388 5392 5396 5400 5404 5408 5412 5416 5420 5424 5428 5432 5436 5440 5444 5448 5452 5456 5460 5464 5468 5472 5476 5480 5484 5488 5492 5496 5500 5504 5508 5512 5516 5520 5524 5528 5532 5536 5540 5544 5548 5552 5556 5560 5564 5568 5572 5576 5580 5584 5588 5592 5596 5600 5604 5608 5612 5616 5620 5624 5628 5632 5636 5640 5644 5648 5652 5656 5660 5664 5668 5672 5676 5680 5684 5688 5692 5696 5700 5704 5708 5712 5716 5720 5724 5728 5732 5736 5740 5744 5748 5752 5756 5760 5764 5768 5772 5776 5780 5784 5788 5792 5796 5800 5804 5808 5812 5816 5820 5824 5828 5832 5836 5840 5844 5848 5852 5856 5860 5864 5868 5872 5876 5880 5884 5888 5892 5896 5900 5904 5908 5912 5916 5920 5924 5928 5932 5936 5940 5944 5948 5952 5956 5960 5964 5968 5972 5976 5980 5984 5988 5992 5996 6000 6004 6008 6012 6016 6020 6024 6028 6032 6036 6040 6044 6048 6052 6056 6060 6064 6068 6072 6076 6080 6084 6088 6092 6096 6100 6104 6108 6112 6116 6120 6124 6128 6132 6136 6140 6144 6148 6152 6156 6160 6164 6168 6172 6176 6180 6184 6188 6192 6196 6200 6204 6208 6212 6216 6220 6224 6228 6232 6236 6240 6244 6248 6252 6256 6260 6264 6268 6272 6276 6280 6284 6288 6292 6296 6300 6304 6308 6312 6316 6320 6324 6328 6332 6336 6340 6344 6348 6352 6356 6360 6364 6368 6372 6376 6380 6384 6388 6392 6396 6400 6404 6408 6412 6416 6420 6424 6428 6432 6436 6440 6444 6448 6452 6456 6460 6464 6468 6472 6476 6480 6484 6488 6492 6496 6500 6504 6508 6512 6516 6520 6524 6528 6532 6536 6540 6544 6548 6552 6556 6560 6564 6568 6572 6576 6580 6584 6588 6592 6596 6600 6604 6608 6612 6616 6620 6624 6628 6632 6636 6640 6644 6648 6652 6656 6660 6664 6668 6672 6676 6680 6684 6688 6692 6696 6700 6704 6708 6712 6716 6720 6724 6728 6732 6736 6740 6744 6748 6752 6756 6760 6764 6768 6772 6776 6780 6784 6788 6792 6796 6800 6804 6808 6812 6816 6820 6824 6828 6832 6836 6840 6844 6848 6852 6856 6860 6864 6868 6872 6876 6880 6884 6888 6892 6896 6900 6904 6908 6912 6916 6920 6924 6928 6932 6936 6940 6944 6948 6952 6956 6960 6964 6968 6972 6976 6980 6984 6988 6992 6996 7000 7004 7008 7012 7016 7020 7024 7028 7032 7036 7040 7044 7048 7052 7056 7060 7064 7068 7072 7076 7080 7084 7088 7092 7096 7100 7104 7108 7112 7116 7120 7124 7128 7132 7136 7140 7144 7148 7152 7156 7160 7164 7168 7172 7176 7180 7184 7188 7192 7196 7200 7204 7208 7212 7216 7220 7224 7228 7232 7236 7240 7244 7248 7252 7256 7260 7264 7268 7272 7276 7280 7284 7288 7292 7296 7300 7304 7308 7312 7316 7320 7324 7328 7332 7336 7340 7344 7348 7352 7356 7360 7364 7368 7372 7376 7380 7384 7388 7392 7396 7400 7404 7408 7412 7416 7420 7424 7428 7432 7436 7440 7444 7448 7452 7456 7460 7464 7468 7472 7476 7480 7484 7488 7492 7496 7500 7504 7508 7512 7516 7520 7524 7528 7532 7536 7540 7544 7548 7552 7556 7560 7564 7568 7572 7576 7580 7584 7588 7592 7596 7600 7604 7608 7612 7616 7620 7624 7628 7632 7636 7640 7644 7648 7652 7656 7660 7664 7668 7672 7676 7680 7684 7688 7692 7696 7700 7704 7708 7712 7716 7720 7724 7728 7732 7736 7740 7744 7748 7752 7756 7760 7764 7768 7772 7776 7780 7784 7788 7792 7796 7800 7804 7808 7812 7816 7820 7824 7828 7832 7836 7840 7844 7848 7852 7856 7860 7864 7868 7872 7876 7880 7884 7888 7892 7896 7900 7904 7908 7912 7916 7920 7924 7928 7932 7936 7940 7944 7948 7952 7956 7960 7964 7968 7972 7976 7980 7984 7988 7992 7996 8000 8004 8008 8012 8016 8020 8024 8028 8032 8036 8040 8044 8048 8052 8056 8060 8064 8068 8072 8076 8080 8084 8088 8092 8096 8100 8104 8108 8112 8116 8120 8124 8128 8132 8136 8140 8144 8148 8152 8156 8160 8164 8168 8172 8176 8180 8184 8188 8192 8196 8200 8204 8208 8212 8216 8220 8224 8228 8232 8236 8240 8244 8248 8252 8256 8260 8264 8268 8272 8276 8280 8284 8288 8292 8296 8300 8304 8308 8312 8316 8320 8324 8328 8332 8336 8340 8344 8348 8352 8356 8360 8364 8368 8372 8376 8380 8384 8388 8392 8396 8400 8404 8408 8412 8416 8420 8424 8428 8432 8436 8440 8444 8448 8452 8456 8460 8464 8468 8472 8476 8480 8484 8488 8492 8496 8500 8504 8508 8512 8516 8520 8524 8528 8532 8536 8540 8544 8548 8552 8556 8560 8564 8568 8572 8576 8580 8584 8588 8592 8596 8600 8604 8608 8612 8616 8620 8624 8628 8632 8636 8640 8644 8648 8652 8656 8660 8664 8668 8672 8676 8680 8684 8688 8692 8696 8700 8704 8708 8712 8716 8720 8724 8728 8732 8736 8740 8744 8748 8752 8756 8760 8764 8768 8772 8776 8780 8784 8788 8792 8796 8800 8804 8808 8812 8816 8820 8824 8828 8832 8836 8840 8844 8848 8852 8856 8860 8864 8868 8872 8876 8880 8884 8888 8892 8896 8900 8904 8908 8912 8916 8920 8924 8928 8932 8936 8940 8944 8948 8952 8956 8960 8964 8968 8972 8976 8980 8984 8988 8992 8996 9000 9004 9008 9012 9016 9020 9024 9028 9032 9036 9040 9044 9048 9052 9056 9060 9064 9068 9072 9076 9080 9084 9088 9092 9096 9100 9104 9108 9112 9116 9120 9124 9128 9132 9136 9140 9144 9148 9152 9156 9160 9164 9168 9172 9176 9180 9184 9188 9192 9196 9200 9204 9208 9212 9216 9220 9224 9228 9232 9236 9240 9244 9248 9252 9256 9260 9264 9268 9272 9276 9280 9284 9288 9292 9296 9300 9304 9308 9312 9316 9320 9324 9328 9332 9336 9340 9344 9348 9352 9356 9360 9364 9368 9372 9376 9380 9384 9388 9392 9396 9400 9404 9408 9412 9416 9420 9424 9428 9432 9436 9440 9444 9448 9452 9456 9460 9464 9468 9472 9476 9480 9484 9488 9492 9496 9500 9504 9508 9512 9516 9520 9524 9528 9532 9536 9540 9544 9548 9552 9556 9560 9564 9568 9572 9576 9580 9584 9588 9592 9596 9600 9604 9608 9612 9616 9620 9624 9628 9632 9636 9640 9644 9648 9652 9656 9660 9664 9668 9672 9676 9680 9684 9688 9692 9696 9700 9704 9708 9712 9716 9720 9724 9728 9732 9736 9740 9744 9748 9752 9756 9760 9764 9768 9772 9776 9780 9784 9788 9792 9796 9800 9804 9808 9812 9816 9820 9824 9828 9832 9836 9840 9844 9848 9852 9856 9860 9864 9868 9872 9876 9880 9884 9888 9892 9896 9900 9904 9908 9912 9916 9920 9924 9928 9932 9936 9940 9944 9948 9952 9956 9960 9964 9968 9972 9976 9980 9984 9988 9992 9996 10000 10004 10008 10012 10016 10020 10024 10028 10032 10036 10040 10044 10048 10052 10056 10060 10064 10068 10072 10076 10080 10084 10088 10092 10096 10100 10104 10108 10112 10116 10120 10124 10128 10132 10136 10140 10144 10148 10152 10156 10160 10164 10168 10172 10176 10180 10184 10188 10192 10196 10200 10204 10208 10212 10216 10220 10224 10228 10232 10236 10240 10244 10248 10252 10256 10260 10264 10268 10272 10276 10280 10284 10288 10292 10296 10300 10304 10308 10312 10316 10320 10324 10328 10332 10336 10340 10344 10348 10352 10356 10360 10364 10368 10372 10376 10380 10384 10388 10392 10396 10400 10404 10408 10412 10416 10420 10424 10428 10432 10436 10440 10444 10448 10452 10456 10460 10464 10468 10472 10476 10480 10484 10488 10492 10496 10500 10504 10508 10512 10516 10520 10524 10528 10532 10536 10540 10544 10548 10552 10556 10560 10564 10568 10572 10576 10580 10584 10588 10592 10596 10600 10604 10608 10612 10616 10620 10624 10628 10632 10636 10640 10644 10648 10652 10656 10660 10664 10668 10672 10676 10680 10684 10688 10692 10696 10700 10704 10708 10712 10716 10720 10724 10728 10732 10736 10740 10744 10748 10752 10756 10760 10764 10768 10772 10776 10780 10784 10788 10792 10796 10800 10804 10808 10812 10816 10820 10824 10828 10832 10836 10840 10844 10848 10852 10856 10860 10864 10868 10872 10876 10880 10884 10888 10892 10896 10900 10904 10908 10912 10916 10920 10924 10928 10932 10936 10940 10944 10948 10952 10956 10960 10964 10968 10972 10976 10980 10984 10988 10992 10996 11000 11004 11008 11012 11016 11020 11024 11028 11032 11036 11040 11044 11048 11052 11056 11060 11064 11068 11072 11076 11080 11084 11088 11092 11096 11100 11104 11108 11112 11116 11120 11124 11128 11132 11136 11140 11144 11148 11152 11156 11160 11164 11168 11172 11176 11180 11184 11188 11192 11196 11200 11204 11208 11212 11216 11220 11224 11228 11232 11236 11240 11244 11248 11252 11256 11260 11264 11268 11272 11276 11280 11284 11288 11292 11296 11300 11304 11308 11312 11316 11320 11324 11328 11332 11336 11340 11344 11348 11352 11356 11360 11364 11368 11372 11376 11380 11384 11388 11392 11396 11400 11404 11408 11412 11416 11420 11424 11428 11432 11436 11440 11444 11448 11452 11456 11460 11464 11468 11472 11476 11480 11484 11488 11492 11496 11500 11504 11508 11512 11516 11520 11524 11528 11532 11536 11540 11544 11548 11552 11556 11560 11564 11568 11572 11576 11580 11584 11588 11592 11596 11600 11604 11608 11612 11616 11620 11624 11628 11632 11636 11640 11644 11648 11652 11656 11660 11664 11668 11672 11676 11680 11684 11688 11692 11696 11700 11704 11708 11712 11716 11720 11724 11728 11732 11736 11740 11744 11748 11752 11756 11760 11764 11768 11772 11776 11780 11784 11788 11792 11796 11800 11804 11808 11812 11816 11820 11824 11828 11832 11836 11840 11844 11848 11852 11856 11860 11864 11868 11872 11876 11880 11884 11888 11892 11896 11900 11904 11908 11912 11916 11920 11924 11928 11932 11936 11940 11944 11948 11952 11956 11960 11964 11968 11972 11976 11980 11984 11988 11992 11996 12000 12004 12008 12012 12016 12020 12024 12028 12032 12036 12040 12044 12048 12052 12056 12060 12064 12068 12072 12076 12080 12084 12088 12092 12096 12100 12104 12108 12112 12116 12120 12124 12128 12132 12136 12140 12144 12148 12152 12156 12160 12164 12168 12172 12176 12180 12184 12188 12192 12196 12200 12204 12208 12212 12216 12220 12224 12228 12232 12236 12240 12244 12248 12252 12256 12260 12264 12268 12272 12276 12280 12284 12288 12292 12296 12300 12304 12308 12312 12316 12320 12324 12328 12332 12336 12340 12344 12348 12352 12356 12360 12364 12368 12372 12376 12380 12384 12388 12392 12396 12400 12404 12408 12412 12416 12420 12424 12428 12432 12436 12440 12444 12448 12452 12456 12460 12464 12468 12472 12476 12480 12484 12488 12492 12496 12500 12504 12508 12512 12516 12520 12524 12528 12532 12536 12540 12544 12548 12552 12556 12560 12564 12568 12572 12576 12580 12584 12588 12592 12596 12600 12604 12608 12612 12616 12620 12624 12628 12632 12636 12640 12644 12648 12652 12656 12660 12664 12668 12672 12676 12680 12684 12688 12692 12696 12700 12704 12708 12712 12716 12720 12724 12728 
</DataArray>
<DataArray type="UInt8" Name="types" format="ascii">
7 7 7 7 7 7 7 7 7 7 7 7 7 7 7 7 7 7 7 7 7 7 7 7 7 7 7 7 7 7 7 7 7 7 7 7 7 7 7 7 7 7 7 7 7 7 7 7 7 7 7 7 7 7 7 7 7 7 7 7 7 7 7 7 7 7 7 7 7 7 7 7 7 7 7 7 7 7 7 7 7 7 7 7 7 7 7 7 7 7 7 7 7 7 7 7 7 7 7 7 7 7 7 7 7 7 7 7 7 7 7 7 7 7 7 7 7 7 7 7 7 7 7 7 7 7 7 7 7 7 7 7 7 7 7 7 7 7 7 7 7 7 7 7 7 7 7 7 7 7 7 7 7 7 7 7 7 7 7 7 7 7 7 7 7 7 7 7 7 7 7 7 7 7 7 7 7 7 7 7 7 7 7 7 7 7 7 7 7 7 7 7 7 7 7 7 7 7 7 7 7 7 7 7 7 7 7 7 7 7 7 7 7 7 7 7 7 7 7 7 7 7 7 7 7 7 7 7 7 7 7 7 7 7 7 7 7 7 7 7 7 7 7 7 7 7 7 7 7 7 7 7 7 7 7 7 7 7 7 7 7 7 7 7 7 7 7 7 7 7 7 7 7 7 7 7 7 7 7 7 7 7 7 7 7 7 7 7 7 7 7 7 7 7 7 7 7 7 7 7 7 7 7 7 7 7 7 7 7 7 7 7 7 7 7 7 7 7 7 7 7 7 7 7 7 7 7 7 7 7 7 7 7 7 7 7 7 7 7 7 7 7 7 7 7 7 7 7 7 7 7 7 7 7 7 7 7 7 7 7 7 7 7 7 7 7 7 7 7 7 7 7 7 7 7 7 7 7 7 7 7 7 7 7 7 7 7 7 7 7 7 7 7 7 7 7 7 7 7 7 7 7 7 7 7 7 7 7 7 7 7 7 7 7 7 7 7 7 7 7 7 7 7 7 7 7 7 7 7 7 7 7 7 7 7 7 7 7 7 7 7 7 7 7 7 7 7 7 7 7 7 7 7 7 7 7 7 7 7 7 7 7 7 7 7 7 7 7 7 7 7 7 7 7 7 7 7 7 7 7 7 7 7 7 7 7 7 7 7 7 7 7 7 7 7 7 7 7 7 7 7 7 7 7 7 7 7 7 7 7 7 7 7 7 7 7 7 7 7 7 7 7 7 7 7 7 7 7 7 7 7 7 7 7 7 7 7 7 7 7 7 7 7 7 7 7 7 7 7 7 7 7 7 7 7 7 7 7 7 7 7 7 7 7 7 7 7 7 7 7 7 7 7 7 7 7 7 7 7 7 7 7 7 7 7 7 7 7 7 7 7 7 7 7 7 7 7 7 7 7 7 7 7 7 7 7 7 7 7 7 7 7 7 7 7 7 7 7 7 7 7 7 7 7 7 7 7 7 7 7 7 7 7 7 7 7 7 7 7 7 7 7 7 7 7 7 7 7 7 7 7 7 7 7 7 7 7 7 7 7 7 7 7 7 7 7 7 7 7 7 7 7 7 7 7 7 7 7 7 7 7 7 7 7 7 7 7 7 7 7 7 7 7 7 7 7 7 7 7 7 7 7 7 7 7 7 7 7 7 7 7 7 7 7 7 7 7 7 7 7 7 7 7 7 7 7 7 7 7 7 7 7 7 7 7 7 7 7 7 7 7 7 7 7 7 7 7 7 7 7 7 7 7 7 7 7 7 7 7 7 7 7 7 7 7 7 7 7 7 7 7 7 7 7 7 7 7 7 7 7 7 7 7 7 7 7 7 7 7 7 7 7 7 7 7 7 7 7 7 7 7 7 7 7 7 7 7 7 7 7 7 7 7 7 7 7 7 7 7 7 7 7 7 7 7 7 7 7 7 7 7 7 7 7 7 7 7 7 7 7 7 7 7 7 7 7 7 7 7 7 7 7 7 7 7 7 7 7 7 7 7 7 7 7 7 7 7 7 7 7 7 7 7 7 7 7 7 7 7 7 7 7 7 7 7 7 7 7 7 7 7 7 7 7 7 7 7 7 7 7 7 7 7 7 7 7 7 7 7 7 7 7 7 7 7 7 7 7 7 7 7 7 7 7 7 7 7 7 7 7 7 7 7 7 7 7 7 7 7 7 7 7 7 7 7 7 7 7 7 7 7 7 7 7 7 7 7 7 7 7 7 7 7 7 7 7 7 7 7 7 7 7 7 7 7 7 7 7 7 7 7 7 7 7 7 7 7 7 7 7 7 7 7 7 7 7 7 7 7 7 7 7 7 7 7 7 7 7 7 7 7 7 7 7 7 7 7 7 7 7 7 7 7 7 7 7 7 7 7 7 7 7 7 7 7 7 7 7 7 7 7 7 7 7 7 7 7 7 7 7 7 7 7 7 7 7 7 7 7 7 7 7 7 7 7 7 7 7 7 7 7 7 7 7 7 7 7 7 7 7 7 7 7 7 7 7 7 7 7 7 7 7 7 7 7 7 7 7 7 7 7 7 7 7 7 7 7 7 7 7 7 7 7 7 7 7 7 7 7 7 7 7 7 7 7 7 7 7 7 7 7 7 7 7 7 7 7 7 7 7 7 7 7 7 7 7 7 7 7 7 7 7 7 7 7 7 7 7 7 7 7 7 7 7 7 7 7 7 7 7 7 7 7 7 7 7 7 7 7 7 7 7 7 7 7 7 7 7 7 7 7 7 7 7 7 7 7 7 7 7 7 7 7 7 7 7 7 7 7 7 7 7 7 7 7 7 7 7 7 7 7 7 7 7 7 7 7 7 7 7 7 7 7 7 7 7 7 7 7 7 7 7 7 7 7 7 7 7 7 7 7 7 7 7 7 7 7 7 7 7 7 7 7 7 7 7 7 7 7 7 7 7 7 7 7 7 7 7 7 7 7 7 7 7 7 7 7 7 7 7 7 7 7 7 7 7 7 7 7 7 7 7 7 7 7 7 7 7 7 7 7 7 7 7 7 7 7 7 7 7 7 7 7 7 7 7 7 7 7 7 7 7 7 7 7 7 7 7 7 7 7 7 7 7 7 7 7 7 7 7 7 7 7 7 7 7 7 7 7 7 7 7 7 7 7 7 7 7 7 7 7 7 7 7 7 7 7 7 7 7 7 7 7 7 7 7 7 7 7 7 7 7 7 7 7 7 7 7 7 7 7 7 7 7 7 7 7 7 7 7 7 7 7 7 7 7 7 7 7 7 7 7 7 7 7 7 7 7 7 7 7 7 7 7 7 7 7 7 7 7 7 7 7 7 7 7 7 7 7 7 7 7 7 7 7 7 7 7 7 7 7 7 7 7 7 7 7 7 7 7 7 7 7 7 7 7 7 7 7 7 7 7 7 7 7 7 7 7 7 7 7 7 7 7 7 7 7 7 7 7 7 7 7 7 7 7 7 7 7 7 7 7 7 7 7 7 7 7 7 7 7 7 7 7 7 7 7 7 7 7 7 7 7 7 7 7 7 7 7 7 7 7 7 7 7 7 7 7 7 7 7 7 7 7 7 7 7 7 7 7 7 7 7 7 7 7 7 7 7 7 7 7 7 7 7 7 7 7 7 7 7 7 7 7 7 7 7 7 7 7 7 7 7 7 7 7 7 7 7 7 7 7 7 7 7 7 7 7 7 7 7 7 7 7 7 7 7 7 7 7 7 7 7 7 7 7 7 7 7 7 7 7 7 7 7 7 7 7 7 7 7 7 7 7 7 7 7 7 7 7 7 7 7 7 7 7 7 7 7 7 7 7 7 7 7 7 7 7 7 7 7 7 7 7 7 7 7 7 7 7 7 7 7 7 7 7 7 7 7 7 7 7 7 7 7 7 7 7 7 7 7 7 7 7 7 7 7 7 7 7 7 7 7 7 7 7 7 7 7 7 7 7 7 7 7 7 7 7 7 7 7 7 7 7 7 7 7 7 7 7 7 7 7 7 7 7 7 7 7 7 7 7 7 7 7 7 7 7 7 7 7 7 7 7 7 7 7 7 7 7 7 7 7 7 7 7 7 7 7 7 7 7 7 7 7 7 7 7 7 7 7 7 7 7 7 7 7 7 7 7 7 7 7 7 7 7 7 7 7 7 7 7 7 7 7 7 7 7 7 7 7 7 7 7 7 7 7 7 7 7 7 7 7 7 7 7 7 7 7 7 7 7 7 7 7 7 7 7 7 7 7 7 7 7 7 7 7 7 7 7 7 7 7 7 7 7 7 7 7 7 7 7 7 7 7 7 7 7 7 7 7 7 7 7 7 7 7 7 7 7 7 7 7 7 7 7 7 7 7 7 7 7 7 7 7 7 7 7 7 7 7 7 7 7 7 7 7 7 7 7 7 7 7 7 7 7 7 7 7 7 7 7 7 7 7 7 7 7 7 7 7 7 7 7 7 7 7 7 7 7 7 7 7 7 7 7 7 7 7 7 7 7 7 7 7 7 7 7 7 7 7 7 7 7 7 7 7 7 7 7 7 7 7 7 7 7 7 7 7 7 7 7 7 7 7 7 7 7 7 7 7 7 7 7 7 7 7 7 7 7 7 7 7 7 7 7 7 7 7 7 7 7 7 7 7 7 7 7 7 7 7 7 7 7 7 7 7 7 7 7 7 7 7 7 7 7 7 7 7 7 7 7 7 7 7 7 7 7 7 7 7 7 7 7 7 7 7 7 7 7 7 7 7 7 7 7 7 7 7 7 7 7 7 7 7 7 7 7 7 7 7 7 7 7 7 7 7 7 7 7 7 7 7 7 7 7 7 7 7 7 7 7 7 7 7 7 7 7 7 7 7 7 7 7 7 7 7 7 7 7 7 7 7 7 7 7 7 7 7 7 7 7 7 7 7 7 7 7 7 7 7 7 7 7 7 7 7 7 7 7 7 7 7 7 7 7 7 7 7 7 7 7 7 7 7 7 7 7 7 7 7 7 7 7 7 7 7 7 7 7 7 7 7 7 7 7 7 7 7 7 7 7 7 7 7 7 7 7 7 7 7 7 7 7 7 7 7 7 7 7 7 7 7 7 7 7 7 7 7 7 7 7 7 7 7 7 7 7 7 7 7 7 7 7 7 7 7 7 7 7 7 7 7 7 7 7 7 7 7 7 7 7 7 7 7 7 7 7 7 7 7 7 7 7 7 7 7 7 7 7 7 7 7 7 7 7 7 7 7 7 7 7 7 7 7 7 7 7 7 7 7 7 7 7 7 7 7 7 7 7 7 7 7 7 7 7 7 7 7 7 7 7 7 7 7 7 7 7 7 7 7 7 7 7 7 7 7 7 7 7 7 7 7 7 7 7 7 7 7 7 7 7 7 7 7 7 7 7 7 7 7 7 7 7 7 7 7 7 7 7 7 7 7 7 7 7 7 7 7 7 7 7 7 7 7 7 7 7 7 7 7 7 7 7 7 7 7 7 7 7 7 7 7 7 7 7 7 7 7 7 7 7 7 7 7 7 7 7 7 7 7 7 7 7 7 7 7 7 7 7 7 7 7 7 7 7 7 7 7 7 7 7 7 7 7 7 7 7 7 7 7 7 7 7 7 7 7 7 7 7 7 7 7 7 7 7 7 7 7 7 7 7 7 7 7 7 7 7 7 7 7 7 7 7 7 7 7 7 7 7 7 7 7 7 7 7 7 7 7 7 7 7 7 7 7 7 7 7 7 7 7 7 7 7 7 7 7 7 7 7 7 7 7 7 7 7 7 7 7 7 7 7 7 7 7 7 7 7 7 7 7 7 7 7 7 7 7 7 7 7 7 7 7 7 7 7 7 7 7 7 7 7 7 7 7 7 7 7 7 7 7 7 7 7 7 7 7 7 7 7 7 7 7 7 7 7 7 7 7 7 7 7 7 7 7 7 7 7 7 7 7 7 7 7 7 7 7 7 7 7 7 7 7 7 7 7 7 7 7 7 7 7 7 7 7 7 7 7 7 7 7 7 7 7 7 7 7 7 7 7 7 7 7 7 7 7 7 7 7 7 7 7 7 7 7 7 7 7 7 7 7 7 7 7 7 7 7 7 7 7 7 7 7 7 7 7 7 7 7 7 7 7 7 7 7 7 7 7 7 7 7 7 7 7 7 7 7 7 7 7 7 7 7 7 7 7 7 7 7 7 7 7 7 7 7 7 7 7 7 7 7 7 7 7 7 7 7 7 7 7 7 7 7 7 7 7 7 7 7 7 7 7 7 7 7 7 7 7 7 7 7 7 7 7 7 7 7 7 7 7 7 7 7 7 7 7 7 7 7 7 7 7 7 7 7 7 7 7 7 7 7 7 7 7 7 7 7 7 7 7 7 7 7 7 7 7 7 7 7 7 7 7 7 7 7 7 7 7 7 7 7 7 7 7 7 7 7 7 7 7 7 7 7 7 7 7 7 7 7 7 7 7 7 7 7 7 7 7 7 7 7 7 7 7 7 7 7 7 7 7 7 7 7 7 7 7 7 7 7 7 7 7 7 7 7 7 7 7 7 7 7 7 7 7 7 7 7 7 7 7 7 7 7 7 7 7 7 7 7 7 7 7 7 7 7 7 7 7 7 7 7 7 7 7 7 7 7 7 7 7 7 7 7 7 7 7 7 7 7 7 7 7 7 7 7 7 7 7 7 7 7 7 7 7 7 7 7 7 7 7 7 7 7 7 7 7 7 7 7 7 7 7 7 7 7 7 7 7 7 7 7 7 7 7 7 7 7 7 7 7 7 7 7 7 7 7 7 7 7 7 7 7 7 7 7 7 7 7 7 7 7 7 7 7 7 7 7 7 7 7 7 7 7 7 7 7 7 7 7 7 7 7 7 7 7 7 7 7 7 7 7 7 7 7 7 7 7 7 7 7 7 7 7 7 7 7 7 7 7 7 7 7 7 7 7 7 7 7 7 7 7 7 7 7 7 7 7 7 7 7 7 7 7 7 7 7 7 7 7 7 7 7 7 7 7 7 7 7 7 7 7 7 7 7 7 7 7 7 7 7 7 7 7 7 7 7 7 7 7 7 7 7 7 7 7 7 7 7 7 7 7 7 7 7 7 7 7 7 7 7 7 7 7 7 7 7 7 7 7 7 7 7 7 7 7 7 7 7 7 7 7 7 7 7 7 7 7 7 7 7 7 7 7 7 7 7 7 7 7 7 7 7 7 7 7 7 7 7 7 7 7 7 7 7 7 7 7 7 7 7 7 7 
</DataArray>
</Cells>
<CellData Scalars="wall variable 0">
<DataArray type="Float64" Name="wall length" format="ascii">
0.00492478 1.16715 0.0907508 1.16123 1.18128 0.11327 1.16715 0.00594243 1.2058 0.128317 1.18128 0.00703561 1.24088 0.136957 1.2058 0.00818207 1.28526 0.141108 1.24088 0.00934968 1.3371 0.14239 1.28526 0.0104971 1.39448 0.141893 1.3371 0.0115798 1.45561 0.140281 1.39448 0.0125578 1.51896 0.137936 1.45561 0.0134014 1.58324 0.135076 1.51896 0.0140934 1.64733 0.131833 1.58324 0.0146286 1.71033 0.128293 1.64733 0.015012 1.77143 0.124524 1.71033 0.0152558 1.82996 0.120586 1.77143 0.015377 1.88534 0.116541 1.82996 0.0153949 1.93706 0.112456 1.88534 0.0153298 1.98468 0.108403 1.93706 0.0152022 2.0278 0.104461 1.98468 0.0150312 2.06607 0.100716 2.0278 0.0148353 2.09917 0.097257 2.06607 0.0146312 2.12679 0.0941784 2.09917 0.0144345 2.14864 0.0915727 2.12679 0.0142586 2.16448 0.0895269 2.14864 0.0141154 2.17408 0.0881158 2.16448 0.0140143 2.1773 0.0873955 2.17408 0.0139621 2.17408 0.0873955 2.1773 0.0139621 2.16448 0.0881158 2.17408 0.0140143 2.14864 0.0895269 2.16448 0.0141154 2.12679 0.0915727 2.14864 0.0142586 2.09917 0.0941784 2.12679 0.0144345 2.06607 0.097257 2.09917 0.0146312 2.0278 0.100716 2.06607 0.0148353 1.98468 0.104461 2.0278 0.0150312 1.93706 0.108403 1.98468 0.0152022 1.88534 0.112456 1.93706 0.0153298 1.82996 0.116541 1.88534 0.0153949 1.77143 0.120586 1.82996 0.015377 1.71033 0.124524 1.77143 0.0152558 1.64733 0.128293 1.71033 0.015012 1.58324 0.131833 1.64733 0.0146286 1.51896 0.135076 1.58324 0.0140934 1.45561 0.137936 1.51896 0.0134014 1.39448 0.140281 1.45561 0.0125578 1.3371 0.141893 1.39448 0.0115798 1.28526 0.14239 1.3371 0.0104971 1.24088 0.141108 1.28526 0.00934968 1.2058 0.136957 1.24088 0.00818207 1.18128 0.128317 1.2058 0.00703561 1.16715 0.11327 1.18128 0.00594243 1.16123 0.0907508 1.16715 0.00492478 0.0907508 1.33645 0.201319 1.33224 0.11327 1.35151 0.252209 1.33645 0.128317 1.37914 0.278091 1.35151 0.136957 1.41798 0.288611 1.37914 0.141108 1.4659 0.291158 1.41798 0.14239 1.52089 0.289683 1.4659 0.141893 1.58115 0.286053 1.52089 0.140281 1.64512 0.281119 1.58115 0.137936 1.71139 0.275285 1.64512 0.135076 1.7787 0.268755 1.71139 0.131833 1.84595 0.261658 1.7787 0.128293 1.91215 0.254097 1.84595 0.124524 1.97644 0.246167 1.91215 0.120586 2.03805 0.237968 1.97644 0.116541 2.09632 0.229613 2.03805 0.112456 2.15067 0.221222 2.09632 0.108403 2.20059 0.212934 2.15067 0.104461 2.24565 0.204899 2.20059 0.100716 2.28546 0.197281 2.24565 0.097257 2.3197 0.190256 2.28546 0.0941784 2.34811 0.184009 2.3197 0.0915727 2.37045 0.178724 2.34811 0.0895269 2.38654 0.174574 2.37045 0.0881158 2.39624 0.171712 2.38654 0.0873955 2.39949 0.170251 2.39624 0.0873955 2.39624 0.170251 2.39949 0.0881158 2.38654 0.171712 2.39624 0.0895269 2.37045 0.174574 2.38654 0.0915727 2.34811 0.178724 2.37045 0.0941784 2.3197 0.184009 2.34811 0.097257 2.28546 0.190256 2.3197 0.100716 2.24565 0.197281 2.28546 0.104461 2.20059 0.204899 2.24565 0.108403 2.15067 0.212934 2.20059 0.112456 2.09632 0.221222 2.15067 0.116541 2.03805 0.229613 2.09632 0.120586 1.97644 0.237968 2.03805 0.124524 1.91215 0.246167 1.97644 0.128293 1.84595 0.254097 1.91215 0.131833 1.7787 0.261658 1.84595 0.135076 1.71139 0.268755 1.7787 0.137936 1.64512 0.275285 1.71139 0.140281 1.58115 0.281119 1.64512 0.141893 1.52089 0.286053 1.58115 0.14239 1.4659 0.289683 1.52089 0.141108 1.41798 0.291158 1.4659 0.136957 1.37914 0.288611 1.41798 0.128317 1.35151 0.278091 1.37914 0.11327 1.33645 0.252209 1.35151 0.0907508 1.33224 0.201319 1.33645 1.34361 0.322585 1.33881 0.201319 1.36044 0.399967 1.34361 0.252209 1.38984 0.43176 1.36044 0.278091 1.42985 0.441315 1.38984 0.288611 1.4785 0.441332 1.42985 0.291158 1.53404 0.437088 1.4785 0.289683 1.59488 0.430614 1.53404 0.286053 1.65955 0.422694 1.59488 0.281119 1.72666 0.413664 1.65955 0.275285 1.79497 0.403702 1.72666 0.268755 1.86334 0.392936 1.79497 0.261658 1.93075 0.38149 1.86334 0.254097 1.99631 0.369496 1.93075 0.246167 2.05922 0.357097 1.99631 0.237968 2.11878 0.344458 2.05922 0.229613 2.17438 0.331761 2.11878 0.221222 2.22547 0.319211 2.17438 0.212934 2.27161 0.307035 2.22547 0.204899 2.31238 0.295481 2.27161 0.197281 2.34745 0.284819 2.31238 0.190256 2.37653 0.275327 2.34745 0.184009 2.39938 0.26729 2.37653 0.178724 2.41584 0.260975 2.39938 0.174574 2.42576 0.256618 2.41584 0.171712 2.42908 0.254393 2.42576 0.170251 2.42576 0.254393 2.42908 0.170251 2.41584 0.256618 2.42576 0.171712 2.39938 0.260975 2.41584 0.174574 2.37653 0.26729 2.39938 0.178724 2.34745 0.275327 2.37653 0.184009 2.31238 0.284819 2.34745 0.190256 2.27161 0.295481 2.31238 0.197281 2.22547 0.307035 2.27161 0.204899 2.17438 0.319211 2.22547 0.212934 2.11878 0.331761 2.17438 0.221222 2.05922 0.344458 2.11878 0.229613 1.99631 0.357097 2.05922 0.237968 1.93075 0.369496 1.99631 0.246167 1.86334 0.38149 1.93075 0.254097 1.79497 0.392936 1.86334 0.261658 1.72666 0.403702 1.79497 0.268755 1.65955 0.413664 1.72666 0.275285 1.59488 0.422694 1.65955 0.281119 1.53404 0.430614 1.59488 0.286053 1.4785 0.437088 1.53404 0.289683 1.42985 0.441332 1.4785 0.291158 1.38984 0.441315 1.42985 0.288611 1.36044 0.43176 1.38984 0.278091 1.34361 0.399967 1.36044 0.252209 0.201319 1.33881 0.322585 1.34361 1.34477 0.450752 1.33972 0.322585 1.36233 0.551402 1.34477 0.399967 1.39214 0.585955 1.36233 0.43176 1.43219 0.59352 1.39214 0.441315 1.48073 0.590973 1.43219 0.441332 1.53617 0.584171 1.48073 0.437088 1.59697 0.575049 1.53617 0.430614 1.66165 0.564278 1.59697 0.422694 1.72882 0.552134 1.66165 0.413664 1.79723 0.538787 1.72882 0.403702 1.86571 0.524381 1.79723 0.392936 1.93326 0.509069 1.86571 0.38149 1.99896 0.493022 1.93326 0.369496 2.06202 0.476429 1.99896 0.357097 2.12172 0.459509 2.06202 0.344458 2.17746 0.442504 2.12172 0.331761 2.22869 0.425688 2.17746 0.319211 2.27495 0.409364 2.22869 0.307035 2.31582 0.393865 2.27495 0.295481 2.35097 0.379553 2.31582 0.284819 2.38012 0.366806 2.35097 0.275327 2.40303 0.356006 2.38012 0.26729 2.41952 0.347517 2.40303 0.260975 2.42946 0.341657 2.41952 0.256618 2.43279 0.338663 2.42946 0.254393 2.42946 0.338663 2.43279 0.254393 2.41952 0.341657 2.42946 0.256618 2.40303 0.347517 2.41952 0.260975 2.38012 0.356006 2.40303 0.26729 2.35097 0.366806 2.38012 0.275327 2.31582 0.379553 2.35097 0.284819 2.27495 0.393865 2.31582 0.295481 2.22869 0.409364 2.27495 0.307035 2.17746 0.425688 2.22869 0.319211 2.12172 0.442504 2.17746 0.331761 2.06202 0.459509 2.12172 0.344458 1.99896 0.476429 2.06202 0.357097 1.93326 0.493022 1.99896 0.369496 1.86571 0.509069 1.93326 0.38149 1.79723 0.524381 1.86571 0.392936 1.72882 0.538787 1.79723 0.403702 1.66165 0.552134 1.72882 0.413664 1.59697 0.564278 1.66165 0.422694 1.53617 0.575049 1.59697 0.430614 1.48073 0.584171 1.53617 0.437088 1.43219 0.590973 1.48073 0.441332 1.39214 0.59352 1.43219 0.441315 1.36233 0.585955 1.39214 0.43176 1.34477 0.551402 1.36233 0.399967 0.322585 1.33972 0.450752 1.34477 1.34502 0.583719 1.3398 0.450752 1.36295 0.704496 1.34502 0.551402 1.39283 0.739931 1.36295 0.585955 1.43278 0.7452 1.39283 0.59352 1.48119 0.740244 1.43278 0.590973 1.53654 0.731057 1.48119 0.584171 1.59729 0.719399 1.53654 0.575049 1.66195 0.705834 1.59729 0.564278 1.72913 0.690606 1.66195 0.552134 1.79754 0.673887 1.72913 0.538787 1.86603 0.655847 1.79754 0.524381 1.93359 0.636672 1.86603 0.509069 1.99931 0.616572 1.93359 0.493022 2.06238 0.595787 1.99931 0.476429 2.1221 0.574586 2.06238 0.459509 2.17786 0.553272 2.1221 0.442504 2.2291 0.532188 2.17786 0.425688 2.27536 0.511714 2.2291 0.409364 2.31624 0.492269 2.27536 0.393865 2.3514 0.474306 2.31624 0.379553 2.38055 0.458299 2.3514 0.366806 2.40346 0.444733 2.38055 0.356006 2.41995 0.434067 2.40346 0.347517 2.42989 0.426702 2.41995 0.341657 2.43321 0.422939 2.42989 0.338663 2.42989 0.422939 2.43321 0.338663 2.41995 0.426702 2.42989 0.341657 2.40346 0.434067 2.41995 0.347517 2.38055 0.444733 2.40346 0.356006 2.3514 0.458299 2.38055 0.366806 2.31624 0.474306 2.3514 0.379553 2.27536 0.492269 2.31624 0.393865 2.2291 0.511714 2.27536 0.409364 2.17786 0.532188 2.2291 0.425688 2.1221 0.553272 2.17786 0.442504 2.06238 0.574586 2.1221 0.459509 1.99931 0.595787 2.06238 0.476429 1.93359 0.616572 1.99931 0.493022 1.86603 0.636672 1.93359 0.509069 1.79754 0.655847 1.86603 0.524381 1.72913 0.673887 1.79754 0.538787 1.66195 0.690606 1.72913 0.552134 1.59729 0.705834 1.66195 0.564278 1.53654 0.719399 1.59729 0.575049 1.48119 0.731057 1.53654 0.584171 1.43278 0.740244 1.48119 0.590973 1.39283 0.7452 1.43278 0.59352 1.36295 0.739931 1.39283 0.585955 1.34502 0.704496 1.36295 0.551402 0.450752 1.3398 0.583719 1.34502 1.34512 0.720183 1.33975 0.583719 1.36325 0.85836 1.34512 0.704496 1.39311 0.89355 1.36325 0.739931 1.43297 0.896495 1.39311 0.7452 1.48131 0.889293 1.43297 0.740244 1.53661 0.877841 1.48131 0.731057 1.59734 0.863709 1.53661 0.719399 1.66199 0.847376 1.59734 0.705834 1.72915 0.829073 1.66199 0.690606 1.79756 0.808988 1.72915 0.673887 1.86606 0.787315 1.79756 0.655847 1.93362 0.764277 1.86606 0.636672 1.99934 0.740126 1.93362 0.616572 2.06241 0.715147 1.99934 0.595787 2.12213 0.689665 2.06241 0.574586 2.17789 0.664043 2.12213 0.553272 2.22913 0.638691 2.17789 0.532188 2.27539 0.614067 2.22913 0.511714 2.31627 0.590674 2.27539 0.492269 2.35142 0.569057 2.31627 0.474306 2.38057 0.549791 2.35142 0.458299 2.40347 0.533457 2.38057 0.444733 2.41995 0.520613 2.40347 0.434067 2.42989 0.511742 2.41995 0.426702 2.43322 0.507214 2.42989 0.422939 2.42989 0.507209 2.43322 0.422939 2.41995 0.511742 2.42989 0.426702 2.40347 0.520613 2.41995 0.434067 2.38057 0.533457 2.40347 0.444733 2.35142 0.549791 2.38057 0.458299 2.31627 0.569057 2.35142 0.474306 2.27539 0.590674 2.31627 0.492269 2.22913 0.614067 2.27539 0.511714 2.17789 0.638691 2.22913 0.532188 2.12213 0.664043 2.17789 0.553272 2.06241 0.689665 2.12213 0.574586 1.99934 0.715147 2.06241 0.595787 1.93362 0.740126 1.99934 0.616572 1.86606 0.764277 1.93362 0.636672 1.79756 0.787315 1.86606 0.655847 1.72915 0.808987 1.79756 0.673887 1.66199 0.829073 1.72915 0.690606 1.59734 0.847376 1.66199 0.705834 1.53661 0.863709 1.59734 0.719399 1.48131 0.877841 1.53661 0.731057 1.43297 0.889293 1.48131 0.740244 1.39311 0.896495 1.43297 0.7452 1.36325 0.89355 1.39311 0.739931 1.34512 0.85836 1.36325 0.704496 0.583719 1.33975 0.720183 1.34512 0.755172 0.589857 0.859275 1.33954 0.720183 0.755172 0.85836 0.636659 1.06327 0.636659 0.89355 0.606485 1.06373 0.171969 0.606485 0.896495 0.590598 1.03874 0.253369 0.590598 0.889293 0.585415 1.00354 0.319575 0.585415 0.877841 0.587397 0.963974 0.376058 0.587397 0.863709 0.601083 0.923137 0.4199 0.451689 0.601083 0.847376 0.619998 0.882711 0.472372 0.619998 0.829073 0.64793 0.844014 0.483088 0.64793 0.808988 0.678821 0.807638 0.485017 0.678821 0.787315 0.716097 0.7741 0.479276 0.716097 0.764277 0.754312 0.743449 0.754312 0.740126 0.794756 0.715766 0.468932 0.794756 0.715147 0.838502 0.691018 0.450682 0.838502 0.689665 0.880938 0.668996 0.427439 0.880938 0.664043 0.923403 0.649608 0.40172 0.923403 0.638691 0.96534 0.632708 0.372142 0.96534 0.614067 1.00626 0.618158 0.339228 1.00626 0.590674 1.04742 0.605847 0.301723 1.04742 0.569057 1.08507 0.595609 0.261809 1.08507 0.549791 1.12059 0.587357 0.221475 1.12059 0.533457 1.15373 0.580974 0.179347 1.15373 0.520613 1.14774 0.57695 0.135729 1.14774 0.511742 1.13169 0.578554 0.127449 1.13169 0.507214 1.11299 0.123577 0.571866 0.125678 1.11299 0.507209 1.13217 0.12568 0.585882 1.13217 0.511742 1.1483 0.127511 0.578596 1.1483 0.520613 1.15286 0.137323 0.576985 1.15286 0.533457 1.11951 0.181314 0.580968 1.11951 0.549791 1.0837 0.223947 0.587347 1.0837 0.569057 1.04736 0.263258 0.595595 1.04736 0.590674 1.00749 0.300553 0.605846 1.00749 0.614067 0.966075 0.337237 0.618174 0.966075 0.638691 0.923523 0.371268 0.63272 0.923523 0.664043 0.880294 0.402241 0.64961 0.880294 0.689665 0.836912 0.429696 0.668984 0.836912 0.715147 0.795952 0.451134 0.690985 0.795952 0.740126 0.754219 0.467783 0.715793 0.754219 0.764277 0.714401 0.48107 0.743446 0.714401 0.787315 0.679627 0.485984 0.774058 0.679627 0.808987 0.646529 0.483646 0.807658 0.646529 0.829073 0.620837 0.473002 0.843977 0.620837 0.847376 0.601563 0.450328 0.882733 0.601563 0.863709 0.5873 0.419494 0.923152 0.5873 0.877841 0.584599 0.376977 0.963971 0.584599 0.889293 0.589021 0.322004 1.00352 0.589021 0.896495 0.607147 0.254342 1.03871 0.607147 0.89355 0.636379 0.171568 1.06374 0.636379 0.85836 0.755456 1.06327 0.720183 1.33954 0.859275 0.589574 0.755456 0.706099 0.859275 0.669996 1.06324 0.669996 1.01252 0.634192 1.15714 0.0810466 0.634192 1.0468 0.609281 1.16219 0.165962 0.609281 1.0475 0.59098 1.13742 0.244412 0.59098 1.03819 0.585397 1.10219 0.312949 0.585397 1.02456 0.585661 1.06208 0.37104 0.41824 0.585661 1.00798 0.597291 1.02046 0.454453 0.597291 0.9889 0.613482 0.978651 0.479987 0.613482 0.967527 0.639015 0.938435 0.49546 0.639015 0.944078 0.667317 0.900127 0.501673 0.667317 0.918772 0.70271 0.864716 0.499499 0.70271 0.891874 0.73907 0.831983 0.492259 0.73907 0.863671 0.778113 0.802263 0.778113 0.8345 0.819014 0.775537 0.478188 0.819014 0.804733 0.86326 0.751859 0.455778 0.86326 0.774803 0.905659 0.730796 0.428182 0.905659 0.745183 0.947913 0.712383 0.398214 0.947913 0.716407 0.989491 0.696486 0.364172 0.989491 0.689065 1.02992 0.682977 0.326595 1.02992 0.663793 1.06879 0.671734 0.285973 1.06879 0.641265 1.10574 0.662653 0.24276 1.10574 0.622161 1.14242 0.655678 0.195373 1.14242 0.607139 1.14526 0.65043 0.146223 1.14526 0.596767 1.12753 0.650213 0.127057 1.12753 0.591503 1.10797 0.122835 0.645484 0.125109 1.10797 0.591462 1.12875 0.125071 0.65593 1.12875 0.596761 1.14665 0.12721 0.650306 1.14665 0.607138 1.14057 0.149752 0.650488 1.14057 0.622162 1.10763 0.195357 0.655629 1.10763 0.641264 1.07037 0.239275 0.662711 1.07037 0.663793 1.0311 0.283201 0.671796 1.0311 0.689065 0.990168 0.324723 0.683029 0.990168 0.716407 0.947974 0.363423 0.696521 0.947974 0.745183 0.904964 0.398849 0.712386 0.904964 0.774802 0.861642 0.430513 0.730752 0.861642 0.804735 0.82087 0.455583 0.75175 0.82087 0.834499 0.778757 0.475629 0.775672 0.778757 0.86367 0.738235 0.492431 0.802315 0.738235 0.891875 0.70262 0.500452 0.831914 0.70262 0.918772 0.667811 0.50127 0.864707 0.667811 0.944076 0.63719 0.496773 0.900171 0.63719 0.967529 0.614595 0.480768 0.938266 0.614595 0.988898 0.595535 0.455053 0.978751 0.595535 1.00798 0.586797 0.418923 1.0203 0.586797 1.02455 0.583359 0.371901 1.06217 0.583359 1.03819 0.592148 0.313879 1.10203 0.592148 1.0475 0.607286 0.245206 1.13749 0.607286 1.0468 0.63546 0.166727 1.1621 0.63546 1.01252 0.668377 0.0813769 1.15717 0.668377 0.859275 0.707709 1.06325 0.700587 1.00036 0.662933 1.15496 0.662933 1.16664 0.633309 1.27012 0.0791039 0.633309 1.19964 0.606569 1.27431 0.16097 0.606569 1.19817 0.592056 1.24832 0.236283 0.592056 1.18684 0.582455 1.21153 0.303627 0.365869 0.582455 1.17106 0.58104 1.16988 0.415256 0.58104 1.15206 0.590635 1.12657 0.454725 0.590635 1.13023 0.604073 1.08248 0.484086 0.604073 1.10579 0.627034 1.03995 0.503516 0.627034 1.07898 0.652454 0.998912 0.51645 0.652454 1.05004 0.682648 0.96051 0.51744 0.682648 1.01928 0.719552 0.925493 0.510272 0.719552 0.987031 0.756615 0.893157 0.498441 0.756615 0.953672 0.795956 0.86398 0.477112 0.795956 0.919626 0.83945 0.838218 0.449823 0.83945 0.885394 0.881128 0.815102 0.419813 0.881128 0.851511 0.923054 0.794855 0.923054 0.81859 0.964667 0.777351 0.385047 0.964667 0.787303 1.00546 0.762461 0.346131 1.00546 0.75838 1.04499 0.750067 0.303633 1.04499 0.732595 1.08285 0.74007 0.25809 1.08285 0.710725 1.11867 0.732395 0.210014 1.11867 0.693527 1.13447 0.726597 0.159852 1.13447 0.681647 1.11525 0.724945 0.125752 1.11525 0.675545 1.21112 0.721407 0.123601 0.11896 1.21112 0.675697 1.11356 0.123688 0.733796 1.11356 0.681665 1.13255 0.125541 0.724888 1.13255 0.693528 1.12042 0.156108 0.72655 1.12042 0.710726 1.08431 0.206789 0.732501 1.08431 0.732594 1.04606 0.255543 0.740168 1.04606 0.75838 1.00605 0.301955 0.750147 1.00605 0.787303 0.964661 0.345539 0.762511 0.964661 0.818589 0.922317 0.385791 0.77735 0.922317 0.851511 0.879505 0.422186 0.794777 0.879505 0.885396 0.839384 0.451541 0.81492 0.839384 0.919628 0.797371 0.47576 0.83821 0.797371 0.953668 0.756663 0.496945 0.864166 0.756663 0.98703 0.71797 0.511809 0.893163 0.71797 1.01928 0.684956 0.516754 0.925262 0.684956 1.05004 0.652717 0.513814 0.960868 0.652717 1.07897 0.624916 0.505371 0.998954 0.624916 1.10579 0.605605 0.484728 1.0396 0.605605 1.13023 0.589411 0.454372 1.08272 0.589411 1.15207 0.583551 0.414004 1.12639 0.583551 1.17106 0.582127 0.363632 1.17024 0.582127 1.18684 0.592404 0.303628 1.2115 0.592404 1.19817 0.607763 0.234739 1.24837 0.607763 1.19964 0.631641 0.16144 1.27441 0.631641 1.16664 0.665673 0.0780501 1.27006 0.665673 1.00036 0.697848 1.15498 0.671364 1.14253 0.638724 1.27755 0.638724 1.31999 0.608838 1.39777 0.0817707 0.608838 1.3513 0.584881 1.39964 0.159939 0.584881 1.34767 0.563659 1.37113 0.233894 0.305723 0.563659 1.33429 0.549513 1.33243 0.366823 0.549513 1.31628 0.545958 1.28932 0.41983 0.545958 1.29476 0.545498 1.24295 0.467295 0.545498 1.27009 0.551629 1.19588 0.501322 0.551629 1.24249 0.567352 1.15029 0.525274 0.567352 1.21227 0.585192 1.10585 0.542595 0.585192 1.17967 0.608052 1.06403 0.546916 0.608052 1.14503 0.638404 1.02586 0.542163 0.638404 1.10875 0.669126 0.99036 0.532114 0.669126 1.07123 0.702777 0.958237 0.514263 0.702777 1.03295 0.738688 0.929477 0.486454 0.738688 0.994465 0.779089 0.904352 0.452472 0.779089 0.956388 0.817551 0.881945 0.415885 0.817551 0.91939 0.85647 0.862538 0.374447 0.85647 0.88423 0.895332 0.846005 0.328833 0.895332 0.851728 0.933672 0.832219 0.279681 0.933672 0.822749 0.971073 0.821072 0.227611 0.971073 0.798172 1.00716 0.812494 0.17323 1.00716 0.778845 1.04161 0.806487 0.117146 1.04161 0.765501 1.0741 0.802565 0.111063 1.0741 0.758687 1.10478 0.802998 0.108124 1.10478 0.758684 1.07652 0.111067 0.805327 1.07652 0.765514 1.04369 0.113509 0.802684 1.04369 0.778847 1.009 0.169333 0.806621 1.009 0.798171 0.972563 0.224296 0.81262 0.972563 0.822749 0.934719 0.277145 0.821187 0.934719 0.851728 0.895821 0.327297 0.83231 0.895821 0.88423 0.856268 0.37416 0.846053 0.856268 0.919389 0.816507 0.417132 0.862516 0.816507 0.956387 0.77703 0.45558 0.881815 0.77703 0.994473 0.74132 0.485906 0.904082 0.74132 1.03295 0.704121 0.510258 0.929861 0.704121 1.07123 0.668923 0.530963 0.958456 0.668923 1.10875 0.636386 0.544384 0.990323 0.636386 1.14504 0.610446 0.546573 1.02549 0.610446 1.17966 0.58537 0.539987 1.06449 0.58537 1.21226 0.565005 0.527439 1.10589 0.565005 1.2425 0.553539 0.501792 1.14982 0.553539 1.27008 0.544626 0.466228 1.19626 0.544626 1.29477 0.545858 0.420819 1.24278 0.545858 1.31628 0.550363 0.366069 1.2893 0.550363 1.33429 0.56192 0.3066 1.33256 0.56192 1.34767 0.584478 0.23603 1.37086 0.584478 1.3513 0.609641 0.159512 1.39957 0.609641 1.31999 0.636534 0.0831478 1.39779 0.636534 1.14253 0.673546 1.27748 0.508958 1.37113 0.305723 0.489522 1.48878 0.3066 1.37086 0.507196 1.48878 0.490368 0.535693 1.39964 0.233894 0.508958 1.49534 0.23603 1.39957 0.535323 1.49534 0.507196 0.489522 1.33243 0.366823 0.481008 1.47245 0.366069 1.33256 0.490368 1.47245 0.480915 0.481008 1.28932 0.41983 0.47589 1.45127 0.420819 1.2893 0.480915 1.45127 0.475003 0.47589 1.24295 0.467295 0.477684 1.42633 0.466228 1.24278 0.475003 1.42632 0.479612 0.477684 1.19588 0.501322 0.489499 1.39802 0.501792 1.19626 0.479612 1.39803 0.487143 0.489499 1.15029 0.525274 0.503833 1.36668 0.527439 1.14982 0.487143 1.36668 0.503997 0.565297 1.39777 0.159939 0.535693 1.46673 0.159512 1.39779 0.566083 1.46673 0.535323 0.503833 1.10585 0.542595 0.523599 1.3326 0.539987 1.10589 0.503997 1.33259 0.526017 0.523599 1.06403 0.546916 0.551338 1.29608 0.546573 1.06449 0.526017 1.29609 0.549312 0.551338 1.02586 0.542163 0.579887 1.25751 0.544384 1.02549 0.549312 1.25751 0.579675 0.579887 0.99036 0.532114 0.611818 1.21728 0.530963 0.990323 0.579675 1.21727 0.613162 0.611818 0.958237 0.514263 0.646462 1.17582 0.510258 0.958456 0.613162 1.17581 0.649117 0.646462 0.929477 0.486454 0.686084 1.13365 0.485906 0.929861 0.649117 1.13366 0.684021 0.686084 0.904352 0.452472 0.724215 1.09136 0.45558 0.904082 0.684021 1.09136 0.723164 0.724215 0.881945 0.415885 0.763261 1.04959 0.417132 0.881815 0.723164 1.04959 0.763055 0.763261 0.862538 0.374447 0.802711 1.00908 0.37416 0.862516 0.763055 1.00907 0.803198 0.802711 0.846005 0.328833 0.84209 0.970626 0.327297 0.846053 0.803198 0.970624 0.843135 0.84209 0.832219 0.279681 0.880955 0.935122 0.277145 0.83231 0.843135 0.935121 0.882441 0.880955 0.821072 0.227611 0.918882 0.903497 0.224296 0.821187 0.882441 0.903496 0.920705 0.918882 0.812494 0.17323 0.95546 0.876698 0.169333 0.81262 0.920705 0.876697 0.957527 0.95546 0.806487 0.117146 0.990278 0.855632 0.113509 0.806621 0.957527 0.855632 0.991842 0.990278 0.802565 0.111063 0.971938 0.841123 0.111067 0.802684 0.991842 0.841119 0.969509 0.971938 0.802998 0.108124 0.94704 0.833678 0.94704 0.805327 0.969509 0.833535 0.529683 1.21153 0.365869 0.523668 1.33429 0.363632 1.2115 0.529344 1.33429 0.526242 0.523668 1.16988 0.415256 0.529304 1.31628 0.414004 1.17024 0.526242 1.31628 0.528053 0.544366 1.24832 0.303627 0.529683 1.34767 0.303628 1.24837 0.544728 1.34767 0.529344 0.454372 1.12639 0.528053 1.29477 0.540859 0.529304 1.12657 0.454725 0.539277 1.29476 0.539277 1.08248 0.484086 0.559412 1.27009 0.484728 1.08272 0.540859 1.27008 0.55723 0.559412 1.03995 0.503516 0.582448 1.24249 0.505371 1.0396 0.55723 1.2425 0.582712 0.582448 0.998912 0.51645 0.610758 1.21227 0.513814 0.998954 0.582712 1.21226 0.613139 1.15747 0.721407 0.11896 1.06953 0.758687 1.06953 0.733796 1.15915 0.758684 0.610758 0.96051 0.51744 0.646356 1.17967 0.516754 0.960868 0.613139 1.17966 0.644729 1.12645 0.724945 0.123601 1.15747 0.765501 0.123688 0.724888 1.12857 0.765514 1.15915 1.09209 0.726597 0.125752 1.12645 0.778845 0.125541 0.72655 1.09409 0.778847 1.12857 0.646356 0.925493 0.510272 0.682491 1.14503 0.511809 0.925262 0.644729 1.14504 0.682538 1.05542 0.732395 0.159852 1.09209 0.798172 0.156108 0.732501 1.05718 0.798171 1.09409 0.682491 0.893157 0.498441 0.721346 1.10875 0.496945 0.893163 0.682538 1.10875 0.722797 1.01677 0.74007 0.210014 1.05542 0.822749 0.206789 0.740168 1.01824 0.822749 1.05718 0.721346 0.86398 0.477112 0.76485 1.07123 0.47576 0.864166 0.722797 1.07123 0.764789 0.976462 0.750067 0.25809 1.01677 0.851728 0.255543 0.750147 0.977548 0.851728 1.01824 0.76485 0.838218 0.449823 0.806906 1.03295 0.451541 0.83821 0.764789 1.03295 0.805245 0.934879 0.762461 0.303633 0.976462 0.88423 0.301955 0.762511 0.935478 0.88423 0.977548 0.806906 0.815102 0.419813 0.849616 0.994465 0.422186 0.81492 0.805245 0.994473 0.848865 0.345539 0.77735 0.892438 0.919389 0.935478 0.892445 0.777351 0.346131 0.934879 0.91939 0.849616 0.794855 0.385047 0.892445 0.956388 0.385791 0.794777 0.848865 0.956387 0.892438 0.564292 1.27431 0.236283 0.544366 1.3513 0.234739 1.27441 0.565485 1.3513 0.544728 0.595712 1.27012 0.16097 0.564292 1.31999 0.16144 1.27006 0.594036 1.31999 0.565485 1.27755 0.0817707 0.565297 1.28076 0.605776 0.0831478 1.27748 0.603598 1.28076 0.566083 1.17328 0.645484 1.19835 0.675545 0.122835 0.65593 1.17212 0.675697 1.19835 0.125071 0.650306 1.14212 0.681665 1.17212 1.14366 0.650213 0.125109 1.17328 0.681647 1.11092 0.65043 0.127057 1.14366 0.693527 0.12721 0.650488 1.10924 0.693528 1.14212 1.07563 0.655678 0.146223 1.11092 0.710725 0.149752 0.655629 1.07376 0.710726 1.10924 1.03614 0.662653 0.195373 1.07563 0.732595 0.195357 0.662711 1.03805 0.732594 1.07376 0.996748 0.671734 0.24276 1.03614 0.75838 0.239275 0.671796 0.998345 0.75838 1.03805 0.955791 0.682977 0.285973 0.996748 0.787303 0.283201 0.683029 0.956987 0.787303 0.998345 0.913652 0.696486 0.326595 0.955791 0.81859 0.324723 0.696521 0.914343 0.818589 0.956987 0.363423 0.712386 0.870817 0.851511 0.914343 0.870754 0.712383 0.364172 0.913652 0.851511 0.523801 1.06208 0.41824 0.531358 1.17106 0.418923 1.06217 0.524978 1.17106 0.529531 0.531358 1.02046 0.454453 0.543985 1.15206 0.455053 1.0203 0.529531 1.15207 0.545144 0.398849 0.730752 0.826861 0.885396 0.870817 0.827576 0.730796 0.398214 0.870754 0.885394 0.480768 0.978751 0.545144 1.13023 0.564785 0.543985 0.978651 0.479987 0.566684 1.13023 0.566684 0.938435 0.49546 0.592629 1.10579 0.496773 0.938266 0.564785 1.10579 0.593144 0.784658 0.751859 0.428182 0.827576 0.919626 0.430513 0.75175 0.782995 0.919628 0.826861 0.50127 0.900171 0.593144 1.07897 0.626232 0.592629 0.900127 0.501673 0.626322 1.07898 0.626322 0.864716 0.499499 0.661412 1.05004 0.500452 0.864707 0.626232 1.05004 0.660542 0.371901 1.10203 0.526211 1.18684 0.524978 0.528313 1.10219 0.37104 0.523801 1.18684 0.740238 0.775537 0.455778 0.784658 0.953672 0.455583 0.775672 0.742154 0.953668 0.782995 0.661412 0.831983 0.492259 0.699663 1.01928 0.492431 0.831914 0.660542 1.01928 0.700329 0.475629 0.802315 0.700329 0.98703 0.742154 0.699663 0.802263 0.478188 0.740238 0.987031 0.539085 1.13742 0.312949 0.528313 1.19817 0.313879 1.13749 0.540282 1.19817 0.526211 0.562906 1.16219 0.244412 0.539085 1.19964 0.245206 1.1621 0.560873 1.19964 0.540282 0.592917 1.15714 0.165962 0.562906 1.16664 0.166727 1.15717 0.594202 1.16664 0.560873 0.595712 1.14253 0.629731 1.15496 0.0791039 0.0780501 1.15498 0.632467 1.14253 0.594036 1.17215 0.571866 1.19627 0.591503 0.123577 0.585882 1.17165 0.591462 1.19627 1.14437 0.578554 0.125678 1.17215 0.596767 0.12568 0.578596 1.14375 0.596761 1.17165 1.11364 0.57695 0.127449 1.14437 0.607139 0.127511 0.576985 1.11292 0.607138 1.14375 1.08027 0.580974 0.135729 1.11364 0.622161 0.137323 0.580968 1.07939 0.622162 1.11292 1.04455 0.587357 0.179347 1.08027 0.641265 0.181314 0.587347 1.04345 0.641264 1.07939 1.00672 0.595609 0.221475 1.04455 0.663793 0.223947 0.595595 1.00533 0.663793 1.04345 0.967103 0.605847 0.261809 1.00672 0.689065 0.263258 0.605846 0.967045 0.689065 1.00533 0.92427 0.618158 0.301723 0.967103 0.716407 0.300553 0.618174 0.925526 0.716407 0.967045 0.337237 0.63272 0.882816 0.745183 0.925526 0.882062 0.632708 0.339228 0.92427 0.745183 0.371268 0.64961 0.839332 0.774802 0.882816 0.839208 0.649608 0.372142 0.882062 0.774803 0.796214 0.668996 0.40172 0.839208 0.804733 0.402241 0.668984 0.795547 0.804735 0.839332 0.529166 0.923137 0.451689 0.544392 1.00798 0.473002 0.882733 0.545274 0.988898 0.567956 0.450328 0.923152 0.529668 1.00798 0.545274 0.544392 0.882711 0.472372 0.569427 0.9889 0.483646 0.843977 0.567956 0.967529 0.598777 0.569427 0.844014 0.483088 0.597932 0.967527 0.753653 0.691018 0.427439 0.796214 0.8345 0.429696 0.690985 0.752006 0.834499 0.795547 0.485984 0.807658 0.598777 0.944076 0.631737 0.597932 0.807638 0.485017 0.633509 0.944078 0.633509 0.7741 0.479276 0.67046 0.918772 0.48107 0.774058 0.631737 0.918772 0.670362 0.451134 0.715793 0.711383 0.86367 0.752006 0.71014 0.715766 0.450682 0.753653 0.863671 0.467783 0.743446 0.670362 0.891875 0.711383 0.67046 0.743449 0.468932 0.71014 0.891874 0.419494 0.963971 0.519626 1.02455 0.529668 0.519726 0.963974 0.4199 0.529166 1.02456 0.522754 1.00354 0.376058 0.519726 1.03819 0.376977 1.00352 0.521901 1.03819 0.519626 0.533301 1.03874 0.319575 0.522754 1.0475 0.322004 1.03871 0.531668 1.0475 0.521901 0.554694 1.06373 0.253369 0.533301 1.0468 0.254342 1.06374 0.555373 1.0468 0.531668 0.589857 1.06327 0.171969 0.554694 1.01252 0.171568 1.06327 0.589574 1.01252 0.555373 0.592917 1.00036 0.632154 1.06324 0.0810466 0.0813769 1.06325 0.630544 1.00036 0.594202 
</DataArray>
<DataArray type="Float64" Name="wall variable 0" format="ascii">
0 7.56196e-06 3.30342e-05 0 1.69895e-05 6.725e-05 4.65278e-06 0 3.88898e-05 0.000170159 1.0188e-05 0 8.26635e-05 0.000417519 2.69411e-05 0 0.00014883 0.000878169 6.56602e-05 0 0.000209098 0.00145713 0.000130437 0 0.000218585 0.00182254 0.000196753 0 0.00017249 0.00170251 0.0002181 0 0.0001142 0.00124833 0.00018116 0 7.75482e-05 0.000824399 0.000123814 0 6.646e-05 0.000610328 8.29744e-05 0 7.90677e-05 0.000591878 6.73186e-05 0 0.000118286 0.000775611 7.46756e-05 0 0.000179441 0.00119551 0.000107919 0 0.000230377 0.00171672 0.00016695 0 0.000227724 0.0019851 0.000223731 0 0.000173022 0.0017616 0.000232089 0 0.000111724 0.00124597 0.000184647 0 7.48887e-05 0.000802571 0.000122656 0 6.42005e-05 0.000586349 8.07605e-05 0 7.6818e-05 0.000569878 6.50007e-05 0 0.000114985 0.000752648 7.22127e-05 0 0.000172946 0.00116129 0.000104682 0 0.000217038 0.00165208 0.000161324 0 0.000204571 0.0018601 0.000212951 0 0.000142278 0.00155744 0.000213471 0 7.79657e-05 0.000987901 0.000158934 0 4.0251e-05 0.000519069 9.36379e-05 0 2.72475e-05 0.000278631 5.0039e-05 0 3.11362e-05 0.000215629 3.02107e-05 0 5.23934e-05 0.000291773 2.74746e-05 0 9.78174e-05 0.000550181 4.2074e-05 0 0.000163886 0.00103484 8.21465e-05 0 0.000216913 0.00159801 0.00014821 0 0.000214792 0.0018763 0.000209427 0 0.000162841 0.00165841 0.000219338 0 0.000106362 0.0011704 0.00017418 0 7.41194e-05 0.000766212 0.000116207 0 6.71072e-05 0.000588299 7.82905e-05 0 8.28837e-05 0.000608842 6.61428e-05 0 0.000123767 0.000823718 7.74026e-05 0 0.000181129 0.00124794 0.000114127 0 0.000218077 0.00170224 0.000172447 0 0.000196739 0.00182235 0.000218556 0 0.000130431 0.00145703 0.000209081 0 6.56584e-05 0.00087813 0.000148822 0 2.69407e-05 0.000417507 8.26607e-05 0 1.01879e-05 0.000170157 3.88891e-05 0 4.65276e-06 6.72494e-05 1.69893e-05 0 0 3.3034e-05 7.56192e-06 0 8.141e-06 0.00011798 0.000233574 0 2.09215e-05 0.000349613 0.000637634 9.10446e-05 7.0828e-05 0.00109446 0.00218443 0.000278833 0.000214374 0.00284605 0.00621106 0.000930997 0.000508757 0.00560892 0.013187 0.00253956 0.000899751 0.00817631 0.0210296 0.00521285 0.00115065 0.00879308 0.0258414 0.00782561 0.00105563 0.00716397 0.0249443 0.00857774 0.000733318 0.00485873 0.0197035 0.00708336 0.000447682 0.00330269 0.0142142 0.00480587 0.000309295 0.00270786 0.0112934 0.00324257 0.000298674 0.00305702 0.0109056 0.00273797 0.000417727 0.00455288 0.0133135 0.00314134 0.000696164 0.00702602 0.0189614 0.00454319 0.00105572 0.00915482 0.0254849 0.00692081 0.00124601 0.00924131 0.0286846 0.00906883 0.00108597 0.00720959 0.0261507 0.00924109 0.000728381 0.00473936 0.0198011 0.007271 0.000434073 0.00315952 0.0138217 0.00476267 0.000296032 0.00258491 0.0107628 0.00313278 0.000286686 0.00294672 0.0104163 0.00261449 0.000404152 0.00441343 0.0128923 0.0030118 0.000673645 0.00677237 0.0184922 0.00438978 0.00101088 0.00862943 0.0247358 0.00668443 0.00116017 0.00827248 0.0271595 0.0086393 0.000952291 0.00582125 0.0232369 0.0084817 0.000569603 0.00313261 0.0154707 0.0061448 0.000270403 0.00150919 0.00831737 0.0033952 0.000127022 0.000913339 0.00433789 0.0016273 9.15447e-05 0.000971904 0.00331098 0.000932501 0.000133734 0.00173811 0.004645 0.000929639 0.000288141 0.00359316 0.00896345 0.00160764 0.000599362 0.00635985 0.0162627 0.00334649 0.000981364 0.00860283 0.0237198 0.00609617 0.001175 0.00868769 0.0271532 0.00846127 0.00101821 0.0067372 0.0246417 0.00869199 0.00068066 0.00446908 0.0185622 0.00680204 0.000412231 0.00311296 0.013144 0.0044616 0.000296688 0.0027267 0.0108332 0.00302156 0.00030849 0.00323783 0.011262 0.00269258 0.00044731 0.00480358 0.0142004 0.00329534 0.000733097 0.00708191 0.0196962 0.00485504 0.00105546 0.00857671 0.0249395 0.00716186 0.00115054 0.00782499 0.0258382 0.00879172 0.000899692 0.00521257 0.0210278 0.0081755 0.000508735 0.00253946 0.0131862 0.00560854 0.000214368 0.000930975 0.00621081 0.00284592 7.08268e-05 0.000278829 0.00218437 0.00109442 2.09213e-05 9.1044e-05 0.000637624 0.000349607 8.14096e-06 0 0.000233572 0.000117979 0.00104091 0.00175539 0 0.00014878 0.00344156 0.00513112 0.000870326 0.00044067 0.0107123 0.0159122 0.00293525 0.00161882 0.025005 0.0365165 0.00967107 0.00490911 0.0436945 0.0630466 0.0238803 0.011226 0.0595266 0.0872336 0.0429267 0.0190282 0.0652676 0.101887 0.058281 0.0239911 0.0592745 0.103483 0.0622951 0.0226338 0.0469113 0.0940701 0.0550392 0.0167155 0.0368026 0.0819725 0.0427319 0.0110661 0.0316265 0.0757653 0.0341065 0.00830816 0.0321823 0.073655 0.0317475 0.00795388 0.0406499 0.0779794 0.0347902 0.0101957 0.0551669 0.0924329 0.0439582 0.0158048 0.0673623 0.10815 0.0579118 0.0227683 0.0695368 0.115459 0.0684388 0.0263648 0.0602449 0.110337 0.0680887 0.0235038 0.0459428 0.0956544 0.0571392 0.0166612 0.0351239 0.0802794 0.042594 0.0106878 0.0299937 0.0725947 0.03289 0.00786262 0.0309525 0.0706805 0.0301676 0.00755799 0.0396252 0.075976 0.0333041 0.00983577 0.0537695 0.0911405 0.0426209 0.0153243 0.0644558 0.106787 0.0564285 0.0219174 0.0633747 0.111799 0.066045 0.0246962 0.049361 0.10033 0.0635582 0.0206174 0.0304395 0.0766572 0.0491156 0.0128642 0.0165529 0.0503351 0.030512 0.00635286 0.0106904 0.0323342 0.0165545 0.00306106 0.0110562 0.0273725 0.0105002 0.00224887 0.0178971 0.0347417 0.0109662 0.00327496 0.0323783 0.054166 0.0179133 0.00686741 0.050582 0.0799573 0.0327507 0.0136212 0.0638863 0.101107 0.0515061 0.0212149 0.0658057 0.110056 0.0642 0.0248547 0.0564921 0.105091 0.0642629 0.0219512 0.04328 0.0908166 0.0535663 0.0154415 0.0344821 0.0771771 0.0398967 0.0100531 0.0316123 0.0732606 0.0318292 0.00789536 0.0340521 0.0755852 0.0314568 0.00828337 0.0427103 0.0818957 0.0367223 0.0110557 0.0550273 0.094032 0.0468743 0.0167098 0.0622869 0.10346 0.0592555 0.0226298 0.0582756 0.101873 0.0652565 0.0239884 0.042924 0.0872255 0.05952 0.0190268 0.0238792 0.0630425 0.0436911 0.0112254 0.00967077 0.0365149 0.0250037 0.00490894 0.0029352 0.0159117 0.0107119 0.00161878 0.000870315 0.00513101 0.00344147 0.000440664 0.000148779 0 0.00175536 0.00104089 0.00789476 0.0109078 0 0.00134794 0.02202 0.0261952 0.00685025 0.0040973 0.0535444 0.0592657 0.021278 0.0144685 0.0969754 0.101735 0.0552431 0.0380818 0.140397 0.141111 0.102974 0.0732763 0.174631 0.170377 0.148442 0.109263 0.194511 0.189523 0.176917 0.132093 0.200013 0.201164 0.182883 0.131961 0.192866 0.209659 0.175808 0.113488 0.18408 0.223036 0.165929 0.0946977 0.176684 0.24233 0.168702 0.0891106 0.162505 0.239779 0.174873 0.0850837 0.161346 0.219957 0.175449 0.0871761 0.180369 0.213549 0.185471 0.108667 0.200678 0.215639 0.201672 0.135883 0.211533 0.217902 0.209421 0.149626 0.207627 0.217878 0.202742 0.140103 0.191991 0.216855 0.185706 0.11462 0.177695 0.221593 0.167286 0.0915099 0.16806 0.234877 0.163398 0.0833421 0.1565 0.23194 0.166912 0.0798421 0.15865 0.216044 0.16939 0.0839746 0.178677 0.213446 0.181743 0.106292 0.196219 0.217373 0.19942 0.132872 0.198884 0.217107 0.205602 0.14272 0.176542 0.203832 0.193669 0.124213 0.134924 0.179106 0.163225 0.0878237 0.0942972 0.146458 0.121197 0.0513903 0.0713665 0.120437 0.0835404 0.0291932 0.070092 0.115054 0.0667549 0.0236333 0.0904755 0.128818 0.0740852 0.0319464 0.127911 0.156454 0.10235 0.0563303 0.166174 0.184713 0.14414 0.0930036 0.191947 0.202176 0.181651 0.126548 0.202112 0.209511 0.19814 0.141383 0.197336 0.210682 0.192769 0.131287 0.182998 0.210526 0.175933 0.106279 0.174086 0.218145 0.158848 0.085955 0.174166 0.238728 0.161069 0.0844076 0.168393 0.241808 0.175965 0.0887905 0.165824 0.222817 0.183759 0.094582 0.175763 0.209566 0.192725 0.113438 0.182854 0.201117 0.199948 0.131931 0.176898 0.189497 0.194474 0.132075 0.148431 0.170362 0.17461 0.109253 0.102968 0.141101 0.140385 0.0732718 0.0552412 0.10173 0.0969696 0.0380802 0.0212775 0.0592637 0.0535421 0.0144681 0.00685014 0.0261946 0.0220194 0.00409722 0.00134793 0 0.0109077 0.0078946 0.0362575 0.0411106 0 0.00967512 0.0710794 0.0738725 0.0348114 0.0257979 0.125546 0.118908 0.080809 0.0689728 0.179144 0.158665 0.14618 0.133973 0.224315 0.186798 0.210293 0.20618 0.261862 0.204934 0.256487 0.269766 0.295164 0.2196 0.276414 0.312011 0.327807 0.237145 0.274775 0.324588 0.358748 0.266738 0.275244 0.321576 0.392026 0.322317 0.299994 0.349146 0.409344 0.390224 0.368707 0.436215 0.367396 0.39992 0.40416 0.427226 0.301344 0.335477 0.384549 0.335217 0.285695 0.278023 0.35758 0.319466 0.297408 0.252875 0.338179 0.343165 0.320342 0.246889 0.318539 0.359223 0.343526 0.25399 0.299531 0.350184 0.362358 0.277027 0.290812 0.330629 0.3854 0.325771 0.304965 0.343 0.397402 0.387229 0.36118 0.411062 0.356993 0.394315 0.393195 0.400982 0.300271 0.333596 0.37644 0.325053 0.287979 0.281101 0.35569 0.317099 0.297277 0.25892 0.340073 0.343005 0.313442 0.253388 0.318328 0.352842 0.30886 0.245174 0.294879 0.319263 0.2811 0.239574 0.265097 0.257999 0.24739 0.235856 0.230147 0.190607 0.22412 0.244639 0.204485 0.14887 0.217037 0.260621 0.209033 0.146371 0.219664 0.25801 0.234609 0.16421 0.240334 0.249857 0.265721 0.208818 0.266111 0.245945 0.295671 0.270481 0.288149 0.241377 0.312298 0.320287 0.310482 0.240677 0.306935 0.342786 0.33259 0.249042 0.289689 0.333832 0.354065 0.275317 0.280479 0.313806 0.382534 0.333516 0.297866 0.33118 0.402871 0.398707 0.365368 0.423875 0.368009 0.389618 0.408286 0.4345 0.299775 0.322064 0.391506 0.348651 0.275163 0.266645 0.35852 0.321417 0.274729 0.237104 0.327705 0.324513 0.276385 0.219578 0.295113 0.311969 0.256468 0.20492 0.261833 0.269742 0.210283 0.186788 0.224298 0.206168 0.146175 0.158659 0.179133 0.133967 0.0808069 0.118904 0.125541 0.0689706 0.0348108 0.0738708 0.0710771 0.0257974 0.00967499 0 0.0411099 0.0362566 0.0905722 0.0953724 0 0.0441991 0.126561 0.129676 0.0940963 0.0865168 0.17379 0.159413 0.162862 0.1594 0.213546 0.179229 0.228442 0.242979 0.24564 0.189306 0.278772 0.322242 0.277687 0.195141 0.305701 0.389334 0.317128 0.204081 0.30672 0.438602 0.368688 0.221583 0.292867 0.460652 0.424397 0.258576 0.292864 0.480104 0.475173 0.331795 0.32925 0.572589 0.487253 0.417651 0.417675 0.802722 0.42006 0.444955 0.4865 0.82101 0.331753 0.366506 0.478931 0.582388 0.297982 0.272434 0.43287 0.493001 0.306692 0.233097 0.381794 0.493074 0.337101 0.22368 0.338588 0.503592 0.382899 0.232979 0.306309 0.497048 0.430489 0.266172 0.300585 0.49677 0.473248 0.337238 0.332201 0.5732 0.48247 0.421531 0.41354 0.780854 0.417497 0.446343 0.481226 0.791341 0.334024 0.367751 0.476542 0.57313 0.301811 0.276796 0.435296 0.49537 0.310334 0.241081 0.387115 0.502665 0.343535 0.239445 0.342118 0.51308 0.36323 0.231342 0.310812 0.470847 0.368248 0.241068 0.285728 0.411276 0.371463 0.272582 0.271123 0.356645 0.366845 0.340889 0.28481 0.358008 0.346925 0.38388 0.338595 0.409077 0.302868 0.345749 0.382405 0.391526 0.28182 0.28429 0.393226 0.386928 0.284226 0.247052 0.382492 0.426683 0.299553 0.226258 0.36151 0.46611 0.333146 0.220493 0.329632 0.487406 0.377942 0.23111 0.302504 0.483871 0.4299 0.270863 0.295096 0.487138 0.477203 0.365198 0.329209 0.577778 0.485691 0.444271 0.418603 0.81667 0.41727 0.417312 0.486566 0.800617 0.329081 0.331633 0.474802 0.572019 0.292793 0.258519 0.424213 0.479915 0.292824 0.221559 0.368601 0.460561 0.306692 0.204068 0.317085 0.438552 0.305682 0.195133 0.277663 0.389304 0.278759 0.1893 0.245625 0.322225 0.228434 0.179224 0.213537 0.242969 0.162858 0.159409 0.173784 0.159395 0.0940946 0.129673 0.126558 0.0865148 0.0441984 0 0.0953707 0.0905702 0.141077 0.149978 0.159441 0 0.106387 0.152709 0.155234 0.15327 0.067643 0.21407 0.216046 0.175907 0.0905855 0.219775 0.260007 0.286483 0.197831 0.0918413 0.268535 0.287627 0.352042 0.217745 0.0894262 0.297632 0.293015 0.411506 0.243116 0.0877042 0.305062 0.277217 0.460821 0.281954 0.0915361 0.291146 0.271498 0.256917 0.480659 0.340786 0.10399 0.268451 0.251825 0.497026 0.408008 0.133765 0.306169 0.279222 0.581951 0.463664 0.197055 0.399873 0.356714 0.813279 0.460981 0.266164 0.503072 0.46133 0.857213 0.376179 0.27824 0.489472 0.60653 0.277636 0.206759 0.524202 0.421923 0.50804 0.251686 0.136971 0.457369 0.356213 0.509529 0.263216 0.111831 0.383384 0.29964 0.521833 0.294283 0.105578 0.324701 0.261301 0.513455 0.349967 0.112683 0.285803 0.251822 0.510792 0.4155 0.13968 0.276267 0.280391 0.581262 0.465701 0.202017 0.309799 0.356224 0.797035 0.458856 0.273442 0.401036 0.457809 0.837993 0.376598 0.287359 0.50236 0.487817 0.598895 0.279794 0.216902 0.52149 0.423495 0.509321 0.252577 0.151484 0.459062 0.358719 0.522504 0.271078 0.135535 0.393677 0.30911 0.556991 0.312515 0.337453 0.14373 0.342986 0.27333 0.496066 0.341938 0.370086 0.134043 0.245129 0.438156 0.36949 0.395875 0.136878 0.237637 0.400809 0.403423 0.426117 0.162066 0.27719 0.450594 0.41886 0.451658 0.237644 0.37315 0.546665 0.371844 0.417045 0.290174 0.436572 0.492221 0.295554 0.326691 0.243455 0.433252 0.446662 0.2523 0.275496 0.167652 0.387473 0.465203 0.244351 0.26671 0.126887 0.338211 0.494274 0.257113 0.280736 0.107826 0.289854 0.512074 0.296837 0.321096 0.103028 0.261254 0.504022 0.354245 0.380876 0.11022 0.250508 0.504547 0.420198 0.455698 0.135892 0.276383 0.603583 0.488157 0.523164 0.205975 0.375242 0.854234 0.460852 0.502668 0.277887 0.460531 0.811997 0.356559 0.399683 0.265941 0.463448 0.581617 0.279141 0.30609 0.196915 0.407895 0.4969 0.251783 0.268417 0.133711 0.34073 0.480593 0.256889 0.271475 0.103963 0.281927 0.460783 0.277198 0.291129 0.0915189 0.243101 0.411484 0.293001 0.30505 0.0876932 0.217736 0.352029 0.287618 0.297623 0.0894185 0.197825 0.286476 0.260001 0.26853 0.0918359 0.175903 0.216042 0.214066 0.219771 0.0905815 0.153266 0.155231 0.152707 0.0676404 0.106385 0 0.159438 0.149974 0.141074 0 0.167529 0.185366 0.0535215 0.205243 0.205891 0.173622 0.182682 0.208564 0.250561 0.240457 0.165623 0.164788 0.266366 0.284583 0.294148 0.171793 0.152952 0.295643 0.285083 0.344332 0.184017 0.146179 0.302166 0.266009 0.403658 0.206922 0.149363 0.291974 0.272326 0.237931 0.461537 0.245404 0.160082 0.256884 0.219221 0.482808 0.313329 0.174805 0.251229 0.209928 0.496227 0.41603 0.211267 0.284318 0.238649 0.604847 0.51757 0.300094 0.396219 0.341646 1.04555 0.520358 0.409035 0.519649 0.53234 1.24921 0.376366 0.406348 0.513736 0.557987 0.625351 0.235359 0.26581 0.426879 0.473518 0.204631 0.180658 0.423339 0.318943 0.479484 0.2162 0.167672 0.344492 0.249964 0.504177 0.250791 0.170753 0.292953 0.219842 0.50337 0.318493 0.181363 0.265706 0.208297 0.504273 0.423808 0.215064 0.254669 0.240783 0.604307 0.52167 0.302711 0.284916 0.344501 1.04261 0.524246 0.418829 0.399166 0.535781 1.26819 0.385892 0.420906 0.527323 0.566572 0.633302 0.240887 0.281355 0.519934 0.433708 0.484713 0.211169 0.201217 0.430713 0.329684 0.509612 0.244905 0.201924 0.358042 0.284744 0.596352 0.285177 0.336226 0.215712 0.313593 0.242117 0.502213 0.323194 0.362711 0.226506 0.212731 0.434298 0.385629 0.401361 0.211701 0.210897 0.430143 0.476247 0.461783 0.240058 0.309441 0.64449 0.574225 0.564255 0.404768 0.505109 0.968973 0.472889 0.53008 0.523433 0.569261 0.660804 0.306916 0.36015 0.42006 0.504475 0.494079 0.223019 0.263555 0.273501 0.402638 0.475447 0.205076 0.25103 0.204228 0.310909 0.492118 0.216963 0.264214 0.178144 0.247593 0.49837 0.248387 0.291611 0.169182 0.215052 0.476276 0.317932 0.343387 0.166517 0.204153 0.471493 0.425916 0.422486 0.179823 0.234887 0.62327 0.556626 0.513082 0.265071 0.375634 1.24455 0.531817 0.519414 0.406 0.519871 1.0439 0.341529 0.396085 0.408808 0.517344 0.604577 0.238613 0.284269 0.299955 0.415945 0.496134 0.209901 0.251215 0.211214 0.313286 0.482758 0.219204 0.256874 0.174781 0.245385 0.461508 0.237919 0.272317 0.160067 0.206913 0.403641 0.266 0.291966 0.149353 0.184011 0.344321 0.285076 0.30216 0.146173 0.171789 0.294142 0.284577 0.295638 0.152947 0.165619 0.240453 0.250557 0.266362 0.164784 0.173618 0.205887 0.20524 0.208561 0.182678 0.185362 0.167526 0 0.0535199 0 0.23327 0.2555 0.22927 0.256545 0.262861 0.209709 0.271685 0.280697 0.315 0.267125 0.16415 0.229077 0.324521 0.321631 0.291449 0.151333 0.203243 0.327756 0.290696 0.328475 0.16495 0.20539 0.322141 0.298947 0.242859 0.413381 0.192746 0.226159 0.284322 0.213239 0.505587 0.224642 0.238649 0.27536 0.200657 0.534976 0.298393 0.236062 0.253983 0.187863 0.511371 0.447628 0.243801 0.26489 0.219618 0.633204 0.564869 0.315265 0.370568 0.331502 1.19215 0.493623 0.416967 0.482173 0.502479 1.16949 0.323728 0.405564 0.452413 0.520346 0.509187 0.185383 0.268495 0.382238 0.385937 0.396286 0.169305 0.218015 0.319242 0.266342 0.447927 0.194866 0.231938 0.290637 0.217204 0.520982 0.226381 0.242546 0.278222 0.201082 0.539495 0.302138 0.239091 0.189661 0.511412 0.448713 0.244922 0.255228 0.219451 0.631146 0.565137 0.31485 0.264745 0.33076 1.19244 0.497169 0.421268 0.370777 0.507654 1.1948 0.332084 0.415616 0.487321 0.532375 0.520903 0.192818 0.280588 0.460766 0.396365 0.410162 0.178162 0.23342 0.390685 0.278685 0.474052 0.210984 0.255496 0.328589 0.232005 0.562864 0.258236 0.280531 0.2999 0.290193 0.220613 0.62398 0.341929 0.358203 0.286943 0.215935 0.413201 0.394232 0.402209 0.279162 0.195417 0.423634 0.508016 0.461835 0.290311 0.318826 0.756286 0.663302 0.584535 0.467816 0.539077 1.44204 0.502256 0.532451 0.563223 0.651642 0.83682 0.312393 0.358751 0.460346 0.56702 0.553151 0.208745 0.252662 0.302819 0.436457 0.498796 0.189258 0.255521 0.241133 0.298528 0.536105 0.201015 0.278847 0.239344 0.225988 0.519073 0.216804 0.29069 0.242885 0.194597 0.446721 0.265909 0.319138 0.231968 0.169062 0.395501 0.38544 0.382047 0.217883 0.18508 0.508406 0.519733 0.45214 0.268247 0.323315 1.16729 0.502132 0.482005 0.405348 0.493395 1.19091 0.33143 0.370495 0.416841 0.564717 0.633038 0.2196 0.264869 0.315176 0.447571 0.511322 0.187861 0.253983 0.243773 0.298378 0.53495 0.200651 0.27536 0.236052 0.224634 0.505572 0.213234 0.28432 0.238643 0.192742 0.413373 0.242855 0.298945 0.226154 0.164948 0.32847 0.290692 0.322138 0.205387 0.151331 0.291445 0.321626 0.327752 0.203241 0.164147 0.26712 0.314995 0.324517 0.229073 0.209704 0.262856 0.256541 0.280693 0.271681 0.255495 0.233266 0 0.229266 0 0.311278 0.308482 0.250488 0.289362 0.339579 0.257457 0.286412 0.283787 0.359343 0.305866 0.180521 0.240979 0.308855 0.335229 0.302662 0.157841 0.213876 0.301044 0.31293 0.319556 0.38407 0.181413 0.215919 0.266692 0.221991 0.5602 0.204291 0.219458 0.258949 0.203337 0.680045 0.211338 0.217671 0.255649 0.204643 0.668619 0.247023 0.206904 0.23357 0.192764 0.540297 0.405675 0.193319 0.219133 0.200615 0.572826 0.449537 0.231328 0.278508 0.283516 0.764368 0.390107 0.319882 0.35987 0.390582 0.674371 0.26443 0.323445 0.34435 0.399569 0.413725 0.172233 0.238761 0.337746 0.351863 0.411128 0.180297 0.210899 0.271613 0.22824 0.566405 0.2036 0.214561 0.261315 0.204094 0.674688 0.210844 0.213864 0.258272 0.204316 0.661779 0.246392 0.202344 0.234935 0.192557 0.537803 0.402622 0.187004 0.217574 0.199656 0.564435 0.443555 0.224121 0.27465 0.278481 0.752441 0.385581 0.315783 0.36213 0.385589 0.678104 0.266841 0.325888 0.353474 0.401943 0.425657 0.176088 0.24313 0.34431 0.356379 0.423579 0.185028 0.216004 0.275011 0.231115 0.584134 0.214346 0.221901 0.263616 0.208142 0.714932 0.239768 0.22609 0.264346 0.220544 0.759135 0.264709 0.283787 0.216236 0.217911 0.459591 0.376913 0.355813 0.230647 0.185963 0.417881 0.436015 0.375132 0.248386 0.275783 0.597817 0.519285 0.431146 0.355566 0.453554 0.82729 0.413645 0.389275 0.426042 0.495491 0.657855 0.258494 0.255366 0.323035 0.460756 0.519179 0.19354 0.210628 0.214916 0.396593 0.532481 0.193251 0.236142 0.186952 0.244276 0.662867 0.205375 0.259078 0.203178 0.211402 0.675321 0.204474 0.261649 0.214499 0.203991 0.566426 0.228374 0.271785 0.214967 0.180453 0.410961 0.351852 0.337834 0.211115 0.172253 0.413457 0.399497 0.344349 0.238866 0.26435 0.674038 0.390483 0.359797 0.323453 0.390028 0.764095 0.283465 0.278466 0.319852 0.449474 0.572745 0.200611 0.219131 0.231315 0.405651 0.540278 0.192765 0.233574 0.193315 0.247018 0.66861 0.204643 0.25565 0.206903 0.211336 0.68004 0.203336 0.258949 0.217671 0.20429 0.560197 0.22199 0.266692 0.219457 0.181412 0.384068 0.319554 0.312929 0.215918 0.15784 0.302659 0.335226 0.301042 0.213875 0.180519 0.305862 0.359338 0.308852 0.240977 0.257453 0.339574 0.289358 0.283783 0.286408 0.308478 0.311274 0 0.250485 0.55861 0.225252 0.182563 0.25114 0 0.182562 0.22525 0.558605 0 0.25114 0.486386 0.335954 0.21088 0.25831 0 0.210878 0.33595 0.486381 0 0.258309 0.55448 0.155071 0.26729 0.257049 0 0.267289 0.15507 0.554477 0 0.257049 0.371446 0.162154 0.383557 0.279548 0 0.383555 0.162153 0.371445 0 0.279547 0.2962 0.175837 0.419191 0.314245 0 0.419186 0.175836 0.296199 0 0.314244 0.270676 0.173214 0.39604 0.380063 0 0.396031 0.173213 0.270677 0 0.380054 0.234057 0.174114 0.46821 0.459002 0 0.468183 0.174112 0.23406 0 0.458979 0.357593 0.388569 0.285249 0.282671 0 0.285245 0.388564 0.35759 0 0.282669 0.224409 0.259027 0.469466 0.416763 0 0.469398 0.259012 0.224403 0 0.416715 0.295343 0.450289 0.468766 0.382432 0 0.468663 0.450217 0.295298 0 0.382473 0.47201 0.499088 0.293521 0.323748 0 0.293484 0.49903 0.472116 0 0.323873 0.614735 0.275215 0.195294 0.262914 0 0.19532 0.275182 0.615187 0 0.26314 0.582308 0.156751 0.258937 0.257908 0 0.259115 0.156772 0.583003 0 0.258361 0.380952 0.157521 0.369152 0.282125 0 0.369786 0.157679 0.38189 0 0.28306 0.30076 0.170488 0.405727 0.315121 0 0.406633 0.171028 0.302524 0 0.314621 0.27384 0.168015 0.387857 0.374518 0 0.385919 0.169148 0.275161 0 0.373031 0.235767 0.169586 0.461177 0.452692 0 0.449446 0.169531 0.236242 0 0.449724 0.222964 0.249756 0.464348 0.416067 0 0.452436 0.227658 0.210172 0 0.425087 0.294435 0.435083 0.476681 0.394088 0 0.528577 0.395214 0.261998 0 0.436593 0.491179 0.489942 0.307942 0.337334 0 0.491495 0.643681 0.411117 0 0.431667 0.645 0.27221 0.201363 0.272378 0 0.299394 0.524147 0.680929 0 0.339654 0.602822 0.158592 0.266401 0.26875 0 0.216675 0.278221 0.774686 0 0.287855 0.399842 0.161183 0.393556 0.304631 0 0.297461 0.178664 0.716613 0 0.280308 0.33601 0.18388 0.489276 0.316322 0 0.341526 0.24331 0.532626 0 0.502031 0.121573 0.263007 0.256487 0.197647 0.263004 0.12157 0.50202 0.197646 0.256483 0.44661 0.10861 0.369492 0.281672 0.204928 0.369486 0.108608 0.446599 0.204927 0.281667 0.51525 0.173049 0.204571 0.236537 0.231105 0.204569 0.173046 0.515238 0.231103 0.236534 0.478278 0.118077 0.340855 0.217577 0.343707 0.340865 0.118081 0.478291 0.343711 0.217578 0.267063 0.135171 0.533156 0.478362 0.212539 0.533127 0.135165 0.26706 0.212539 0.478338 0.246851 0.170252 0.594807 0.57035 0.213537 0.594724 0.170236 0.246848 0.213537 0.570282 0.268375 0.274647 0.763773 0.607244 0.281458 0.763443 0.274571 0.268345 0.281429 0.607122 0.396318 0.139236 0.602183 0.351333 0.226863 0.32718 0.179076 0.852667 0.254313 0.4012 0.580507 0.897048 0.498403 0.409084 0.896106 0.580137 0.401092 0.408996 0.498163 0.517108 0.129418 0.409748 0.312674 0.208713 0.313367 0.170164 0.922848 0.219168 0.31113 0.633688 0.162689 0.290707 0.2778 0.207084 0.258707 0.278435 0.984041 0.284793 0.314387 0.607947 0.678597 0.450424 0.373321 0.425391 0.450114 0.67757 0.607277 0.425256 0.372983 0.739456 0.315182 0.264348 0.2811 0.284871 0.336494 0.639367 0.957153 0.453567 0.395564 0.688182 0.305595 0.25893 0.265186 0.280437 0.258805 0.305133 0.687138 0.280357 0.264985 0.632723 0.7009 0.45902 0.389417 0.426631 0.734935 0.977679 0.570163 0.548751 0.564767 0.581251 0.155174 0.279312 0.259655 0.203932 0.27916 0.154883 0.580549 0.203984 0.25964 0.402539 0.584042 0.904912 0.508956 0.40637 0.888039 0.50085 0.375498 0.415244 0.62494 0.46486 0.119909 0.378637 0.2836 0.205703 0.37843 0.119658 0.464579 0.205901 0.283825 0.26864 0.274241 0.760159 0.606838 0.278403 0.670298 0.24989 0.251252 0.259138 0.637792 0.341677 0.123163 0.483181 0.34951 0.217876 0.483448 0.122958 0.341851 0.21837 0.348923 0.567027 0.167411 0.247178 0.21176 0.565325 0.248105 0.171029 0.592859 0.570533 0.213107 0.270019 0.137587 0.532931 0.480477 0.212581 0.528878 0.137445 0.270573 0.213567 0.476885 0.478758 0.254976 0.195604 0.240327 0.293922 0.195602 0.254971 0.478748 0.293919 0.240323 0.361679 0.294943 0.237403 0.271778 0.33353 0.237398 0.294937 0.361673 0.333526 0.271772 0.281179 0.349623 0.310786 0 0 0.349619 0.281175 0 0 0.310782 0.430394 0.147864 0.411442 0.209207 0.386868 0.130696 0.525505 0.240916 0.311836 0.309385 0.161425 0.568985 0.232375 0.304962 0.473905 0.13766 0.341363 0.3211 0.190999 0.560057 0.186643 0.293276 0.285404 0.216201 0.283251 0.257302 0.654039 0.315254 0.29265 0.674063 0.350849 0.336911 0.30529 0.344295 0.391734 0.527992 0.710054 0.529741 0.375249 0.700765 0.680696 0.690877 0.447307 0.53987 0.841216 0.766598 0.593832 0.635512 0.561532 0.434333 0.505026 1.18042 0.583435 0.494347 0.869901 0.427175 0.381278 0.483228 0.626979 0.292705 0.256131 0.77365 0.594883 0.332027 0.63109 0.220196 0.264303 0.30163 0.593669 0.252105 0.157285 0.551455 0.522569 0.23324 0.509386 0.148742 0.247132 0.228429 0.501578 0.437614 0.117721 0.260813 0.203551 0.41178 0.262598 0.119992 0.449919 0.421566 0.203804 0.354994 0.0948244 0.274178 0.262861 0.171397 0.274167 0.0948187 0.354974 0.171395 0.262846 0.315691 0.0951958 0.343955 0.301345 0.18513 0.343933 0.0951875 0.315668 0.185126 0.30132 0.360716 0.108281 0.317815 0.189485 0.314391 0.3211 0.109463 0.364392 0.316745 0.189645 0.439662 0.112059 0.255706 0.202369 0.410985 0.255729 0.112074 0.439715 0.411031 0.202374 0.248539 0.152367 0.548457 0.517888 0.233607 0.548313 0.152333 0.248522 0.233591 0.517768 0.396724 0.122928 0.304501 0.271097 0.182436 0.302748 0.122179 0.393985 0.182246 0.269131 0.772715 0.251628 0.291294 0.33299 0.590628 0.291357 0.251752 0.773285 0.590832 0.333069 0.431082 0.494557 1.16148 0.575285 0.490142 1.15895 0.494113 0.43095 0.48999 0.574849 0.227629 0.110731 0.371226 0.175479 0.234326 0.371242 0.110735 0.227635 0.234336 0.175481 0.506448 0.17659 0.275364 0.251267 0.208965 0.27437 0.175895 0.504192 0.208674 0.24991 0.676401 0.658501 0.675834 0.428853 0.530304 0.674354 0.656717 0.675092 0.529894 0.427841 0.325267 0.336258 0.6319 0.334119 0.27972 0.633775 0.337313 0.326117 0.280903 0.334652 0.37605 0.138864 0.202619 0.217677 0.205672 0.202615 0.138859 0.376037 0.205669 0.21767 0.342896 0.168675 0.188339 0.210517 0.248527 0.188336 0.16867 0.342887 0.248523 0.210511 0.243854 0.172293 0.185976 0.212083 0.260901 0.185971 0.172288 0.243849 0.260896 0.212077 0.308174 0.267323 0 0.205618 0.279048 0.279043 0.205615 0 0.267319 0.308169 0.391997 0.0972916 0.394874 0.22955 0.329247 0.092508 0.426565 0.218134 0.329902 0.436468 0.101287 0.337844 0.328814 0.216981 0.29433 0.112607 0.458225 0.236444 0.296158 0.518033 0.139071 0.318321 0.302143 0.257312 0.286217 0.15932 0.5059 0.307209 0.288264 0.609983 0.236541 0.384268 0.343696 0.401538 0.348796 0.266175 0.530495 0.471321 0.34534 0.664174 0.363833 0.668911 0.49715 0.581297 0.528552 0.333906 0.478859 0.556004 0.471476 0.47627 0.279175 0.811634 0.604085 0.512678 0.565583 0.23077 0.344305 0.438095 0.515576 0.318049 0.166878 0.618752 0.561235 0.346836 0.500341 0.139793 0.277642 0.3009 0.490507 0.277461 0.109402 0.49108 0.474718 0.247656 0.441658 0.100969 0.266878 0.235564 0.437177 0.390206 0.0830536 0.281297 0.204926 0.380617 0.286594 0.0857993 0.408598 0.396353 0.208182 0.337377 0.0798116 0.324142 0.194475 0.322464 0.32892 0.0811582 0.344696 0.328095 0.195994 0.396822 0.0940188 0.309431 0.288245 0.203283 0.305784 0.0931875 0.393058 0.202303 0.285034 0.310937 0.0645777 0.316678 0.312068 0.183671 0.389251 0.0751245 0.281825 0.202502 0.378569 0.316647 0.0645693 0.310905 0.183662 0.312026 0.281867 0.0751392 0.389319 0.378647 0.202518 0.481961 0.101411 0.270161 0.245589 0.468235 0.270213 0.101443 0.482124 0.468411 0.245628 0.494403 0.131743 0.304309 0.278048 0.248172 0.302069 0.130991 0.491371 0.247269 0.27578 0.615981 0.157083 0.315373 0.344977 0.563154 0.315496 0.157179 0.616512 0.563562 0.345115 0.481368 0.262233 0.81302 0.603839 0.506511 0.810963 0.26186 0.480804 0.506092 0.602955 0.374997 0.224849 0.594633 0.391004 0.325346 0.596857 0.225873 0.377034 0.327543 0.392171 0.666045 0.345247 0.660909 0.572565 0.48667 0.662694 0.346416 0.669107 0.488442 0.573532 0.268492 0.0652707 0.329367 0.17677 0.269679 0.329391 0.0652762 0.268509 0.269702 0.176775 0.324849 0.0727094 0.236348 0.241353 0.180503 0.236338 0.0727048 0.324832 0.180498 0.241339 0.298749 0.0814094 0.211965 0.220521 0.190038 0.211959 0.0814055 0.298738 0.190034 0.220511 0.244365 0.0837946 0.185102 0.197309 0.196066 0.185097 0.0837913 0.244359 0.196062 0.197302 0.15941 0.0605955 0.155859 0.169444 0.181788 0.155855 0.0605934 0.159407 0.181784 0.169439 0.215341 0.211892 0 0.0475586 0.186207 0.186203 0.0475572 0 0.211889 0.215336 
</DataArray>
<DataArray type="Float64" Name="wall variable 1" format="ascii">
0 0.200006 0.200006 0 0.200006 0.200007 0.200006 0 0.200006 0.200007 0.200006 0 0.200006 0.200007 0.200006 0 0.200006 0.200008 0.200006 0 0.200006 0.200009 0.200006 0 0.200006 0.20001 0.200006 0 0.200006 0.20001 0.200006 0 0.200006 0.200009 0.200006 0 0.200006 0.200008 0.200006 0 0.200006 0.200008 0.200006 0 0.200006 0.200008 0.200006 0 0.200006 0.200008 0.200006 0 0.200006 0.200009 0.200006 0 0.200006 0.20001 0.200006 0 0.200006 0.200011 0.200006 0 0.200006 0.20001 0.200006 0 0.200006 0.200009 0.200006 0 0.200006 0.200008 0.200006 0 0.200006 0.200008 0.200006 0 0.200006 0.200008 0.200006 0 0.200006 0.200008 0.200006 0 0.200006 0.200009 0.200006 0 0.200006 0.20001 0.200006 0 0.200006 0.20001 0.200006 0 0.200006 0.20001 0.200006 0 0.200006 0.200008 0.200006 0 0.200006 0.200007 0.200006 0 0.200006 0.200007 0.200006 0 0.200006 0.200007 0.200006 0 0.200006 0.200007 0.200006 0 0.200006 0.200007 0.200006 0 0.200006 0.200008 0.200006 0 0.200006 0.20001 0.200006 0 0.200006 0.20001 0.200006 0 0.200006 0.20001 0.200006 0 0.200006 0.200009 0.200006 0 0.200006 0.200008 0.200006 0 0.200006 0.200008 0.200006 0 0.200006 0.200008 0.200006 0 0.200006 0.200008 0.200006 0 0.200006 0.200009 0.200006 0 0.200006 0.20001 0.200006 0 0.200006 0.20001 0.200006 0 0.200006 0.200009 0.200006 0 0.200006 0.200008 0.200006 0 0.200006 0.200007 0.200006 0 0.200006 0.200007 0.200006 0 0.200006 0.200007 0.200006 0 0 0.200006 0.200006 0 0.200006 0.200006 0.200007 0 0.200007 0.200007 0.200007 0.200006 0.200007 0.200007 0.200008 0.200007 0.200007 0.200007 0.200013 0.200007 0.200008 0.200007 0.200026 0.200007 0.200009 0.200007 0.200047 0.200007 0.20001 0.200006 0.200065 0.200007 0.20001 0.200007 0.200068 0.200006 0.200009 0.200007 0.200056 0.200007 0.200008 0.200007 0.200044 0.200007 0.200008 0.200006 0.20004 0.200007 0.200008 0.200007 0.200038 0.200006 0.200008 0.200007 0.20004 0.200007 0.200009 0.200007 0.200053 0.200007 0.20001 0.200007 0.200075 0.200007 0.200011 0.200007 0.200087 0.200007 0.20001 0.200007 0.200079 0.200007 0.200009 0.200007 0.200058 0.200007 0.200008 0.200007 0.200042 0.200007 0.200008 0.200006 0.200037 0.200007 0.200008 0.200007 0.200035 0.200006 0.200008 0.200007 0.200038 0.200007 0.200009 0.200007 0.200051 0.200007 0.20001 0.200007 0.200071 0.200007 0.20001 0.200007 0.200079 0.200007 0.20001 0.200007 0.200062 0.200007 0.200008 0.200007 0.200036 0.200007 0.200007 0.200007 0.200019 0.200007 0.200007 0.200006 0.200012 0.200007 0.200007 0.200006 0.200011 0.200006 0.200007 0.200007 0.200013 0.200006 0.200007 0.200007 0.200021 0.200007 0.200008 0.200007 0.200039 0.200007 0.20001 0.200007 0.200063 0.200007 0.20001 0.200007 0.200077 0.200007 0.20001 0.200007 0.200069 0.200007 0.200009 0.200007 0.200051 0.200007 0.200008 0.200007 0.200039 0.200007 0.200008 0.200006 0.200038 0.200007 0.200008 0.200007 0.20004 0.200006 0.200008 0.200007 0.200044 0.200007 0.200009 0.200007 0.200056 0.200007 0.20001 0.200006 0.200068 0.200007 0.20001 0.200007 0.200065 0.200006 0.200009 0.200007 0.200046 0.200007 0.200008 0.200007 0.200026 0.200007 0.200007 0.200007 0.200013 0.200007 0.200007 0.200007 0.200008 0.200007 0.200007 0.200006 0.200007 0.200007 0.200006 0 0.200007 0.200006 0.200007 0.200007 0 0.200007 0.200007 0.20001 0.200007 0.200007 0.20001 0.200024 0.200007 0.200008 0.200013 0.200069 0.20001 0.200013 0.200014 0.200164 0.200013 0.200026 0.20001 0.200303 0.200014 0.200047 0.200007 0.200445 0.20001 0.200065 0.200009 0.200532 0.200007 0.200068 0.200009 0.200565 0.200009 0.200056 0.200007 0.200655 0.200009 0.200044 0.200007 0.200878 0.200007 0.20004 0.200007 0.200827 0.200007 0.200038 0.20001 0.200595 0.200007 0.20004 0.200011 0.200575 0.20001 0.200053 0.200008 0.200665 0.200011 0.200075 0.200007 0.200728 0.200008 0.200087 0.200011 0.200696 0.200007 0.200079 0.20001 0.20062 0.200011 0.200058 0.200007 0.200628 0.20001 0.200042 0.200007 0.200773 0.200007 0.200037 0.200007 0.200727 0.200007 0.200035 0.20001 0.200554 0.200007 0.200038 0.200011 0.200563 0.20001 0.200051 0.200007 0.200662 0.200011 0.200071 0.200009 0.200685 0.200007 0.200079 0.200015 0.200532 0.200009 0.200062 0.200014 0.200323 0.200015 0.200036 0.200009 0.20017 0.200014 0.200019 0.200007 0.200103 0.200009 0.200012 0.200007 0.200096 0.200007 0.200011 0.20001 0.200123 0.200007 0.200013 0.200014 0.200204 0.20001 0.200021 0.200014 0.200356 0.200014 0.200039 0.200008 0.200525 0.200014 0.200063 0.200007 0.200624 0.200008 0.200077 0.20001 0.200609 0.200007 0.200069 0.200009 0.200546 0.20001 0.200051 0.200007 0.200578 0.200009 0.200039 0.200007 0.200813 0.200007 0.200038 0.200007 0.20087 0.200007 0.20004 0.200009 0.200652 0.200007 0.200044 0.200009 0.200564 0.200009 0.200056 0.200007 0.200532 0.200009 0.200068 0.20001 0.200445 0.200007 0.200065 0.200014 0.200303 0.20001 0.200046 0.200013 0.200164 0.200014 0.200026 0.20001 0.200069 0.200013 0.200013 0.200007 0.200024 0.20001 0.200008 0.200007 0.20001 0.200007 0.200007 0.200007 0 0.200007 0.200007 0.200008 0.200015 0 0.200007 0.200018 0.200034 0.200008 0.20001 0.200039 0.200093 0.200018 0.200024 0.20006 0.200208 0.200039 0.200069 0.200059 0.200441 0.20006 0.200164 0.200035 0.200802 0.200059 0.200303 0.200013 0.20122 0.200035 0.200445 0.200032 0.201577 0.200013 0.200532 0.200061 0.202035 0.200032 0.200565 0.200039 0.203847 0.200061 0.200655 0.200007 0.209696 0.200039 0.200878 0.200034 0.209778 0.200007 0.200827 0.200064 0.204066 0.200034 0.200595 0.200048 0.202329 0.200064 0.200575 0.200014 0.202229 0.200048 0.200665 0.200013 0.202294 0.200014 0.200728 0.20005 0.20225 0.200013 0.200696 0.200067 0.202367 0.20005 0.20062 0.200036 0.203859 0.200067 0.200628 0.200007 0.208646 0.200036 0.200773 0.200032 0.208555 0.200007 0.200727 0.200062 0.203848 0.200032 0.200554 0.200048 0.202371 0.200062 0.200563 0.200012 0.202369 0.200048 0.200662 0.200027 0.202371 0.200012 0.200685 0.200069 0.201798 0.200027 0.200532 0.200072 0.201162 0.200069 0.200323 0.200034 0.200845 0.200072 0.20017 0.200009 0.200863 0.200034 0.200103 0.200012 0.201114 0.200009 0.200096 0.200041 0.201057 0.200012 0.200123 0.200068 0.201016 0.200041 0.200204 0.200054 0.201261 0.200068 0.200356 0.200018 0.201675 0.200054 0.200525 0.200011 0.201969 0.200018 0.200624 0.200042 0.202047 0.200011 0.200609 0.200061 0.202217 0.200042 0.200546 0.200034 0.203947 0.200061 0.200578 0.200008 0.209596 0.200034 0.200813 0.200039 0.209599 0.200008 0.20087 0.200061 0.20383 0.200039 0.200652 0.200032 0.202031 0.200061 0.200564 0.200013 0.201575 0.200032 0.200532 0.200035 0.20122 0.200013 0.200445 0.200059 0.200801 0.200035 0.200303 0.20006 0.200441 0.200059 0.200164 0.200039 0.200208 0.20006 0.200069 0.200018 0.200093 0.200039 0.200024 0.200008 0.200034 0.200018 0.20001 0.200007 0 0.200015 0.200008 0.200019 0.200049 0 0.200015 0.200061 0.200094 0.200019 0.200034 0.20011 0.20017 0.200061 0.200093 0.200143 0.200362 0.20011 0.200208 0.200136 0.200654 0.200143 0.200441 0.200087 0.20107 0.200136 0.200802 0.200051 0.201625 0.200087 0.20122 0.20008 0.202128 0.200051 0.201577 0.200186 0.202996 0.20008 0.202035 0.200353 0.20727 0.200186 0.203847 0.200018 0.228952 0.200353 0.209696 0.200223 0.233162 0.200018 0.209778 0.200177 0.209877 0.200223 0.204066 0.200091 0.204526 0.200177 0.202329 0.200021 0.203435 0.200091 0.202229 0.200022 0.203213 0.200021 0.202294 0.200101 0.203166 0.200022 0.20225 0.200169 0.203722 0.200101 0.202367 0.200234 0.20778 0.200169 0.203859 0.200013 0.227387 0.200234 0.208646 0.200172 0.230264 0.200013 0.208555 0.200203 0.209699 0.200172 0.203848 0.200114 0.204889 0.200203 0.202371 0.200018 0.204132 0.200114 0.202369 0.200071 0.204189 0.200018 0.202371 0.200195 0.203065 0.200071 0.201798 0.200247 0.202327 0.200195 0.201162 0.200189 0.201989 0.200247 0.200845 0.200035 0.20279 0.200189 0.200863 0.20005 0.204965 0.200035 0.201114 0.200217 0.203466 0.20005 0.201057 0.200235 0.2023 0.200217 0.201016 0.200142 0.202329 0.200235 0.201261 0.200041 0.202577 0.200142 0.201675 0.200023 0.202897 0.200041 0.201969 0.200079 0.203244 0.200023 0.202047 0.200166 0.204369 0.200079 0.202217 0.200228 0.209642 0.200166 0.203947 0.200018 0.232635 0.200228 0.209596 0.200347 0.228714 0.200018 0.209599 0.200185 0.207245 0.200347 0.20383 0.20008 0.202992 0.200185 0.202031 0.200051 0.202127 0.20008 0.201575 0.200087 0.201624 0.200051 0.20122 0.200136 0.20107 0.200087 0.200801 0.200143 0.200654 0.200136 0.200441 0.20011 0.200362 0.200143 0.200208 0.200061 0.20017 0.20011 0.200093 0.200019 0.200093 0.200061 0.200034 0.200015 0 0.200049 0.200019 0.200032 0.200109 0 0.200049 0.200117 0.200127 0.200032 0.200094 0.200185 0.200203 0.200117 0.20017 0.200207 0.200348 0.200185 0.200362 0.200183 0.20055 0.200207 0.200654 0.200114 0.200926 0.200183 0.20107 0.200081 0.2015 0.200114 0.201625 0.200117 0.201881 0.200081 0.202128 0.200203 0.202442 0.200117 0.202996 0.200338 0.205519 0.200203 0.20727 0.200266 0.226952 0.200338 0.228952 0.200185 0.238705 0.200266 0.233162 0.20018 0.212 0.200185 0.209877 0.200096 0.204644 0.20018 0.204526 0.200035 0.203008 0.200096 0.203435 0.20002 0.20277 0.200035 0.203213 0.200087 0.202679 0.20002 0.203166 0.200169 0.203035 0.200087 0.203722 0.200206 0.206046 0.200169 0.20778 0.20019 0.226399 0.200206 0.227387 0.200209 0.236791 0.20019 0.230264 0.20025 0.211982 0.200209 0.209699 0.200112 0.205151 0.20025 0.204889 0.200023 0.203983 0.200112 0.204132 0.200123 0.205196 0.200023 0.204189 0.200253 0.202968 0.200123 0.203065 0.200348 0.202348 0.200253 0.202327 0.200404 0.202546 0.200348 0.201989 0.20008 0.204436 0.200404 0.20279 0.200105 0.208468 0.20008 0.204965 0.200403 0.204749 0.200105 0.203466 0.20029 0.202654 0.200403 0.2023 0.200133 0.202358 0.20029 0.202329 0.200037 0.202405 0.200133 0.202577 0.200042 0.202623 0.200037 0.202897 0.200096 0.202921 0.200042 0.203244 0.200166 0.204557 0.200096 0.204369 0.200179 0.211822 0.200166 0.209642 0.20026 0.23827 0.200179 0.232635 0.200335 0.226802 0.20026 0.228714 0.200203 0.205508 0.200335 0.207245 0.200117 0.20244 0.200203 0.202992 0.200081 0.20188 0.200117 0.202127 0.200113 0.201499 0.200081 0.201624 0.200183 0.200925 0.200113 0.20107 0.200207 0.20055 0.200183 0.200654 0.200185 0.200348 0.200207 0.200362 0.200117 0.200203 0.200185 0.20017 0.200032 0.200127 0.200117 0.200093 0.200049 0 0.200109 0.200032 0.200035 0.200067 0.20013 0 0.200109 0.200035 0.200127 0.200146 0.0839572 0.200146 0.200203 0.200198 0.118419 0.20011 0.200198 0.200348 0.20019 0.124808 0.200164 0.20019 0.20055 0.200154 0.126237 0.200212 0.200154 0.200926 0.200087 0.12656 0.200246 0.200087 0.2015 0.20007 0.126622 0.200271 0.200386 0.20007 0.201881 0.200106 0.126622 0.200776 0.200106 0.202442 0.200156 0.126608 0.202119 0.200156 0.205519 0.200234 0.126618 0.207587 0.200234 0.226952 0.201418 0.127521 0.227451 0.201418 0.238705 0.201314 0.12928 0.201314 0.212 0.200168 0.126756 0.219707 0.200168 0.204644 0.200134 0.126599 0.203538 0.200134 0.203008 0.200048 0.126642 0.201299 0.200048 0.20277 0.200017 0.126731 0.200849 0.200017 0.202679 0.200064 0.126872 0.200811 0.200064 0.203035 0.200177 0.12708 0.201176 0.200177 0.206046 0.200224 0.127399 0.202578 0.200224 0.226399 0.201167 0.128867 0.207893 0.201167 0.236791 0.20134 0.131285 0.227192 0.20134 0.211982 0.200232 0.128897 0.219805 0.200232 0.205151 0.200103 0.129121 0.203868 0.200103 0.203983 0.200056 0.129481 0.201726 0.200056 0.205196 0.200198 0.20112 0.129677 0.201524 0.200198 0.202968 0.200204 0.201063 0.129676 0.200204 0.202348 0.200268 0.201178 0.129484 0.200268 0.202546 0.200563 0.202253 0.129167 0.200563 0.204436 0.200333 0.206782 0.129194 0.200333 0.208468 0.200213 0.205493 0.129667 0.200213 0.204749 0.20054 0.203513 0.127921 0.20054 0.202654 0.200235 0.20181 0.127371 0.200235 0.202358 0.200082 0.201039 0.12708 0.200082 0.202405 0.20002 0.200773 0.126872 0.20002 0.202623 0.200051 0.200825 0.126731 0.200051 0.202921 0.200137 0.201278 0.126642 0.200137 0.204557 0.200163 0.2035 0.126599 0.200163 0.211822 0.201289 0.219472 0.126752 0.201289 0.23827 0.201405 0.227234 0.129238 0.201405 0.226802 0.200234 0.20756 0.127513 0.200234 0.205508 0.200155 0.202116 0.126618 0.200155 0.20244 0.200105 0.200776 0.126608 0.200105 0.20188 0.20007 0.200386 0.126622 0.20007 0.201499 0.200087 0.200271 0.126622 0.200087 0.200925 0.200154 0.200246 0.12656 0.200154 0.20055 0.20019 0.200212 0.126237 0.20019 0.200348 0.200198 0.200164 0.124808 0.200198 0.200203 0.200146 0.20011 0.118419 0.200146 0.200127 0.200035 0.0839572 0.200109 0 0.20013 0.200067 0.200035 0 0.20013 0.200039 0.0512636 0.200039 0.200104 0.200237 0.164283 0.200034 0.200237 0.20019 0.200244 0.172816 0.200082 0.200244 0.200332 0.200186 0.174304 0.200147 0.200186 0.200475 0.200125 0.174598 0.200246 0.200125 0.20091 0.200067 0.174653 0.200398 0.200734 0.200067 0.20168 0.200066 0.174655 0.201417 0.200066 0.202224 0.200073 0.174647 0.202559 0.200073 0.202864 0.200205 0.174649 0.204726 0.200205 0.206303 0.20042 0.174644 0.215091 0.20042 0.251803 0.202831 0.17742 0.267286 0.202831 0.296037 0.202158 0.183927 0.214388 0.202158 0.209921 0.200199 0.174751 0.200199 0.20263 0.200087 0.1746 0.20157 0.200087 0.201979 0.20002 0.174623 0.200971 0.20002 0.202371 0.200019 0.174651 0.20121 0.200019 0.202662 0.200053 0.174695 0.201862 0.200053 0.203226 0.200301 0.17477 0.202942 0.200301 0.206798 0.200559 0.174847 0.205134 0.200559 0.253204 0.202839 0.17803 0.216002 0.202839 0.301335 0.202719 0.185967 0.273199 0.202719 0.210866 0.200247 0.175345 0.215742 0.200247 0.203057 0.200097 0.175243 0.201682 0.200097 0.202776 0.200218 0.175358 0.201148 0.200218 0.205795 0.200251 0.2037 0.175417 0.201461 0.200251 0.202877 0.200253 0.201878 0.175462 0.200253 0.201978 0.200351 0.201185 0.175349 0.200351 0.202848 0.201279 0.202214 0.1753 0.201279 0.211174 0.201112 0.222788 0.177951 0.201112 0.238825 0.200788 0.222373 0.189345 0.200788 0.210673 0.201167 0.208751 0.175577 0.201167 0.204136 0.200343 0.204361 0.174843 0.200343 0.202907 0.200061 0.202846 0.174758 0.200061 0.202552 0.200016 0.201853 0.174692 0.200016 0.202319 0.20002 0.201204 0.17465 0.20002 0.201959 0.200088 0.20097 0.174623 0.200088 0.202615 0.200202 0.201572 0.1746 0.200202 0.209848 0.202123 0.214335 0.174749 0.202123 0.295001 0.202807 0.266836 0.183816 0.202807 0.251552 0.20042 0.215059 0.177407 0.20042 0.206296 0.200205 0.204724 0.174644 0.200205 0.202862 0.200073 0.202558 0.174648 0.200073 0.202224 0.200066 0.201417 0.174647 0.200066 0.20168 0.200067 0.200734 0.174655 0.200067 0.20091 0.200125 0.200398 0.174652 0.200125 0.200475 0.200186 0.200246 0.174598 0.200186 0.200332 0.200244 0.200148 0.174304 0.200244 0.20019 0.200237 0.200082 0.172816 0.200237 0.200104 0.200039 0.200034 0.164283 0.200039 0.20013 0 0.0512636 0 0.200094 0.200171 0.154906 0.200171 0.200163 0.200516 0.186782 0.200109 0.200516 0.200292 0.200397 0.189328 0.200102 0.200397 0.200438 0.200279 0.18952 0.200169 0.200279 0.200583 0.200145 0.189558 0.200492 0.201426 0.200145 0.201598 0.200093 0.189575 0.203923 0.200093 0.203747 0.200051 0.189565 0.207477 0.200051 0.205305 0.200115 0.189545 0.20844 0.200115 0.204936 0.201357 0.1895 0.209197 0.201357 0.208749 0.202522 0.189382 0.215607 0.202522 0.266779 0.20056 0.193352 0.222996 0.20056 0.261334 0.201072 0.197219 0.202167 0.201072 0.203007 0.200248 0.189302 0.200853 0.200248 0.201185 0.200077 0.189248 0.201752 0.200077 0.202075 0.200051 0.189273 0.204284 0.200051 0.204114 0.200033 0.189285 0.207819 0.200033 0.205518 0.200137 0.189301 0.200137 0.20508 0.201458 0.189296 0.208665 0.201458 0.209146 0.202687 0.189224 0.209477 0.202687 0.270528 0.200692 0.19353 0.216055 0.200692 0.268622 0.201435 0.198834 0.224572 0.201435 0.203202 0.200374 0.189337 0.202275 0.200374 0.201172 0.200142 0.189361 0.200832 0.200142 0.202176 0.200133 0.189495 0.201909 0.200133 0.204821 0.200144 0.189658 0.205292 0.214168 0.200144 0.210902 0.201344 0.201692 0.189687 0.201344 0.201851 0.200937 0.200873 0.189577 0.200937 0.201913 0.201494 0.200386 0.189383 0.201494 0.212001 0.202178 0.20673 0.195162 0.202178 0.319368 0.202019 0.218464 0.218926 0.202019 0.221525 0.203486 0.21118 0.189998 0.203486 0.207191 0.201383 0.208726 0.189241 0.201383 0.205077 0.200129 0.208664 0.189277 0.200129 0.205548 0.200034 0.20788 0.189297 0.200034 0.204118 0.200051 0.204294 0.189284 0.200051 0.202078 0.200076 0.201757 0.189272 0.200076 0.201188 0.200247 0.200858 0.189248 0.200247 0.203011 0.201066 0.202175 0.189302 0.201066 0.261036 0.200556 0.22293 0.197178 0.200556 0.266597 0.20252 0.21559 0.193344 0.20252 0.208746 0.201357 0.209194 0.189381 0.201357 0.204936 0.200115 0.20844 0.1895 0.200115 0.205304 0.200051 0.207476 0.189545 0.200051 0.203746 0.200093 0.203922 0.189565 0.200093 0.201598 0.200145 0.201426 0.189575 0.200145 0.200583 0.200279 0.200492 0.189558 0.200279 0.200438 0.200397 0.200169 0.18952 0.200397 0.200292 0.200516 0.200102 0.189328 0.200516 0.200163 0.200171 0.200109 0.186782 0.200171 0.200094 0 0.154906 0 0.200173 0.200124 0.178207 0.200124 0.200178 0.200604 0.193518 0.200191 0.200604 0.200399 0.200572 0.194449 0.200034 0.200572 0.200681 0.200911 0.193979 0.200061 0.200139 0.200911 0.202276 0.2001 0.193763 0.200935 0.2001 0.20859 0.200022 0.193579 0.203416 0.200022 0.215575 0.200011 0.19336 0.204273 0.200011 0.215819 0.200072 0.193127 0.203083 0.200072 0.208731 0.202034 0.192878 0.204723 0.202034 0.208273 0.201546 0.192694 0.201957 0.201546 0.214795 0.200049 0.193968 0.200784 0.200049 0.20817 0.200475 0.194817 0.200062 0.200475 0.201706 0.200944 0.192077 0.200205 0.200944 0.202766 0.200101 0.191637 0.200843 0.200101 0.208984 0.200023 0.191415 0.203149 0.200023 0.215663 0.200011 0.191206 0.204041 0.200011 0.215898 0.200072 0.191024 0.203015 0.200072 0.208927 0.202083 0.190865 0.204683 0.202083 0.208251 0.201577 0.1908 0.202039 0.201577 0.21482 0.200053 0.192079 0.201027 0.200053 0.208691 0.200549 0.193022 0.200125 0.200549 0.201854 0.201021 0.190632 0.200205 0.201021 0.202905 0.200109 0.190469 0.200942 0.200109 0.209752 0.200043 0.190442 0.203788 0.200043 0.219061 0.200092 0.190417 0.206215 0.200092 0.225015 0.200443 0.200711 0.190508 0.200443 0.203469 0.201537 0.200294 0.190463 0.201537 0.201571 0.201053 0.200136 0.190537 0.201053 0.203245 0.200613 0.200312 0.193253 0.200613 0.212615 0.200425 0.201116 0.196703 0.200425 0.208452 0.202122 0.201974 0.191227 0.202122 0.206814 0.201975 0.204367 0.190772 0.201975 0.208808 0.200057 0.202934 0.190866 0.200057 0.216055 0.200012 0.204051 0.191024 0.200012 0.215757 0.200025 0.203162 0.191206 0.200025 0.209001 0.200102 0.200844 0.191415 0.200102 0.202767 0.200946 0.200205 0.191637 0.200946 0.201706 0.200476 0.200062 0.192078 0.200476 0.208171 0.200049 0.200784 0.194822 0.200049 0.214789 0.201545 0.201956 0.19397 0.201545 0.208272 0.202034 0.204722 0.192694 0.202034 0.208731 0.200072 0.203083 0.192878 0.200072 0.215819 0.200011 0.204273 0.193127 0.200011 0.215575 0.200022 0.203416 0.19336 0.200022 0.20859 0.2001 0.200935 0.193579 0.2001 0.202276 0.200911 0.200139 0.193763 0.200911 0.200681 0.200572 0.200061 0.193979 0.200572 0.200399 0.200604 0.200034 0.194449 0.200604 0.200178 0.200124 0.200191 0.193518 0.200124 0.200173 0 0.178207 0.207051 0.193979 0.200139 0.207722 0 0.200139 0.193979 0.207051 0 0.207722 0.203668 0.194449 0.200061 0.207051 0 0.200061 0.194449 0.203668 0 0.207051 0.207722 0.193763 0.200935 0.20101 0 0.200935 0.193763 0.207722 0 0.20101 0.20101 0.193579 0.203416 0.200034 0 0.203416 0.193579 0.20101 0 0.200034 0.200034 0.19336 0.204273 0.200184 0 0.204273 0.19336 0.200034 0 0.200184 0.200184 0.193127 0.203083 0.2018 0 0.203083 0.193127 0.200184 0 0.2018 0.2018 0.192878 0.204723 0.204372 0 0.204722 0.192878 0.2018 0 0.204371 0.200516 0.193518 0.200034 0.203668 0 0.200034 0.193518 0.200516 0 0.203668 0.204372 0.192694 0.201957 0.200835 0 0.201956 0.192694 0.204371 0 0.200833 0.200835 0.193968 0.200784 0.201174 0 0.200784 0.19397 0.200833 0 0.201181 0.201174 0.194817 0.200062 0.207711 0 0.200062 0.194822 0.201181 0 0.207749 0.207711 0.192077 0.200205 0.208714 0 0.200205 0.192078 0.207749 0 0.208769 0.208714 0.191637 0.200843 0.201207 0 0.200844 0.191637 0.208769 0 0.201232 0.201207 0.191415 0.203149 0.200044 0 0.203162 0.191415 0.201232 0 0.200052 0.200044 0.191206 0.204041 0.200184 0 0.204051 0.191206 0.200052 0 0.200162 0.200184 0.191024 0.203015 0.201776 0 0.202934 0.191024 0.200162 0 0.201717 0.201776 0.190865 0.204683 0.204304 0 0.204367 0.190866 0.201717 0 0.204426 0.204304 0.1908 0.202039 0.200796 0 0.201974 0.190772 0.204426 0 0.201475 0.200796 0.192079 0.201027 0.201509 0 0.201116 0.191227 0.201475 0 0.200124 0.201509 0.193022 0.200125 0.209011 0 0.200312 0.196703 0.200124 0 0.208917 0.209011 0.190632 0.200205 0.209704 0 0.200136 0.193253 0.208917 0 0.219763 0.209704 0.190469 0.200942 0.201546 0 0.200294 0.190537 0.219763 0 0.218117 0.201546 0.190442 0.203788 0.200225 0 0.200711 0.190463 0.218117 0 0.204833 0.200225 0.190417 0.206215 0.200092 0 0.200092 0.190508 0.204833 0 0.204193 0.189558 0.201426 0.202908 0.202276 0.201426 0.189558 0.204192 0.202276 0.202908 0.202908 0.189575 0.203923 0.200532 0.20859 0.203922 0.189575 0.202908 0.20859 0.200532 0.204371 0.18952 0.200492 0.204193 0.200681 0.200492 0.18952 0.20437 0.200681 0.204192 0.207476 0.189565 0.200532 0.215575 0.200346 0.200532 0.189565 0.207477 0.200346 0.215575 0.200346 0.189545 0.20844 0.203485 0.215819 0.20844 0.189545 0.200346 0.215819 0.203485 0.203485 0.1895 0.209197 0.205661 0.208731 0.209194 0.1895 0.203485 0.208731 0.205659 0.205661 0.189382 0.215607 0.203468 0.208273 0.21559 0.189381 0.205659 0.208272 0.203468 0.201402 0.189658 0.214168 0.200093 0.219061 0.200093 0.189687 0.227743 0.225015 0.203468 0.193352 0.222996 0.201616 0.214795 0.22293 0.193344 0.203468 0.214789 0.201604 0.204929 0.189495 0.205292 0.201402 0.209752 0.201692 0.189577 0.238161 0.203469 0.227743 0.207916 0.189361 0.201909 0.204929 0.202905 0.200873 0.189383 0.243924 0.201571 0.238161 0.201616 0.197219 0.202167 0.206789 0.20817 0.202175 0.197178 0.201604 0.208171 0.206752 0.210125 0.189337 0.200832 0.207916 0.201854 0.200386 0.195162 0.228043 0.203245 0.243924 0.206789 0.189302 0.200853 0.205161 0.201706 0.200858 0.189302 0.206752 0.201706 0.20515 0.202411 0.198834 0.202275 0.210125 0.208691 0.20673 0.218926 0.200348 0.212615 0.228043 0.205161 0.189248 0.201752 0.202937 0.202766 0.201757 0.189248 0.20515 0.202767 0.202946 0.203477 0.19353 0.224572 0.202411 0.21482 0.218464 0.189998 0.206586 0.208452 0.200348 0.202937 0.189273 0.204284 0.200449 0.208984 0.204294 0.189272 0.202946 0.209001 0.20046 0.205878 0.189224 0.216055 0.203477 0.208251 0.21118 0.189241 0.206077 0.206814 0.206586 0.200449 0.189285 0.207819 0.200398 0.215663 0.20788 0.189284 0.20046 0.215757 0.200378 0.208726 0.189277 0.203559 0.208808 0.206077 0.203638 0.189296 0.209477 0.205878 0.208927 0.200398 0.189301 0.208665 0.203638 0.215898 0.208664 0.189297 0.200378 0.216055 0.203559 0.203481 0.189328 0.200169 0.204371 0.200399 0.200169 0.189328 0.203481 0.200399 0.20437 0.200626 0.186782 0.200102 0.203481 0.200178 0.200102 0.186782 0.200626 0.200178 0.203481 0.178207 0.200191 0.200516 0 0 0.200191 0.178207 0 0 0.200516 0.201607 0.175417 0.200601 0.204821 0.2037 0.175462 0.204468 0.210902 0.200601 0.201878 0.175349 0.204622 0.201851 0.204468 0.202038 0.175358 0.201461 0.201607 0.202176 0.202292 0.175243 0.201148 0.202038 0.201172 0.201185 0.1753 0.206342 0.201913 0.204622 0.202946 0.175345 0.201682 0.202292 0.203202 0.202214 0.177951 0.203728 0.212001 0.206342 0.203609 0.185967 0.215742 0.202946 0.268622 0.222788 0.189345 0.201017 0.319368 0.203728 0.200753 0.17803 0.273199 0.203609 0.270528 0.222373 0.175577 0.203101 0.221525 0.201017 0.2015 0.174847 0.216002 0.200753 0.209146 0.208751 0.174843 0.201755 0.207191 0.203101 0.200676 0.17477 0.205134 0.2015 0.20508 0.204361 0.174758 0.200701 0.205077 0.201755 0.202846 0.174692 0.200044 0.205548 0.200701 0.200039 0.174695 0.202942 0.200676 0.205518 0.200669 0.174653 0.200734 0.200335 0.201598 0.200734 0.174652 0.200669 0.201598 0.200335 0.200335 0.174655 0.201417 0.200015 0.203747 0.201417 0.174655 0.200335 0.203746 0.200015 0.201853 0.17465 0.200133 0.204118 0.200044 0.200147 0.174651 0.201862 0.200039 0.204114 0.202558 0.174647 0.200015 0.205304 0.200487 0.200015 0.174647 0.202559 0.200486 0.205305 0.200486 0.174649 0.204726 0.201265 0.204936 0.204724 0.174648 0.200487 0.204936 0.201264 0.200437 0.174623 0.20121 0.200147 0.202075 0.201204 0.174623 0.200414 0.202078 0.200133 0.215059 0.174644 0.201264 0.208746 0.200642 0.201265 0.174644 0.215091 0.200641 0.208749 0.200641 0.17742 0.267286 0.202521 0.266779 0.266836 0.177407 0.200642 0.266597 0.202476 0.200398 0.174598 0.200763 0.200583 0.200669 0.200763 0.174598 0.200398 0.200669 0.200583 0.200777 0.1746 0.200971 0.200437 0.201185 0.20097 0.1746 0.200747 0.201188 0.200414 0.202521 0.183927 0.214388 0.201419 0.261334 0.214335 0.183816 0.202476 0.261036 0.201382 0.201572 0.174749 0.201382 0.203011 0.200747 0.201419 0.174751 0.20157 0.200777 0.203007 0.200941 0.174304 0.200246 0.200763 0.200438 0.200246 0.174304 0.200941 0.200438 0.200763 0.200907 0.172816 0.200147 0.200941 0.200292 0.200148 0.172816 0.200907 0.200292 0.200941 0.200203 0.164283 0.200082 0.200907 0.200163 0.200082 0.164283 0.200203 0.200163 0.200907 0.200626 0.200173 0 0.154906 0.200109 0.200109 0.154906 0 0.200173 0.200626 0.200562 0.129677 0.200832 0.205795 0.20112 0.129676 0.201058 0.202877 0.200832 0.200568 0.129481 0.201524 0.200562 0.202776 0.201063 0.129484 0.201192 0.201978 0.201058 0.200814 0.129121 0.201726 0.200568 0.203057 0.201178 0.129167 0.201743 0.202848 0.201192 0.200951 0.128897 0.203868 0.200814 0.210866 0.202253 0.129194 0.200562 0.211174 0.201743 0.20274 0.131285 0.219805 0.200951 0.301335 0.206782 0.129667 0.200467 0.238825 0.200562 0.20144 0.128867 0.227192 0.20274 0.253204 0.205493 0.127921 0.200928 0.210673 0.200467 0.200276 0.127399 0.207893 0.20144 0.206798 0.203513 0.127371 0.200523 0.204136 0.200928 0.200141 0.12708 0.202578 0.200276 0.203226 0.20181 0.12708 0.200197 0.202907 0.200523 0.201039 0.126872 0.20004 0.202552 0.200197 0.200028 0.126872 0.201176 0.200141 0.202662 0.200773 0.126731 0.200028 0.202319 0.20004 0.200029 0.126731 0.200811 0.200028 0.202371 0.200091 0.126642 0.200849 0.200029 0.201979 0.200825 0.126642 0.200084 0.201959 0.200028 0.200172 0.126622 0.200386 0.200073 0.20168 0.200776 0.126622 0.200073 0.202224 0.200061 0.200386 0.126622 0.200172 0.20168 0.200073 0.200073 0.126622 0.200776 0.200061 0.202224 0.202116 0.126608 0.200061 0.202862 0.200203 0.200061 0.126608 0.202119 0.200203 0.202864 0.200274 0.126599 0.201299 0.200091 0.20263 0.201278 0.126599 0.200251 0.202615 0.200084 0.20756 0.126618 0.200203 0.206296 0.201797 0.200203 0.126618 0.207587 0.201814 0.206303 0.201814 0.127521 0.227451 0.202732 0.251803 0.227234 0.127513 0.201797 0.251552 0.202672 0.2035 0.126752 0.200507 0.209848 0.200251 0.200528 0.126756 0.203538 0.200274 0.209921 0.219472 0.129238 0.202672 0.295001 0.200507 0.202732 0.12928 0.219707 0.200528 0.296037 0.200271 0.12656 0.200287 0.20091 0.200172 0.200287 0.12656 0.200271 0.200172 0.20091 0.200341 0.126237 0.200246 0.200287 0.200475 0.200246 0.126237 0.200341 0.200475 0.200287 0.200381 0.124808 0.200212 0.200341 0.200332 0.200212 0.124808 0.200381 0.200332 0.200341 0.200313 0.118419 0.200164 0.200381 0.20019 0.200164 0.118419 0.200313 0.20019 0.200381 0.200067 0.0839572 0.20011 0.200313 0.200104 0.20011 0.0839572 0.200067 0.200104 0.200313 0.200203 0.200094 0 0.0512636 0.200034 0.200034 0.0512636 0 0.200094 0.200203 
</DataArray>
<DataArray type="Float64" Name="wall variable 2" format="ascii">
0 0 0 0 0 0 4.57565e-09 0 0 0 3.66781e-08 0 0 0 2.28472e-07 0 0 0 8.95467e-07 0 0 0 1.9163e-06 0 2.79422e-07 0 1.73881e-06 0 1.54952e-06 0 0 0 1.08304e-06 0 0 0 3.77476e-07 0 0 0 4.66027e-08 0 0 0 0 0 0 0 0 0 2.91771e-07 0 0 0 1.075e-06 0 0 0 1.94863e-06 0 1.01958e-06 0 1.25703e-06 0 1.96953e-06 0 0 0 1.19516e-06 0 0 0 3.95789e-07 0 0 0 4.42392e-08 0 0 0 0 0 0 0 0 0 2.8947e-07 0 0 0 1.02252e-06 0 0 0 1.75508e-06 0 1.44517e-06 0 8.36146e-07 0 2.02089e-06 0 0 0 1.04416e-06 0 0 0 2.96345e-07 0 0 0 4.35949e-08 0 0 0 0 0 0 0 0 0 6.55292e-08 0 0 0 3.38559e-07 0 0 0 1.11829e-06 0 0 0 2.02607e-06 0 8.91566e-07 0 1.31453e-06 0 1.73086e-06 0 0 0 9.98098e-07 0 0 0 2.70989e-07 0 0 0 0 0 0 0 0 0 5.31416e-08 0 0 0 3.80381e-07 0 0 0 1.08445e-06 0 0 0 1.55028e-06 0 1.7381e-06 0 2.80174e-07 0 1.91592e-06 0 0 0 8.95359e-07 0 0 0 2.28454e-07 0 0 0 3.6676e-08 0 0 0 4.57543e-09 0 0 0 0 0 0 0 1.62336e-07 0 0 0 9.45496e-07 0 0 2.03331e-06 7.63295e-06 0 0 1.65962e-05 4.51472e-05 0 0 9.32637e-05 0.000169498 0 0 0.000305589 0.000394794 0 0 0.000539718 0.000574506 8.91038e-05 0 0.000423452 0.000532256 0.000446085 0 0 0.000339176 0.0003762 0 0 0.000182345 0.000165244 0 0 0.000115987 1.58267e-05 0 0 0.000109371 0 0 0 0.000163064 0 0 0.000136349 0.000316682 0 0 0.000373459 0.00055055 0 0 0.000546862 0.000687333 0.000260645 0 0.000308685 0.000576354 0.000553732 0 0 0.000341534 0.000408664 0 0 0.00017377 0.000169341 0 0 0.000106944 1.45154e-05 0 0 0.00010111 0 0 0 0.000153706 0 0 0.000134704 0.000300614 0 0 0.00036022 0.000515375 0 0 0.000507483 0.000613279 0.000363542 0 0.000223037 0.000460362 0.00058006 0 0 0.000219487 0.000364139 0 0 7.29587e-05 0.000128617 0 0 2.34868e-05 2.44469e-05 0 0 1.45579e-05 0 0 0 2.61142e-05 0 0 3.20542e-05 8.24052e-05 0 0 0.000146044 0.000239488 0 0 0.000389147 0.00048025 0 0 0.00057749 0.000618832 0.000230139 0 0.0003298 0.000515882 0.000495856 0 0 0.000303953 0.000352118 0 0 0.000159131 0.000129701 0 0 0.000108008 0 0 0 0.000115388 0 0 1.78985e-05 0.00018202 0 0 0.000166018 0.000338949 0 0 0.000376515 0.000532073 0 0 0.000446251 0.000574383 0.000423285 0 8.92734e-05 0.000394736 0.000539617 0 0 0.00016948 0.000305553 0 0 4.5144e-05 9.32565e-05 0 0 7.6326e-06 1.65954e-05 0 0 9.4547e-07 2.03324e-06 0 0 1.62334e-07 0 0 0 0 0 0 1.24076e-05 0 0 8.15125e-05 7.1032e-05 0 0 0.000567307 0.000489375 0 0 0.00226328 0.00217604 0 0 0.00494112 0.00597292 0 0 0.00633977 0.0109926 5.68533e-05 0 0.00454522 0.0146754 0.00419382 0 0 0.0147262 0.00474178 0 0 0.0116213 0.00235395 0 0 0.00830036 0.00039958 0 0 0.00673306 0 0 0 0.00637695 0 0 0.00190667 0.00753063 0 0 0.00509945 0.011112 0 0 0.00598264 0.0156757 0.00251578 0 0.00285669 0.0180518 0.00603841 0 0 0.0162785 0.00553535 0 0 0.0118522 0.00258918 0 0 0.00796507 0.000347353 0 0 0.00622253 0 0 0 0.00591194 0 0 0.00202332 0.00716424 0 0 0.00510024 0.0107351 0 0 0.00580774 0.01509 0.00399581 0 0.00209439 0.0167244 0.00712464 0 0 0.0135835 0.0059567 0 0 0.00805846 0.00292761 0 0 0.00359568 0.000676823 0 0 0.00152823 0 0 0 0.00108537 0 0 0.000936335 0.00171416 0 0 0.00330076 0.00405317 0 0 0.00618527 0.00867268 0 0 0.00678265 0.0138793 0.00196303 0 0.00344872 0.0164873 0.00538508 0 0 0.0148426 0.00480632 0 0 0.010743 0.00180017 0 0 0.00738072 0 0 0 0.00630945 0 0 0.000442546 0.00670207 0 0 0.00237248 0.00828651 0 0 0.00474762 0.0116134 0 0 0.00419668 0.0147205 0.0045427 0 5.96524e-05 0.0146718 0.00633818 0 0 0.0109908 0.00494042 0 0 0.00597223 0.00226307 0 0 0.00217586 0.000567272 0 0 0.000489347 8.1509e-05 0 0 7.10294e-05 1.24073e-05 0 0 0 0 0 0 0.000330547 0 0 0.00133035 0.00147497 0 0 0.00613342 0.00651082 0 0 0.0135199 0.0174584 0 0 0.0188944 0.0321608 0 0 0.0196573 0.0470687 0 0 0.0156197 0.0599249 0.00233964 0 0.00728966 0.0688095 0.0067281 0 0 0.0729002 0 0 0 0.0777172 0.0032489 0 0.00122735 0.0891348 0.00165204 0 0 0.0849146 0 0 0 0.0722267 0 0 0.0139199 0.0744652 0 0 0.0137958 0.0818982 0.00652775 0 0.00452772 0.085519 0.0143922 0 0 0.0832826 0.0142538 0 0 0.0775054 0.00272213 0 0 0.0751703 0.00278986 0 0 0.0816007 0 0 0 0.0778332 0 0 0.0010602 0.0688024 0 0 0.0159638 0.0733665 0 0 0.0155014 0.0819674 0.0147289 0 0.00283784 0.0829659 0.0248357 0 0 0.0708416 0.0255631 0 0 0.051499 0.017398 0 0 0.0321917 0.00471847 0 0 0.0202229 0 0 0 0.0176957 0 0 0.0073884 0.0228341 0 0 0.0190445 0.0361237 0 0 0.0247203 0.0541151 0 0 0.0212853 0.0691669 0.000593849 0 0.0118732 0.0772994 0.0113207 0 0 0.0774067 0.0126628 0 0 0.0720728 0 0 0 0.0708469 0 0 0.00210507 0.0839898 0.00102262 0 0.00359424 0.0886593 0 0 0 0.0775441 0 0 0.00678774 0.0728227 0.00726791 0 0.00236909 0.0687652 0.0156044 0 0 0.0599 0.019648 0 0 0.0470561 0.0188898 0 0 0.0321554 0.0135182 0 0 0.0174566 0.00613297 0 0 0.00651039 0.00133029 0 0 0.0014749 0.000330537 0 0 0 0 0 0 0.00388699 0 0 0.00624285 0.0103795 0 0 0.0185486 0.0233466 0 0 0.025727 0.0378926 0 0 0.027659 0.0514987 0 0 0.0262483 0.0644116 0 0 0.0236862 0.0800352 0 0 0.0202254 0.102141 0 0 0.0180107 0.14248 0 0 0.0245129 0.24603 0 0 0.0548516 0.45564 0.0332937 0 0.0124856 0.465383 0.000969346 0 0 0.267677 0.000622512 0 0 0.179076 0.00618164 0 0 0.148877 0.0089078 0 0 0.137252 0.00732511 0 0 0.139445 0 0 0 0.164954 0 0 0.00427482 0.251401 0 0 0.0390314 0.427641 0.0252385 0 0.00812694 0.429389 0 0 0 0.259422 0 0 0.00723771 0.183965 0.00414974 0 0.00781779 0.160927 0.0250761 0 0 0.149875 0.0342891 0 0 0.131632 0.0385601 0 0 0.114781 0.0312882 0 0 0.100156 0.00523366 0 0 0.100946 0 0 0 0.117381 0 0 0.012682 0.113702 0 0 0.0287487 0.108126 0 0 0.0305093 0.111437 0 0 0.024355 0.116106 0 0 0.0186823 0.12525 0 0 0.012192 0.141789 0 0 0.00420888 0.17406 0 0 0.00279152 0.262783 0.0115005 0 0.0341129 0.4598 0.0542009 0 0 0.452704 0.0243126 0 0 0.245293 0.017921 0 0 0.142266 0.0201739 0 0 0.102048 0.0236547 0 0 0.0799887 0.0262293 0 0 0.0643877 0.0276481 0 0 0.0514867 0.0257217 0 0 0.0378872 0.0185465 0 0 0.0233447 0.00624246 0 0 0.010379 0.00388687 0 0 0 0 0 0 0.0161708 0 0 0.00758094 0.0246531 0 0 0.0240887 0.0328892 0 0 0.0266225 0.0404952 0 0 0.0240075 0.0468247 0 0 0.02147 0.0542999 0 0 0.02055 0.0670425 0 0 0.0209338 0.0859797 0 0 0.022198 0.123213 0 0 0.0254636 0.247285 0 0 0.0491141 0.631208 0 0 0.0758793 0.750064 0 0 0.0380203 0.372827 0.0144763 0 0.00270091 0.209632 0.0150819 0 0 0.151595 0.0102784 0 0 0.127876 0.00523961 0 0 0.124875 0 0 0 0.15154 0 0 0.00145629 0.271488 0 0 0.0314868 0.636763 0 0 0.0652957 0.734416 0 0 0.0384741 0.378368 0 0 0.0137382 0.225991 0.00314533 0 5.94847e-05 0.178714 0.0286808 0 0 0.168996 0.0282785 0 0 0.143513 0.0318773 0 0 0.139437 0.0374164 0 0 0.152386 0.0158205 0 0 0.212791 0 0 0 0.297843 0 0 0.00373081 0.22215 0 0 0.0228133 0.143978 0 0 0.0199068 0.119314 0 0 0.0156404 0.112422 0 0 0.0164766 0.121336 0 0 0.019012 0.147391 0.00109042 0 0.0170383 0.205932 0.0367728 0 0 0.368175 0.0751727 0 0 0.743528 0.0488925 0 0 0.628354 0.0253528 0 0 0.246819 0.022128 0 0 0.123086 0.0208906 0 0 0.0859167 0.0205231 0 0 0.0670097 0.0214527 0 0 0.0542828 0.0239962 0 0 0.0468153 0.0266155 0 0 0.04049 0.0240851 0 0 0.0328865 0.0075801 0 0 0.0246518 0.0161702 0 0 0 0.00514933 0 0 0 0.0270647 0 0.0252909 0 0 0.0216051 0.030018 0 0 0 0.0195149 0.0349253 0 0 0 0.0151235 0.0379339 0 0 0 0.0121621 0.0425961 0 0 0 0.0116167 0.0524936 0 0.00030027 0 0 0.0143886 0.0665644 0 0.000509645 0 0.017064 0.0939443 0 0.00011808 0 0.0173176 0.188209 0 0 0 0.0360717 0.575271 0 0 0 0.163419 0.829167 0 0 0.144768 0.437232 0.00942097 0 0 0 0.215131 0.0296623 0 0 0 0.135034 0.0193405 0.00167544 0 0 0.105548 0.00896199 0.00222981 0 0 0.0990778 0.00342679 0.00195392 0 0 0.117528 0.00126155 0.00123759 0 0 0.209115 0 0 0 0.020718 0.590651 0 0 0 0.150007 0.829976 0 0 0 0.144577 0.445924 0 0 0 0.00221773 0.233366 0.0135522 0 0 0 0.166866 0 0.00357911 0 0.00742011 0.181182 0.0345463 0 0.00405784 0 0 0.130588 0.0145315 0 0.00284198 0 0.135709 0.0108182 0 0 0 0.172082 0.0388203 0 0 0 0.265466 0.0687715 0 0 0 0.373669 0.00880134 0 0 0 0.233144 0 0 0 0.0153318 0.134269 0 0 0 0.0084829 0.104761 0 0 0.000735715 0.0070024 0.0946458 0 0 0.00137993 0.011195 0.103026 0 0 0.00191378 0.0206893 0.133252 0 0 0.00142985 0.0305316 0.213078 0 0 0 0.010021 0.433391 0.14331 0 0 0 0.823414 0.162715 0 0 0 0.573261 0.0359689 0 0 0 0.187966 0.0172614 0 0 0 0.0938851 0.0170266 0 0.0001124 0 0.0665355 0.0143669 0 0.000506817 0 0.0524788 0.0116036 0 0.000299195 0 0.0425887 0.0121531 0 0 0 0.0379298 0.0151167 0 0 0 0.0349228 0.0195097 0 0 0 0.0300164 0.0216019 0 0 0 0.0252897 0 0 0.0270635 0 0 0 0.00514962 0 0.0226159 0 0 0.022719 0.0297458 0 0 0 0.029101 0.0353059 0 0 0 0.0212005 0.0379033 0 0 0 0.0157356 0.0367855 0 0 0 0.0123497 0.0436146 0 0.00265987 0 0 0.011341 0.0598403 0 0.00458643 0 0.0114151 0.0787043 0 0.00710464 0 0.00445032 0.10302 0.0129071 0.0145689 0 0 0.179519 0.0114261 0.0216994 0 0 0.787487 0 0 0 0.197467 1.31278 0 0 0 0.146587 0.29881 0.010603 0 0 0.110502 0.0128525 0.00792772 0 0 0.0790883 0.00350287 0.009529 0 0 0.0802919 0 0.00861679 0 0.00112658 0.0913404 0.00510909 0.00985083 0 0 0.11395 0.0212165 0.016482 0 0 0.19575 0.0178838 0.0209493 0 0 0.836176 0 0 0 0.200878 1.42777 0 0 0 0.167473 0.332287 0 0 0 0.00527659 0.12416 0 0.0111936 0 0.00642244 0.0997906 0 0.0180354 0 0.0303655 0.1533 0.0320103 0 0.0211505 0 0 0.103304 0.0212358 0 0.0287804 0 0.103373 0.0138974 0 0.0193373 0 0.171372 0.0363199 0 0 0 0.472751 0.137954 0 0 0 1.01441 0.0102982 0 0 0 0.39115 0 0 0 0.0344303 0.170329 0 0 0.0116239 0.021767 0.115639 0 0 0.0111562 0.00517853 0.0922602 0.000902253 0 0.00817701 0 0.0804952 0 0 0.00790932 0.00371912 0.0792376 0 0 0.00908032 0.0131492 0.110617 0 0 0.0076326 0.0110432 0.297995 0.14536 0 0 0 1.30502 0.196971 0 0 0 0.785665 0 0 0 0.0113454 0.179563 0 0 0.021566 0.0129033 0.103033 0.00444048 0 0.0145323 0 0.0787031 0.0114077 0 0.00709289 0 0.0598391 0.0113357 0 0.00458116 0 0.043615 0.012345 0 0.00265733 0 0.0367866 0.015731 0 0 0 0.0379042 0.021196 0 0 0 0.0353067 0.0290971 0 0 0 0.0297458 0.0227173 0 0 0 0.0226153 0 0 0 0.0300249 0 0 0.0314418 0.0399765 0 0 0 0.0430715 0.0488367 0 0 0 0.029089 0.0454531 0 0 0 0.0244738 0.0430113 0 0.00755964 0 0 0.0196035 0.0688145 0 0.0148897 0 0.0166276 0.114662 0 0.0201759 0 0.00775528 0.148104 0.0270021 0.0256336 0 0 0.145372 0.0859638 0.0282295 0 0 0.203561 0.118003 0.0210204 0 0 0.793072 0 0 0 0.0814935 0.816035 0 0 0 0.0830554 0.0996365 0 0 0 0.0238705 0.0521952 0 0.0112588 0 0.0152465 0.0750603 0 0.0170936 0 0.0141256 0.118584 0 0.0214971 0 0.00666012 0.150885 0.0276532 0.0269479 0 0.148474 0.0874278 0.0291884 0 0 0.212215 0.120914 0.0210441 0 0 0.84455 0 0 0 0.0927873 0.903131 0 0 0 0.0962267 0.102996 0 0 0 0.0296116 0.0477596 0 0.0189697 0 0.0207298 0.073171 0 0.0286777 0 0.0206544 0.126359 0 0.0405421 0 0 0.0186379 0.220565 0.0748523 0 0.0487635 0 0.0737012 0.0443389 0 0.0436852 0 0.0901065 0.0264524 0 0.0111812 0 0.416684 0.200286 0 0 0 1.63012 0 0 0 0.0820094 0.484623 0 0 0 0.116525 0.206122 0 0 0.020536 0.079389 0.157287 0 0 0.0268564 0.0237317 0.155214 0.00843116 0 0.0266655 0 0.120113 0.014875 0 0.021505 0 0.0756267 0.0156326 0 0.0170063 0 0.0525922 0.0241364 0 0.0110667 0 0.100155 0.0830927 0 0 0 0.814781 0.0815075 0 0 0 0.792581 0 0 0 0.117828 0.203687 0 0 0.0209292 0.0859101 0.145415 0 0 0.028205 0.0269856 0.148117 0.00776031 0 0.0256263 0 0.114666 0.016629 0 0.0201725 0 0.0688169 0.0196035 0 0.0148871 0 0.0430137 0.0244729 0 0.00755769 0 0.0454552 0.0290874 0 0 0 0.0488387 0.0430685 0 0 0 0.039978 0.0314405 0 0 0 0.0300247 0 0 0 0.0372154 0 0 0.0171159 0.0448641 0 0 0 0.0422227 0.0576141 0 0 0 0.0384928 0.0588124 0 0 0.00717448 0.020846 0.0594197 0.0972878 0 0.00598436 0 0.0208724 0.198461 0 0.00522746 0 0.00640413 0.281252 0.000412795 0.0027128 0 0 0.286035 0.0240797 0.00333603 0 0 0.212569 0.105747 0.00199964 0 0 0.223824 0.0855637 0 0 0 0.349806 0 0 0 0.0213051 0.263244 0 0 0 0.0430815 0.0903678 0 0 0.0274371 0.063763 0.103782 0 0.00128558 0 0.0243558 0.199128 0 0.00288467 0 0.0089784 0.280087 0 0.00114374 0 0.00142656 0.287472 0.0227212 0.00224462 0 0 0.217036 0.105664 0.000632736 0 0 0.22678 0.0855809 0 0 0 0.357053 0 0 0 0.0224311 0.277929 0 0 0 0.0427662 0.0957661 0 0 0.0256628 0.0623003 0.105979 0 0.00547289 0 0.022385 0.205407 0 0.00641685 0 0.00842431 0.306603 0 0.00252682 0 0.0108564 0.37736 0.0434824 0 0 0 0.121755 0.0675716 0.029053 0.0106635 0 0.0980517 0.0263797 0.00535246 0 0 0.200061 0.0538269 0 0 0 0.430714 0 0 0 0.0117798 0.285739 0 0 0 0.089568 0.212175 0 0 0 0.098466 0.219968 0 0 0 0.0176741 0.292343 0.00357923 0 0.00111024 0 0.282391 0.00984817 0 0.00067061 0 0.199665 0.0247906 0 0.00280139 0 0.103747 0.0641093 0.0275787 0.0012817 0 0.0903966 0.0434223 0 0 0 0.263531 0.0215714 0 0 0 0.350017 0 0 0 0.0854404 0.223896 0 0 0 0.105695 0.212598 0 0 0.00198383 0.0240572 0.286051 0 0 0.00333008 0.000404129 0.281258 0.00640759 0 0.0027103 0 0.198463 0.0208741 0 0.00522639 0 0.097288 0.0594209 0.0208463 0.00598365 0 0.0588127 0.0384936 0.00717458 0 0 0.0576148 0.0422224 0 0 0 0.0448651 0.0171157 0 0 0 0.0372154 0 0 0.216672 0.0252597 0 0 0 0 0.0252609 0.216672 0 0 0.158566 0.0687918 0 0 0 0 0.068792 0.158564 0 0 0.222386 0 0.0617356 0 0 0.061735 0 0.222389 0 0 0.0785319 0 0.137087 0 0 0.137087 0 0.078537 0 0 0.00993632 0 0.157959 0.0364532 0 0.15796 0 0.00994484 0 0.0364366 0 0 0.13658 0.107911 0 0.136576 0 0 0 0.107882 0 0 0.165645 0.157608 0 0.165636 0 0 0 0.157551 0.0640643 0.0820858 0.00337404 0 0 0.00337384 0.0820845 0.0640634 0 0 0 0.0210853 0.101368 0.0582156 0 0.101348 0.0211545 0 0 0.0580488 0 0.115904 0.0697952 0 0 0.0698064 0.116188 0 0 0 0.0990646 0.148885 0.00391235 0 0 0.00387751 0.149403 0.0996945 0 0 0.23205 0.0422364 0 0 0 0 0.0424422 0.233415 0 0 0.240639 0 0.053752 0 0 0.0537446 0 0.242308 0 0 0.0903966 0 0.128876 0 0 0.12943 0 0.0922264 0 0 0.0149353 0 0.153089 0.0349778 0 0.153983 0 0.0176057 0 0.0305864 0 0 0.135402 0.106799 0 0.13374 0 0 0 0.102339 0 0 0.165727 0.15651 0 0.16048 0.00111434 0 0 0.156788 0 0.021751 0.104449 0.0563023 0 0.095009 0.018865 0 0 0.0769824 0 0.11526 0.0849175 0 0 0.0646349 0.0815348 0 0 0 0.111832 0.145735 0.0147577 0 0 0.0555002 0.259582 0.0179061 0 0 0.248912 0.0337976 0 0 0 0 0.136487 0.276252 0 0 0.247969 0 0.0581536 0 0 0 0.0174445 0.369219 0 0 0.0958506 0 0.142417 0 0 0.050331 0 0.340873 0 0 0.028021 0 0.194964 0 0 0.0148222 0.0255185 0.171557 0 0.149103 0 0.0728729 0 0 0.072873 0 0.1491 0 0 0.12296 0 0.132034 0 0 0.132035 0 0.122961 0 0 0.158326 0.00904556 0.0373204 0 0 0.0373213 0.00904676 0.15832 0 0 0.196906 0 0.0485631 0 0.0496744 0.0485568 0 0.196903 0.0496886 0 0 0 0.215351 0.146356 0 0.215358 0 0 0 0.146327 0 0 0.223031 0.178542 0 0.223039 0 0 0 0.178471 0 0 0.326876 0.130632 0 0.326799 0 0 0 0.130496 0.0792639 0 0.274091 0 0 0.00639084 0 0.426138 0 0 0.200127 0.470741 0 0 0.470342 0.200239 0 0 0 0.162368 0 0.149901 0 0 0.0693493 0 0.526032 0 0 0.212668 0 0.0790671 0 0 0.040949 0 0.618206 0 0 0.13959 0.283482 0.0970352 0 0 0.0973859 0.283271 0.139553 0 0 0.273317 0.015569 0.0386925 0 0 0.00447767 0.228623 0.630753 0 0 0.217623 0.0182378 0.0409198 0 0 0.0411292 0.0185103 0.217912 0 0 0.173019 0.322091 0.102507 0 0 0.312111 0.802413 0.0221634 0 0 0.17073 0 0.0750269 0 0 0.0752502 0 0.171888 0 0 0 0.214373 0.506166 0 0 0.487788 0.0963194 0 0 0 0.127959 0 0.1338 0 0 0.134503 0 0.129968 0 0 0 0 0.338323 0.130791 0 0.274682 0 0 0 0.182217 0.0486986 0 0.198906 0.0496654 0 0.201403 0 0.0515012 0 0.0457329 0.225383 0 0 0 0.181421 0 0 0.228492 0.181945 0 0 0 0.218011 0.147672 0 0.221333 0 0 0 0.1433 0.151091 0.0442941 0.015116 0 0 0.0151179 0.0442933 0.151082 0 0 0.0732298 0.0568754 0.00590906 0 0 0.00591064 0.0568735 0.0732261 0 0 0.0308312 0.0366844 0 0 0 0.0366834 0.0308308 0 0 0 0.0938507 0 0.0564069 0 0.136611 0 0.165075 0 0 0.0934724 0 0.165536 0 0 0.108697 0 0.0770591 0 0 0.113555 0 0.0639005 0 0 0.0704021 0.0110389 0.187347 0 0 0.146761 0.0278815 0.0776281 0 0 0.118334 0.206104 0.189601 0 0 0.275135 0.411632 0.426812 0 0 0.729689 0.615293 0.100955 0 0 0 0.171214 1.07864 0 0 0.600342 0.0865194 0 0 0 0 0 0.355362 0.0251888 0 0.254253 0 0 0 0.0895065 0 0 0.164195 0.0820189 0 0.159123 0 0 0 0.0820539 0.123218 0 0 0 0.0553414 0 0 0.122154 0.0581635 0 0.0511468 0 0.052487 0 0 0.0524869 0 0.0511368 0 0 0.0353355 0 0.0787881 0.00344417 0 0.0787879 0 0.0353282 0 0.00344379 0.0916871 0 0.0235869 0 0.0120629 0.0232396 0 0.091067 0.0134498 0 0.113094 0 0 0 0.0500288 0 0 0.113094 0.0500478 0 0 0 0.154564 0.0758832 0 0.154565 0 0 0 0.0758035 0.040799 0 0.0686022 0 0 0.0687125 0 0.0405336 0 0 0.334534 0 0 0 0.0241538 0 0 0.334795 0.0242707 0 0 0.154787 0.983589 0 0 0.980404 0.154753 0 0 0 0.0348707 0.000787873 0.0550898 0 0 0.0551003 0.000786861 0.0348697 0 0 0.0545098 0 0.0567852 0 0 0.0568339 0 0.0538305 0 0 0.224813 0.361947 0.386459 0 0 0.385897 0.360065 0.223295 0 0 0.0727614 0.0228654 0.0907444 0 0 0.091921 0.0228137 0.0725809 0 0 0.06468 0.0084857 0.0243356 0 0 0.0243377 0.00848537 0.0646698 0 0 0.0696446 0.0216369 0.0149025 0 0 0.0149054 0.0216354 0.0696363 0 0 0.0353912 0.0188736 0.00678991 0 0 0.00679233 0.0188727 0.0353878 0 0 0 0 0 0.0123587 0.0326788 0.0326784 0.0123587 0 0 0 0.0676697 0 0.0827843 0 0.0918508 0 0.0866892 0 0 0.0540987 0 0.110259 0 0 0.0877437 0.00391171 0.0828636 0 0 0.0461891 0.00615374 0.117839 0 0 0.0920258 0.0267056 0.0896645 0 0 0.0446677 0.062447 0.193584 0 0 0.13768 0.106851 0.0553022 0 0 0.255451 0.266999 0.601791 0 0 0.341385 0.185299 0.0598275 0 0 0.117334 0.132416 0.73912 0 0 0.310559 0.0518052 0 0 0 0 0.01311 0.321283 0 0 0.184485 0.00387068 0 0 0.0259126 0 0 0.145573 0.00307997 0 0.117903 0 0 0 0.0325665 0.0881911 0 0 0 0.024186 0 0 0.0939223 0.0173217 0 0.0755938 0 0 0 0.0155806 0 0 0.0773793 0.0121966 0 0 0 0.0789403 0.00620291 0 0.0778847 0 0 0 0.00885654 0.0263581 0 0.04916 0 0 0.0730047 0 0.0151477 0 0 0.0491517 0 0.0263329 0 0 0.0151778 0 0.0730291 0 0 0.129411 0 0.00397537 0 0 0.00401599 0 0.12952 0 0 0.00227914 0.00549735 0.0993564 0.00455066 0 0.0984705 0.00558311 0.00063177 0 0.00672756 0.309374 0.0107093 0.0150796 0 0 0.0151888 0.0107218 0.310086 0 0 0.136461 0.115804 0.724246 0 0 0.720536 0.115298 0.135771 0 0 0.181429 0.0534805 0.0148723 0 0 0.0162088 0.0540646 0.182698 0 0 0.58636 0.242222 0.250046 0 0 0.2527 0.24429 0.591011 0 0 0.0367228 0.000369599 0.0312777 0 0 0.0312978 0.000369433 0.0367265 0 0 0.0343525 0.0019673 0.028877 0 0 0.0288756 0.00196679 0.0343371 0 0 0.0394108 0.00525519 0.0228823 0 0 0.0228824 0.00525419 0.0393995 0 0 0.0402054 0.00817332 0.015521 0 0 0.0155219 0.00817226 0.0401984 0 0 0.0228418 0.00367573 0.00714308 0 0 0.00714411 0.00367547 0.0228394 0 0 0 0 0 0.00167506 0.0131479 0.0131486 0.00167508 0 0 0 
</DataArray>
</CellData>
</Piece>
</UnstructuredGrid>
</VTKFile>
