<VTKFile type="UnstructuredGrid" version="0.1">
<UnstructuredGrid>
<Piece  NumberOfPoints="    3741" NumberOfCells="    2884">
<Points>
<DataArray type="Float64" NumberOfComponents="3" format="ascii">
-0.195843 -10.1717 0 
-0.195124 -10.1667 0 
-0.194279 -10.1606 0 
-0.193273 -10.1531 0 
-0.192031 -10.1444 0 
-0.190441 -10.1344 0 
-0.188375 -10.1232 0 
-0.185698 -10.1107 0 
-0.18229 -10.0974 0 
-0.178055 -10.0832 0 
-0.172925 -10.0685 0 
-0.166861 -10.0535 0 
-0.159848 -10.0385 0 
-0.151896 -10.0236 0 
-0.143027 -10.0092 0 
-0.13328 -9.99527 0 
-0.122698 -9.98215 0 
-0.111332 -9.96993 0 
-0.0992353 -9.95877 0 
-0.0864671 -9.94877 0 
-0.073091 -9.94007 0 
-0.0591782 -9.93277 0 
-0.0448108 -9.92696 0 
-0.0300836 -9.92274 0 
-0.0151059 -9.92018 0 
6.47156e-07 -9.91932 0 
0.0151072 -9.92018 0 
0.0300849 -9.92274 0 
0.0448121 -9.92696 0 
0.0591795 -9.93277 0 
0.0730923 -9.94007 0 
0.0864684 -9.94877 0 
0.0992366 -9.95877 0 
0.111333 -9.96993 0 
0.122699 -9.98215 0 
0.133281 -9.99527 0 
0.143029 -10.0092 0 
0.151897 -10.0236 0 
0.15985 -10.0385 0 
0.166862 -10.0535 0 
0.172927 -10.0685 0 
0.178057 -10.0832 0 
0.182291 -10.0974 0 
0.185699 -10.1107 0 
0.188376 -10.1232 0 
0.190443 -10.1344 0 
0.192032 -10.1444 0 
0.193275 -10.1531 0 
0.194281 -10.1606 0 
0.195125 -10.1667 0 
0.195844 -10.1717 0 
-1.37993 -10.0707 0 
-1.37454 -9.9771 0 
-1.36581 -9.85846 0 
-1.35292 -9.72313 0 
-1.33528 -9.57848 0 
-1.31254 -9.42974 0 
-1.28465 -9.28038 0 
-1.25166 -9.13258 0 
-1.21373 -8.98783 0 
-1.171 -8.84714 0 
-1.12365 -8.71133 0 
-1.07185 -8.58105 0 
-1.01578 -8.4569 0 
-0.95564 -8.3394 0 
-0.891631 -8.22905 0 
-0.823971 -8.12632 0 
-0.752882 -8.03162 0 
-0.678591 -7.94537 0 
-0.601328 -7.86793 0 
-0.521325 -7.79969 0 
-0.438825 -7.74101 0 
-0.354092 -7.69225 0 
-0.267432 -7.6538 0 
-0.179217 -7.62601 0 
-0.0898969 -7.60918 0 
6.47156e-07 -7.60355 0 
0.0898982 -7.60918 0 
0.179219 -7.62601 0 
0.267434 -7.6538 0 
0.354093 -7.69225 0 
0.438826 -7.74101 0 
0.521326 -7.79969 0 
0.601329 -7.86793 0 
0.678593 -7.94537 0 
0.752883 -8.03162 0 
0.823972 -8.12632 0 
0.891632 -8.22905 0 
0.955641 -8.3394 0 
1.01578 -8.4569 0 
1.07185 -8.58105 0 
1.12365 -8.71133 0 
1.171 -8.84714 0 
1.21373 -8.98783 0 
1.25166 -9.13258 0 
1.28465 -9.28038 0 
1.31254 -9.42974 0 
1.33528 -9.57848 0 
1.35293 -9.72313 0 
1.36581 -9.85846 0 
1.37454 -9.9771 0 
1.37994 -10.0707 0 
-2.74658 -10.0195 0 
-2.73674 -9.81019 0 
-2.71913 -9.54401 0 
-2.69214 -9.2492 0 
-2.65498 -8.94344 0 
-2.60744 -8.63612 0 
-2.54964 -8.33219 0 
-2.48182 -8.03447 0 
-2.40426 -7.74483 0 
-2.31729 -7.4647 0 
-2.22124 -7.1953 0 
-2.11651 -6.93771 0 
-2.00349 -6.69296 0 
-1.88261 -6.46199 0 
-1.75433 -6.2457 0 
-1.61911 -6.04489 0 
-1.47744 -5.86036 0 
-1.32983 -5.6928 0 
-1.17677 -5.54289 0 
-1.01877 -5.41126 0 
-0.856368 -5.2985 0 
-0.690118 -5.20519 0 
-0.520628 -5.13187 0 
-0.348579 -5.07907 0 
-0.174749 -5.04719 0 
6.47156e-07 -5.03653 0 
0.17475 -5.04719 0 
0.34858 -5.07907 0 
0.520629 -5.13187 0 
0.690119 -5.20519 0 
0.856369 -5.2985 0 
1.01877 -5.41126 0 
1.17677 -5.54289 0 
1.32983 -5.6928 0 
1.47745 -5.86036 0 
1.61911 -6.04489 0 
1.75433 -6.2457 0 
1.88261 -6.46199 0 
2.00349 -6.69296 0 
2.11651 -6.93771 0 
2.22125 -7.1953 0 
2.31729 -7.4647 0 
2.40426 -7.74483 0 
2.48182 -8.03447 0 
2.54965 -8.33219 0 
2.60744 -8.63612 0 
2.65498 -8.94344 0 
2.69214 -9.2492 0 
2.71913 -9.54401 0 
2.73674 -9.81019 0 
2.74658 -10.0195 0 
-4.12124 -9.98856 0 
-4.10801 -9.65139 0 
-4.08234 -9.22757 0 
-4.04191 -8.76872 0 
-3.98587 -8.30052 0 
-3.91418 -7.83433 0 
-3.82707 -7.37556 0 
-3.7249 -6.92729 0 
-3.6081 -6.49177 0 
-3.47715 -6.07086 0 
-3.33255 -5.66627 0 
-3.17488 -5.27958 0 
-3.00475 -4.9123 0 
-2.82282 -4.56586 0 
-2.62979 -4.24158 0 
-2.42638 -3.94071 0 
-2.21335 -3.66442 0 
-1.99147 -3.41376 0 
-1.76155 -3.18974 0 
-1.52439 -2.99326 0 
-1.28083 -2.82518 0 
-1.03174 -2.6863 0 
-0.778046 -2.57734 0 
-0.520768 -2.49897 0 
-0.261017 -2.4517 0 
6.47156e-07 -2.43591 0 
0.261018 -2.4517 0 
0.52077 -2.49897 0 
0.778047 -2.57734 0 
1.03174 -2.6863 0 
1.28083 -2.82518 0 
1.52439 -2.99326 0 
1.76155 -3.18974 0 
1.99147 -3.41376 0 
2.21335 -3.66442 0 
2.42638 -3.94071 0 
2.62979 -4.24158 0 
2.82282 -4.56586 0 
3.00475 -4.9123 0 
3.17488 -5.27958 0 
3.33255 -5.66627 0 
3.47715 -6.07086 0 
3.6081 -6.49177 0 
3.7249 -6.92729 0 
3.82707 -7.37556 0 
3.91418 -7.83433 0 
3.98588 -8.30052 0 
4.04191 -8.76872 0 
4.08234 -9.22757 0 
4.10801 -9.65139 0 
4.12124 -9.98856 0 
-5.4971 -9.96684 0 
-5.48075 -9.49402 0 
-5.44712 -8.90838 0 
-5.39327 -8.28488 0 
-5.3184 -7.65479 0 
-5.22257 -7.03033 0 
-5.10617 -6.41706 0 
-4.96968 -5.8184 0 
-4.81364 -5.23698 0 
-4.63869 -4.67519 0 
-4.44552 -4.13524 0 
-4.23488 -3.61925 0 
-4.0076 -3.12923 0 
-3.76457 -2.66708 0 
-3.50672 -2.2346 0 
-3.23503 -1.83344 0 
-2.95053 -1.46517 0 
-2.65428 -1.13122 0 
-2.34736 -0.832904 0 
-2.0309 -0.571427 0 
-1.70603 -0.347902 0 
-1.37395 -0.163342 0 
-1.0359 -0.0186671 0 
-0.693248 0.0853263 0 
-0.347429 0.148001 0 
6.47156e-07 0.168941 0 
0.347431 0.148001 0 
0.693249 0.0853263 0 
1.03591 -0.0186671 0 
1.37395 -0.163342 0 
1.70603 -0.347902 0 
2.0309 -0.571427 0 
2.34737 -0.832904 0 
2.65428 -1.13122 0 
2.95053 -1.46517 0 
3.23503 -1.83344 0 
3.50672 -2.2346 0 
3.76457 -2.66708 0 
4.0076 -3.12923 0 
4.23488 -3.61925 0 
4.44552 -4.13524 0 
4.63869 -4.67519 0 
4.81364 -5.23698 0 
4.96968 -5.8184 0 
5.10617 -6.41706 0 
5.22257 -7.03033 0 
5.3184 -7.65479 0 
5.39327 -8.28488 0 
5.44712 -8.90838 0 
5.48075 -9.49402 0 
5.4971 -9.96684 0 
-6.87311 -9.95053 0 
-6.85378 -9.33664 0 
-6.81218 -8.58727 0 
-6.74489 -7.79936 0 
-6.65116 -7.00799 0 
-6.5312 -6.22568 0 
-6.38551 -5.45816 0 
-6.21468 -4.70919 0 
-6.01941 -3.98192 0 
-5.80046 -3.27923 0 
-5.5587 -2.60392 0 
-5.29508 -1.9586 0 
-5.01065 -1.34582 0 
-4.70649 -0.767943 0 
-4.38381 -0.227224 0 
-4.04382 0.274242 0 
-3.68784 0.734508 0 
-3.3172 1.15178 0 
-2.93327 1.5244 0 
-2.53748 1.85089 0 
-2.13129 2.12987 0 
-1.71619 2.36011 0 
-1.29379 2.5405 0 
-0.865741 2.67011 0 
-0.433848 2.7482 0 
6.47246e-07 2.77428 0 
0.433849 2.7482 0 
0.865743 2.67011 0 
1.29379 2.5405 0 
1.7162 2.36011 0 
2.13129 2.12987 0 
2.53748 1.85089 0 
2.93327 1.5244 0 
3.3172 1.15178 0 
3.68784 0.734508 0 
4.04383 0.274242 0 
4.38381 -0.227224 0 
4.7065 -0.767943 0 
5.01065 -1.34582 0 
5.29508 -1.9586 0 
5.5587 -2.60392 0 
5.80046 -3.27923 0 
6.01941 -3.98192 0 
6.21468 -4.70919 0 
6.38551 -5.45816 0 
6.5312 -6.22568 0 
6.65116 -7.00799 0 
6.74489 -7.79936 0 
6.81219 -8.58727 0 
6.85378 -9.33664 0 
6.87311 -9.95053 0 
-8.24911 -9.93775 0 
-8.22687 -9.17883 0 
-8.17728 -8.26486 0 
-8.09651 -7.31294 0 
-7.98392 -6.36072 0 
-7.83983 -5.42082 0 
-7.66485 -4.49917 0 
-7.45969 -3.59995 0 
-7.22517 -2.72683 0 
-6.96222 -1.88327 0 
-6.67188 -1.07259 0 
-6.35528 -0.297954 0 
-6.01369 0.4376 0 
-5.64842 1.1312 0 
-5.26089 1.78016 0 
-4.85261 2.38194 0 
-4.42514 2.9342 0 
-3.9801 3.43478 0 
-3.51916 3.88172 0 
-3.04405 4.27322 0 
-2.55653 4.60764 0 
-2.05842 4.88355 0 
-1.55165 5.09966 0 
-1.03822 5.25488 0 
-0.52026 5.34838 0 
6.86092e-07 5.37961 0 
0.520261 5.34838 0 
1.03822 5.25488 0 
1.55165 5.09966 0 
2.05842 4.88355 0 
2.55653 4.60764 0 
3.04405 4.27322 0 
3.51916 3.88172 0 
3.9801 3.43478 0 
4.42514 2.9342 0 
4.85262 2.38194 0 
5.26089 1.78016 0 
5.64842 1.1312 0 
6.01369 0.4376 0 
6.35529 -0.297954 0 
6.67188 -1.07259 0 
6.96222 -1.88327 0 
7.22517 -2.72683 0 
7.45969 -3.59995 0 
7.66485 -4.49917 0 
7.83983 -5.42082 0 
7.98392 -6.36072 0 
8.09651 -7.31294 0 
8.17729 -8.26486 0 
8.22687 -9.17883 0 
8.24911 -9.93775 0 
-9.62487 -9.92744 0 
-9.59979 -9.02052 0 
-9.54224 -7.94156 0 
-9.448 -6.82605 0 
-9.31654 -5.71331 0 
-9.14833 -4.61598 0 
-8.94407 -3.54028 0 
-8.70458 -2.49085 0 
-8.43081 -1.47192 0 
-8.12386 -0.487506 0 
-7.78493 0.458523 0 
-7.41537 1.36246 0 
-7.01661 2.22076 0 
-6.59022 3.03007 0 
-6.13787 3.78725 0 
-5.66129 4.48932 0 
-5.16234 5.13356 0 
-4.64291 5.71745 0 
-4.10496 6.23867 0 
-3.55053 6.69515 0 
-2.98169 7.08501 0 
-2.40059 7.40657 0 
-1.80947 7.65837 0 
-1.21067 7.83919 0 
-0.606662 7.94809 0 
1.38601e-05 7.98447 0 
0.606664 7.94809 0 
1.21067 7.83919 0 
1.80947 7.65837 0 
2.40059 7.40657 0 
2.98169 7.08501 0 
3.55053 6.69515 0 
4.10496 6.23867 0 
4.64291 5.71745 0 
5.16234 5.13356 0 
5.6613 4.48932 0 
6.13787 3.78725 0 
6.59022 3.03007 0 
7.01661 2.22076 0 
7.41537 1.36246 0 
7.78494 0.458523 0 
8.12386 -0.487505 0 
8.43082 -1.47192 0 
8.70458 -2.49085 0 
8.94407 -3.54028 0 
9.14834 -4.61598 0 
9.31654 -5.71331 0 
9.448 -6.82605 0 
9.54224 -7.94156 0 
9.59979 -9.02052 0 
9.62488 -9.92744 0 
-10.9991 -9.91899 0 
-10.9714 -8.86184 0 
-10.906 -7.61801 0 
-10.7983 -6.3394 0 
-10.6479 -5.06653 0 
-10.4556 -3.81207 0 
-10.222 -2.58256 0 
-9.94815 -1.38315 0 
-9.63514 -0.218622 0 
-9.28418 0.906424 0 
-8.89668 1.98758 0 
-8.47416 3.0206 0 
-8.01827 4.00144 0 
-7.5308 4.92626 0 
-7.01367 5.79146 0 
-6.46887 6.59364 0 
-5.89851 7.32968 0 
-5.30477 7.9967 0 
-4.68991 8.59206 0 
-4.05626 9.11339 0 
-3.40621 9.55855 0 
-2.74223 9.92564 0 
-2.06689 10.213 0 
-1.38286 10.4194 0 
-0.692956 10.5437 0 
-7.34352e-05 10.5851 0 
0.692944 10.5437 0 
1.38286 10.4194 0 
2.06689 10.213 0 
2.74223 9.92564 0 
3.40621 9.55855 0 
4.05626 9.11339 0 
4.68991 8.59206 0 
5.30477 7.9967 0 
5.89851 7.32968 0 
6.46887 6.59364 0 
7.01367 5.79145 0 
7.53081 4.92626 0 
8.01827 4.00144 0 
8.47415 3.0206 0 
8.89668 1.98758 0 
9.28419 0.906429 0 
9.63514 -0.218626 0 
9.94816 -1.38315 0 
10.222 -2.58256 0 
10.4556 -3.81207 0 
10.6479 -5.06653 0 
10.7983 -6.3394 0 
10.906 -7.61801 0 
10.9714 -8.86184 0 
10.9991 -9.91899 0 
-12.3641 -9.91236 0 
-12.3346 -8.70377 0 
-12.2614 -7.29592 0 
-12.1399 -5.85555 0 
-11.9703 -4.42393 0 
-11.7534 -3.01379 0 
-11.4901 -1.63203 0 
-11.1816 -0.284332 0 
-10.829 1.02397 0 
-10.4338 2.28773 0 
-9.99764 3.50203 0 
-9.52217 4.66214 0 
-9.00929 5.7635 0 
-8.46102 6.80186 0 
-7.8795 7.77318 0 
-7.26698 8.67366 0 
-6.62582 9.49981 0 
-5.95849 10.2484 0 
-5.26753 10.9165 0 
-4.55555 11.5014 0 
-3.82524 12.0008 0 
-3.0794 12.4126 0 
-2.3209 12.7348 0 
-1.55273 12.9662 0 
-0.778023 13.1055 0 
-3.16355e-06 13.152 0 
0.778023 13.1055 0 
1.55273 12.9662 0 
2.3209 12.7348 0 
3.0794 12.4126 0 
3.82524 12.0008 0 
4.55555 11.5014 0 
5.26753 10.9165 0 
5.9585 10.2484 0 
6.62583 9.49981 0 
7.26698 8.67365 0 
7.8795 7.77317 0 
8.46102 6.80186 0 
9.0093 5.76351 0 
9.52217 4.66213 0 
9.99764 3.50204 0 
10.4338 2.28774 0 
10.829 1.02396 0 
11.1816 -0.284327 0 
11.4901 -1.63203 0 
11.7534 -3.01379 0 
11.9704 -4.42393 0 
12.1399 -5.85555 0 
12.2614 -7.29592 0 
12.3346 -8.70377 0 
12.3641 -9.91236 0 
-13.6691 -9.90818 0 
-13.6362 -8.55255 0 
-13.5527 -6.98831 0 
-13.4147 -5.39516 0 
-13.2225 -3.81487 0 
-12.9774 -2.26038 0 
-12.6807 -0.739006 0 
-12.3342 0.743134 0 
-11.9395 2.18034 0 
-11.4983 3.56724 0 
-11.0126 4.89863 0 
-10.4843 6.16955 0 
-9.9156 7.37529 0 
-9.30873 8.51137 0 
-8.666 9.57353 0 
-7.98987 10.5578 0 
-7.28291 11.4604 0 
-6.54777 12.2781 0 
-5.78718 13.0076 0 
-5.00397 13.6461 0 
-4.20106 14.1911 0 
-3.38144 14.6404 0 
-2.54823 14.9919 0 
-1.70464 15.2442 0 
-0.854056 15.3963 0 
7.86725e-05 15.4472 0 
0.854072 15.3964 0 
1.70465 15.2442 0 
2.54823 14.9919 0 
3.38144 14.6403 0 
4.20106 14.1911 0 
5.00397 13.6461 0 
5.78718 13.0076 0 
6.54777 12.2781 0 
7.28292 11.4604 0 
7.98988 10.5578 0 
8.666 9.57351 0 
9.30873 8.51136 0 
9.91561 7.37529 0 
10.4843 6.16956 0 
11.0126 4.89862 0 
11.4983 3.56724 0 
11.9395 2.18035 0 
12.3342 0.743126 0 
12.6808 -0.739004 0 
12.9774 -2.26038 0 
13.2225 -3.81487 0 
13.4147 -5.39515 0 
13.5527 -6.98831 0 
13.6362 -8.55255 0 
13.6691 -9.90818 0 
-12.9181 -5.5487 0 
-12.504 -4.19239 0 
12.5024 -4.19315 0 
12.9199 -5.54809 0 
-13.0165 -7.09292 0 
-12.7145 -5.67588 0 
12.7141 -5.67604 0 
13.0169 -7.09285 0 
-12.7624 -4.01273 0 
-12.2499 -2.73587 0 
12.2506 -2.73542 0 
12.7616 -4.01308 0 
-12.5464 -2.50024 0 
-11.9565 -1.30937 0 
11.9564 -1.30944 0 
12.5465 -2.5002 0 
-12.2779 -1.01653 0 
-11.6187 0.0790011 0 
11.6181 0.0784253 0 
12.2786 -1.01599 0 
-11.9551 0.429054 0 
-11.241 1.42745 0 
11.2424 1.42884 0 
11.9536 0.427759 0 
-11.5777 1.82686 0 
-10.8263 2.73467 0 
10.8247 2.73283 0 
11.5795 1.82858 0 
-13.063 -8.60755 0 
-12.8749 -7.17515 0 
12.8757 -7.17495 0 
13.0622 -8.60761 0 
-11.1535 3.17541 0 
-10.3706 3.99122 0 
10.3707 3.99138 0 
11.1534 3.17529 0 
-10.6825 4.46658 0 
-9.87739 5.19539 0 
9.87879 5.19746 0 
10.6809 4.46456 0 
-10.1656 5.69231 0 
-9.3494 6.34557 0 
9.34832 6.34375 0 
10.1668 5.69407 0 
-9.60971 6.85343 0 
-8.78434 7.43165 0 
8.78424 7.43147 0 
9.60982 6.85362 0 
-9.01568 7.94294 0 
-8.18561 8.45213 0 
8.1862 8.45342 0 
9.01502 7.94167 0 
-8.38645 8.95693 0 
-7.55493 9.40281 0 
7.55598 9.40538 0 
8.38527 8.95437 0 
-7.72378 9.889 0 
-6.89529 10.2826 0 
6.89457 10.2805 0 
7.72461 9.89103 0 
-7.0331 10.7417 0 
-6.20664 11.0819 0 
6.20631 11.0808 0 
7.03347 10.7427 0 
-6.31603 11.5091 0 
-5.49246 11.8001 0 
5.49241 11.7999 0 
6.3161 11.5093 0 
-5.57557 12.1888 0 
-4.75524 12.4341 0 
4.75535 12.4346 0 
5.57543 12.1883 0 
-4.81471 12.7783 0 
-3.99759 12.981 0 
3.99779 12.9821 0 
4.81447 12.7773 0 
-4.0365 13.2757 0 
-3.22227 13.4382 0 
3.22249 13.4398 0 
4.03623 13.2742 0 
-3.24406 13.6793 0 
-2.43213 13.8035 0 
2.43231 13.8054 0 
3.2438 13.6773 0 
-2.44057 13.9875 0 
-1.6301 14.0748 0 
1.63022 14.077 0 
2.44035 13.9853 0 
-1.62937 14.1994 0 
-0.819898 14.2509 0 
0.819977 14.2535 0 
1.62929 14.1977 0 
-0.814992 14.3689 0 
-0.00436593 14.3309 0 
0.00442894 14.4455 0 
0.815021 14.3716 0 
-11.472 -4.64919 0 
-10.9779 -3.50842 0 
10.9776 -3.50859 0 
11.4723 -4.64904 0 
-11.2841 -3.28564 0 
-10.7141 -2.23114 0 
10.7162 -2.22961 0 
11.2818 -3.287 0 
-11.6076 -6.031 0 
-11.2053 -4.81333 0 
11.2056 -4.81318 0 
11.6073 -6.03113 0 
10.4162 -0.983476 0 
11.0432 -1.95037 0 
-11.0422 -1.95112 0 
-10.4171 -0.982649 0 
-10.7537 -0.649015 0 
-10.082 0.229391 0 
10.0831 0.230518 0 
10.7525 -0.65008 0 
-10.4156 0.610093 0 
-9.71389 1.40575 0 
9.71244 1.40408 0 
10.4172 0.611695 0 
-10.0351 1.82497 0 
-9.30879 2.53769 0 
9.30896 2.53791 0 
10.0349 1.82477 0 
-0.732347 11.8688 0 
-0.00392234 11.8815 0 
0.00417018 12.0085 0 
0.73205 11.8671 0 
-9.61221 2.98826 0 
-8.86962 3.62341 0 
8.87097 3.62543 0 
9.6107 2.98627 0 
-1.46751 11.7651 0 
-0.73594 11.7367 0 
0.735835 11.7348 0 
1.46736 11.7628 0 
-2.19825 11.5743 0 
-1.46658 11.6306 0 
1.46645 11.6286 0 
2.19806 11.5722 0 
-9.14794 4.09272 0 
-8.39869 4.66122 0 
8.39784 4.65979 0 
9.14889 4.09414 0 
-2.92176 11.2963 0 
-2.18973 11.4036 0 
2.18991 11.4055 0 
2.9215 11.2945 0 
-8.64851 5.13919 0 
-7.89389 5.64182 0 
7.89391 5.64187 0 
8.64848 5.13916 0 
-3.63525 10.9322 0 
-2.90084 11.0729 0 
2.90105 11.0744 0 
3.63498 10.9306 0 
-8.11465 6.12133 0 
-7.35824 6.56366 0 
7.35887 6.56502 0 
8.11394 6.11997 0 
-4.3358 10.4833 0 
-3.59836 10.659 0 
3.59856 10.6601 0 
4.33556 10.4821 0 
-7.54782 7.03303 0 
-6.79436 7.42535 0 
6.79434 7.42528 0 
7.54785 7.03308 0 
-5.0206 9.9512 0 
-4.27967 10.1641 0 
4.27981 10.1647 0 
5.02044 9.95058 0 
-6.95316 7.87622 0 
-6.20181 8.21803 0 
6.20124 8.21641 0 
6.95382 7.87784 0 
4.94226 9.59047 0 
5.68689 9.33786 0 
-5.68689 9.33785 0 
-4.94227 9.59047 0 
-6.33197 8.64538 0 
-5.58373 8.94081 0 
5.58351 8.94006 0 
6.33223 8.64614 0 
-11.6945 -7.41652 0 
-11.3918 -6.1425 0 
11.393 -6.14209 0 
11.6933 -7.41679 0 
-11.7269 -8.76956 0 
-11.5428 -7.48136 0 
11.5411 -7.48176 0 
11.7287 -8.76937 0 
-13.0512 -9.93187 0 
-12.9857 -8.63806 0 
12.9835 -8.63834 0 
13.0535 -9.93186 0 
-0.649419 9.28845 0 
-0.00145813 9.30218 0 
0.00152552 9.17072 0 
0.649401 9.28977 0 
0.647936 9.15589 0 
1.29941 9.19988 0 
-1.2993 9.19823 0 
-0.647893 9.15455 0 
-1.94547 9.03063 0 
-1.29316 9.0624 0 
1.29326 9.06388 0 
1.94564 9.03242 0 
-2.58521 8.78601 0 
-1.93277 8.87473 0 
1.93257 8.87276 0 
2.58548 8.78799 0 
-3.2164 8.46738 0 
-2.56025 8.5786 0 
2.56053 8.5806 0 
3.21605 8.46536 0 
-3.83587 8.07174 0 
-3.17573 8.21115 0 
3.17602 8.21281 0 
3.83551 8.07007 0 
-4.44145 7.60267 0 
-3.77665 7.77213 0 
3.77691 7.77335 0 
4.44114 7.60143 0 
-5.03078 7.06185 0 
-4.36079 7.26364 0 
4.36097 7.26434 0 
5.03057 7.06114 0 
4.92606 6.68811 0 
5.60148 6.45111 0 
-5.6015 6.45117 0 
-4.92604 6.68805 0 
-9.99077 -4.09309 0 
-9.43438 -3.17787 0 
9.43533 -3.17716 0 
9.98973 -4.09372 0 
-9.77735 -2.911 0 
-9.1729 -2.07872 0 
9.17152 -2.07993 0 
9.77887 -2.90987 0 
5.47015 6.04727 0 
6.15155 5.77345 0 
-6.15128 5.77274 0 
-5.47039 6.04797 0 
8.87945 -1.01001 0 
9.52091 -1.75895 0 
-9.52182 -1.75816 0 
-8.87864 -1.01084 0 
-9.22165 -0.644175 0 
-8.55587 0.0265443 0 
8.55463 0.0250777 0 
9.22303 -0.642752 0 
-6.6778 5.02888 0 
-5.99196 5.34627 0 
5.99133 5.34467 0 
6.67852 5.0305 0 
8.20104 1.02593 0 
8.88333 0.429648 0 
-8.88368 0.430058 0 
-8.20073 1.02551 0 
-8.50651 1.45583 0 
-7.81702 1.9866 0 
7.81697 1.98652 0 
8.50657 1.45591 0 
9.66621 -4.30257 0 
10.1568 -5.30031 0 
-10.1549 -5.30125 0 
-9.66801 -4.30147 0 
-7.1799 4.22438 0 
-6.48801 4.58383 0 
6.48882 4.58563 0 
7.17898 4.22257 0 
-8.09613 2.43359 0 
-7.40222 2.90145 0 
7.40178 2.90068 0 
8.09663 2.43435 0 
6.95915 3.76905 0 
7.65278 3.35692 0 
-7.65312 3.35753 0 
-6.95885 3.76844 0 
-10.2741 -6.52377 0 
-9.86834 -5.45025 0 
9.86944 -5.44973 0 
10.2729 -6.52419 0 
-10.342 -7.74862 0 
-10.0406 -6.61703 0 
10.0387 -6.61773 0 
10.3441 -7.74814 0 
-10.3665 -8.9331 0 
-10.1778 -7.79327 0 
10.179 -7.79297 0 
10.3652 -8.93325 0 
-11.7181 -9.92262 0 
-11.6475 -8.78362 0 
11.6503 -8.7833 0 
11.7152 -9.92263 0 
-0.272572 -10.162 0.0
-0.271925 -10.1575 0.0
-1.3334 -9.98687 0.0
-1.33825 -10.0711 0.0
-0.270728 -10.1449 0.0
-1.3251 -9.87299 0.0
-1.33296 -9.97977 0.0
-0.271488 -10.1504 0.0
-0.26899 -10.1298 0.0
-1.31268 -9.74274 0.0
-1.32427 -9.86453 0.0
-0.269895 -10.1364 0.0
-0.26666 -10.1126 0.0
-1.29558 -9.60326 0.0
-1.31146 -9.73345 0.0
-0.267778 -10.1205 0.0
-0.263645 -10.0939 0.0
-1.27354 -9.4597 0.0
-1.294 -9.59356 0.0
-0.265075 -10.1029 0.0
-0.259835 -10.0739 0.0
-1.24648 -9.31544 0.0
-1.27159 -9.44987 0.0
-0.261695 -10.0841 0.0
-0.255127 -10.053 0.0
-1.21449 -9.17266 0.0
-1.24418 -9.30568 0.0
-0.257537 -10.0642 0.0
-0.24943 -10.0314 0.0
-1.17772 -9.03279 0.0
-1.21186 -9.16307 0.0
-0.252497 -10.0434 0.0
-0.242672 -10.0093 0.0
-1.13632 -8.89683 0.0
-1.17478 -9.02345 0.0
-0.246483 -10.022 0.0
-0.234806 -9.98701 0.0
-1.09046 -8.76556 0.0
-1.13307 -8.88779 0.0
-0.239423 -10.0002 0.0
-0.225811 -9.96483 0.0
-1.0403 -8.63962 0.0
-1.08692 -8.75687 0.0
-0.231269 -9.97832 0.0
-0.215685 -9.94299 0.0
-0.986025 -8.51957 0.0
-1.03649 -8.63131 0.0
-0.221996 -9.95652 0.0
-0.204448 -9.92173 0.0
-0.927817 -8.40594 0.0
-0.981945 -8.51169 0.0
-0.211605 -9.9351 0.0
-0.192133 -9.90128 0.0
-0.865875 -8.29919 0.0
-0.923483 -8.3985 0.0
-0.200114 -9.91429 0.0
-0.178785 -9.88183 0.0
-0.800406 -8.19978 0.0
-0.8613 -8.29224 0.0
-0.187557 -9.89432 0.0
-0.164458 -9.86358 0.0
-0.731623 -8.10811 0.0
-0.795603 -8.19333 0.0
-0.173982 -9.87539 0.0
-0.149211 -9.84668 0.0
-0.659744 -8.02458 0.0
-0.726606 -8.10221 0.0
-0.159441 -9.85768 0.0
-0.133106 -9.8313 0.0
-0.58499 -7.94955 0.0
-0.654527 -8.01924 0.0
-0.143993 -9.84135 0.0
-0.116212 -9.81756 0.0
-0.507584 -7.88338 0.0
-0.579587 -7.9448 0.0
-0.127703 -9.82655 0.0
-0.0986002 -9.80559 0.0
-0.427761 -7.82643 0.0
-0.502011 -7.87925 0.0
-0.110639 -9.81342 0.0
-0.0803515 -9.79552 0.0
-0.345774 -7.77906 0.0
-0.422033 -7.82293 0.0
-0.092873 -9.80209 0.0
-0.061558 -9.78745 0.0
-0.261917 -7.74161 0.0
-0.339911 -7.77621 0.0
-0.0744887 -9.79268 0.0
-0.042327 -9.7815 0.0
-0.176547 -7.71444 0.0
-0.255941 -7.73945 0.0
-0.0555814 -9.7853 0.0
-0.0227833 -9.77774 0.0
-0.0900952 -7.69784 0.0
-0.170483 -7.71298 0.0
-0.0362632 -9.78004 0.0
-0.00306837 -9.77623 0.0
-0.00306837 -7.69204 0.0
-0.0839761 -7.69711 0.0
-0.0166643 -9.77701 0.0
0.0166656 -9.77701 0.0
0.0839774 -7.69711 0.0
0.00306966 -7.69204 0.0
0.00306966 -9.77623 0.0
0.0362645 -9.78004 0.0
0.170485 -7.71298 0.0
0.0900965 -7.69784 0.0
0.0227846 -9.77774 0.0
0.0555827 -9.7853 0.0
0.255942 -7.73945 0.0
0.176549 -7.71444 0.0
0.0423283 -9.7815 0.0
0.07449 -9.79268 0.0
0.339912 -7.77621 0.0
0.261919 -7.74161 0.0
0.0615593 -9.78745 0.0
0.0928743 -9.80209 0.0
0.422035 -7.82293 0.0
0.345775 -7.77906 0.0
0.0803528 -9.79552 0.0
0.11064 -9.81342 0.0
0.502012 -7.87925 0.0
0.427762 -7.82643 0.0
0.0986015 -9.80559 0.0
0.127705 -9.82655 0.0
0.579588 -7.9448 0.0
0.507586 -7.88338 0.0
0.116213 -9.81756 0.0
0.143995 -9.84135 0.0
0.654528 -8.01924 0.0
0.584991 -7.94955 0.0
0.133108 -9.8313 0.0
0.159442 -9.85768 0.0
0.726607 -8.10221 0.0
0.659746 -8.02458 0.0
0.149212 -9.84668 0.0
0.173983 -9.87539 0.0
0.795604 -8.19333 0.0
0.731625 -8.10811 0.0
0.164459 -9.86358 0.0
0.187559 -9.89432 0.0
0.861302 -8.29224 0.0
0.800408 -8.19978 0.0
0.178786 -9.88183 0.0
0.200115 -9.91429 0.0
0.923485 -8.3985 0.0
0.865877 -8.29919 0.0
0.192134 -9.90128 0.0
0.211606 -9.9351 0.0
0.981946 -8.51169 0.0
0.927819 -8.40594 0.0
0.204449 -9.92173 0.0
0.221998 -9.95652 0.0
1.03649 -8.63131 0.0
0.986026 -8.51957 0.0
0.215686 -9.94299 0.0
0.23127 -9.97832 0.0
1.08692 -8.75687 0.0
1.0403 -8.63962 0.0
0.225812 -9.96483 0.0
0.239425 -10.0002 0.0
1.13308 -8.88779 0.0
1.09046 -8.76556 0.0
0.234808 -9.98701 0.0
0.246484 -10.022 0.0
1.17478 -9.02345 0.0
1.13632 -8.89683 0.0
0.242673 -10.0093 0.0
0.252498 -10.0434 0.0
1.21186 -9.16307 0.0
1.17772 -9.03279 0.0
0.249431 -10.0314 0.0
0.257538 -10.0642 0.0
1.24418 -9.30568 0.0
1.2145 -9.17266 0.0
0.255129 -10.053 0.0
0.261697 -10.0841 0.0
1.27159 -9.44987 0.0
1.24648 -9.31544 0.0
0.259837 -10.0739 0.0
0.265076 -10.1029 0.0
1.294 -9.59356 0.0
1.27354 -9.4597 0.0
0.263646 -10.0939 0.0
0.26778 -10.1205 0.0
1.31147 -9.73345 0.0
1.29558 -9.60326 0.0
0.266661 -10.1126 0.0
0.269896 -10.1364 0.0
1.32427 -9.86453 0.0
1.31268 -9.74274 0.0
0.268991 -10.1298 0.0
0.271489 -10.1504 0.0
1.33297 -9.97977 0.0
1.3251 -9.87299 0.0
0.270729 -10.1449 0.0
0.272573 -10.162 0.0
1.33826 -10.0711 0.0
1.3334 -9.98687 0.0
0.271926 -10.1575 0.0
-1.45657 -10.0598 0.0
-1.45172 -9.97563 0.0
-2.67769 -9.82542 0.0
-2.68655 -10.0138 0.0
-1.45066 -9.95759 0.0
-1.44279 -9.85082 0.0
-2.66078 -9.56782 0.0
-2.67663 -9.80738 0.0
-1.44078 -9.82955 0.0
-1.42919 -9.70776 0.0
-2.63448 -9.28122 0.0
-2.65877 -9.54655 0.0
-1.42644 -9.68487 0.0
-1.41056 -9.55468 0.0
-2.59828 -8.98314 0.0
-2.63173 -9.25833 0.0
-1.40709 -9.53118 0.0
-1.38663 -9.39732 0.0
-2.55204 -8.68306 0.0
-2.59482 -8.95964 0.0
-1.38244 -9.37377 0.0
-1.35733 -9.23934 0.0
-2.49583 -8.38597 0.0
-2.54785 -8.65951 0.0
-1.3524 -9.21607 0.0
-1.32272 -9.08305 0.0
-2.42986 -8.09475 0.0
-2.4909 -8.3627 0.0
-1.31705 -9.06027 0.0
-1.28291 -8.92999 0.0
-2.35439 -7.8113 0.0
-2.42419 -8.07197 0.0
-1.27651 -8.90785 0.0
-1.23806 -8.78124 0.0
-2.26972 -7.53704 0.0
-2.348 -7.78916 0.0
-1.23095 -8.75985 0.0
-1.18834 -8.63762 0.0
-2.17617 -7.27319 0.0
-2.26261 -7.51566 0.0
-1.18054 -8.61709 0.0
-1.13392 -8.49984 0.0
-2.07412 -7.02084 0.0
-2.16838 -7.25266 0.0
-1.12547 -8.48026 0.0
-1.075 -8.36852 0.0
-1.96394 -6.78098 0.0
-2.06566 -7.00125 0.0
-1.06592 -8.34996 0.0
-1.01179 -8.24421 0.0
-1.84606 -6.55455 0.0
-1.95485 -6.76242 0.0
-1.0021 -8.22675 0.0
-0.944494 -8.12744 0.0
-1.72092 -6.34242 0.0
-1.83637 -6.53709 0.0
-0.934243 -8.11115 0.0
-0.873349 -8.01869 0.0
-1.58897 -6.1454 0.0
-1.71067 -6.32612 0.0
-0.86257 -8.00363 0.0
-0.79859 -7.9184 0.0
-1.4507 -5.96426 0.0
-1.57819 -6.13034 0.0
-0.787321 -7.90463 0.0
-0.72046 -7.827 0.0
-1.30657 -5.79969 0.0
-1.43943 -5.95049 0.0
-0.708738 -7.81458 0.0
-0.639201 -7.74489 0.0
-1.1571 -5.65236 0.0
-1.29485 -5.78728 0.0
-0.627066 -7.73388 0.0
-0.555063 -7.67246 0.0
-1.00276 -5.52287 0.0
-1.14496 -5.64134 0.0
-0.542553 -7.6629 0.0
-0.468303 -7.61008 0.0
-0.844092 -5.41183 0.0
-0.990254 -5.51331 0.0
-0.455462 -7.60202 0.0
-0.379202 -7.55814 0.0
-0.681626 -5.31979 0.0
-0.831251 -5.40377 0.0
-0.366075 -7.55163 0.0
-0.288081 -7.51702 0.0
-0.515957 -5.24729 0.0
-0.668499 -5.31327 0.0
-0.274719 -7.51209 0.0
-0.195325 -7.48708 0.0
-0.347751 -5.19483 0.0
-0.502595 -5.24236 0.0
-0.181787 -7.48377 0.0
-0.101399 -7.46863 0.0
-0.177765 -5.16284 0.0
-0.334213 -5.19153 0.0
-0.0877501 -7.46697 0.0
-0.00684231 -7.4619 0.0
-0.00684231 -5.15159 0.0
-0.164117 -5.16118 0.0
0.0068436 -7.4619 0.0
0.0877514 -7.46697 0.0
0.164118 -5.16118 0.0
0.0068436 -5.15159 0.0
0.1014 -7.46863 0.0
0.181788 -7.48377 0.0
0.334214 -5.19153 0.0
0.177766 -5.16284 0.0
0.195327 -7.48708 0.0
0.27472 -7.51209 0.0
0.502596 -5.24236 0.0
0.347752 -5.19483 0.0
0.288083 -7.51702 0.0
0.366076 -7.55163 0.0
0.6685 -5.31327 0.0
0.515958 -5.24729 0.0
0.379203 -7.55814 0.0
0.455463 -7.60202 0.0
0.831252 -5.40377 0.0
0.681627 -5.31979 0.0
0.468304 -7.61008 0.0
0.542555 -7.6629 0.0
0.990255 -5.51331 0.0
0.844093 -5.41183 0.0
0.555064 -7.67246 0.0
0.627067 -7.73388 0.0
1.14496 -5.64134 0.0
1.00276 -5.52287 0.0
0.639202 -7.74489 0.0
0.708739 -7.81458 0.0
1.29485 -5.78728 0.0
1.1571 -5.65236 0.0
0.720461 -7.827 0.0
0.787322 -7.90463 0.0
1.43943 -5.95049 0.0
1.30657 -5.79969 0.0
0.798592 -7.9184 0.0
0.862571 -8.00363 0.0
1.5782 -6.13034 0.0
1.4507 -5.96426 0.0
0.87335 -8.01869 0.0
0.934244 -8.11115 0.0
1.71067 -6.32612 0.0
1.58897 -6.1454 0.0
0.944495 -8.12744 0.0
1.0021 -8.22675 0.0
1.83638 -6.53709 0.0
1.72092 -6.34242 0.0
1.01179 -8.24421 0.0
1.06592 -8.34996 0.0
1.95485 -6.76242 0.0
1.84606 -6.55455 0.0
1.07501 -8.36852 0.0
1.12547 -8.48026 0.0
2.06566 -7.00125 0.0
1.96394 -6.78098 0.0
1.13392 -8.49984 0.0
1.18054 -8.61709 0.0
2.16838 -7.25266 0.0
2.07412 -7.02084 0.0
1.18834 -8.63762 0.0
1.23095 -8.75985 0.0
2.26261 -7.51566 0.0
2.17617 -7.27319 0.0
1.23806 -8.78124 0.0
1.27651 -8.90785 0.0
2.348 -7.78916 0.0
2.26972 -7.53704 0.0
1.28291 -8.92999 0.0
1.31705 -9.06027 0.0
2.4242 -8.07197 0.0
2.35439 -7.8113 0.0
1.32272 -9.08305 0.0
1.3524 -9.21607 0.0
2.4909 -8.3627 0.0
2.42986 -8.09475 0.0
1.35733 -9.23934 0.0
1.38244 -9.37377 0.0
2.54785 -8.65951 0.0
2.49583 -8.38597 0.0
1.38663 -9.39732 0.0
1.40709 -9.53118 0.0
2.59482 -8.95964 0.0
2.55204 -8.68306 0.0
1.41056 -9.55468 0.0
1.42644 -9.68487 0.0
2.63173 -9.25833 0.0
2.59829 -8.98314 0.0
1.42919 -9.70776 0.0
1.44079 -9.82955 0.0
2.65878 -9.54655 0.0
2.63449 -9.28122 0.0
1.4428 -9.85082 0.0
1.45066 -9.95759 0.0
2.67663 -9.80738 0.0
2.66078 -9.56782 0.0
1.45172 -9.97563 0.0
1.45657 -10.0598 0.0
2.68655 -10.0138 0.0
2.67769 -9.82542 0.0
-2.81122 -9.81554 0.0
-4.04537 -9.67262 0.0
-4.05728 -9.97607 0.0
-2.82008 -10.0039 0.0
-2.79357 -9.54453 0.0
-4.02046 -9.25974 0.0
-4.04356 -9.64117 0.0
-2.80941 -9.7841 0.0
-2.76622 -9.24257 0.0
-3.98102 -8.81015 0.0
-4.01741 -9.22311 0.0
-2.79051 -9.5079 0.0
-2.72853 -8.92868 0.0
-3.92634 -8.35005 0.0
-3.97677 -8.77144 0.0
-2.76198 -9.20386 0.0
-2.68027 -8.6129 0.0
-3.85633 -7.89129 0.0
-3.92086 -8.31086 0.0
-2.72305 -8.88948 0.0
-2.62151 -8.30045 0.0
-3.77119 -7.43948 0.0
-3.84959 -7.85238 0.0
-2.67353 -8.57399 0.0
-2.55247 -7.99429 0.0
-3.67124 -6.99783 0.0
-3.76318 -7.40127 0.0
-2.61351 -8.26224 0.0
-2.47342 -7.69635 0.0
-3.55688 -6.56859 0.0
-3.66199 -6.96056 0.0
-2.54322 -7.95702 0.0
-2.38469 -7.4081 0.0
-3.42856 -6.15365 0.0
-3.54642 -6.53246 0.0
-2.46297 -7.66022 0.0
-2.28663 -7.1308 0.0
-3.2868 -5.75467 0.0
-3.41694 -6.11881 0.0
-2.37307 -7.37327 0.0
-2.17962 -6.86558 0.0
-3.13215 -5.37326 0.0
-3.27405 -5.72128 0.0
-2.27388 -7.0974 0.0
-2.06408 -6.61347 0.0
-2.96521 -5.01088 0.0
-3.11833 -5.34143 0.0
-2.1658 -6.83375 0.0
-1.94044 -6.37547 0.0
-2.78663 -4.66895 0.0
-2.95036 -4.98075 0.0
-2.04923 -6.58334 0.0
-1.80917 -6.15248 0.0
-2.59708 -4.34877 0.0
-2.77081 -4.64062 0.0
-1.92463 -6.34715 0.0
-1.67075 -5.94536 0.0
-2.39729 -4.05159 0.0
-2.58036 -4.32237 0.0
-1.79245 -6.12608 0.0
-1.52569 -5.7549 0.0
-2.188 -3.77855 0.0
-2.37972 -4.02722 0.0
-1.65318 -5.92098 0.0
-1.37448 -5.58183 0.0
-1.96996 -3.5307 0.0
-2.16965 -3.75629 0.0
-1.50734 -5.73263 0.0
-1.21766 -5.42686 0.0
-1.74396 -3.30902 0.0
-1.9509 -3.51064 0.0
-1.35542 -5.56178 0.0
-1.05575 -5.29061 0.0
-1.5108 -3.11442 0.0
-1.72425 -3.29125 0.0
-1.19794 -5.40909 0.0
-0.889288 -5.17372 0.0
-1.2713 -2.94773 0.0
-1.49051 -3.09901 0.0
-1.03545 -5.2752 0.0
-0.718855 -5.07676 0.0
-1.02631 -2.80976 0.0
-1.25049 -2.93476 0.0
-0.86848 -5.16074 0.0
-0.545071 -5.0003 0.0
-0.776748 -2.70122 0.0
-1.00507 -2.79928 0.0
-0.697612 -5.06628 0.0
-0.368632 -4.94485 0.0
-0.523603 -2.62276 0.0
-0.755153 -2.6933 0.0
-0.523476 -4.99238 0.0
-0.190328 -4.91085 0.0
-0.26797 -2.57491 0.0
-0.501746 -2.61745 0.0
-0.346776 -4.93954 0.0
-0.0110359 -4.89859 0.0
-0.0110359 -2.55803 0.0
-0.245952 -2.57225 0.0
-0.16831 -4.90818 0.0
0.168311 -4.90818 0.0
0.245953 -2.57225 0.0
0.0110372 -2.55803 0.0
0.0110372 -4.89859 0.0
0.346777 -4.93954 0.0
0.501748 -2.61745 0.0
0.267971 -2.57491 0.0
0.19033 -4.91085 0.0
0.523477 -4.99238 0.0
0.755154 -2.6933 0.0
0.523604 -2.62276 0.0
0.368634 -4.94485 0.0
0.697614 -5.06628 0.0
1.00507 -2.79928 0.0
0.776749 -2.70122 0.0
0.545072 -5.0003 0.0
0.868481 -5.16074 0.0
1.2505 -2.93476 0.0
1.02631 -2.80976 0.0
0.718856 -5.07676 0.0
1.03545 -5.2752 0.0
1.49051 -3.09901 0.0
1.2713 -2.94773 0.0
0.889289 -5.17372 0.0
1.19794 -5.40909 0.0
1.72425 -3.29125 0.0
1.51081 -3.11442 0.0
1.05575 -5.29061 0.0
1.35542 -5.56178 0.0
1.9509 -3.51064 0.0
1.74397 -3.30902 0.0
1.21766 -5.42686 0.0
1.50734 -5.73263 0.0
2.16965 -3.75629 0.0
1.96996 -3.5307 0.0
1.37448 -5.58183 0.0
1.65319 -5.92098 0.0
2.37973 -4.02722 0.0
2.188 -3.77855 0.0
1.52569 -5.7549 0.0
1.79245 -6.12608 0.0
2.58036 -4.32237 0.0
2.39729 -4.05159 0.0
1.67075 -5.94536 0.0
1.92463 -6.34715 0.0
2.77081 -4.64062 0.0
2.59708 -4.34877 0.0
1.80917 -6.15248 0.0
2.04923 -6.58334 0.0
2.95036 -4.98075 0.0
2.78663 -4.66895 0.0
1.94044 -6.37547 0.0
2.1658 -6.83375 0.0
3.11833 -5.34143 0.0
2.96521 -5.01088 0.0
2.06408 -6.61347 0.0
2.27388 -7.0974 0.0
3.27405 -5.72128 0.0
3.13215 -5.37326 0.0
2.17962 -6.86558 0.0
2.37307 -7.37327 0.0
3.41694 -6.11881 0.0
3.2868 -5.75467 0.0
2.28663 -7.1308 0.0
2.46297 -7.66022 0.0
3.54642 -6.53246 0.0
3.42856 -6.15365 0.0
2.38469 -7.4081 0.0
2.54322 -7.95702 0.0
3.66199 -6.96056 0.0
3.55688 -6.56859 0.0
2.47342 -7.69635 0.0
2.61351 -8.26224 0.0
3.76319 -7.40127 0.0
3.67124 -6.99783 0.0
2.55247 -7.99429 0.0
2.67353 -8.57399 0.0
3.84959 -7.85238 0.0
3.77119 -7.43948 0.0
2.62151 -8.30045 0.0
2.72305 -8.88948 0.0
3.92086 -8.31086 0.0
3.85633 -7.89129 0.0
2.68027 -8.6129 0.0
2.76198 -9.20386 0.0
3.97677 -8.77144 0.0
3.92634 -8.35005 0.0
2.72853 -8.92868 0.0
2.79051 -9.5079 0.0
4.01741 -9.22311 0.0
3.98102 -8.81015 0.0
2.76622 -9.24257 0.0
2.80942 -9.7841 0.0
4.04356 -9.64117 0.0
4.02046 -9.25974 0.0
2.79357 -9.54453 0.0
2.81123 -9.81554 0.0
2.82008 -10.0039 0.0
4.05728 -9.97607 0.0
4.04537 -9.67262 0.0
-4.18122 -9.66351 0.0
-5.41669 -9.52189 0.0
-5.4314 -9.94742 0.0
-4.19312 -9.96697 0.0
-4.15571 -9.23621 0.0
-5.38402 -8.94893 0.0
-5.41428 -9.47601 0.0
-4.17881 -9.61764 0.0
-4.11527 -8.77057 0.0
-5.3315 -8.33511 0.0
-5.37996 -8.89626 0.0
-4.15166 -9.18353 0.0
-4.05907 -8.29431 0.0
-5.25834 -7.71315 0.0
-5.32572 -8.28023 0.0
-4.1095 -8.71569 0.0
-3.98698 -7.81965 0.0
-5.16453 -7.09604 0.0
-5.25077 -7.65806 0.0
-4.0515 -8.23922 0.0
-3.89922 -7.35232 0.0
-5.05041 -6.48967 0.0
-5.15517 -7.04161 0.0
-3.97762 -7.76522 0.0
-3.79613 -6.89555 0.0
-4.91643 -5.89754 0.0
-5.03927 -6.43634 0.0
-3.88808 -7.29898 0.0
-3.67813 -6.45163 0.0
-4.76312 -5.32232 0.0
-4.90355 -5.84559 0.0
-3.78325 -6.8436 0.0
-3.5457 -6.02248 0.0
-4.59109 -4.76637 0.0
-4.74855 -5.27199 0.0
-3.66356 -6.4013 0.0
-3.39936 -5.60983 0.0
-4.40103 -4.2319 0.0
-4.57489 -4.71786 0.0
-3.5295 -5.97397 0.0
-3.23968 -5.21531 0.0
-4.19369 -3.72102 0.0
-4.38326 -4.18541 0.0
-3.38159 -5.56333 0.0
-3.06729 -4.84046 0.0
-3.96986 -3.2357 0.0
-4.17441 -3.67672 0.0
-3.22041 -5.17101 0.0
-2.88285 -4.48673 0.0
-3.73043 -2.77783 0.0
-3.94916 -3.19377 0.0
-3.04659 -4.79853 0.0
-2.68708 -4.15548 0.0
-3.47631 -2.3492 0.0
-3.70838 -2.73843 0.0
-2.86081 -4.44733 0.0
-2.4807 -3.84798 0.0
-3.20849 -1.95144 0.0
-3.45301 -2.31248 0.0
-2.66377 -4.11876 0.0
-2.26449 -3.56543 0.0
-2.92795 -1.58611 0.0
-3.184 -1.91755 0.0
-2.45622 -3.81409 0.0
-2.03924 -3.3089 0.0
-2.63576 -1.25461 0.0
-2.90239 -1.55517 0.0
-2.23892 -3.53449 0.0
-1.80575 -3.07942 0.0
-2.33299 -0.958269 0.0
-2.60921 -1.22676 0.0
-2.01268 -3.28104 0.0
-1.56486 -2.87792 0.0
-2.02072 -0.698272 0.0
-2.30554 -0.933601 0.0
-1.7783 -3.05475 0.0
-1.31741 -2.70528 0.0
-1.70009 -0.475723 0.0
-1.99247 -0.676896 0.0
-1.53661 -2.85655 0.0
-1.06429 -2.56229 0.0
-1.37228 -0.291631 0.0
-1.67115 -0.457735 0.0
-1.28847 -2.68729 0.0
-0.806445 -2.44971 0.0
-1.03852 -0.146909 0.0
-1.34276 -0.277116 0.0
-1.03477 -2.54778 0.0
-0.544901 -2.36821 0.0
-0.700133 -0.0423503 0.0
-1.00852 -0.135944 0.0
-0.776451 -2.43875 0.0
-0.280784 -2.31833 0.0
-0.358555 0.0214066 0.0
-0.669791 -0.0350008 0.0
-0.51456 -2.36086 0.0
-0.0153129 -2.30043 0.0
-0.0153129 0.04394 0.0
-0.328 0.0250939 0.0
-0.250229 -2.31464 0.0
0.25023 -2.31464 0.0
0.328001 0.0250939 0.0
0.0153142 0.04394 0.0
0.0153142 -2.30043 0.0
0.514561 -2.36086 0.0
0.669793 -0.0350008 0.0
0.358556 0.0214066 0.0
0.280785 -2.31833 0.0
0.776453 -2.43875 0.0
1.00852 -0.135944 0.0
0.700134 -0.0423503 0.0
0.544902 -2.36821 0.0
1.03477 -2.54778 0.0
1.34276 -0.277116 0.0
1.03852 -0.146909 0.0
0.806447 -2.44971 0.0
1.28847 -2.68729 0.0
1.67116 -0.457735 0.0
1.37228 -0.291631 0.0
1.06429 -2.56229 0.0
1.53662 -2.85655 0.0
1.99248 -0.676896 0.0
1.70009 -0.475723 0.0
1.31741 -2.70528 0.0
1.7783 -3.05475 0.0
2.30554 -0.933601 0.0
2.02072 -0.698272 0.0
1.56486 -2.87792 0.0
2.01268 -3.28104 0.0
2.60921 -1.22676 0.0
2.33299 -0.958269 0.0
1.80575 -3.07942 0.0
2.23893 -3.53449 0.0
2.90239 -1.55517 0.0
2.63577 -1.25461 0.0
2.03924 -3.3089 0.0
2.45622 -3.81409 0.0
3.184 -1.91755 0.0
2.92796 -1.58611 0.0
2.26449 -3.56543 0.0
2.66377 -4.11876 0.0
3.45301 -2.31248 0.0
3.20849 -1.95144 0.0
2.4807 -3.84798 0.0
2.86081 -4.44733 0.0
3.70838 -2.73843 0.0
3.47632 -2.3492 0.0
2.68708 -4.15548 0.0
3.04659 -4.79853 0.0
3.94916 -3.19377 0.0
3.73043 -2.77783 0.0
2.88286 -4.48673 0.0
3.22041 -5.17101 0.0
4.17441 -3.67672 0.0
3.96986 -3.2357 0.0
3.06729 -4.84046 0.0
3.38159 -5.56333 0.0
4.38326 -4.18541 0.0
4.19369 -3.72102 0.0
3.23968 -5.21531 0.0
3.5295 -5.97397 0.0
4.57489 -4.71786 0.0
4.40104 -4.2319 0.0
3.39936 -5.60983 0.0
3.66356 -6.4013 0.0
4.74855 -5.27199 0.0
4.5911 -4.76637 0.0
3.5457 -6.02248 0.0
3.78325 -6.8436 0.0
4.90355 -5.84559 0.0
4.76312 -5.32232 0.0
3.67813 -6.45163 0.0
3.88808 -7.29898 0.0
5.03927 -6.43634 0.0
4.91643 -5.89754 0.0
3.79613 -6.89555 0.0
3.97762 -7.76522 0.0
5.15517 -7.04161 0.0
5.05041 -6.48967 0.0
3.89922 -7.35232 0.0
4.05151 -8.23922 0.0
5.25078 -7.65806 0.0
5.16453 -7.09604 0.0
3.98698 -7.81965 0.0
4.1095 -8.71569 0.0
5.32573 -8.28023 0.0
5.25834 -7.71315 0.0
4.05907 -8.29431 0.0
4.15166 -9.18353 0.0
5.37997 -8.89626 0.0
5.3315 -8.33511 0.0
4.11527 -8.77057 0.0
4.17882 -9.61764 0.0
5.41429 -9.47601 0.0
5.38402 -8.94893 0.0
4.15572 -9.23621 0.0
4.18122 -9.66351 0.0
4.19313 -9.96697 0.0
5.4314 -9.94742 0.0
5.41669 -9.52189 0.0
-5.55327 -9.51313 0.0
-6.789 -9.37149 0.0
-6.80639 -9.92398 0.0
-5.56798 -9.93866 0.0
-5.52005 -8.9252 0.0
-6.74861 -8.63621 0.0
-6.78605 -9.31064 0.0
-5.55032 -9.45228 0.0
-5.46652 -8.2951 0.0
-6.68297 -7.85814 0.0
-6.74354 -8.56726 0.0
-5.51498 -8.85625 0.0
-5.39179 -7.65691 0.0
-6.59127 -7.07479 0.0
-6.67563 -7.78703 0.0
-5.45917 -8.22399 0.0
-5.29587 -7.0239 0.0
-6.47363 -6.29972 0.0
-6.58159 -7.0038 0.0
-5.38211 -7.58592 0.0
-5.1791 -6.402 0.0
-6.33051 -5.53898 0.0
-6.46163 -6.22975 0.0
-5.28386 -6.95393 0.0
-5.04196 -5.79471 0.0
-6.16246 -4.79642 0.0
-6.31621 -5.47049 0.0
-5.1648 -6.33351 0.0
-4.88499 -5.20475 0.0
-5.97018 -4.07519 0.0
-6.14593 -4.72974 0.0
-5.02542 -5.72802 0.0
-4.70883 -4.63454 0.0
-5.75442 -3.37818 0.0
-5.95147 -4.01059 0.0
-4.86628 -5.14015 0.0
-4.51417 -4.08633 0.0
-5.51603 -2.70814 0.0
-5.73361 -3.31593 0.0
-4.68802 -4.57229 0.0
-4.30177 -3.56228 0.0
-5.25595 -2.0677 0.0
-5.4932 -2.64848 0.0
-4.49134 -4.02667 0.0
-4.07247 -3.06443 0.0
-4.9752 -1.45936 0.0
-5.2312 -2.01087 0.0
-4.27702 -3.50545 0.0
-3.82715 -2.5947 0.0
-4.67488 -0.88548 0.0
-4.94862 -1.40557 0.0
-4.04588 -3.01064 0.0
-3.56677 -2.15493 0.0
-4.35616 -0.348294 0.0
-4.64657 -0.834942 0.0
-3.79884 -2.54417 0.0
-3.29232 -1.7468 0.0
-4.02024 0.150114 0.0
-4.32623 -0.301205 0.0
-3.53684 -2.10784 0.0
-3.00484 -1.3719 0.0
-3.66842 0.607809 0.0
-3.98881 0.193571 0.0
-3.26089 -1.70335 0.0
-2.7054 -1.03169 0.0
-3.30202 1.02301 0.0
-3.6356 0.647464 0.0
-2.97202 -1.33225 0.0
-2.39509 -0.727507 0.0
-2.92241 1.39407 0.0
-3.26794 1.0587 0.0
-2.67131 -0.995994 0.0
-2.07505 -0.46058 0.0
-2.53097 1.71951 0.0
-2.88718 1.42567 0.0
-2.35987 -0.695909 0.0
-1.74643 -0.232038 0.0
-2.12917 1.99796 0.0
-2.49474 1.74688 0.0
-2.03882 -0.433211 0.0
-1.41045 -0.0429129 0.0
-1.71847 2.22819 0.0
-2.09206 2.02098 0.0
-1.70933 -0.209016 0.0
-1.06836 0.105861 0.0
-1.30046 2.40911 0.0
-1.68063 2.24676 0.0
-1.3726 -0.0243465 0.0
-0.721538 0.213474 0.0
-0.876782 2.53978 0.0
-1.26202 2.42313 0.0
-1.02993 0.119879 0.0
-0.371432 0.279274 0.0
-0.449209 2.61945 0.0
-0.837913 2.54917 0.0
-0.682669 0.222866 0.0
-0.0196111 0.302831 0.0
-0.0196111 2.64764 0.0
-0.410075 2.62416 0.0
-0.332298 0.283985 0.0
0.332299 0.283985 0.0
0.410076 2.62416 0.0
0.0196123 2.64764 0.0
0.0196123 0.302831 0.0
0.68267 0.222866 0.0
0.837914 2.54917 0.0
0.44921 2.61945 0.0
0.371433 0.279274 0.0
1.02993 0.119879 0.0
1.26202 2.42313 0.0
0.876783 2.53978 0.0
0.721539 0.213474 0.0
1.3726 -0.0243465 0.0
1.68063 2.24676 0.0
1.30046 2.40911 0.0
1.06837 0.105861 0.0
1.70933 -0.209016 0.0
2.09206 2.02098 0.0
1.71847 2.22819 0.0
1.41045 -0.0429129 0.0
2.03882 -0.433211 0.0
2.49474 1.74688 0.0
2.12917 1.99796 0.0
1.74644 -0.232038 0.0
2.35987 -0.695909 0.0
2.88718 1.42567 0.0
2.53098 1.71951 0.0
2.07505 -0.46058 0.0
2.67131 -0.995994 0.0
3.26794 1.0587 0.0
2.92241 1.39407 0.0
2.39509 -0.727507 0.0
2.97202 -1.33225 0.0
3.6356 0.647464 0.0
3.30202 1.02301 0.0
2.7054 -1.03169 0.0
3.26089 -1.70335 0.0
3.98881 0.193571 0.0
3.66842 0.607809 0.0
3.00484 -1.3719 0.0
3.53685 -2.10784 0.0
4.32623 -0.301205 0.0
4.02024 0.150114 0.0
3.29233 -1.7468 0.0
3.79884 -2.54417 0.0
4.64658 -0.834942 0.0
4.35616 -0.348294 0.0
3.56677 -2.15493 0.0
4.04588 -3.01064 0.0
4.94862 -1.40557 0.0
4.67489 -0.88548 0.0
3.82715 -2.5947 0.0
4.27702 -3.50545 0.0
5.2312 -2.01087 0.0
4.9752 -1.45936 0.0
4.07247 -3.06443 0.0
4.49134 -4.02667 0.0
5.4932 -2.64848 0.0
5.25595 -2.0677 0.0
4.30177 -3.56228 0.0
4.68802 -4.57229 0.0
5.73361 -3.31593 0.0
5.51603 -2.70814 0.0
4.51417 -4.08633 0.0
4.86629 -5.14015 0.0
5.95147 -4.01059 0.0
5.75442 -3.37818 0.0
4.70883 -4.63454 0.0
5.02542 -5.72802 0.0
6.14593 -4.72974 0.0
5.97018 -4.07519 0.0
4.88499 -5.20475 0.0
5.1648 -6.33351 0.0
6.31621 -5.47049 0.0
6.16246 -4.79642 0.0
5.04196 -5.79471 0.0
5.28386 -6.95393 0.0
6.46163 -6.22975 0.0
6.33051 -5.53898 0.0
5.1791 -6.402 0.0
5.38211 -7.58592 0.0
6.58159 -7.0038 0.0
6.47363 -6.29972 0.0
5.29587 -7.0239 0.0
5.45918 -8.22399 0.0
6.67563 -7.78703 0.0
6.59127 -7.07479 0.0
5.39179 -7.65691 0.0
5.51498 -8.85625 0.0
6.74354 -8.56726 0.0
6.68297 -7.85814 0.0
5.46652 -8.2951 0.0
5.55032 -9.45228 0.0
6.78605 -9.31064 0.0
6.74861 -8.63621 0.0
5.52005 -8.9252 0.0
5.55327 -9.51313 0.0
5.56798 -9.93866 0.0
6.80639 -9.92398 0.0
6.789 -9.37149 0.0
-6.9259 -9.36292 0.0
-8.16167 -9.22089 0.0
-8.18169 -9.90391 0.0
-6.94329 -9.91541 0.0
-6.88497 -8.61234 0.0
-8.11356 -8.32216 0.0
-8.15819 -9.14474 0.0
-6.92241 -9.28677 0.0
-6.8183 -7.8179 0.0
-8.03476 -7.38012 0.0
-8.10746 -8.23685 0.0
-6.87887 -8.52702 0.0
-6.72501 -7.01834 0.0
-7.9245 -6.4358 0.0
-8.02583 -7.2928 0.0
-6.80937 -7.73058 0.0
-6.60525 -6.22738 0.0
-7.78302 -5.50301 0.0
-7.91269 -6.34892 0.0
-6.71321 -6.93146 0.0
-6.45946 -5.4511 0.0
-7.61087 -4.588 0.0
-7.76835 -5.41749 0.0
-6.59058 -6.14186 0.0
-6.28825 -4.69336 0.0
-7.40876 -3.69504 0.0
-7.5934 -4.50434 0.0
-6.442 -5.36743 0.0
-6.0923 -3.95737 0.0
-7.17749 -2.8278 0.0
-7.38856 -3.6136 0.0
-6.26805 -4.61192 0.0
-5.87239 -3.24608 0.0
-6.91798 -1.98971 0.0
-7.15463 -2.74891 0.0
-6.06945 -3.87849 0.0
-5.62939 -2.56228 0.0
-6.63125 -1.18408 0.0
-6.89256 -1.91369 0.0
-5.84697 -3.17006 0.0
-5.36425 -1.90865 0.0
-6.31843 -0.414061 0.0
-6.60336 -1.11123 0.0
-5.6015 -2.48943 0.0
-5.07802 -1.28774 0.0
-5.98075 0.317336 0.0
-6.28819 -0.344662 0.0
-5.33401 -1.83925 0.0
-4.7718 -0.701976 0.0
-5.61953 1.00726 0.0
-5.94828 0.383013 0.0
-5.04554 -1.22206 0.0
-4.4468 -0.153629 0.0
-5.23618 1.65301 0.0
-5.58495 1.06896 0.0
-4.73722 -0.640277 0.0
-4.10425 0.355171 0.0
-4.83216 2.2521 0.0
-5.19961 1.71049 0.0
-4.41024 -0.0961485 0.0
-3.74547 0.822449 0.0
-4.40904 2.80217 0.0
-4.79376 2.30514 0.0
-4.06585 0.408211 0.0
-3.3718 1.24638 0.0
-3.96841 3.30109 0.0
-4.36895 2.85056 0.0
-3.70538 0.870841 0.0
-2.98464 1.6253 0.0
-3.51194 3.74689 0.0
-3.92678 3.34464 0.0
-3.33017 1.28994 0.0
-2.58541 1.95768 0.0
-3.04132 4.13777 0.0
-3.46893 3.78543 0.0
-2.94162 1.66384 0.0
-2.1756 2.24214 0.0
-2.55831 4.47213 0.0
-2.99708 4.17115 0.0
-2.54118 1.99106 0.0
-1.75672 2.47741 0.0
-2.06472 4.74851 0.0
-2.51301 4.50019 0.0
-2.1303 2.2702 0.0
-1.33036 2.66239 0.0
-1.56244 4.96563 0.0
-2.01854 4.77114 0.0
-1.71053 2.50004 0.0
-0.898228 2.79612 0.0
-1.05346 5.12241 0.0
-1.51555 4.98271 0.0
-1.28347 2.67947 0.0
-0.462111 2.87783 0.0
-0.539881 5.218 0.0
-1.00605 5.13385 0.0
-0.850815 2.80756 0.0
-0.0239174 2.90705 0.0
-0.0239173 5.25184 0.0
-0.492152 5.22373 0.0
-0.414381 2.88357 0.0
0.414383 2.88357 0.0
0.492153 5.22373 0.0
0.0239187 5.25184 0.0
0.0239187 2.90705 0.0
0.850816 2.80756 0.0
1.00605 5.13385 0.0
0.539883 5.218 0.0
0.462112 2.87783 0.0
1.28347 2.67947 0.0
1.51555 4.98271 0.0
1.05346 5.12241 0.0
0.898229 2.79612 0.0
1.71053 2.50004 0.0
2.01854 4.77114 0.0
1.56244 4.96563 0.0
1.33036 2.66239 0.0
2.1303 2.2702 0.0
2.51302 4.50019 0.0
2.06472 4.74851 0.0
1.75672 2.47741 0.0
2.54118 1.99106 0.0
2.99708 4.17115 0.0
2.55831 4.47213 0.0
2.1756 2.24214 0.0
2.94162 1.66384 0.0
3.46893 3.78543 0.0
3.04132 4.13777 0.0
2.58541 1.95768 0.0
3.33017 1.28994 0.0
3.92678 3.34464 0.0
3.51194 3.74689 0.0
2.98464 1.6253 0.0
3.70538 0.870841 0.0
4.36895 2.85056 0.0
3.96841 3.30109 0.0
3.3718 1.24638 0.0
4.06585 0.408211 0.0
4.79376 2.30514 0.0
4.40904 2.80217 0.0
3.74547 0.822449 0.0
4.41024 -0.0961485 0.0
5.19961 1.71049 0.0
4.83216 2.2521 0.0
4.10425 0.355171 0.0
4.73722 -0.640277 0.0
5.58495 1.06896 0.0
5.23618 1.65301 0.0
4.4468 -0.153629 0.0
5.04554 -1.22206 0.0
5.94828 0.383013 0.0
5.61953 1.00726 0.0
4.7718 -0.701976 0.0
5.33401 -1.83925 0.0
6.28819 -0.344662 0.0
5.98075 0.317336 0.0
5.07802 -1.28774 0.0
5.6015 -2.48943 0.0
6.60337 -1.11123 0.0
6.31843 -0.414061 0.0
5.36425 -1.90865 0.0
5.84697 -3.17006 0.0
6.89256 -1.91369 0.0
6.63125 -1.18408 0.0
5.62939 -2.56228 0.0
6.06945 -3.87849 0.0
7.15464 -2.74891 0.0
6.91798 -1.98971 0.0
5.87239 -3.24608 0.0
6.26805 -4.61192 0.0
7.38856 -3.6136 0.0
7.17749 -2.8278 0.0
6.0923 -3.95737 0.0
6.442 -5.36743 0.0
7.59341 -4.50434 0.0
7.40876 -3.69504 0.0
6.28825 -4.69336 0.0
6.59059 -6.14186 0.0
7.76835 -5.41749 0.0
7.61087 -4.588 0.0
6.45946 -5.4511 0.0
6.71321 -6.93146 0.0
7.91269 -6.34892 0.0
7.78302 -5.50301 0.0
6.60525 -6.22738 0.0
6.80937 -7.73058 0.0
8.02584 -7.2928 0.0
7.9245 -6.4358 0.0
6.72502 -7.01834 0.0
6.87887 -8.52702 0.0
8.10746 -8.23685 0.0
8.03477 -7.38012 0.0
6.8183 -7.8179 0.0
6.92241 -9.28677 0.0
8.15819 -9.14474 0.0
8.11357 -8.32216 0.0
6.88498 -8.61234 0.0
6.9259 -9.36292 0.0
6.94329 -9.91541 0.0
8.18169 -9.90391 0.0
8.16168 -9.22089 0.0
-8.29873 -9.21243 0.0
-9.53436 -9.06995 0.0
-9.55694 -9.88617 0.0
-8.31875 -9.89546 0.0
-8.2501 -8.29818 0.0
-9.47856 -8.00721 0.0
-9.53035 -8.97827 0.0
-8.29472 -9.12076 0.0
-8.17025 -7.33975 0.0
-9.38659 -6.90154 0.0
-9.4714 -7.90551 0.0
-8.24295 -8.19647 0.0
-8.05839 -6.37924 0.0
-9.25775 -5.79657 0.0
-9.37606 -6.79803 0.0
-8.15972 -7.23624 0.0
-7.91476 -5.43057 0.0
-9.09242 -4.70622 0.0
-9.2438 -5.69381 0.0
-8.04444 -6.27648 0.0
-7.73996 -4.50002 0.0
-8.89125 -3.63702 0.0
-9.07509 -4.60515 0.0
-7.89744 -5.32951 0.0
-7.53467 -3.59188 0.0
-8.65507 -2.59369 0.0
-8.87061 -3.53818 0.0
-7.71932 -4.40118 0.0
-7.29974 -2.70987 0.0
-8.38481 -1.58045 0.0
-8.6312 -2.49749 0.0
-7.5108 -3.49567 0.0
-7.03607 -1.85748 0.0
-8.08155 -0.601291 0.0
-8.35781 -1.48726 0.0
-7.27273 -2.61668 0.0
-6.74472 -1.03807 0.0
-7.74648 0.339929 0.0
-8.05151 -0.511497 0.0
-7.00603 -1.76768 0.0
-6.42684 -0.254848 0.0
-7.38091 1.23952 0.0
-7.71352 0.425981 0.0
-6.71177 -0.952017 0.0
-6.08367 0.489123 0.0
-6.9863 2.09397 0.0
-7.34518 1.32149 0.0
-6.39111 -0.172875 0.0
-5.71655 1.19094 0.0
-6.56417 2.89992 0.0
-6.94792 2.17154 0.0
-6.04529 0.566696 0.0
-5.32691 1.84787 0.0
-6.11618 3.65425 0.0
-6.5233 2.97279 0.0
-5.67568 1.26381 0.0
-4.91625 2.45735 0.0
-5.64406 4.354 0.0
-6.07298 3.72213 0.0
-5.2837 1.91575 0.0
-4.48616 3.01702 0.0
-5.14963 4.99644 0.0
-5.59869 4.41663 0.0
-4.87088 2.51998 0.0
-4.03825 3.52468 0.0
-4.63478 5.57908 0.0
-5.10227 5.05358 0.0
-4.43879 3.07416 0.0
-3.57423 3.97834 0.0
-4.10145 6.0996 0.0
-4.5856 5.63049 0.0
-3.98907 3.5761 0.0
-3.09581 4.37618 0.0
-3.55164 6.55592 0.0
-4.05063 6.14509 0.0
-3.52342 4.02383 0.0
-2.60479 4.71655 0.0
-2.98744 6.94618 0.0
-3.49939 6.5953 0.0
-3.04356 4.41556 0.0
-2.103 4.99797 0.0
-2.41095 7.26869 0.0
-2.93394 6.97928 0.0
-2.5513 4.74965 0.0
-1.59237 5.21915 0.0
-1.82441 7.52199 0.0
-2.35642 7.29537 0.0
-2.04847 5.02465 0.0
-1.07493 5.37899 0.0
-1.23013 7.70486 0.0
-1.76905 7.54212 0.0
-1.53701 5.23929 0.0
-0.552795 5.47662 0.0
-0.630557 7.81636 0.0
-1.17417 7.71835 0.0
-1.01896 5.39247 0.0
-0.0282273 5.51149 0.0
-0.0282155 7.85586 0.0
-0.574223 7.82312 0.0
-0.496462 5.48338 0.0
0.496464 5.48338 0.0
0.574227 7.82312 0.0
0.0282412 7.85586 0.0
0.0282294 5.51149 0.0
1.01896 5.39247 0.0
1.17417 7.71835 0.0
0.630559 7.81636 0.0
0.552796 5.47662 0.0
1.53701 5.23929 0.0
1.76905 7.54213 0.0
1.23013 7.70486 0.0
1.07493 5.37899 0.0
2.04847 5.02465 0.0
2.35642 7.29537 0.0
1.82441 7.52199 0.0
1.59238 5.21915 0.0
2.5513 4.74965 0.0
2.93394 6.97928 0.0
2.41095 7.26868 0.0
2.10301 4.99797 0.0
3.04356 4.41556 0.0
3.49939 6.5953 0.0
2.98744 6.94618 0.0
2.60479 4.71655 0.0
3.52342 4.02383 0.0
4.05064 6.14509 0.0
3.55165 6.55592 0.0
3.09581 4.37618 0.0
3.98907 3.5761 0.0
4.5856 5.63049 0.0
4.10145 6.0996 0.0
3.57423 3.97834 0.0
4.43879 3.07416 0.0
5.10227 5.05358 0.0
4.63478 5.57908 0.0
4.03825 3.52468 0.0
4.87088 2.51998 0.0
5.59869 4.41663 0.0
5.14964 4.99644 0.0
4.48616 3.01702 0.0
5.2837 1.91575 0.0
6.07298 3.72213 0.0
5.64407 4.354 0.0
4.91625 2.45735 0.0
5.67568 1.26381 0.0
6.5233 2.97279 0.0
6.11618 3.65425 0.0
5.32691 1.84787 0.0
6.04529 0.566696 0.0
6.94792 2.17154 0.0
6.56417 2.89992 0.0
5.71655 1.19094 0.0
6.39111 -0.172875 0.0
7.34518 1.32149 0.0
6.9863 2.09397 0.0
6.08367 0.489123 0.0
6.71177 -0.952017 0.0
7.71353 0.425981 0.0
7.38091 1.23952 0.0
6.42684 -0.254848 0.0
7.00603 -1.76768 0.0
8.05151 -0.511496 0.0
7.74648 0.339929 0.0
6.74472 -1.03807 0.0
7.27273 -2.61668 0.0
8.35781 -1.48726 0.0
8.08155 -0.60129 0.0
7.03607 -1.85748 0.0
7.51081 -3.49567 0.0
8.6312 -2.49749 0.0
8.38481 -1.58045 0.0
7.29974 -2.70987 0.0
7.71932 -4.40118 0.0
8.87061 -3.53818 0.0
8.65507 -2.59369 0.0
7.53468 -3.59188 0.0
7.89744 -5.32951 0.0
9.07509 -4.60515 0.0
8.89125 -3.63702 0.0
7.73996 -4.50002 0.0
8.04444 -6.27648 0.0
9.2438 -5.69381 0.0
9.09242 -4.70622 0.0
7.91477 -5.43057 0.0
8.15972 -7.23624 0.0
9.37606 -6.79803 0.0
9.25775 -5.79657 0.0
8.05839 -6.37924 0.0
8.24295 -8.19647 0.0
9.47141 -7.90551 0.0
9.38659 -6.90154 0.0
8.17025 -7.33975 0.0
8.29473 -9.12076 0.0
9.53035 -8.97827 0.0
9.47856 -8.00721 0.0
8.2501 -8.29818 0.0
8.29873 -9.21243 0.0
8.31875 -9.89546 0.0
9.55694 -9.88617 0.0
9.53436 -9.06995 0.0
-9.67144 -9.0616 0.0
-10.3615 -8.98293 0.0
-10.9059 -8.91879 0.0
-10.9308 -9.87023 0.0
-9.69402 -9.87783 0.0
-10.3226 -8.88354 0.0
-9.63258 -8.96222 0.0
-9.58078 -7.99116 0.0
-10.1527 -7.85769 0.0
-10.1452 -7.74491 0.0
-9.57321 -7.87837 0.0
-9.48839 -6.87441 0.0
-10.0218 -6.68629 0.0
-10.293 -7.70472 0.0
-10.0105 -6.57162 0.0
-9.47713 -6.75974 0.0
-9.35882 -5.75827 0.0
-9.85544 -5.52152 0.0
-10.2206 -6.48769 0.0
-9.84032 -5.40739 0.0
-9.3437 -5.64414 0.0
-9.19231 -4.65654 0.0
-9.66002 -4.37348 0.0
-10.0982 -5.27329 0.0
-9.64113 -4.26107 0.0
-9.17342 -4.54413 0.0
-8.98958 -3.576 0.0
-9.43086 -3.24983 0.0
-9.93161 -4.07353 0.0
-9.71682 -2.89943 0.0
-9.40815 -3.13961 0.0
-8.96687 -3.46578 0.0
-8.75133 -2.5213 0.0
-9.17282 -2.15037 0.0
-9.4605 -1.75448 0.0
-9.14647 -2.04298 0.0
-8.72498 -2.4139 0.0
-8.47859 -1.49686 0.0
-8.88163 -1.0819 0.0
-9.16036 -0.647712 0.0
-8.85165 -0.977714 0.0
-8.44861 -1.39268 0.0
-8.17235 -0.50671 0.0
-8.56116 -0.0440644 0.0
-8.82279 0.419537 0.0
-8.52776 0.0563753 0.0
-8.13895 -0.40627 0.0
-7.83392 0.445156 0.0
-8.20814 0.955442 0.0
-8.44659 1.43907 0.0
-8.17138 1.05178 0.0
-7.79717 0.541489 0.0
-7.46456 1.35503 0.0
-7.82604 1.91676 0.0
-8.03737 2.41082 0.0
-7.78617 2.00853 0.0
-7.42468 1.4468 0.0
-7.0658 2.21928 0.0
-7.41285 2.8319 0.0
-7.59579 3.32924 0.0
-7.36998 2.91877 0.0
-7.02293 2.30614 0.0
-6.63918 3.03453 0.0
-6.97094 3.69905 0.0
-6.92526 3.78066 0.0
-6.59349 3.11614 0.0
-6.18638 3.79759 0.0
-6.50151 4.51451 0.0
-7.1242 4.19101 0.0
-6.45317 4.59055 0.0
-6.13803 3.87362 0.0
-5.70912 4.50549 0.0
-6.00672 5.27675 0.0
-6.62398 4.9911 0.0
-5.95597 5.34689 0.0
-5.65837 4.57563 0.0
-5.20931 5.15545 0.0
-5.48656 5.97842 0.0
-6.09935 5.73071 0.0
-5.43357 6.04239 0.0
-5.15632 5.21942 0.0
-4.68883 5.74492 0.0
-4.94365 6.61846 0.0
-5.55156 6.40527 0.0
-4.88863 6.67603 0.0
-4.63381 5.80249 0.0
-4.14966 6.27159 0.0
-4.37991 7.19406 0.0
-4.9829 7.01245 0.0
-4.32306 7.24498 0.0
-4.09281 6.32251 0.0
-3.59382 6.73335 0.0
-3.79733 7.70262 0.0
-4.39566 7.55011 0.0
-3.73888 7.7467 0.0
-3.53537 6.77742 0.0
-3.02342 7.12829 0.0
-3.19805 8.14182 0.0
-3.79218 8.01635 0.0
-3.13822 8.17886 0.0
-2.96358 7.16533 0.0
-2.44059 7.45474 0.0
-2.58429 8.50957 0.0
-3.17482 8.40947 0.0
-2.52328 8.53942 0.0
-2.37958 7.48459 0.0
-1.84758 7.71121 0.0
-1.95855 8.80593 0.0
-2.54574 8.72609 0.0
-1.89672 8.82764 0.0
-1.78575 7.73292 0.0
-1.24683 7.89566 0.0
-1.32107 8.99654 0.0
-1.90815 8.96795 0.0
-1.25869 9.01034 0.0
-1.18446 7.90945 0.0
-0.640846 8.00746 0.0
-0.677955 9.09327 0.0
-1.26422 9.13259 0.0
-0.614649 9.10296 0.0
-0.577541 8.01716 0.0
-0.0315329 8.04989 0.0
-0.0301724 9.11752 0.0
-0.0328577 9.23584 0.0
-0.616022 9.22348 0.0
0.0335309 9.11421 0.0
0.0321705 8.04658 0.0
0.578156 8.01384 0.0
0.6153 9.10086 0.0
0.616619 9.22135 0.0
0.677998 9.09456 0.0
0.640853 8.00754 0.0
1.18446 7.90953 0.0
1.25879 9.01175 0.0
1.26432 9.13414 0.0
1.32117 8.99796 0.0
1.24684 7.89574 0.0
1.78576 7.733 0.0
1.89655 8.82595 0.0
1.90831 8.96964 0.0
1.95839 8.80415 0.0
1.8476 7.71121 0.0
2.3796 7.48459 0.0
2.52355 8.54121 0.0
2.54601 8.72787 0.0
2.58452 8.51137 0.0
2.44058 7.45474 0.0
2.96356 7.16534 0.0
3.13846 8.18035 0.0
3.17449 8.40765 0.0
3.1983 8.14331 0.0
3.0234 7.12829 0.0
3.53536 6.77742 0.0
3.7391 7.7478 0.0
3.79184 8.01484 0.0
3.79756 7.70373 0.0
3.59381 6.73335 0.0
4.0928 6.32251 0.0
4.32321 7.24562 0.0
4.39537 7.549 0.0
4.38006 7.19469 0.0
4.14965 6.27159 0.0
4.63381 5.80249 0.0
4.88864 6.67609 0.0
4.9827 7.01182 0.0
4.94367 6.61852 0.0
4.68883 5.74492 0.0
5.15632 5.21942 0.0
5.43335 6.04176 0.0
5.55155 6.40522 0.0
5.48635 5.97778 0.0
5.20932 5.15544 0.0
5.65838 4.57563 0.0
5.95541 5.34544 0.0
6.09961 5.73134 0.0
6.00617 5.2753 0.0
5.70914 4.50548 0.0
6.13805 3.87362 0.0
6.45391 4.59216 0.0
6.62465 4.99254 0.0
6.50221 4.51614 0.0
6.18635 3.7976 0.0
6.59347 3.11614 0.0
6.92551 3.78122 0.0
7.12336 4.18939 0.0
6.97121 3.69961 0.0
6.63917 3.03453 0.0
7.02292 2.30615 0.0
7.36958 2.91808 0.0
7.59547 3.32869 0.0
7.41247 2.8312 0.0
7.06581 2.21927 0.0
7.42469 1.4468 0.0
7.78613 2.00845 0.0
8.03783 2.4115 0.0
7.826 1.91669 0.0
7.46456 1.35503 0.0
7.79717 0.541488 0.0
8.17166 1.05215 0.0
8.44664 1.43913 0.0
8.20841 0.955825 0.0
7.83391 0.445161 0.0
8.13895 -0.406264 0.0
8.52664 0.0550609 0.0
8.82247 0.419174 0.0
8.56008 -0.0454076 0.0
8.17238 -0.506732 0.0
8.44864 -1.39271 0.0
8.85241 -0.976985 0.0
9.16164 -0.646454 0.0
8.88235 -1.08113 0.0
8.47858 -1.49685 0.0
8.72496 -2.41389 0.0
9.14521 -2.04406 0.0
9.45966 -1.75518 0.0
9.17161 -2.1515 0.0
8.75136 -2.52133 0.0
8.9669 -3.46581 0.0
9.40903 -3.13901 0.0
9.71822 -2.89845 0.0
9.4317 -3.24917 0.0
8.98956 -3.57597 0.0
9.1734 -4.54411 0.0
9.63949 -4.26204 0.0
9.93066 -4.07408 0.0
9.65842 -4.37452 0.0
9.19234 -4.65659 0.0
9.34373 -5.64418 0.0
9.84133 -5.40696 0.0
10.1 -5.27249 0.0
9.85641 -5.52102 0.0
9.35881 -5.75824 0.0
9.47712 -6.75971 0.0
10.0088 -6.57222 0.0
10.2196 -6.48803 0.0
10.0201 -6.68697 0.0
9.48841 -6.87447 0.0
9.57323 -7.87843 0.0
10.1463 -7.74469 0.0
10.2949 -7.70435 0.0
10.1539 -7.85738 0.0
9.58077 -7.99112 0.0
9.63257 -8.96218 0.0
10.3214 -8.88364 0.0
9.67144 -9.0616 0.0
9.69402 -9.87783 0.0
10.9308 -9.87023 0.0
10.9059 -8.9188 0.0
10.3603 -8.98306 0.0
-11.6801 -9.86802 0.0
-11.0331 -9.86475 0.0
-11.0081 -8.91332 0.0
-11.6167 -8.84292 0.0
-11.612 -8.7253 0.0
-11.0034 -8.7957 0.0
-10.9446 -7.67625 0.0
-11.5177 -7.55327 0.0
-11.6834 -8.71264 0.0
-11.5092 -7.42461 0.0
-10.936 -7.5476 0.0
-10.8391 -6.39684 0.0
-11.3733 -6.21964 0.0
-11.6457 -7.36625 0.0
-11.3604 -6.08882 0.0
-10.8262 -6.26603 0.0
-10.6909 -5.12045 0.0
-11.1925 -4.89257 0.0
-11.5546 -5.98847 0.0
-11.1752 -4.76279 0.0
-10.6737 -4.99067 0.0
-10.5005 -3.86165 0.0
-10.9706 -3.58837 0.0
-11.4153 -4.61506 0.0
-11.2247 -3.26002 0.0
-10.9491 -3.46052 0.0
-10.479 -3.73381 0.0
-10.2688 -2.62724 0.0
-10.7117 -2.31097 0.0
-10.9811 -1.93363 0.0
-10.6858 -2.18564 0.0
-10.2429 -2.50192 0.0
-9.99649 -1.42245 0.0
-10.4186 -1.062 0.0
-10.6915 -0.639638 0.0
-10.3886 -0.939908 0.0
-9.96652 -1.30036 0.0
-9.6848 -0.252284 0.0
-10.087 0.150928 0.0
-10.3531 0.612018 0.0
-10.0529 0.269386 0.0
-9.65071 -0.133825 0.0
-9.33485 0.878716 0.0
-9.72159 1.32811 0.0
-9.97269 1.81961 0.0
-9.68362 1.44232 0.0
-9.29688 0.99292 0.0
-8.94813 1.96596 0.0
-9.31903 2.46106 0.0
-9.55037 2.97609 0.0
-9.27729 2.57058 0.0
-8.90639 2.07548 0.0
-8.52612 3.0052 0.0
-8.88203 3.54773 0.0
-9.08715 4.07452 0.0
-8.83665 3.65213 0.0
-8.48074 3.10961 0.0
-8.07044 3.99236 0.0
-8.41281 4.58617 0.0
-8.58891 5.11514 0.0
-8.36407 4.68497 0.0
-8.02169 4.09116 0.0
-7.58298 4.9235 0.0
-7.90975 5.5675 0.0
-8.05648 6.09189 0.0
-7.8578 5.66033 0.0
-7.53102 5.01633 0.0
-7.0656 5.795 0.0
-7.37572 6.48998 0.0
-7.49135 6.99891 0.0
-7.32073 6.57647 0.0
-7.01062 5.88149 0.0
-6.5203 6.60345 0.0
-6.81324 7.352 0.0
-6.89843 7.83755 0.0
-6.75551 7.43178 0.0
-6.46257 6.68323 0.0
-5.94925 7.34567 0.0
-6.22222 8.14519 0.0
-6.27908 8.60258 0.0
-6.16194 8.21796 0.0
-5.88897 7.41844 0.0
-5.3546 8.01876 0.0
-5.60567 8.86846 0.0
-5.54308 8.93393 0.0
-5.29201 8.08423 0.0
-4.73864 8.62006 0.0
-4.96576 9.51863 0.0
-5.63592 9.29127 0.0
-4.9011 9.57654 0.0
-4.67398 8.67797 0.0
-4.10369 9.14716 0.0
-4.30477 10.0928 0.0
-4.9716 9.90119 0.0
-4.23828 10.1429 0.0
-4.03721 9.19728 0.0
-3.45216 9.59792 0.0
-3.6251 10.5883 0.0
-4.2888 10.4302 0.0
-3.55705 10.6305 0.0
-3.38411 9.64004 0.0
-2.78653 9.97042 0.0
-2.92928 11.0029 0.0
-3.59025 10.8763 0.0
-2.85992 11.0369 0.0
-2.71718 10.0044 0.0
-2.10937 10.263 0.0
-2.21993 11.3345 0.0
-2.87875 11.238 0.0
-2.1496 11.3596 0.0
-2.03904 10.2881 0.0
-1.42341 10.4738 0.0
-1.49876 11.5639 0.0
-2.15726 11.5133 0.0
-1.42786 11.5797 0.0
-1.35251 10.4896 0.0
-0.731592 10.6015 0.0
-0.770278 11.6751 0.0
-1.42869 11.7007 0.0
-0.698416 11.6856 0.0
-0.65973 10.6119 0.0
-0.0361356 10.6492 0.0
-0.0395996 11.8159 0.0
-0.695182 11.8045 0.0
0.0390719 11.9336 0.0
0.0317886 11.8193 0.0
0.0352526 10.6525 0.0
0.658969 10.6153 0.0
0.69757 11.6873 0.0
0.694164 11.8063 0.0
0.770175 11.6734 0.0
0.731574 10.6014 0.0
1.3525 10.4895 0.0
1.42773 11.5778 0.0
1.42855 11.6986 0.0
1.49863 11.562 0.0
1.42341 10.4737 0.0
2.03903 10.288 0.0
2.14975 11.3612 0.0
2.15708 11.5112 0.0
2.22007 11.3362 0.0
2.10935 10.263 0.0
2.71716 10.0044 0.0
2.8601 11.0383 0.0
2.8785 11.2363 0.0
2.92946 11.0043 0.0
2.78652 9.97042 0.0
3.3841 9.64004 0.0
3.55721 10.6315 0.0
3.58999 10.8749 0.0
3.62527 10.5894 0.0
3.45215 9.59792 0.0
4.0372 9.19728 0.0
4.23839 10.1435 0.0
4.28857 10.4292 0.0
4.30488 10.0934 0.0
4.10369 9.14717 0.0
4.67397 8.67797 0.0
4.90109 9.57654 0.0
4.97145 9.90064 0.0
4.96576 9.51862 0.0
4.73864 8.62006 0.0
5.29201 8.08423 0.0
5.54288 8.93326 0.0
5.63592 9.29128 0.0
5.60548 8.86778 0.0
5.35461 8.01876 0.0
5.88898 7.41844 0.0
6.16144 8.21649 0.0
6.27933 8.60326 0.0
6.22172 8.14372 0.0
5.94927 7.34567 0.0
6.46259 6.68322 0.0
6.75551 7.43171 0.0
6.89904 7.83901 0.0
6.81322 7.35193 0.0
6.5203 6.60345 0.0
7.01062 5.88149 0.0
7.3213 6.57769 0.0
7.49138 6.99895 0.0
7.37626 6.49121 0.0
7.06558 5.79501 0.0
7.531 5.01634 0.0
7.8578 5.66038 0.0
8.05583 6.09067 0.0
7.90977 5.56755 0.0
7.58298 4.9235 0.0
8.02169 4.09116 0.0
8.36331 4.68367 0.0
8.58888 5.11511 0.0
8.41208 4.58486 0.0
8.07046 3.99235 0.0
8.48076 3.10959 0.0
8.83789 3.65393 0.0
9.08802 4.07577 0.0
8.88321 3.54957 0.0
8.52608 3.00522 0.0
8.90636 2.07551 0.0
9.2774 2.57081 0.0
9.54897 2.97432 0.0
9.31918 2.46127 0.0
8.94813 1.96597 0.0
9.29688 0.992929 0.0
9.68231 1.44082 0.0
9.97252 1.81944 0.0
9.72032 1.32657 0.0
9.33489 0.878687 0.0
9.65075 -0.133862 0.0
10.0539 0.270368 0.0
10.3546 0.613426 0.0
10.088 0.15197 0.0
9.68478 -0.252259 0.0
9.9665 -1.30033 0.0
10.3877 -0.940625 0.0
10.6904 -0.640568 0.0
10.4177 -1.06277 0.0
9.99651 -1.42248 0.0
10.243 -2.50195 0.0
10.6878 -2.1843 0.0
10.9821 -1.93298 0.0
10.7135 -2.30953 0.0
10.2688 -2.62719 0.0
10.479 -3.73375 0.0
10.9488 -3.46061 0.0
11.2226 -3.26119 0.0
10.9703 -3.58853 0.0
10.5005 -3.86166 0.0
10.6737 -4.99068 0.0
11.1755 -4.76266 0.0
11.4156 -4.61493 0.0
11.1927 -4.89242 0.0
10.6909 -5.12044 0.0
10.8262 -6.26602 0.0
11.3614 -6.08844 0.0
11.5543 -5.98858 0.0
11.3743 -6.21922 0.0
10.8391 -6.3968 0.0
10.936 -7.54756 0.0
11.5077 -7.42493 0.0
11.6446 -7.36645 0.0
11.5162 -7.55368 0.0
10.9446 -7.67631 0.0
11.0034 -8.79575 0.0
11.6145 -8.72506 0.0
11.685 -8.71253 0.0
11.6192 -8.84255 0.0
11.0081 -8.91324 0.0
11.0331 -9.86467 0.0
11.6776 -9.86795 0.0
-13.0149 -9.86883 0.0
-12.3965 -9.85127 0.0
-12.3699 -8.76354 0.0
-12.9559 -8.7044 0.0
-12.9509 -8.57127 0.0
-12.3649 -8.6304 0.0
-12.2991 -7.36334 0.0
-12.8512 -7.25464 0.0
-13.0205 -8.54381 0.0
-12.8416 -7.10989 0.0
-12.2895 -7.21859 0.0
-12.1801 -5.92225 0.0
-12.6972 -5.76055 0.0
-12.9691 -7.03588 0.0
-12.6827 -5.61418 0.0
-12.1656 -5.77588 0.0
-12.013 -4.48743 0.0
-12.4933 -4.27904 0.0
-12.866 -5.49972 0.0
-12.7064 -3.9722 0.0
-12.4739 -4.1339 0.0
-11.9935 -4.34228 0.0
-11.7983 -3.07315 0.0
-12.2451 -2.82302 0.0
-12.4877 -2.46799 0.0
-12.2208 -2.68005 0.0
-11.774 -2.93018 0.0
-11.5371 -1.68659 0.0
-11.9568 -1.3962 0.0
-12.2171 -0.992741 0.0
-11.9278 -1.2563 0.0
-11.5081 -1.54669 0.0
-11.2304 -0.333764 0.0
-11.6238 -0.00676407 0.0
-11.8929 0.444635 0.0
-11.5902 0.129588 0.0
-11.1967 -0.197413 0.0
-10.8794 0.980061 0.0
-11.2502 1.34319 0.0
-11.515 1.83493 0.0
-11.2119 1.47547 0.0
-10.8412 1.11234 0.0
-10.4855 2.24972 0.0
-10.8387 2.65196 0.0
-11.0906 3.17612 0.0
-10.7961 2.77945 0.0
-10.4429 2.37721 0.0
-10.0504 3.47008 0.0
-10.386 3.91035 0.0
-10.6199 4.46042 0.0
-10.3392 4.0326 0.0
-10.0036 3.59233 0.0
-9.57565 4.63643 0.0
-9.89535 5.11635 0.0
-10.1039 5.68011 0.0
-9.8445 5.23288 0.0
-9.52481 4.75296 0.0
-9.06322 5.74418 0.0
-9.36932 6.26805 0.0
-9.54901 6.83537 0.0
-9.31473 6.3783 0.0
-9.00863 5.85444 0.0
-8.51519 6.78897 0.0
-8.80618 7.35578 0.0
-8.95622 7.91951 0.0
-8.74801 7.45936 0.0
-8.45703 6.89254 0.0
-7.93366 7.76673 0.0
-8.20916 8.37779 0.0
-8.32841 8.92859 0.0
-8.14766 8.47427 0.0
-7.87216 7.86321 0.0
-7.32089 8.67365 0.0
-7.58005 9.32989 0.0
-7.66738 9.85648 0.0
-7.51542 9.41891 0.0
-7.25626 8.76267 0.0
-6.67922 9.5062 0.0
-6.92174 10.2107 0.0
-6.97834 10.705 0.0
-6.85431 10.2918 0.0
-6.61179 9.58738 0.0
-6.0112 10.2611 0.0
-6.23452 11.0112 0.0
-6.26298 11.4688 0.0
-6.16453 11.0842 0.0
-5.9412 10.3341 0.0
-5.31933 10.9354 0.0
-5.52177 11.7307 0.0
-5.52426 12.1451 0.0
-5.44947 11.7953 0.0
-5.24703 11 0.0
-4.60624 11.5264 0.0
-4.78597 12.3659 0.0
-4.76517 12.7315 0.0
-4.71165 12.4218 0.0
-4.53192 11.5823 0.0
-3.87465 12.0318 0.0
-4.02977 12.914 0.0
-3.98872 13.2261 0.0
-3.95371 12.9609 0.0
-3.79859 12.0787 0.0
-3.12733 12.4493 0.0
-3.25591 13.3724 0.0
-3.19802 13.6271 0.0
-3.17841 13.4102 0.0
-3.04983 12.4871 0.0
-2.36717 12.7772 0.0
-2.46728 13.7389 0.0
-2.39622 13.9331 0.0
-2.38863 13.7675 0.0
-2.28852 12.8057 0.0
-1.59717 13.0139 0.0
-1.66681 14.0117 0.0
-1.58668 14.1429 0.0
-1.58734 14.0308 0.0
-1.5177 13.033 0.0
-0.820469 13.1584 0.0
-0.858157 14.1892 0.0
-0.77411 14.3064 0.0
-0.778525 14.2002 0.0
-0.740838 13.1693 0.0
-0.0406197 13.2112 0.0
-0.0445462 14.2722 0.0
0.0438002 14.3785 0.0
0.0358849 14.2753 0.0
0.0398113 13.2143 0.0
0.740035 13.1725 0.0
0.777794 14.2057 0.0
0.773333 14.3119 0.0
0.858203 14.1916 0.0
0.820444 13.1584 0.0
1.51768 13.033 0.0
1.58742 14.0328 0.0
1.58659 14.1414 0.0
1.66689 14.0137 0.0
1.59714 13.0139 0.0
2.2885 12.8057 0.0
2.38877 13.7692 0.0
2.39601 13.9311 0.0
2.46742 13.7407 0.0
2.36715 12.7772 0.0
3.0498 12.4871 0.0
3.17858 13.4116 0.0
3.19776 13.6254 0.0
3.25609 13.3738 0.0
3.12731 12.4493 0.0
3.79857 12.0787 0.0
3.95386 12.9619 0.0
3.98845 13.2247 0.0
4.02993 12.915 0.0
3.87464 12.0318 0.0
4.53191 11.5823 0.0
4.71173 12.4222 0.0
4.76494 12.7306 0.0
4.78606 12.3663 0.0
4.60624 11.5264 0.0
5.24702 11 0.0
5.44941 11.7951 0.0
5.52414 12.1446 0.0
5.52172 11.7305 0.0
5.31933 10.9354 0.0
5.9412 10.3341 0.0
6.16424 11.0833 0.0
6.26304 11.469 0.0
6.23425 11.0103 0.0
6.01121 10.2611 0.0
6.61181 9.58738 0.0
6.85367 10.29 0.0
6.97869 10.706 0.0
6.92112 10.2088 0.0
6.67925 9.5062 0.0
7.25629 8.76265 0.0
7.51639 9.42121 0.0
7.66816 9.85829 0.0
7.58096 9.33222 0.0
7.32085 8.67366 0.0
7.87212 7.86323 0.0
8.14815 8.47545 0.0
8.32731 8.9263 0.0
8.20967 8.37896 0.0
7.93364 7.76674 0.0
8.45701 6.89256 0.0
8.7479 7.4592 0.0
8.95561 7.91839 0.0
8.80609 7.35561 0.0
8.51519 6.78897 0.0
9.00864 5.85445 0.0
9.31376 6.37666 0.0
9.54911 6.83555 0.0
9.36838 6.26638 0.0
9.06326 5.74417 0.0
9.52484 4.75292 0.0
9.8458 5.23472 0.0
10.105 5.68168 0.0
9.89657 5.11825 0.0
9.57561 4.63645 0.0
10.0035 3.59237 0.0
10.3393 4.03278 0.0
10.6185 4.45864 0.0
10.3861 3.9105 0.0
10.0503 3.47009 0.0
10.4429 2.37722 0.0
10.7947 2.7778 0.0
11.0905 3.17602 0.0
10.8373 2.65026 0.0
10.4855 2.24968 0.0
10.8412 1.11228 0.0
11.2132 1.47667 0.0
11.5166 1.83644 0.0
11.2514 1.34448 0.0
10.8794 0.980095 0.0
11.1967 -0.197366 0.0
11.5895 0.129112 0.0
11.8915 0.443512 0.0
11.6232 -0.00730369 0.0
11.2304 -0.333781 0.0
11.5081 -1.54671 0.0
11.9277 -1.25638 0.0
12.2177 -0.99228 0.0
11.9567 -1.39626 0.0
11.5371 -1.6866 0.0
11.774 -2.93018 0.0
12.2215 -2.67965 0.0
12.4878 -2.46795 0.0
12.2458 -2.82259 0.0
11.7983 -3.07312 0.0
11.9935 -4.34225 0.0
12.4724 -4.13455 0.0
12.7057 -3.97249 0.0
12.4918 -4.27978 0.0
12.013 -4.48749 0.0
12.1656 -5.77595 0.0
12.6823 -5.61438 0.0
12.8675 -5.49923 0.0
12.6968 -5.76071 0.0
12.1801 -5.92227 0.0
12.2895 -7.2186 0.0
12.8423 -7.10973 0.0
12.9694 -7.03584 0.0
12.8519 -7.25444 0.0
12.2991 -7.36331 0.0
12.3649 -8.63037 0.0
12.9489 -8.57149 0.0
13.0198 -8.54383 0.0
12.9539 -8.70473 0.0
12.3699 -8.76361 0.0
12.3965 -9.85134 0.0
13.0169 -9.8689 0.0
-13.3738 -5.3232 0.0
-12.9269 -5.4614 0.0
-12.5542 -4.24072 0.0
-12.7867 -4.07902 0.0
-13.2008 -3.90094 0.0
12.786 -4.07927 0.0
12.5527 -4.24133 0.0
12.9284 -5.46078 0.0
13.3738 -5.32314 0.0
13.2008 -3.90088 0.0
-13.5145 -6.91333 0.0
-13.032 -7.00748 0.0
-12.7601 -5.73214 0.0
-12.9434 -5.61768 0.0
-13.3903 -5.47949 0.0
12.9449 -5.61712 0.0
12.7597 -5.73228 0.0
13.0323 -7.0074 0.0
13.5145 -6.91332 0.0
13.3903 -5.47948 0.0
-13.1791 -3.74686 0.0
-12.765 -3.92494 0.0
-12.3037 -2.77576 0.0
-12.5705 -2.5637 0.0
-12.9584 -2.34782 0.0
12.5706 -2.56369 0.0
12.3044 -2.77539 0.0
12.7643 -3.92529 0.0
13.1791 -3.74689 0.0
12.9584 -2.34785 0.0
-12.9316 -2.19702 0.0
-12.5437 -2.4129 0.0
-12.0128 -1.34111 0.0
-12.3021 -1.07756 0.0
-12.6647 -0.827786 0.0
12.3028 -1.07707 0.0
12.0127 -1.34117 0.0
12.5438 -2.41286 0.0
12.9316 -2.19702 0.0
12.6647 -0.827782 0.0
-12.6329 -0.680649 0.0
-12.2703 -0.930419 0.0
-11.6771 0.0555581 0.0
-11.9798 0.370606 0.0
-12.321 0.653277 0.0
11.9784 0.369465 0.0
11.6764 0.0550651 0.0
12.2709 -0.929912 0.0
12.6328 -0.680621 0.0
12.321 0.653296 0.0
-12.2845 0.796089 0.0
-11.9433 0.513417 0.0
-11.3005 1.41197 0.0
-11.6036 1.77144 0.0
-11.9292 2.08958 0.0
11.6052 1.77295 0.0
11.3018 1.41318 0.0
11.9419 0.512205 0.0
12.2845 0.796036 0.0
11.9292 2.08954 0.0
-11.8882 2.22749 0.0
-11.5626 1.90935 0.0
-10.8863 2.72638 0.0
-11.1808 3.12305 0.0
-11.4911 3.47569 0.0
11.1807 3.12299 0.0
10.8848 2.72477 0.0
11.5641 1.91095 0.0
11.8881 2.22754 0.0
11.4911 3.47574 0.0
-13.6007 -8.47693 0.0
-13.0848 -8.52644 0.0
-12.9155 -7.23727 0.0
-13.043 -7.16327 0.0
-13.5256 -7.06912 0.0
13.0434 -7.16323 0.0
12.9162 -7.23713 0.0
13.0841 -8.52652 0.0
13.6008 -8.47696 0.0
13.5256 -7.06915 0.0
-11.4456 3.60838 0.0
-11.1353 3.25573 0.0
-10.4307 3.98996 0.0
-10.7114 4.41778 0.0
-11.0085 4.80663 0.0
10.71 4.41596 0.0
10.4308 3.9901 0.0
11.1352 3.25562 0.0
11.4456 3.60838 0.0
11.0085 4.80662 0.0
-10.9589 4.93356 0.0
-10.6618 4.54471 0.0
-9.9372 5.20063 0.0
-10.1966 5.64786 0.0
-10.4834 6.07738 0.0
10.1977 5.64941 0.0
9.9385 5.20246 0.0
10.6604 4.54285 0.0
10.9589 4.9335 0.0
10.4835 6.07735 0.0
-10.4298 6.19806 0.0
-10.143 5.76854 0.0
-9.40845 6.35648 0.0
-9.64272 6.81355 0.0
-9.91803 7.28323 0.0
9.64279 6.81375 0.0
9.40744 6.35486 0.0
10.1441 5.77016 0.0
10.4298 6.19809 0.0
9.918 7.28326 0.0
-9.86062 7.39733 0.0
-9.58532 6.92765 0.0
-8.84248 7.44806 0.0
-9.05069 7.90821 0.0
-9.31443 8.4198 0.0
9.05009 7.90708 0.0
8.84239 7.44789 0.0
9.58541 6.92783 0.0
9.86062 7.39734 0.0
9.31443 8.4198 0.0
-9.25346 8.52688 0.0
-8.98971 8.01529 0.0
-8.24265 8.47356 0.0
-8.4234 8.92788 0.0
-8.675 9.48282 0.0
8.42236 8.92557 0.0
8.2432 8.47471 0.0
8.98914 8.01414 0.0
9.25347 8.52686 0.0
8.67501 9.48279 0.0
-8.61068 9.58248 0.0
-8.35907 9.02754 0.0
-7.61071 9.42884 0.0
-7.76267 9.86641 0.0
-8.00216 10.4683 0.0
7.76346 9.86821 0.0
7.6117 9.43113 0.0
8.35806 9.02522 0.0
8.61071 9.58244 0.0
8.00221 10.4683 0.0
-7.93477 10.5602 0.0
-7.69528 9.95826 0.0
-6.94964 10.3125 0.0
-7.07367 10.7257 0.0
-7.2985 11.3726 0.0
7.07397 10.7266 0.0
6.94896 10.3106 0.0
7.696 9.9601 0.0
7.93474 10.5602 0.0
7.29848 11.3726 0.0
-7.2282 11.4563 0.0
-7.00337 10.8094 0.0
-6.25955 11.1156 0.0
-6.35801 11.5001 0.0
-6.56657 12.1922 0.0
6.35805 11.5003 0.0
6.25925 11.1146 0.0
7.00369 10.8104 0.0
7.22819 11.4563 0.0
6.56656 12.1922 0.0
-6.49367 12.2675 0.0
-6.28511 11.5754 0.0
-5.5439 11.8373 0.0
-5.61869 12.1872 0.0
-5.80914 12.9241 0.0
5.61857 12.1867 0.0
5.54384 11.8372 0.0
6.28516 11.5756 0.0
6.49367 12.2675 0.0
5.80914 12.9241 0.0
-5.7339 12.9907 0.0
-5.54346 12.2537 0.0
-4.80516 12.4745 0.0
-4.85868 12.7843 0.0
-5.02902 13.5653 0.0
4.85847 12.7833 0.0
4.80527 12.475 0.0
5.54334 12.2533 0.0
5.73391 12.9906 0.0
5.02903 13.5653 0.0
-4.95173 13.6229 0.0
-4.78139 12.8419 0.0
-4.04599 13.0244 0.0
-4.08101 13.2896 0.0
-4.22911 14.1134 0.0
4.08078 13.2882 0.0
4.04618 13.0253 0.0
4.78119 12.8409 0.0
4.95175 13.6229 0.0
4.22913 14.1134 0.0
-4.15006 14.1618 0.0
-4.00196 13.338 0.0
-3.26915 13.4842 0.0
-3.28876 13.7011 0.0
-3.4124 14.5661 0.0
3.28854 13.6994 0.0
3.26936 13.4856 0.0
4.00173 13.3366 0.0
4.15008 14.1618 0.0
3.41242 14.5661 0.0
-3.33189 14.6051 0.0
-3.20824 13.7401 0.0
-2.4775 13.8519 0.0
-2.4851 14.0175 0.0
-2.58199 14.9215 0.0
2.48493 14.0155 0.0
2.47769 13.8536 0.0
3.20803 13.7383 0.0
3.33191 14.6051 0.0
2.58202 14.9215 0.0
-2.50032 14.9509 0.0
-2.40342 14.0469 0.0
-1.674 14.1255 0.0
-1.67335 14.2376 0.0
-1.7411 15.1779 0.0
1.67331 14.2361 0.0
1.67414 14.1275 0.0
2.40326 14.0449 0.0
2.50035 14.9508 0.0
1.74113 15.1779 0.0
-1.65859 15.1976 0.0
-1.59084 14.2573 0.0
-0.862314 14.3036 0.0
-0.857899 14.4098 0.0
-0.893056 15.3345 0.0
0.857951 14.4122 0.0
0.862412 14.306 0.0
1.5908 14.2558 0.0
1.65861 15.1976 0.0
0.893097 15.3346 0.0
-0.809705 15.3457 0.0
-0.774547 14.421 0.0
-0.0449834 14.3868 0.0
-0.037068 14.49 0.0
-0.0409833 15.3915 0.0
0.0420985 15.3945 0.0
0.0460138 14.4929 0.0
0.775547 14.4263 0.0
0.810693 15.3487 0.0
-11.9264 -4.36547 0.0
-11.4779 -4.5682 0.0
-11.0332 -3.54151 0.0
-11.3088 -3.34101 0.0
-11.7312 -3.09634 0.0
11.3068 -3.34222 0.0
11.0329 -3.54165 0.0
11.4782 -4.56806 0.0
11.9264 -4.36546 0.0
11.7312 -3.09633 0.0
-11.7074 -2.9601 0.0
-11.285 -3.20477 0.0
-10.772 -2.25571 0.0
-11.0673 -2.0037 0.0
-11.4704 -1.71652 0.0
11.0683 -2.00309 0.0
10.7739 -2.2544 0.0
11.283 -3.20606 0.0
11.7074 -2.96016 0.0
11.4705 -1.71658 0.0
-12.0983 -5.79288 0.0
-11.6192 -5.95078 0.0
-11.2571 -4.85488 0.0
-11.4972 -4.70715 0.0
-11.9457 -4.50442 0.0
11.4975 -4.70703 0.0
11.2574 -4.85475 0.0
11.6189 -5.95091 0.0
12.0983 -5.79289 0.0
11.9457 -4.50443 0.0
10.7784 -0.699862 0.0
10.4757 -0.999918 0.0
11.0401 -1.87012 0.0
11.4423 -1.58362 0.0
11.1646 -0.370684 0.0
-11.4423 -1.58364 0.0
-11.0391 -1.87083 0.0
-10.4766 -0.999201 0.0
-10.7795 -0.698931 0.0
-11.1646 -0.370716 0.0
-11.1321 -0.241539 0.0
-10.747 -0.569753 0.0
-10.1425 0.220812 0.0
-10.4427 0.563445 0.0
-10.8148 0.935935 0.0
10.4442 0.564855 0.0
10.1435 0.221796 0.0
10.7459 -0.570743 0.0
11.1321 -0.241565 0.0
10.8148 0.935895 0.0
-10.7782 1.06082 0.0
-10.4061 0.688328 0.0
-9.7746 1.40442 0.0
-10.0637 1.78172 0.0
-10.4225 2.1982 0.0
10.0635 1.78158 0.0
9.77327 1.40295 0.0
10.4076 0.689805 0.0
10.7782 1.06085 0.0
10.4225 2.19825 0.0
-10.3819 2.31846 0.0
-10.0231 1.90198 0.0
-9.36941 2.54343 0.0
-9.64248 2.94894 0.0
-9.98937 3.41134 0.0
9.64113 2.94714 0.0
9.36956 2.54362 0.0
10.0229 1.9018 0.0
10.3819 2.31847 0.0
9.98938 3.41134 0.0
-0.737736 13.0457 0.0
-0.696628 11.9327 0.0
-0.0410454 11.9442 0.0
-0.0337621 12.0584 0.0
-0.0375181 13.0876 0.0
0.0383962 13.0907 0.0
0.0421522 12.0615 0.0
0.697244 11.9343 0.0
0.738619 13.0489 0.0
-9.94493 3.52648 0.0
-9.59804 3.06408 0.0
-8.92971 3.63572 0.0
-9.1802 4.0581 0.0
-9.51701 4.57057 0.0
9.18109 4.05934 0.0
8.93095 3.6375 0.0
9.59672 3.06226 0.0
9.94496 3.52645 0.0
9.51703 4.57053 0.0
-1.50984 12.9096 0.0
-1.43315 11.8286 0.0
-0.774734 11.803 0.0
-0.771501 11.922 0.0
-0.812609 13.035 0.0
0.771225 11.9203 0.0
0.774631 11.8013 0.0
1.43301 11.8265 0.0
1.50983 12.9095 0.0
0.8126 13.0349 0.0
-2.27629 12.6848 0.0
-2.16591 11.6403 0.0
-1.50741 11.691 0.0
-1.50825 11.812 0.0
-1.58494 12.893 0.0
1.50811 11.8099 0.0
1.50728 11.6891 0.0
2.16573 11.6383 0.0
2.27629 12.6847 0.0
1.58493 12.8929 0.0
-9.46894 4.68015 0.0
-9.13213 4.16768 0.0
-8.4578 4.67933 0.0
-8.68263 5.1095 0.0
-9.00734 5.67138 0.0
8.68259 5.10949 0.0
8.45701 4.67805 0.0
9.13296 4.16897 0.0
9.46891 4.68016 0.0
9.00732 5.6714 0.0
-3.0331 12.3684 0.0
-2.89122 11.3638 0.0
-2.23239 11.4604 0.0
-2.24006 11.614 0.0
-2.35044 12.6585 0.0
2.23991 11.6121 0.0
2.23257 11.4621 0.0
2.89101 11.3622 0.0
3.03312 12.3684 0.0
2.35046 12.6585 0.0
-8.95574 5.77505 0.0
-8.63103 5.21318 0.0
-7.95188 5.66555 0.0
-8.15056 6.09711 0.0
-8.4623 6.70958 0.0
8.14992 6.09588 0.0
7.9519 5.66559 0.0
8.63101 5.21315 0.0
8.95574 5.77506 0.0
8.4623 6.70958 0.0
-3.77731 11.9623 0.0
-3.60632 11.0006 0.0
-2.94535 11.1272 0.0
-2.96417 11.3283 0.0
-3.10605 12.3329 0.0
2.96396 11.3266 0.0
2.94555 11.1286 0.0
3.60609 10.9992 0.0
3.77733 11.9623 0.0
3.10607 12.3329 0.0
-8.4074 6.80693 0.0
-8.09566 6.19446 0.0
-7.4149 6.59255 0.0
-7.58551 7.01498 0.0
-7.88403 7.68112 0.0
7.58556 7.01502 0.0
7.41548 6.59376 0.0
8.09504 6.19322 0.0
8.40742 6.80692 0.0
7.88405 7.6811 0.0
-4.50618 11.4688 0.0
-4.30841 10.5525 0.0
-3.64472 10.7106 0.0
-3.67792 10.9565 0.0
-3.84891 11.9183 0.0
3.67769 10.9551 0.0
3.64491 10.7116 0.0
4.3082 10.5514 0.0
4.5062 11.4688 0.0
3.84892 11.9182 0.0
-7.82607 7.77175 0.0
-7.52756 7.10562 0.0
-6.84944 7.45871 0.0
-6.99236 7.86449 0.0
-7.2748 8.58219 0.0
6.99296 7.86596 0.0
6.84943 7.45865 0.0
7.52758 7.10567 0.0
7.82607 7.77175 0.0
7.2748 8.58218 0.0
-5.21694 10.8899 0.0
-4.9947 10.0211 0.0
-4.32787 10.2127 0.0
-4.37838 10.5 0.0
-4.57615 11.4163 0.0
4.37817 10.499 0.0
4.328 10.2133 0.0
4.99456 10.0205 0.0
5.21694 10.8899 0.0
4.57616 11.4163 0.0
-7.21394 8.66581 0.0
-6.9315 7.94811 0.0
-6.25528 8.25574 0.0
-6.37243 8.64036 0.0
-6.6369 9.40934 0.0
6.37264 8.64105 0.0
6.25475 8.25429 0.0
6.93207 7.94958 0.0
7.21392 8.66581 0.0
6.63688 9.40935 0.0
5.06263 9.95988 0.0
4.99227 9.63578 0.0
5.66243 9.40844 0.0
5.90688 10.2279 0.0
5.28501 10.8292 0.0
-5.90688 10.2279 0.0
-5.66243 9.40843 0.0
-4.99227 9.63579 0.0
-5.06277 9.96044 0.0
-5.28501 10.8292 0.0
-6.57339 9.4856 0.0
-6.30892 8.71661 0.0
-5.63551 8.9825 0.0
-5.72835 9.33983 0.0
-5.97279 10.1593 0.0
5.72834 9.33985 0.0
5.63529 8.98182 0.0
6.30915 8.7173 0.0
6.57338 9.4856 0.0
5.97278 10.1593 0.0
-12.2222 -7.22984 0.0
-11.7119 -7.33838 0.0
-11.4395 -6.19177 0.0
-11.6338 -6.09141 0.0
-12.1128 -5.93351 0.0
11.6335 -6.09157 0.0
11.4406 -6.19143 0.0
11.7109 -7.33866 0.0
12.2222 -7.22988 0.0
12.1128 -5.93355 0.0
-12.2978 -8.6369 0.0
-11.751 -8.69611 0.0
-11.5852 -7.53673 0.0
-11.7217 -7.47838 0.0
-12.232 -7.36984 0.0
11.7207 -7.47856 0.0
11.5837 -7.53703 0.0
11.7525 -8.69589 0.0
12.2978 -8.63684 0.0
12.232 -7.36978 0.0
-13.0798 -9.86331 0.0
-13.0208 -8.69889 0.0
-13.0904 -8.67143 0.0
-13.6063 -8.62192 0.0
-13.6359 -9.842 0.0
13.0896 -8.67141 0.0
13.0188 -8.69907 0.0
13.0818 -9.86323 0.0
13.6359 -9.84192 0.0
13.6063 -8.62185 0.0
-0.657157 10.483 0.0
-0.617973 9.35331 0.0
-0.0348082 9.36567 0.0
-0.0335619 10.5203 0.0
0.0315378 9.3624 0.0
0.0342231 9.24408 0.0
0.617311 9.35123 0.0
0.6565 10.4797 0.0
0.032784 10.517 0.0
0.684291 9.34452 0.0
0.682973 9.22403 0.0
1.2693 9.26362 0.0
1.34441 10.3612 0.0
0.72348 10.473 0.0
-1.34441 10.3611 0.0
-1.2692 9.26206 0.0
-0.682935 9.22275 0.0
-0.684307 9.34326 0.0
-0.723491 10.473 0.0
-2.02666 10.1607 0.0
-1.91738 9.09653 0.0
-1.33031 9.12512 0.0
-1.33583 9.24737 0.0
-1.41104 10.3464 0.0
1.33594 9.24893 0.0
1.3304 9.12653 0.0
1.91755 9.09822 0.0
2.02667 10.1608 0.0
1.41104 10.3465 0.0
-2.70036 9.87897 0.0
-2.55903 8.85331 0.0
-1.97184 8.93315 0.0
-1.98327 9.07347 0.0
-2.09255 10.1376 0.0
1.98341 9.07508 0.0
1.97165 8.93138 0.0
2.55927 8.85509 0.0
2.70034 9.87898 0.0
2.09253 10.1376 0.0
-3.36265 9.51701 0.0
-3.19183 8.53496 0.0
-2.60129 8.63506 0.0
-2.62375 8.82173 0.0
-2.76507 9.8474 0.0
2.62402 8.82351 0.0
2.60156 8.63685 0.0
3.19153 8.53314 0.0
3.36267 9.51701 0.0
2.76509 9.84739 0.0
-4.01121 9.07717 0.0
-3.81286 8.13968 0.0
-3.21874 8.26515 0.0
-3.25535 8.49576 0.0
-3.42617 9.47781 0.0
3.25505 8.49394 0.0
3.21902 8.26664 0.0
3.81256 8.13818 0.0
4.01123 9.07717 0.0
3.42619 9.47781 0.0
-4.64356 8.56133 0.0
-4.41995 7.67088 0.0
-3.82163 7.82339 0.0
-3.87492 8.09304 0.0
-4.07327 9.03053 0.0
3.87461 8.09153 0.0
3.82187 7.82449 0.0
4.41968 7.66976 0.0
4.64357 8.56133 0.0
4.07328 9.03052 0.0
-5.25729 7.97161 0.0
-5.0107 7.13024 0.0
-4.40771 7.31185 0.0
-4.48031 7.61698 0.0
-4.70392 8.50744 0.0
4.48004 7.61587 0.0
4.40788 7.31248 0.0
5.01052 7.12961 0.0
5.2573 7.97161 0.0
4.70392 8.50743 0.0
5.06895 7.06868 0.0
4.97489 6.73295 0.0
5.58276 6.51965 0.0
5.85009 7.31036 0.0
5.31573 7.91068 0.0
-5.85009 7.31036 0.0
-5.58278 6.51971 0.0
-4.97487 6.73289 0.0
-5.06914 7.06932 0.0
-5.31572 7.91068 0.0
-10.411 -3.76712 0.0
-9.9927 -4.02004 0.0
-9.49195 -3.19634 0.0
-9.80062 -2.95616 0.0
-10.2008 -2.66056 0.0
9.80201 -2.95517 0.0
9.49282 -3.19573 0.0
9.99178 -4.02063 0.0
10.411 -3.76715 0.0
10.2008 -2.66059 0.0
-10.1759 -2.54277 0.0
-9.77572 -2.83837 0.0
-9.23172 -2.08932 0.0
-9.54575 -1.80081 0.0
-9.92945 -1.46331 0.0
9.54491 -1.8015 0.0
9.23046 -2.09038 0.0
9.77707 -2.83733 0.0
10.1759 -2.54275 0.0
9.92943 -1.46327 0.0
5.63905 6.45193 0.0
5.52085 6.08848 0.0
6.13411 5.84204 0.0
6.4197 6.58021 0.0
5.90637 7.24265 0.0
-6.41971 6.5802 0.0
-6.13387 5.8414 0.0
-5.52107 6.08911 0.0
-5.63907 6.45199 0.0
-5.90638 7.24264 0.0
9.24815 -0.682455 0.0
8.93893 -1.01299 0.0
9.51624 -1.68704 0.0
9.90076 -1.34881 0.0
9.61904 -0.300741 0.0
-9.90074 -1.34879 0.0
-9.51704 -1.6863 0.0
-8.93818 -1.01372 0.0
-9.24688 -0.683717 0.0
-9.61903 -0.300719 0.0
-9.5867 -0.189982 0.0
-9.21455 -0.57298 0.0
-8.61535 0.0306673 0.0
-8.91038 0.393829 0.0
-9.27083 0.822559 0.0
8.91005 0.393486 0.0
8.61422 0.0293735 0.0
9.21578 -0.571673 0.0
9.58667 -0.189959 0.0
9.27081 0.822589 0.0
-6.96396 5.784 0.0
-6.66168 5.09768 0.0
-6.04442 5.38333 0.0
-6.1878 5.76715 0.0
-6.47364 6.50596 0.0
6.18804 5.7678 0.0
6.04384 5.38189 0.0
6.66231 5.09914 0.0
6.96394 5.784 0.0
6.47362 6.50597 0.0
8.53508 1.42374 0.0
8.2601 1.03676 0.0
8.87417 0.500108 0.0
9.23494 0.929211 0.0
8.88618 1.90225 0.0
-9.23492 0.929213 0.0
-8.87447 0.500483 0.0
-8.25982 1.03639 0.0
-8.53502 1.42368 0.0
-8.88617 1.90226 0.0
-8.84689 2.00437 0.0
-8.49574 1.52579 0.0
-7.87519 2.00349 0.0
-8.1264 2.40577 0.0
-8.46662 2.93409 0.0
8.12684 2.40646 0.0
7.87515 2.00341 0.0
8.49579 1.52586 0.0
8.84689 2.00437 0.0
8.46662 2.93409 0.0
10.0128 -4.1413 0.0
9.72161 -4.32926 0.0
10.1632 -5.22723 0.0
10.6052 -5.01683 0.0
10.432 -3.88781 0.0
-10.6052 -5.01688 0.0
-10.1614 -5.22812 0.0
-9.72326 -4.32832 0.0
-10.0137 -4.14078 0.0
-10.4321 -3.88786 0.0
-7.48073 4.92485 0.0
-7.16491 4.29316 0.0
-6.54222 4.61666 0.0
-6.71303 5.01721 0.0
-7.01531 5.70353 0.0
6.71369 5.01865 0.0
6.54296 4.61827 0.0
7.16411 4.29151 0.0
7.48075 4.92484 0.0
7.01533 5.70351 0.0
-8.42404 3.03135 0.0
-8.08382 2.50303 0.0
-7.4593 2.92411 0.0
-7.68511 3.33458 0.0
-8.01374 3.9141 0.0
7.68479 3.33404 0.0
7.4589 2.92342 0.0
8.08426 2.50373 0.0
8.42403 3.03135 0.0
8.01373 3.91411 0.0
7.21271 4.20511 0.0
7.01487 3.79695 0.0
7.63913 3.42603 0.0
7.96807 4.0061 0.0
7.52935 4.83844 0.0
-7.96806 4.0061 0.0
-7.63943 3.42659 0.0
-7.01458 3.7964 0.0
-7.21353 4.20675 0.0
-7.52934 4.83845 0.0
-10.7575 -6.28549 0.0
-10.2858 -6.45143 0.0
-9.92056 -5.48525 0.0
-10.1784 -5.35115 0.0
-10.6222 -5.13991 0.0
10.1802 -5.35034 0.0
9.92155 -5.48481 0.0
10.2847 -6.45183 0.0
10.7575 -6.28552 0.0
10.6222 -5.13994 0.0
-10.8674 -7.56082 0.0
-10.3598 -7.67837 0.0
-10.0885 -6.65994 0.0
-10.2987 -6.57601 0.0
-10.7704 -6.41007 0.0
10.2976 -6.57633 0.0
10.0868 -6.66051 0.0
10.3616 -7.67788 0.0
10.8674 -7.56077 0.0
10.7704 -6.41001 0.0
-10.9349 -8.80365 0.0
-10.3905 -8.86778 0.0
-10.2207 -7.84193 0.0
-10.3685 -7.80175 0.0
-10.8761 -7.68421 0.0
10.3703 -7.80135 0.0
10.2218 -7.8417 0.0
10.3894 -8.86796 0.0
10.9349 -8.80369 0.0
10.8761 -7.68424 0.0
-11.7561 -8.82488 0.0
-12.303 -8.76567 0.0
-12.3296 -9.85339 0.0
-11.7481 -9.86263 0.0
-11.6847 -8.83753 0.0
11.7577 -8.82478 0.0
11.6872 -8.83732 0.0
11.7456 -9.86272 0.0
12.3296 -9.85347 0.0
12.303 -8.76574 0.0
</DataArray>
</Points>
<Cells>
<DataArray type="Int32" Name="connectivity" format="ascii">
0 1 858 857 1 52 859 858 52 51 860 859 51 0 857 860 2 53 862 861 53 52 863 862 52 1 864 863 1 2 861 864 3 54 866 865 54 53 867 866 53 2 868 867 2 3 865 868 4 55 870 869 55 54 871 870 54 3 872 871 3 4 869 872 5 56 874 873 56 55 875 874 55 4 876 875 4 5 873 876 6 57 878 877 57 56 879 878 56 5 880 879 5 6 877 880 7 58 882 881 58 57 883 882 57 6 884 883 6 7 881 884 8 59 886 885 59 58 887 886 58 7 888 887 7 8 885 888 9 60 890 889 60 59 891 890 59 8 892 891 8 9 889 892 10 61 894 893 61 60 895 894 60 9 896 895 9 10 893 896 11 62 898 897 62 61 899 898 61 10 900 899 10 11 897 900 12 63 902 901 63 62 903 902 62 11 904 903 11 12 901 904 13 64 906 905 64 63 907 906 63 12 908 907 12 13 905 908 14 65 910 909 65 64 911 910 64 13 912 911 13 14 909 912 15 66 914 913 66 65 915 914 65 14 916 915 14 15 913 916 16 67 918 917 67 66 919 918 66 15 920 919 15 16 917 920 17 68 922 921 68 67 923 922 67 16 924 923 16 17 921 924 18 69 926 925 69 68 927 926 68 17 928 927 17 18 925 928 19 70 930 929 70 69 931 930 69 18 932 931 18 19 929 932 20 71 934 933 71 70 935 934 70 19 936 935 19 20 933 936 21 72 938 937 72 71 939 938 71 20 940 939 20 21 937 940 22 73 942 941 73 72 943 942 72 21 944 943 21 22 941 944 23 74 946 945 74 73 947 946 73 22 948 947 22 23 945 948 24 75 950 949 75 74 951 950 74 23 952 951 23 24 949 952 25 76 954 953 76 75 955 954 75 24 956 955 24 25 953 956 26 77 958 957 77 76 959 958 76 25 960 959 25 26 957 960 27 78 962 961 78 77 963 962 77 26 964 963 26 27 961 964 28 79 966 965 79 78 967 966 78 27 968 967 27 28 965 968 29 80 970 969 80 79 971 970 79 28 972 971 28 29 969 972 30 81 974 973 81 80 975 974 80 29 976 975 29 30 973 976 31 82 978 977 82 81 979 978 81 30 980 979 30 31 977 980 32 83 982 981 83 82 983 982 82 31 984 983 31 32 981 984 33 84 986 985 84 83 987 986 83 32 988 987 32 33 985 988 34 85 990 989 85 84 991 990 84 33 992 991 33 34 989 992 35 86 994 993 86 85 995 994 85 34 996 995 34 35 993 996 36 87 998 997 87 86 999 998 86 35 1000 999 35 36 997 1000 37 88 1002 1001 88 87 1003 1002 87 36 1004 1003 36 37 1001 1004 38 89 1006 1005 89 88 1007 1006 88 37 1008 1007 37 38 1005 1008 39 90 1010 1009 90 89 1011 1010 89 38 1012 1011 38 39 1009 1012 40 91 1014 1013 91 90 1015 1014 90 39 1016 1015 39 40 1013 1016 41 92 1018 1017 92 91 1019 1018 91 40 1020 1019 40 41 1017 1020 42 93 1022 1021 93 92 1023 1022 92 41 1024 1023 41 42 1021 1024 43 94 1026 1025 94 93 1027 1026 93 42 1028 1027 42 43 1025 1028 44 95 1030 1029 95 94 1031 1030 94 43 1032 1031 43 44 1029 1032 45 96 1034 1033 96 95 1035 1034 95 44 1036 1035 44 45 1033 1036 46 97 1038 1037 97 96 1039 1038 96 45 1040 1039 45 46 1037 1040 47 98 1042 1041 98 97 1043 1042 97 46 1044 1043 46 47 1041 1044 48 99 1046 1045 99 98 1047 1046 98 47 1048 1047 47 48 1045 1048 49 100 1050 1049 100 99 1051 1050 99 48 1052 1051 48 49 1049 1052 50 101 1054 1053 101 100 1055 1054 100 49 1056 1055 49 50 1053 1056 51 52 1058 1057 52 103 1059 1058 103 102 1060 1059 102 51 1057 1060 52 53 1062 1061 53 104 1063 1062 104 103 1064 1063 103 52 1061 1064 53 54 1066 1065 54 105 1067 1066 105 104 1068 1067 104 53 1065 1068 54 55 1070 1069 55 106 1071 1070 106 105 1072 1071 105 54 1069 1072 55 56 1074 1073 56 107 1075 1074 107 106 1076 1075 106 55 1073 1076 56 57 1078 1077 57 108 1079 1078 108 107 1080 1079 107 56 1077 1080 57 58 1082 1081 58 109 1083 1082 109 108 1084 1083 108 57 1081 1084 58 59 1086 1085 59 110 1087 1086 110 109 1088 1087 109 58 1085 1088 59 60 1090 1089 60 111 1091 1090 111 110 1092 1091 110 59 1089 1092 60 61 1094 1093 61 112 1095 1094 112 111 1096 1095 111 60 1093 1096 61 62 1098 1097 62 113 1099 1098 113 112 1100 1099 112 61 1097 1100 62 63 1102 1101 63 114 1103 1102 114 113 1104 1103 113 62 1101 1104 63 64 1106 1105 64 115 1107 1106 115 114 1108 1107 114 63 1105 1108 64 65 1110 1109 65 116 1111 1110 116 115 1112 1111 115 64 1109 1112 65 66 1114 1113 66 117 1115 1114 117 116 1116 1115 116 65 1113 1116 66 67 1118 1117 67 118 1119 1118 118 117 1120 1119 117 66 1117 1120 67 68 1122 1121 68 119 1123 1122 119 118 1124 1123 118 67 1121 1124 68 69 1126 1125 69 120 1127 1126 120 119 1128 1127 119 68 1125 1128 69 70 1130 1129 70 121 1131 1130 121 120 1132 1131 120 69 1129 1132 70 71 1134 1133 71 122 1135 1134 122 121 1136 1135 121 70 1133 1136 71 72 1138 1137 72 123 1139 1138 123 122 1140 1139 122 71 1137 1140 72 73 1142 1141 73 124 1143 1142 124 123 1144 1143 123 72 1141 1144 73 74 1146 1145 74 125 1147 1146 125 124 1148 1147 124 73 1145 1148 74 75 1150 1149 75 126 1151 1150 126 125 1152 1151 125 74 1149 1152 75 76 1154 1153 76 127 1155 1154 127 126 1156 1155 126 75 1153 1156 76 77 1158 1157 77 128 1159 1158 128 127 1160 1159 127 76 1157 1160 77 78 1162 1161 78 129 1163 1162 129 128 1164 1163 128 77 1161 1164 78 79 1166 1165 79 130 1167 1166 130 129 1168 1167 129 78 1165 1168 79 80 1170 1169 80 131 1171 1170 131 130 1172 1171 130 79 1169 1172 80 81 1174 1173 81 132 1175 1174 132 131 1176 1175 131 80 1173 1176 81 82 1178 1177 82 133 1179 1178 133 132 1180 1179 132 81 1177 1180 82 83 1182 1181 83 134 1183 1182 134 133 1184 1183 133 82 1181 1184 83 84 1186 1185 84 135 1187 1186 135 134 1188 1187 134 83 1185 1188 84 85 1190 1189 85 136 1191 1190 136 135 1192 1191 135 84 1189 1192 85 86 1194 1193 86 137 1195 1194 137 136 1196 1195 136 85 1193 1196 86 87 1198 1197 87 138 1199 1198 138 137 1200 1199 137 86 1197 1200 87 88 1202 1201 88 139 1203 1202 139 138 1204 1203 138 87 1201 1204 88 89 1206 1205 89 140 1207 1206 140 139 1208 1207 139 88 1205 1208 89 90 1210 1209 90 141 1211 1210 141 140 1212 1211 140 89 1209 1212 90 91 1214 1213 91 142 1215 1214 142 141 1216 1215 141 90 1213 1216 91 92 1218 1217 92 143 1219 1218 143 142 1220 1219 142 91 1217 1220 92 93 1222 1221 93 144 1223 1222 144 143 1224 1223 143 92 1221 1224 93 94 1226 1225 94 145 1227 1226 145 144 1228 1227 144 93 1225 1228 94 95 1230 1229 95 146 1231 1230 146 145 1232 1231 145 94 1229 1232 95 96 1234 1233 96 147 1235 1234 147 146 1236 1235 146 95 1233 1236 96 97 1238 1237 97 148 1239 1238 148 147 1240 1239 147 96 1237 1240 97 98 1242 1241 98 149 1243 1242 149 148 1244 1243 148 97 1241 1244 98 99 1246 1245 99 150 1247 1246 150 149 1248 1247 149 98 1245 1248 99 100 1250 1249 100 151 1251 1250 151 150 1252 1251 150 99 1249 1252 100 101 1254 1253 101 152 1255 1254 152 151 1256 1255 151 100 1253 1256 103 154 1258 1257 154 153 1259 1258 153 102 1260 1259 102 103 1257 1260 104 155 1262 1261 155 154 1263 1262 154 103 1264 1263 103 104 1261 1264 105 156 1266 1265 156 155 1267 1266 155 104 1268 1267 104 105 1265 1268 106 157 1270 1269 157 156 1271 1270 156 105 1272 1271 105 106 1269 1272 107 158 1274 1273 158 157 1275 1274 157 106 1276 1275 106 107 1273 1276 108 159 1278 1277 159 158 1279 1278 158 107 1280 1279 107 108 1277 1280 109 160 1282 1281 160 159 1283 1282 159 108 1284 1283 108 109 1281 1284 110 161 1286 1285 161 160 1287 1286 160 109 1288 1287 109 110 1285 1288 111 162 1290 1289 162 161 1291 1290 161 110 1292 1291 110 111 1289 1292 112 163 1294 1293 163 162 1295 1294 162 111 1296 1295 111 112 1293 1296 113 164 1298 1297 164 163 1299 1298 163 112 1300 1299 112 113 1297 1300 114 165 1302 1301 165 164 1303 1302 164 113 1304 1303 113 114 1301 1304 115 166 1306 1305 166 165 1307 1306 165 114 1308 1307 114 115 1305 1308 116 167 1310 1309 167 166 1311 1310 166 115 1312 1311 115 116 1309 1312 117 168 1314 1313 168 167 1315 1314 167 116 1316 1315 116 117 1313 1316 118 169 1318 1317 169 168 1319 1318 168 117 1320 1319 117 118 1317 1320 119 170 1322 1321 170 169 1323 1322 169 118 1324 1323 118 119 1321 1324 120 171 1326 1325 171 170 1327 1326 170 119 1328 1327 119 120 1325 1328 121 172 1330 1329 172 171 1331 1330 171 120 1332 1331 120 121 1329 1332 122 173 1334 1333 173 172 1335 1334 172 121 1336 1335 121 122 1333 1336 123 174 1338 1337 174 173 1339 1338 173 122 1340 1339 122 123 1337 1340 124 175 1342 1341 175 174 1343 1342 174 123 1344 1343 123 124 1341 1344 125 176 1346 1345 176 175 1347 1346 175 124 1348 1347 124 125 1345 1348 126 177 1350 1349 177 176 1351 1350 176 125 1352 1351 125 126 1349 1352 127 178 1354 1353 178 177 1355 1354 177 126 1356 1355 126 127 1353 1356 128 179 1358 1357 179 178 1359 1358 178 127 1360 1359 127 128 1357 1360 129 180 1362 1361 180 179 1363 1362 179 128 1364 1363 128 129 1361 1364 130 181 1366 1365 181 180 1367 1366 180 129 1368 1367 129 130 1365 1368 131 182 1370 1369 182 181 1371 1370 181 130 1372 1371 130 131 1369 1372 132 183 1374 1373 183 182 1375 1374 182 131 1376 1375 131 132 1373 1376 133 184 1378 1377 184 183 1379 1378 183 132 1380 1379 132 133 1377 1380 134 185 1382 1381 185 184 1383 1382 184 133 1384 1383 133 134 1381 1384 135 186 1386 1385 186 185 1387 1386 185 134 1388 1387 134 135 1385 1388 136 187 1390 1389 187 186 1391 1390 186 135 1392 1391 135 136 1389 1392 137 188 1394 1393 188 187 1395 1394 187 136 1396 1395 136 137 1393 1396 138 189 1398 1397 189 188 1399 1398 188 137 1400 1399 137 138 1397 1400 139 190 1402 1401 190 189 1403 1402 189 138 1404 1403 138 139 1401 1404 140 191 1406 1405 191 190 1407 1406 190 139 1408 1407 139 140 1405 1408 141 192 1410 1409 192 191 1411 1410 191 140 1412 1411 140 141 1409 1412 142 193 1414 1413 193 192 1415 1414 192 141 1416 1415 141 142 1413 1416 143 194 1418 1417 194 193 1419 1418 193 142 1420 1419 142 143 1417 1420 144 195 1422 1421 195 194 1423 1422 194 143 1424 1423 143 144 1421 1424 145 196 1426 1425 196 195 1427 1426 195 144 1428 1427 144 145 1425 1428 146 197 1430 1429 197 196 1431 1430 196 145 1432 1431 145 146 1429 1432 147 198 1434 1433 198 197 1435 1434 197 146 1436 1435 146 147 1433 1436 148 199 1438 1437 199 198 1439 1438 198 147 1440 1439 147 148 1437 1440 149 200 1442 1441 200 199 1443 1442 199 148 1444 1443 148 149 1441 1444 150 201 1446 1445 201 200 1447 1446 200 149 1448 1447 149 150 1445 1448 151 202 1450 1449 202 201 1451 1450 201 150 1452 1451 150 151 1449 1452 151 152 1454 1453 152 203 1455 1454 203 202 1456 1455 202 151 1453 1456 154 205 1458 1457 205 204 1459 1458 204 153 1460 1459 153 154 1457 1460 155 206 1462 1461 206 205 1463 1462 205 154 1464 1463 154 155 1461 1464 156 207 1466 1465 207 206 1467 1466 206 155 1468 1467 155 156 1465 1468 157 208 1470 1469 208 207 1471 1470 207 156 1472 1471 156 157 1469 1472 158 209 1474 1473 209 208 1475 1474 208 157 1476 1475 157 158 1473 1476 159 210 1478 1477 210 209 1479 1478 209 158 1480 1479 158 159 1477 1480 160 211 1482 1481 211 210 1483 1482 210 159 1484 1483 159 160 1481 1484 161 212 1486 1485 212 211 1487 1486 211 160 1488 1487 160 161 1485 1488 162 213 1490 1489 213 212 1491 1490 212 161 1492 1491 161 162 1489 1492 163 214 1494 1493 214 213 1495 1494 213 162 1496 1495 162 163 1493 1496 164 215 1498 1497 215 214 1499 1498 214 163 1500 1499 163 164 1497 1500 165 216 1502 1501 216 215 1503 1502 215 164 1504 1503 164 165 1501 1504 166 217 1506 1505 217 216 1507 1506 216 165 1508 1507 165 166 1505 1508 167 218 1510 1509 218 217 1511 1510 217 166 1512 1511 166 167 1509 1512 168 219 1514 1513 219 218 1515 1514 218 167 1516 1515 167 168 1513 1516 169 220 1518 1517 220 219 1519 1518 219 168 1520 1519 168 169 1517 1520 170 221 1522 1521 221 220 1523 1522 220 169 1524 1523 169 170 1521 1524 171 222 1526 1525 222 221 1527 1526 221 170 1528 1527 170 171 1525 1528 172 223 1530 1529 223 222 1531 1530 222 171 1532 1531 171 172 1529 1532 173 224 1534 1533 224 223 1535 1534 223 172 1536 1535 172 173 1533 1536 174 225 1538 1537 225 224 1539 1538 224 173 1540 1539 173 174 1537 1540 175 226 1542 1541 226 225 1543 1542 225 174 1544 1543 174 175 1541 1544 176 227 1546 1545 227 226 1547 1546 226 175 1548 1547 175 176 1545 1548 177 228 1550 1549 228 227 1551 1550 227 176 1552 1551 176 177 1549 1552 178 229 1554 1553 229 228 1555 1554 228 177 1556 1555 177 178 1553 1556 179 230 1558 1557 230 229 1559 1558 229 178 1560 1559 178 179 1557 1560 180 231 1562 1561 231 230 1563 1562 230 179 1564 1563 179 180 1561 1564 181 232 1566 1565 232 231 1567 1566 231 180 1568 1567 180 181 1565 1568 182 233 1570 1569 233 232 1571 1570 232 181 1572 1571 181 182 1569 1572 183 234 1574 1573 234 233 1575 1574 233 182 1576 1575 182 183 1573 1576 184 235 1578 1577 235 234 1579 1578 234 183 1580 1579 183 184 1577 1580 185 236 1582 1581 236 235 1583 1582 235 184 1584 1583 184 185 1581 1584 186 237 1586 1585 237 236 1587 1586 236 185 1588 1587 185 186 1585 1588 187 238 1590 1589 238 237 1591 1590 237 186 1592 1591 186 187 1589 1592 188 239 1594 1593 239 238 1595 1594 238 187 1596 1595 187 188 1593 1596 189 240 1598 1597 240 239 1599 1598 239 188 1600 1599 188 189 1597 1600 190 241 1602 1601 241 240 1603 1602 240 189 1604 1603 189 190 1601 1604 191 242 1606 1605 242 241 1607 1606 241 190 1608 1607 190 191 1605 1608 192 243 1610 1609 243 242 1611 1610 242 191 1612 1611 191 192 1609 1612 193 244 1614 1613 244 243 1615 1614 243 192 1616 1615 192 193 1613 1616 194 245 1618 1617 245 244 1619 1618 244 193 1620 1619 193 194 1617 1620 195 246 1622 1621 246 245 1623 1622 245 194 1624 1623 194 195 1621 1624 196 247 1626 1625 247 246 1627 1626 246 195 1628 1627 195 196 1625 1628 197 248 1630 1629 248 247 1631 1630 247 196 1632 1631 196 197 1629 1632 198 249 1634 1633 249 248 1635 1634 248 197 1636 1635 197 198 1633 1636 199 250 1638 1637 250 249 1639 1638 249 198 1640 1639 198 199 1637 1640 200 251 1642 1641 251 250 1643 1642 250 199 1644 1643 199 200 1641 1644 201 252 1646 1645 252 251 1647 1646 251 200 1648 1647 200 201 1645 1648 202 253 1650 1649 253 252 1651 1650 252 201 1652 1651 201 202 1649 1652 202 203 1654 1653 203 254 1655 1654 254 253 1656 1655 253 202 1653 1656 205 256 1658 1657 256 255 1659 1658 255 204 1660 1659 204 205 1657 1660 206 257 1662 1661 257 256 1663 1662 256 205 1664 1663 205 206 1661 1664 207 258 1666 1665 258 257 1667 1666 257 206 1668 1667 206 207 1665 1668 208 259 1670 1669 259 258 1671 1670 258 207 1672 1671 207 208 1669 1672 209 260 1674 1673 260 259 1675 1674 259 208 1676 1675 208 209 1673 1676 210 261 1678 1677 261 260 1679 1678 260 209 1680 1679 209 210 1677 1680 211 262 1682 1681 262 261 1683 1682 261 210 1684 1683 210 211 1681 1684 212 263 1686 1685 263 262 1687 1686 262 211 1688 1687 211 212 1685 1688 213 264 1690 1689 264 263 1691 1690 263 212 1692 1691 212 213 1689 1692 214 265 1694 1693 265 264 1695 1694 264 213 1696 1695 213 214 1693 1696 215 266 1698 1697 266 265 1699 1698 265 214 1700 1699 214 215 1697 1700 216 267 1702 1701 267 266 1703 1702 266 215 1704 1703 215 216 1701 1704 217 268 1706 1705 268 267 1707 1706 267 216 1708 1707 216 217 1705 1708 218 269 1710 1709 269 268 1711 1710 268 217 1712 1711 217 218 1709 1712 219 270 1714 1713 270 269 1715 1714 269 218 1716 1715 218 219 1713 1716 220 271 1718 1717 271 270 1719 1718 270 219 1720 1719 219 220 1717 1720 221 272 1722 1721 272 271 1723 1722 271 220 1724 1723 220 221 1721 1724 222 273 1726 1725 273 272 1727 1726 272 221 1728 1727 221 222 1725 1728 223 274 1730 1729 274 273 1731 1730 273 222 1732 1731 222 223 1729 1732 224 275 1734 1733 275 274 1735 1734 274 223 1736 1735 223 224 1733 1736 225 276 1738 1737 276 275 1739 1738 275 224 1740 1739 224 225 1737 1740 226 277 1742 1741 277 276 1743 1742 276 225 1744 1743 225 226 1741 1744 227 278 1746 1745 278 277 1747 1746 277 226 1748 1747 226 227 1745 1748 228 279 1750 1749 279 278 1751 1750 278 227 1752 1751 227 228 1749 1752 229 280 1754 1753 280 279 1755 1754 279 228 1756 1755 228 229 1753 1756 230 281 1758 1757 281 280 1759 1758 280 229 1760 1759 229 230 1757 1760 231 282 1762 1761 282 281 1763 1762 281 230 1764 1763 230 231 1761 1764 232 283 1766 1765 283 282 1767 1766 282 231 1768 1767 231 232 1765 1768 233 284 1770 1769 284 283 1771 1770 283 232 1772 1771 232 233 1769 1772 234 285 1774 1773 285 284 1775 1774 284 233 1776 1775 233 234 1773 1776 235 286 1778 1777 286 285 1779 1778 285 234 1780 1779 234 235 1777 1780 236 287 1782 1781 287 286 1783 1782 286 235 1784 1783 235 236 1781 1784 237 288 1786 1785 288 287 1787 1786 287 236 1788 1787 236 237 1785 1788 238 289 1790 1789 289 288 1791 1790 288 237 1792 1791 237 238 1789 1792 239 290 1794 1793 290 289 1795 1794 289 238 1796 1795 238 239 1793 1796 240 291 1798 1797 291 290 1799 1798 290 239 1800 1799 239 240 1797 1800 241 292 1802 1801 292 291 1803 1802 291 240 1804 1803 240 241 1801 1804 242 293 1806 1805 293 292 1807 1806 292 241 1808 1807 241 242 1805 1808 243 294 1810 1809 294 293 1811 1810 293 242 1812 1811 242 243 1809 1812 244 295 1814 1813 295 294 1815 1814 294 243 1816 1815 243 244 1813 1816 245 296 1818 1817 296 295 1819 1818 295 244 1820 1819 244 245 1817 1820 246 297 1822 1821 297 296 1823 1822 296 245 1824 1823 245 246 1821 1824 247 298 1826 1825 298 297 1827 1826 297 246 1828 1827 246 247 1825 1828 248 299 1830 1829 299 298 1831 1830 298 247 1832 1831 247 248 1829 1832 249 300 1834 1833 300 299 1835 1834 299 248 1836 1835 248 249 1833 1836 250 301 1838 1837 301 300 1839 1838 300 249 1840 1839 249 250 1837 1840 251 302 1842 1841 302 301 1843 1842 301 250 1844 1843 250 251 1841 1844 252 303 1846 1845 303 302 1847 1846 302 251 1848 1847 251 252 1845 1848 253 304 1850 1849 304 303 1851 1850 303 252 1852 1851 252 253 1849 1852 253 254 1854 1853 254 305 1855 1854 305 304 1856 1855 304 253 1853 1856 256 307 1858 1857 307 306 1859 1858 306 255 1860 1859 255 256 1857 1860 257 308 1862 1861 308 307 1863 1862 307 256 1864 1863 256 257 1861 1864 258 309 1866 1865 309 308 1867 1866 308 257 1868 1867 257 258 1865 1868 259 310 1870 1869 310 309 1871 1870 309 258 1872 1871 258 259 1869 1872 260 311 1874 1873 311 310 1875 1874 310 259 1876 1875 259 260 1873 1876 261 312 1878 1877 312 311 1879 1878 311 260 1880 1879 260 261 1877 1880 262 313 1882 1881 313 312 1883 1882 312 261 1884 1883 261 262 1881 1884 263 314 1886 1885 314 313 1887 1886 313 262 1888 1887 262 263 1885 1888 264 315 1890 1889 315 314 1891 1890 314 263 1892 1891 263 264 1889 1892 265 316 1894 1893 316 315 1895 1894 315 264 1896 1895 264 265 1893 1896 266 317 1898 1897 317 316 1899 1898 316 265 1900 1899 265 266 1897 1900 267 318 1902 1901 318 317 1903 1902 317 266 1904 1903 266 267 1901 1904 268 319 1906 1905 319 318 1907 1906 318 267 1908 1907 267 268 1905 1908 269 320 1910 1909 320 319 1911 1910 319 268 1912 1911 268 269 1909 1912 270 321 1914 1913 321 320 1915 1914 320 269 1916 1915 269 270 1913 1916 271 322 1918 1917 322 321 1919 1918 321 270 1920 1919 270 271 1917 1920 272 323 1922 1921 323 322 1923 1922 322 271 1924 1923 271 272 1921 1924 273 324 1926 1925 324 323 1927 1926 323 272 1928 1927 272 273 1925 1928 274 325 1930 1929 325 324 1931 1930 324 273 1932 1931 273 274 1929 1932 275 326 1934 1933 326 325 1935 1934 325 274 1936 1935 274 275 1933 1936 276 327 1938 1937 327 326 1939 1938 326 275 1940 1939 275 276 1937 1940 277 328 1942 1941 328 327 1943 1942 327 276 1944 1943 276 277 1941 1944 278 329 1946 1945 329 328 1947 1946 328 277 1948 1947 277 278 1945 1948 279 330 1950 1949 330 329 1951 1950 329 278 1952 1951 278 279 1949 1952 280 331 1954 1953 331 330 1955 1954 330 279 1956 1955 279 280 1953 1956 281 332 1958 1957 332 331 1959 1958 331 280 1960 1959 280 281 1957 1960 282 333 1962 1961 333 332 1963 1962 332 281 1964 1963 281 282 1961 1964 283 334 1966 1965 334 333 1967 1966 333 282 1968 1967 282 283 1965 1968 284 335 1970 1969 335 334 1971 1970 334 283 1972 1971 283 284 1969 1972 285 336 1974 1973 336 335 1975 1974 335 284 1976 1975 284 285 1973 1976 286 337 1978 1977 337 336 1979 1978 336 285 1980 1979 285 286 1977 1980 287 338 1982 1981 338 337 1983 1982 337 286 1984 1983 286 287 1981 1984 288 339 1986 1985 339 338 1987 1986 338 287 1988 1987 287 288 1985 1988 289 340 1990 1989 340 339 1991 1990 339 288 1992 1991 288 289 1989 1992 290 341 1994 1993 341 340 1995 1994 340 289 1996 1995 289 290 1993 1996 291 342 1998 1997 342 341 1999 1998 341 290 2000 1999 290 291 1997 2000 292 343 2002 2001 343 342 2003 2002 342 291 2004 2003 291 292 2001 2004 293 344 2006 2005 344 343 2007 2006 343 292 2008 2007 292 293 2005 2008 294 345 2010 2009 345 344 2011 2010 344 293 2012 2011 293 294 2009 2012 295 346 2014 2013 346 345 2015 2014 345 294 2016 2015 294 295 2013 2016 296 347 2018 2017 347 346 2019 2018 346 295 2020 2019 295 296 2017 2020 297 348 2022 2021 348 347 2023 2022 347 296 2024 2023 296 297 2021 2024 298 349 2026 2025 349 348 2027 2026 348 297 2028 2027 297 298 2025 2028 299 350 2030 2029 350 349 2031 2030 349 298 2032 2031 298 299 2029 2032 300 351 2034 2033 351 350 2035 2034 350 299 2036 2035 299 300 2033 2036 301 352 2038 2037 352 351 2039 2038 351 300 2040 2039 300 301 2037 2040 302 353 2042 2041 353 352 2043 2042 352 301 2044 2043 301 302 2041 2044 303 354 2046 2045 354 353 2047 2046 353 302 2048 2047 302 303 2045 2048 304 355 2050 2049 355 354 2051 2050 354 303 2052 2051 303 304 2049 2052 304 305 2054 2053 305 356 2055 2054 356 355 2056 2055 355 304 2053 2056 307 358 2058 2057 358 357 2059 2058 357 306 2060 2059 306 307 2057 2060 308 359 2062 2061 359 358 2063 2062 358 307 2064 2063 307 308 2061 2064 309 360 2066 2065 360 359 2067 2066 359 308 2068 2067 308 309 2065 2068 310 361 2070 2069 361 360 2071 2070 360 309 2072 2071 309 310 2069 2072 311 362 2074 2073 362 361 2075 2074 361 310 2076 2075 310 311 2073 2076 312 363 2078 2077 363 362 2079 2078 362 311 2080 2079 311 312 2077 2080 313 364 2082 2081 364 363 2083 2082 363 312 2084 2083 312 313 2081 2084 314 365 2086 2085 365 364 2087 2086 364 313 2088 2087 313 314 2085 2088 315 366 2090 2089 366 365 2091 2090 365 314 2092 2091 314 315 2089 2092 316 367 2094 2093 367 366 2095 2094 366 315 2096 2095 315 316 2093 2096 317 368 2098 2097 368 367 2099 2098 367 316 2100 2099 316 317 2097 2100 318 369 2102 2101 369 368 2103 2102 368 317 2104 2103 317 318 2101 2104 319 370 2106 2105 370 369 2107 2106 369 318 2108 2107 318 319 2105 2108 320 371 2110 2109 371 370 2111 2110 370 319 2112 2111 319 320 2109 2112 321 372 2114 2113 372 371 2115 2114 371 320 2116 2115 320 321 2113 2116 322 373 2118 2117 373 372 2119 2118 372 321 2120 2119 321 322 2117 2120 323 374 2122 2121 374 373 2123 2122 373 322 2124 2123 322 323 2121 2124 324 375 2126 2125 375 374 2127 2126 374 323 2128 2127 323 324 2125 2128 325 376 2130 2129 376 375 2131 2130 375 324 2132 2131 324 325 2129 2132 326 377 2134 2133 377 376 2135 2134 376 325 2136 2135 325 326 2133 2136 327 378 2138 2137 378 377 2139 2138 377 326 2140 2139 326 327 2137 2140 328 379 2142 2141 379 378 2143 2142 378 327 2144 2143 327 328 2141 2144 329 380 2146 2145 380 379 2147 2146 379 328 2148 2147 328 329 2145 2148 330 381 2150 2149 381 380 2151 2150 380 329 2152 2151 329 330 2149 2152 331 382 2154 2153 382 381 2155 2154 381 330 2156 2155 330 331 2153 2156 332 383 2158 2157 383 382 2159 2158 382 331 2160 2159 331 332 2157 2160 333 384 2162 2161 384 383 2163 2162 383 332 2164 2163 332 333 2161 2164 334 385 2166 2165 385 384 2167 2166 384 333 2168 2167 333 334 2165 2168 335 386 2170 2169 386 385 2171 2170 385 334 2172 2171 334 335 2169 2172 336 387 2174 2173 387 386 2175 2174 386 335 2176 2175 335 336 2173 2176 337 388 2178 2177 388 387 2179 2178 387 336 2180 2179 336 337 2177 2180 338 389 2182 2181 389 388 2183 2182 388 337 2184 2183 337 338 2181 2184 339 390 2186 2185 390 389 2187 2186 389 338 2188 2187 338 339 2185 2188 340 391 2190 2189 391 390 2191 2190 390 339 2192 2191 339 340 2189 2192 341 392 2194 2193 392 391 2195 2194 391 340 2196 2195 340 341 2193 2196 342 393 2198 2197 393 392 2199 2198 392 341 2200 2199 341 342 2197 2200 343 394 2202 2201 394 393 2203 2202 393 342 2204 2203 342 343 2201 2204 344 395 2206 2205 395 394 2207 2206 394 343 2208 2207 343 344 2205 2208 345 396 2210 2209 396 395 2211 2210 395 344 2212 2211 344 345 2209 2212 346 397 2214 2213 397 396 2215 2214 396 345 2216 2215 345 346 2213 2216 347 398 2218 2217 398 397 2219 2218 397 346 2220 2219 346 347 2217 2220 348 399 2222 2221 399 398 2223 2222 398 347 2224 2223 347 348 2221 2224 349 400 2226 2225 400 399 2227 2226 399 348 2228 2227 348 349 2225 2228 350 401 2230 2229 401 400 2231 2230 400 349 2232 2231 349 350 2229 2232 351 402 2234 2233 402 401 2235 2234 401 350 2236 2235 350 351 2233 2236 352 403 2238 2237 403 402 2239 2238 402 351 2240 2239 351 352 2237 2240 353 404 2242 2241 404 403 2243 2242 403 352 2244 2243 352 353 2241 2244 354 405 2246 2245 405 404 2247 2246 404 353 2248 2247 353 354 2245 2248 355 406 2250 2249 406 405 2251 2250 405 354 2252 2251 354 355 2249 2252 355 356 2254 2253 356 407 2255 2254 407 406 2256 2255 406 355 2253 2256 358 849 2258 2257 849 409 2259 2258 409 408 2260 2259 408 357 2261 2260 357 358 2257 2261 849 358 2263 2262 358 359 2264 2263 359 850 2265 2264 850 849 2262 2265 850 359 2267 2266 359 360 2268 2267 360 846 2269 2268 846 845 2270 2269 845 850 2266 2270 846 360 2272 2271 360 361 2273 2272 361 842 2274 2273 842 841 2275 2274 841 846 2271 2275 842 361 2277 2276 361 362 2278 2277 362 828 2279 2278 828 827 2280 2279 827 842 2276 2280 828 362 2282 2281 362 363 2283 2282 363 794 2284 2283 794 793 2285 2284 793 828 2281 2285 797 794 2287 2286 794 363 2288 2287 363 364 2289 2288 364 798 2290 2289 798 797 2286 2290 807 798 2292 2291 798 364 2293 2292 364 365 2294 2293 365 808 2295 2294 808 807 2291 2295 809 808 2297 2296 808 365 2298 2297 365 366 2299 2298 366 810 2300 2299 810 809 2296 2300 819 810 2302 2301 810 366 2303 2302 366 367 2304 2303 367 820 2305 2304 820 819 2301 2305 821 820 2307 2306 820 367 2308 2307 367 368 2309 2308 368 822 2310 2309 822 821 2306 2310 833 822 2312 2311 822 368 2313 2312 368 369 2314 2313 369 834 2315 2314 834 833 2311 2315 839 834 2317 2316 834 369 2318 2317 369 370 2319 2318 370 840 2320 2319 840 839 2316 2320 840 370 2322 2321 370 371 2323 2322 371 830 2324 2323 830 829 2325 2324 829 840 2321 2325 830 371 2327 2326 371 372 2328 2327 372 814 2329 2328 814 813 2330 2329 813 830 2326 2330 814 372 2332 2331 372 373 2333 2332 373 804 2334 2333 804 803 2335 2334 803 814 2331 2335 804 373 2337 2336 373 374 2338 2337 374 792 2339 2338 792 791 2340 2339 791 804 2336 2340 792 374 2342 2341 374 375 2343 2342 375 786 2344 2343 786 785 2345 2344 785 792 2341 2345 786 375 2347 2346 375 376 2348 2347 376 782 2349 2348 782 781 2350 2349 781 786 2346 2350 782 376 2352 2351 376 377 2353 2352 377 778 2354 2353 778 777 2355 2354 777 782 2351 2355 778 377 2357 2356 377 378 2358 2357 378 774 2359 2358 774 773 2360 2359 773 778 2356 2360 774 378 2362 2361 378 379 2363 2362 379 770 2364 2363 770 769 2365 2364 769 774 2361 2365 770 379 2367 2366 379 380 2368 2367 380 766 2369 2368 766 765 2370 2369 765 770 2366 2370 766 380 2372 2371 380 381 2373 2372 381 764 2374 2373 764 763 2375 2374 763 766 2371 2375 764 381 2377 2376 381 382 2378 2377 382 759 2379 2378 759 758 2380 2379 758 757 2381 2380 757 764 2376 2381 759 382 2383 2382 382 383 2384 2383 383 761 2385 2384 761 760 2386 2385 760 759 2382 2386 761 383 2388 2387 383 384 2389 2388 384 767 2390 2389 767 762 2391 2390 762 761 2387 2391 767 384 2393 2392 384 385 2394 2393 385 771 2395 2394 771 768 2396 2395 768 767 2392 2396 771 385 2398 2397 385 386 2399 2398 386 775 2400 2399 775 772 2401 2400 772 771 2397 2401 775 386 2403 2402 386 387 2404 2403 387 779 2405 2404 779 776 2406 2405 776 775 2402 2406 779 387 2408 2407 387 388 2409 2408 388 783 2410 2409 783 780 2411 2410 780 779 2407 2411 783 388 2413 2412 388 389 2414 2413 389 787 2415 2414 787 784 2416 2415 784 783 2412 2416 787 389 2418 2417 389 390 2419 2418 390 789 2420 2419 789 788 2421 2420 788 787 2417 2421 789 390 2423 2422 390 391 2424 2423 391 801 2425 2424 801 790 2426 2425 790 789 2422 2426 801 391 2428 2427 391 392 2429 2428 392 815 2430 2429 815 802 2431 2430 802 801 2427 2431 815 392 2433 2432 392 393 2434 2433 393 831 2435 2434 831 816 2436 2435 816 815 2432 2436 831 393 2438 2437 393 394 2439 2438 394 837 2440 2439 837 832 2441 2440 832 831 2437 2441 837 394 2443 2442 394 395 2444 2443 395 835 2445 2444 835 838 2446 2445 838 837 2442 2446 835 395 2448 2447 395 396 2449 2448 396 823 2450 2449 823 836 2451 2450 836 835 2447 2451 823 396 2453 2452 396 397 2454 2453 397 817 2455 2454 817 824 2456 2455 824 823 2452 2456 817 397 2458 2457 397 398 2459 2458 398 811 2460 2459 811 818 2461 2460 818 817 2457 2461 811 398 2463 2462 398 399 2464 2463 399 805 2465 2464 805 812 2466 2465 812 811 2462 2466 805 399 2468 2467 399 400 2469 2468 400 799 2470 2469 799 806 2471 2470 806 805 2467 2471 799 400 2473 2472 400 401 2474 2473 401 795 2475 2474 795 800 2476 2475 800 799 2472 2476 795 401 2478 2477 401 402 2479 2478 402 825 2480 2479 825 796 2481 2480 796 795 2477 2481 825 402 2483 2482 402 403 2484 2483 403 843 2485 2484 843 826 2486 2485 826 825 2482 2486 843 403 2488 2487 403 404 2489 2488 404 847 2490 2489 847 844 2491 2490 844 843 2487 2491 847 404 2493 2492 404 405 2494 2493 405 851 2495 2494 851 848 2496 2495 848 847 2492 2496 851 405 2498 2497 405 406 2499 2498 406 852 2500 2499 852 851 2497 2500 406 407 2502 2501 407 458 2503 2502 458 457 2504 2503 457 852 2505 2504 852 406 2501 2505 853 408 2507 2506 408 409 2508 2507 409 854 2509 2508 854 853 2506 2509 854 409 2511 2510 409 410 2512 2511 410 750 2513 2512 750 749 2514 2513 749 854 2510 2514 750 410 2516 2515 410 411 2517 2516 411 746 2518 2517 746 745 2519 2518 745 750 2515 2519 746 411 2521 2520 411 412 2522 2521 412 666 2523 2522 666 665 2524 2523 665 746 2520 2524 666 412 2526 2525 412 413 2527 2526 413 658 2528 2527 658 657 2529 2528 657 666 2525 2529 661 658 2531 2530 658 413 2532 2531 413 414 2533 2532 414 662 2534 2533 662 661 2530 2534 671 662 2536 2535 662 414 2537 2536 414 415 2538 2537 415 672 2539 2538 672 671 2535 2539 673 672 2541 2540 672 415 2542 2541 415 416 2543 2542 416 674 2544 2543 674 673 2540 2544 677 674 2546 2545 674 416 2547 2546 416 417 2548 2547 417 678 2549 2548 678 677 2545 2549 681 678 2551 2550 678 417 2552 2551 417 418 2553 2552 418 682 2554 2553 682 681 2550 2554 689 682 2556 2555 682 418 2557 2556 418 419 2558 2557 419 690 2559 2558 690 689 2555 2559 701 690 2561 2560 690 419 2562 2561 419 420 2563 2562 420 702 2564 2563 702 701 2560 2564 709 702 2566 2565 702 420 2567 2566 420 421 2568 2567 421 710 2569 2568 710 709 2565 2569 717 710 2571 2570 710 421 2572 2571 421 422 2573 2572 422 718 2574 2573 718 717 2570 2574 725 718 2576 2575 718 422 2577 2576 422 423 2578 2577 423 726 2579 2578 726 725 2575 2579 733 726 2581 2580 726 423 2582 2581 423 424 2583 2582 424 734 2584 2583 734 733 2580 2584 741 734 2586 2585 734 424 2587 2586 424 425 2588 2587 425 742 2589 2588 742 741 2585 2589 742 425 2591 2590 425 426 2592 2591 426 740 2593 2592 740 739 2594 2593 739 742 2590 2594 740 426 2596 2595 426 427 2597 2596 427 730 2598 2597 730 729 2599 2598 729 740 2595 2599 730 427 2601 2600 427 428 2602 2601 428 722 2603 2602 722 721 2604 2603 721 730 2600 2604 722 428 2606 2605 428 429 2607 2606 429 714 2608 2607 714 713 2609 2608 713 722 2605 2609 714 429 2611 2610 429 430 2612 2611 430 706 2613 2612 706 705 2614 2613 705 714 2610 2614 706 430 2616 2615 430 431 2617 2616 431 698 2618 2617 698 697 2619 2618 697 706 2615 2619 698 431 2621 2620 431 432 2622 2621 432 694 2623 2622 694 693 2624 2623 693 698 2620 2624 694 432 2626 2625 432 433 2627 2626 433 686 2628 2627 686 685 2629 2628 685 694 2625 2629 687 686 2631 2630 686 433 2632 2631 433 434 2633 2632 434 695 2634 2633 695 688 2635 2634 688 687 2630 2635 695 434 2637 2636 434 435 2638 2637 435 699 2639 2638 699 696 2640 2639 696 695 2636 2640 699 435 2642 2641 435 436 2643 2642 436 707 2644 2643 707 700 2645 2644 700 699 2641 2645 707 436 2647 2646 436 437 2648 2647 437 715 2649 2648 715 708 2650 2649 708 707 2646 2650 715 437 2652 2651 437 438 2653 2652 438 723 2654 2653 723 716 2655 2654 716 715 2651 2655 723 438 2657 2656 438 439 2658 2657 439 731 2659 2658 731 724 2660 2659 724 723 2656 2660 731 439 2662 2661 439 440 2663 2662 440 737 2664 2663 737 732 2665 2664 732 731 2661 2665 737 440 2667 2666 440 441 2668 2667 441 743 2669 2668 743 738 2670 2669 738 737 2666 2670 743 441 2672 2671 441 442 2673 2672 442 735 2674 2673 735 744 2675 2674 744 743 2671 2675 735 442 2677 2676 442 443 2678 2677 443 727 2679 2678 727 736 2680 2679 736 735 2676 2680 727 443 2682 2681 443 444 2683 2682 444 719 2684 2683 719 728 2685 2684 728 727 2681 2685 719 444 2687 2686 444 445 2688 2687 445 711 2689 2688 711 720 2690 2689 720 719 2686 2690 711 445 2692 2691 445 446 2693 2692 446 703 2694 2693 703 712 2695 2694 712 711 2691 2695 703 446 2697 2696 446 447 2698 2697 447 691 2699 2698 691 704 2700 2699 704 703 2696 2700 691 447 2702 2701 447 448 2703 2702 448 683 2704 2703 683 692 2705 2704 692 691 2701 2705 683 448 2707 2706 448 449 2708 2707 449 679 2709 2708 679 684 2710 2709 684 683 2706 2710 679 449 2712 2711 449 450 2713 2712 450 675 2714 2713 675 680 2715 2714 680 679 2711 2715 675 450 2717 2716 450 451 2718 2717 451 669 2719 2718 669 676 2720 2719 676 675 2716 2720 669 451 2722 2721 451 452 2723 2722 452 663 2724 2723 663 670 2725 2724 670 669 2721 2725 663 452 2727 2726 452 453 2728 2727 453 659 2729 2728 659 664 2730 2729 664 663 2726 2730 659 453 2732 2731 453 454 2733 2732 454 667 2734 2733 667 660 2735 2734 660 659 2731 2735 667 454 2737 2736 454 455 2738 2737 455 747 2739 2738 747 668 2740 2739 668 667 2736 2740 747 455 2742 2741 455 456 2743 2742 456 751 2744 2743 751 748 2745 2744 748 747 2741 2745 751 456 2747 2746 456 457 2748 2747 457 855 2749 2748 855 752 2750 2749 752 751 2746 2750 855 457 2752 2751 457 458 2753 2752 458 856 2754 2753 856 855 2751 2754 753 459 2756 2755 459 460 2757 2756 460 754 2758 2757 754 753 2755 2758 754 460 2760 2759 460 461 2761 2760 461 590 2762 2761 590 589 2763 2762 589 754 2759 2763 590 461 2765 2764 461 462 2766 2765 462 566 2767 2766 566 565 2768 2767 565 590 2764 2768 566 462 2770 2769 462 463 2771 2770 463 562 2772 2771 562 561 2773 2772 561 566 2769 2773 569 562 2775 2774 562 463 2776 2775 463 464 2777 2776 464 570 2778 2777 570 569 2774 2778 573 570 2780 2779 570 464 2781 2780 464 465 2782 2781 465 574 2783 2782 574 573 2779 2783 577 574 2785 2784 574 465 2786 2785 465 466 2787 2786 466 578 2788 2787 578 577 2784 2788 581 578 2790 2789 578 466 2791 2790 466 467 2792 2791 467 582 2793 2792 582 581 2789 2793 585 582 2795 2794 582 467 2796 2795 467 468 2797 2796 468 586 2798 2797 586 585 2794 2798 593 586 2800 2799 586 468 2801 2800 468 469 2802 2801 469 594 2803 2802 594 593 2799 2803 597 594 2805 2804 594 469 2806 2805 469 470 2807 2806 470 598 2808 2807 598 597 2804 2808 601 598 2810 2809 598 470 2811 2810 470 471 2812 2811 471 602 2813 2812 602 601 2809 2813 605 602 2815 2814 602 471 2816 2815 471 472 2817 2816 472 606 2818 2817 606 605 2814 2818 609 606 2820 2819 606 472 2821 2820 472 473 2822 2821 473 610 2823 2822 610 609 2819 2823 613 610 2825 2824 610 473 2826 2825 473 474 2827 2826 474 614 2828 2827 614 613 2824 2828 617 614 2830 2829 614 474 2831 2830 474 475 2832 2831 475 618 2833 2832 618 617 2829 2833 621 618 2835 2834 618 475 2836 2835 475 476 2837 2836 476 622 2838 2837 622 621 2834 2838 625 622 2840 2839 622 476 2841 2840 476 477 2842 2841 477 626 2843 2842 626 625 2839 2843 629 626 2845 2844 626 477 2846 2845 477 478 2847 2846 478 630 2848 2847 630 629 2844 2848 633 630 2850 2849 630 478 2851 2850 478 479 2852 2851 479 634 2853 2852 634 633 2849 2853 637 634 2855 2854 634 479 2856 2855 479 480 2857 2856 480 638 2858 2857 638 637 2854 2858 641 638 2860 2859 638 480 2861 2860 480 481 2862 2861 481 642 2863 2862 642 641 2859 2863 645 642 2865 2864 642 481 2866 2865 481 482 2867 2866 482 646 2868 2867 646 645 2864 2868 649 646 2870 2869 646 482 2871 2870 482 483 2872 2871 483 650 2873 2872 650 649 2869 2873 653 650 2875 2874 650 483 2876 2875 483 484 2877 2876 484 654 2878 2877 654 653 2874 2878 655 654 2880 2879 654 484 2881 2880 484 485 2882 2881 485 651 2883 2882 651 656 2884 2883 656 655 2879 2884 651 485 2886 2885 485 486 2887 2886 486 647 2888 2887 647 652 2889 2888 652 651 2885 2889 647 486 2891 2890 486 487 2892 2891 487 643 2893 2892 643 648 2894 2893 648 647 2890 2894 643 487 2896 2895 487 488 2897 2896 488 639 2898 2897 639 644 2899 2898 644 643 2895 2899 639 488 2901 2900 488 489 2902 2901 489 635 2903 2902 635 640 2904 2903 640 639 2900 2904 635 489 2906 2905 489 490 2907 2906 490 631 2908 2907 631 636 2909 2908 636 635 2905 2909 631 490 2911 2910 490 491 2912 2911 491 627 2913 2912 627 632 2914 2913 632 631 2910 2914 627 491 2916 2915 491 492 2917 2916 492 623 2918 2917 623 628 2919 2918 628 627 2915 2919 623 492 2921 2920 492 493 2922 2921 493 619 2923 2922 619 624 2924 2923 624 623 2920 2924 619 493 2926 2925 493 494 2927 2926 494 615 2928 2927 615 620 2929 2928 620 619 2925 2929 615 494 2931 2930 494 495 2932 2931 495 611 2933 2932 611 616 2934 2933 616 615 2930 2934 611 495 2936 2935 495 496 2937 2936 496 607 2938 2937 607 612 2939 2938 612 611 2935 2939 607 496 2941 2940 496 497 2942 2941 497 603 2943 2942 603 608 2944 2943 608 607 2940 2944 603 497 2946 2945 497 498 2947 2946 498 599 2948 2947 599 604 2949 2948 604 603 2945 2949 599 498 2951 2950 498 499 2952 2951 499 595 2953 2952 595 600 2954 2953 600 599 2950 2954 595 499 2956 2955 499 500 2957 2956 500 587 2958 2957 587 596 2959 2958 596 595 2955 2959 587 500 2961 2960 500 501 2962 2961 501 583 2963 2962 583 588 2964 2963 588 587 2960 2964 583 501 2966 2965 501 502 2967 2966 502 579 2968 2967 579 584 2969 2968 584 583 2965 2969 579 502 2971 2970 502 503 2972 2971 503 575 2973 2972 575 580 2974 2973 580 579 2970 2974 575 503 2976 2975 503 504 2977 2976 504 571 2978 2977 571 576 2979 2978 576 575 2975 2979 571 504 2981 2980 504 505 2982 2981 505 563 2983 2982 563 572 2984 2983 572 571 2980 2984 563 505 2986 2985 505 506 2987 2986 506 567 2988 2987 567 564 2989 2988 564 563 2985 2989 567 506 2991 2990 506 507 2992 2991 507 591 2993 2992 591 568 2994 2993 568 567 2990 2994 591 507 2996 2995 507 508 2997 2996 508 755 2998 2997 755 592 2999 2998 592 591 2995 2999 755 508 3001 3000 508 509 3002 3001 509 756 3003 3002 756 755 3000 3003 513 561 3005 3004 561 562 3006 3005 562 569 3007 3006 569 514 3008 3007 514 513 3004 3008 572 563 3010 3009 563 564 3011 3010 564 557 3012 3011 557 556 3013 3012 556 572 3009 3013 512 565 3015 3014 565 566 3016 3015 566 561 3017 3016 561 513 3018 3017 513 512 3014 3018 564 567 3020 3019 567 568 3021 3020 568 558 3022 3021 558 557 3023 3022 557 564 3019 3023 514 569 3025 3024 569 570 3026 3025 570 573 3027 3026 573 515 3028 3027 515 514 3024 3028 576 571 3030 3029 571 572 3031 3030 572 556 3032 3031 556 555 3033 3032 555 576 3029 3033 515 573 3035 3034 573 574 3036 3035 574 577 3037 3036 577 516 3038 3037 516 515 3034 3038 580 575 3040 3039 575 576 3041 3040 576 555 3042 3041 555 554 3043 3042 554 580 3039 3043 516 577 3045 3044 577 578 3046 3045 578 581 3047 3046 581 517 3048 3047 517 516 3044 3048 584 579 3050 3049 579 580 3051 3050 580 554 3052 3051 554 553 3053 3052 553 584 3049 3053 517 581 3055 3054 581 582 3056 3055 582 585 3057 3056 585 518 3058 3057 518 517 3054 3058 588 583 3060 3059 583 584 3061 3060 584 553 3062 3061 553 552 3063 3062 552 588 3059 3063 518 585 3065 3064 585 586 3066 3065 586 593 3067 3066 593 519 3068 3067 519 518 3064 3068 596 587 3070 3069 587 588 3071 3070 588 552 3072 3071 552 551 3073 3072 551 596 3069 3073 511 589 3075 3074 589 590 3076 3075 590 565 3077 3076 565 512 3078 3077 512 511 3074 3078 568 591 3080 3079 591 592 3081 3080 592 559 3082 3081 559 558 3083 3082 558 568 3079 3083 519 593 3085 3084 593 594 3086 3085 594 597 3087 3086 597 520 3088 3087 520 519 3084 3088 600 595 3090 3089 595 596 3091 3090 596 551 3092 3091 551 550 3093 3092 550 600 3089 3093 520 597 3095 3094 597 598 3096 3095 598 601 3097 3096 601 521 3098 3097 521 520 3094 3098 604 599 3100 3099 599 600 3101 3100 600 550 3102 3101 550 549 3103 3102 549 604 3099 3103 521 601 3105 3104 601 602 3106 3105 602 605 3107 3106 605 522 3108 3107 522 521 3104 3108 608 603 3110 3109 603 604 3111 3110 604 549 3112 3111 549 548 3113 3112 548 608 3109 3113 522 605 3115 3114 605 606 3116 3115 606 609 3117 3116 609 523 3118 3117 523 522 3114 3118 612 607 3120 3119 607 608 3121 3120 608 548 3122 3121 548 547 3123 3122 547 612 3119 3123 523 609 3125 3124 609 610 3126 3125 610 613 3127 3126 613 524 3128 3127 524 523 3124 3128 616 611 3130 3129 611 612 3131 3130 612 547 3132 3131 547 546 3133 3132 546 616 3129 3133 524 613 3135 3134 613 614 3136 3135 614 617 3137 3136 617 525 3138 3137 525 524 3134 3138 620 615 3140 3139 615 616 3141 3140 616 546 3142 3141 546 545 3143 3142 545 620 3139 3143 525 617 3145 3144 617 618 3146 3145 618 621 3147 3146 621 526 3148 3147 526 525 3144 3148 624 619 3150 3149 619 620 3151 3150 620 545 3152 3151 545 544 3153 3152 544 624 3149 3153 526 621 3155 3154 621 622 3156 3155 622 625 3157 3156 625 527 3158 3157 527 526 3154 3158 628 623 3160 3159 623 624 3161 3160 624 544 3162 3161 544 543 3163 3162 543 628 3159 3163 527 625 3165 3164 625 626 3166 3165 626 629 3167 3166 629 528 3168 3167 528 527 3164 3168 632 627 3170 3169 627 628 3171 3170 628 543 3172 3171 543 542 3173 3172 542 632 3169 3173 528 629 3175 3174 629 630 3176 3175 630 633 3177 3176 633 529 3178 3177 529 528 3174 3178 636 631 3180 3179 631 632 3181 3180 632 542 3182 3181 542 541 3183 3182 541 636 3179 3183 529 633 3185 3184 633 634 3186 3185 634 637 3187 3186 637 530 3188 3187 530 529 3184 3188 640 635 3190 3189 635 636 3191 3190 636 541 3192 3191 541 540 3193 3192 540 640 3189 3193 530 637 3195 3194 637 638 3196 3195 638 641 3197 3196 641 531 3198 3197 531 530 3194 3198 644 639 3200 3199 639 640 3201 3200 640 540 3202 3201 540 539 3203 3202 539 644 3199 3203 531 641 3205 3204 641 642 3206 3205 642 645 3207 3206 645 532 3208 3207 532 531 3204 3208 648 643 3210 3209 643 644 3211 3210 644 539 3212 3211 539 538 3213 3212 538 648 3209 3213 532 645 3215 3214 645 646 3216 3215 646 649 3217 3216 649 533 3218 3217 533 532 3214 3218 652 647 3220 3219 647 648 3221 3220 648 538 3222 3221 538 537 3223 3222 537 652 3219 3223 533 649 3225 3224 649 650 3226 3225 650 653 3227 3226 653 534 3228 3227 534 533 3224 3228 656 651 3230 3229 651 652 3231 3230 652 537 3232 3231 537 536 3233 3232 536 656 3229 3233 534 653 3235 3234 653 654 3236 3235 654 655 3237 3236 655 535 3238 3237 535 534 3234 3238 535 655 3240 3239 655 656 3241 3240 656 536 3242 3241 536 535 3239 3242 463 657 3244 3243 657 658 3245 3244 658 661 3246 3245 661 464 3247 3246 464 463 3243 3247 664 659 3249 3248 659 660 3250 3249 660 505 3251 3250 505 504 3252 3251 504 664 3248 3252 464 661 3254 3253 661 662 3255 3254 662 671 3256 3255 671 465 3257 3256 465 464 3253 3257 670 663 3259 3258 663 664 3260 3259 664 504 3261 3260 504 503 3262 3261 503 670 3258 3262 462 665 3264 3263 665 666 3265 3264 666 657 3266 3265 657 463 3267 3266 463 462 3263 3267 660 667 3269 3268 667 668 3270 3269 668 506 3271 3270 506 505 3272 3271 505 660 3268 3272 676 669 3274 3273 669 670 3275 3274 670 503 3276 3275 503 502 3277 3276 502 676 3273 3277 465 671 3279 3278 671 672 3280 3279 672 673 3281 3280 673 466 3282 3281 466 465 3278 3282 466 673 3284 3283 673 674 3285 3284 674 677 3286 3285 677 467 3287 3286 467 466 3283 3287 680 675 3289 3288 675 676 3290 3289 676 502 3291 3290 502 501 3292 3291 501 680 3288 3292 467 677 3294 3293 677 678 3295 3294 678 681 3296 3295 681 468 3297 3296 468 467 3293 3297 684 679 3299 3298 679 680 3300 3299 680 501 3301 3300 501 500 3302 3301 500 684 3298 3302 468 681 3304 3303 681 682 3305 3304 682 689 3306 3305 689 469 3307 3306 469 468 3303 3307 692 683 3309 3308 683 684 3310 3309 684 500 3311 3310 500 499 3312 3311 499 692 3308 3312 483 685 3314 3313 685 686 3315 3314 686 687 3316 3315 687 484 3317 3316 484 483 3313 3317 484 687 3319 3318 687 688 3320 3319 688 485 3321 3320 485 484 3318 3321 469 689 3323 3322 689 690 3324 3323 690 701 3325 3324 701 470 3326 3325 470 469 3322 3326 704 691 3328 3327 691 692 3329 3328 692 499 3330 3329 499 498 3331 3330 498 704 3327 3331 482 693 3333 3332 693 694 3334 3333 694 685 3335 3334 685 483 3336 3335 483 482 3332 3336 688 695 3338 3337 695 696 3339 3338 696 486 3340 3339 486 485 3341 3340 485 688 3337 3341 481 697 3343 3342 697 698 3344 3343 698 693 3345 3344 693 482 3346 3345 482 481 3342 3346 696 699 3348 3347 699 700 3349 3348 700 487 3350 3349 487 486 3351 3350 486 696 3347 3351 470 701 3353 3352 701 702 3354 3353 702 709 3355 3354 709 471 3356 3355 471 470 3352 3356 712 703 3358 3357 703 704 3359 3358 704 498 3360 3359 498 497 3361 3360 497 712 3357 3361 480 705 3363 3362 705 706 3364 3363 706 697 3365 3364 697 481 3366 3365 481 480 3362 3366 700 707 3368 3367 707 708 3369 3368 708 488 3370 3369 488 487 3371 3370 487 700 3367 3371 471 709 3373 3372 709 710 3374 3373 710 717 3375 3374 717 472 3376 3375 472 471 3372 3376 720 711 3378 3377 711 712 3379 3378 712 497 3380 3379 497 496 3381 3380 496 720 3377 3381 479 713 3383 3382 713 714 3384 3383 714 705 3385 3384 705 480 3386 3385 480 479 3382 3386 708 715 3388 3387 715 716 3389 3388 716 489 3390 3389 489 488 3391 3390 488 708 3387 3391 472 717 3393 3392 717 718 3394 3393 718 725 3395 3394 725 473 3396 3395 473 472 3392 3396 728 719 3398 3397 719 720 3399 3398 720 496 3400 3399 496 495 3401 3400 495 728 3397 3401 478 721 3403 3402 721 722 3404 3403 722 713 3405 3404 713 479 3406 3405 479 478 3402 3406 716 723 3408 3407 723 724 3409 3408 724 490 3410 3409 490 489 3411 3410 489 716 3407 3411 473 725 3413 3412 725 726 3414 3413 726 733 3415 3414 733 474 3416 3415 474 473 3412 3416 736 727 3418 3417 727 728 3419 3418 728 495 3420 3419 495 494 3421 3420 494 736 3417 3421 477 729 3423 3422 729 730 3424 3423 730 721 3425 3424 721 478 3426 3425 478 477 3422 3426 724 731 3428 3427 731 732 3429 3428 732 491 3430 3429 491 490 3431 3430 490 724 3427 3431 474 733 3433 3432 733 734 3434 3433 734 741 3435 3434 741 475 3436 3435 475 474 3432 3436 744 735 3438 3437 735 736 3439 3438 736 494 3440 3439 494 493 3441 3440 493 744 3437 3441 732 737 3443 3442 737 738 3444 3443 738 492 3445 3444 492 491 3446 3445 491 732 3442 3446 476 739 3448 3447 739 740 3449 3448 740 729 3450 3449 729 477 3451 3450 477 476 3447 3451 475 741 3453 3452 741 742 3454 3453 742 739 3455 3454 739 476 3456 3455 476 475 3452 3456 738 743 3458 3457 743 744 3459 3458 744 493 3460 3459 493 492 3461 3460 492 738 3457 3461 461 745 3463 3462 745 746 3464 3463 746 665 3465 3464 665 462 3466 3465 462 461 3462 3466 668 747 3468 3467 747 748 3469 3468 748 507 3470 3469 507 506 3471 3470 506 668 3467 3471 460 749 3473 3472 749 750 3474 3473 750 745 3475 3474 745 461 3476 3475 461 460 3472 3476 748 751 3478 3477 751 752 3479 3478 752 508 3480 3479 508 507 3481 3480 507 748 3477 3481 753 754 3483 3482 754 589 3484 3483 589 511 3485 3484 511 510 3486 3485 510 753 3482 3486 592 755 3488 3487 755 756 3489 3488 756 560 3490 3489 560 559 3491 3490 559 592 3487 3491 432 757 3493 3492 757 758 3494 3493 758 433 3495 3494 433 432 3492 3495 758 759 3497 3496 759 760 3498 3497 760 434 3499 3498 434 433 3500 3499 433 758 3496 3500 760 761 3502 3501 761 762 3503 3502 762 435 3504 3503 435 434 3505 3504 434 760 3501 3505 431 763 3507 3506 763 764 3508 3507 764 757 3509 3508 757 432 3510 3509 432 431 3506 3510 430 765 3512 3511 765 766 3513 3512 766 763 3514 3513 763 431 3515 3514 431 430 3511 3515 762 767 3517 3516 767 768 3518 3517 768 436 3519 3518 436 435 3520 3519 435 762 3516 3520 429 769 3522 3521 769 770 3523 3522 770 765 3524 3523 765 430 3525 3524 430 429 3521 3525 768 771 3527 3526 771 772 3528 3527 772 437 3529 3528 437 436 3530 3529 436 768 3526 3530 428 773 3532 3531 773 774 3533 3532 774 769 3534 3533 769 429 3535 3534 429 428 3531 3535 772 775 3537 3536 775 776 3538 3537 776 438 3539 3538 438 437 3540 3539 437 772 3536 3540 427 777 3542 3541 777 778 3543 3542 778 773 3544 3543 773 428 3545 3544 428 427 3541 3545 776 779 3547 3546 779 780 3548 3547 780 439 3549 3548 439 438 3550 3549 438 776 3546 3550 426 781 3552 3551 781 782 3553 3552 782 777 3554 3553 777 427 3555 3554 427 426 3551 3555 780 783 3557 3556 783 784 3558 3557 784 440 3559 3558 440 439 3560 3559 439 780 3556 3560 425 785 3562 3561 785 786 3563 3562 786 781 3564 3563 781 426 3565 3564 426 425 3561 3565 784 787 3567 3566 787 788 3568 3567 788 441 3569 3568 441 440 3570 3569 440 784 3566 3570 788 789 3572 3571 789 790 3573 3572 790 442 3574 3573 442 441 3575 3574 441 788 3571 3575 424 791 3577 3576 791 792 3578 3577 792 785 3579 3578 785 425 3580 3579 425 424 3576 3580 413 793 3582 3581 793 794 3583 3582 794 797 3584 3583 797 414 3585 3584 414 413 3581 3585 800 795 3587 3586 795 796 3588 3587 796 453 3589 3588 453 452 3590 3589 452 800 3586 3590 414 797 3592 3591 797 798 3593 3592 798 807 3594 3593 807 415 3595 3594 415 414 3591 3595 806 799 3597 3596 799 800 3598 3597 800 452 3599 3598 452 451 3600 3599 451 806 3596 3600 790 801 3602 3601 801 802 3603 3602 802 443 3604 3603 443 442 3605 3604 442 790 3601 3605 423 803 3607 3606 803 804 3608 3607 804 791 3609 3608 791 424 3610 3609 424 423 3606 3610 812 805 3612 3611 805 806 3613 3612 806 451 3614 3613 451 450 3615 3614 450 812 3611 3615 415 807 3617 3616 807 808 3618 3617 808 809 3619 3618 809 416 3620 3619 416 415 3616 3620 416 809 3622 3621 809 810 3623 3622 810 819 3624 3623 819 417 3625 3624 417 416 3621 3625 818 811 3627 3626 811 812 3628 3627 812 450 3629 3628 450 449 3630 3629 449 818 3626 3630 422 813 3632 3631 813 814 3633 3632 814 803 3634 3633 803 423 3635 3634 423 422 3631 3635 802 815 3637 3636 815 816 3638 3637 816 444 3639 3638 444 443 3640 3639 443 802 3636 3640 824 817 3642 3641 817 818 3643 3642 818 449 3644 3643 449 448 3645 3644 448 824 3641 3645 417 819 3647 3646 819 820 3648 3647 820 821 3649 3648 821 418 3650 3649 418 417 3646 3650 418 821 3652 3651 821 822 3653 3652 822 833 3654 3653 833 419 3655 3654 419 418 3651 3655 836 823 3657 3656 823 824 3658 3657 824 448 3659 3658 448 447 3660 3659 447 836 3656 3660 796 825 3662 3661 825 826 3663 3662 826 454 3664 3663 454 453 3665 3664 453 796 3661 3665 412 827 3667 3666 827 828 3668 3667 828 793 3669 3668 793 413 3670 3669 413 412 3666 3670 421 829 3672 3671 829 830 3673 3672 830 813 3674 3673 813 422 3675 3674 422 421 3671 3675 816 831 3677 3676 831 832 3678 3677 832 445 3679 3678 445 444 3680 3679 444 816 3676 3680 419 833 3682 3681 833 834 3683 3682 834 839 3684 3683 839 420 3685 3684 420 419 3681 3685 838 835 3687 3686 835 836 3688 3687 836 447 3689 3688 447 446 3690 3689 446 838 3686 3690 832 837 3692 3691 837 838 3693 3692 838 446 3694 3693 446 445 3695 3694 445 832 3691 3695 420 839 3697 3696 839 840 3698 3697 840 829 3699 3698 829 421 3700 3699 421 420 3696 3700 411 841 3702 3701 841 842 3703 3702 842 827 3704 3703 827 412 3705 3704 412 411 3701 3705 826 843 3707 3706 843 844 3708 3707 844 455 3709 3708 455 454 3710 3709 454 826 3706 3710 410 845 3712 3711 845 846 3713 3712 846 841 3714 3713 841 411 3715 3714 411 410 3711 3715 844 847 3717 3716 847 848 3718 3717 848 456 3719 3718 456 455 3720 3719 455 844 3716 3720 409 849 3722 3721 849 850 3723 3722 850 845 3724 3723 845 410 3725 3724 410 409 3721 3725 848 851 3727 3726 851 852 3728 3727 852 457 3729 3728 457 456 3730 3729 456 848 3726 3730 749 460 3732 3731 460 459 3733 3732 459 853 3734 3733 853 854 3735 3734 854 749 3731 3735 752 855 3737 3736 855 856 3738 3737 856 509 3739 3738 509 508 3740 3739 508 752 3736 3740 
</DataArray>
<DataArray type="Int32" Name="offsets" format="ascii">
4 8 12 16 20 24 28 32 36 40 44 48 52 56 60 64 68 72 76 80 84 88 92 96 100 104 108 112 116 120 124 128 132 136 140 144 148 152 156 160 164 168 172 176 180 184 188 192 196 200 204 208 212 216 220 224 228 232 236 240 244 248 252 256 260 264 268 272 276 280 284 288 292 296 300 304 308 312 316 320 324 328 332 336 340 344 348 352 356 360 364 368 372 376 380 384 388 392 396 400 404 408 412 416 420 424 428 432 436 440 444 448 452 456 460 464 468 472 476 480 484 488 492 496 500 504 508 512 516 520 524 528 532 536 540 544 548 552 556 560 564 568 572 576 580 584 588 592 596 600 604 608 612 616 620 624 628 632 636 640 644 648 652 656 660 664 668 672 676 680 684 688 692 696 700 704 708 712 716 720 724 728 732 736 740 744 748 752 756 760 764 768 772 776 780 784 788 792 796 800 804 808 812 816 820 824 828 832 836 840 844 848 852 856 860 864 868 872 876 880 884 888 892 896 900 904 908 912 916 920 924 928 932 936 940 944 948 952 956 960 964 968 972 976 980 984 988 992 996 1000 1004 1008 1012 1016 1020 1024 1028 1032 1036 1040 1044 1048 1052 1056 1060 1064 1068 1072 1076 1080 1084 1088 1092 1096 1100 1104 1108 1112 1116 1120 1124 1128 1132 1136 1140 1144 1148 1152 1156 1160 1164 1168 1172 1176 1180 1184 1188 1192 1196 1200 1204 1208 1212 1216 1220 1224 1228 1232 1236 1240 1244 1248 1252 1256 1260 1264 1268 1272 1276 1280 1284 1288 1292 1296 1300 1304 1308 1312 1316 1320 1324 1328 1332 1336 1340 1344 1348 1352 1356 1360 1364 1368 1372 1376 1380 1384 1388 1392 1396 1400 1404 1408 1412 1416 1420 1424 1428 1432 1436 1440 1444 1448 1452 1456 1460 1464 1468 1472 1476 1480 1484 1488 1492 1496 1500 1504 1508 1512 1516 1520 1524 1528 1532 1536 1540 1544 1548 1552 1556 1560 1564 1568 1572 1576 1580 1584 1588 1592 1596 1600 1604 1608 1612 1616 1620 1624 1628 1632 1636 1640 1644 1648 1652 1656 1660 1664 1668 1672 1676 1680 1684 1688 1692 1696 1700 1704 1708 1712 1716 1720 1724 1728 1732 1736 1740 1744 1748 1752 1756 1760 1764 1768 1772 1776 1780 1784 1788 1792 1796 1800 1804 1808 1812 1816 1820 1824 1828 1832 1836 1840 1844 1848 1852 1856 1860 1864 1868 1872 1876 1880 1884 1888 1892 1896 1900 1904 1908 1912 1916 1920 1924 1928 1932 1936 1940 1944 1948 1952 1956 1960 1964 1968 1972 1976 1980 1984 1988 1992 1996 2000 2004 2008 2012 2016 2020 2024 2028 2032 2036 2040 2044 2048 2052 2056 2060 2064 2068 2072 2076 2080 2084 2088 2092 2096 2100 2104 2108 2112 2116 2120 2124 2128 2132 2136 2140 2144 2148 2152 2156 2160 2164 2168 2172 2176 2180 2184 2188 2192 2196 2200 2204 2208 2212 2216 2220 2224 2228 2232 2236 2240 2244 2248 2252 2256 2260 2264 2268 2272 2276 2280 2284 2288 2292 2296 2300 2304 2308 2312 2316 2320 2324 2328 2332 2336 2340 2344 2348 2352 2356 2360 2364 2368 2372 2376 2380 2384 2388 2392 2396 2400 2404 2408 2412 2416 2420 2424 2428 2432 2436 2440 2444 2448 2452 2456 2460 2464 2468 2472 2476 2480 2484 2488 2492 2496 2500 2504 2508 2512 2516 2520 2524 2528 2532 2536 2540 2544 2548 2552 2556 2560 2564 2568 2572 2576 2580 2584 2588 2592 2596 2600 2604 2608 2612 2616 2620 2624 2628 2632 2636 2640 2644 2648 2652 2656 2660 2664 2668 2672 2676 2680 2684 2688 2692 2696 2700 2704 2708 2712 2716 2720 2724 2728 2732 2736 2740 2744 2748 2752 2756 2760 2764 2768 2772 2776 2780 2784 2788 2792 2796 2800 2804 2808 2812 2816 2820 2824 2828 2832 2836 2840 2844 2848 2852 2856 2860 2864 2868 2872 2876 2880 2884 2888 2892 2896 2900 2904 2908 2912 2916 2920 2924 2928 2932 2936 2940 2944 2948 2952 2956 2960 2964 2968 2972 2976 2980 2984 2988 2992 2996 3000 3004 3008 3012 3016 3020 3024 3028 3032 3036 3040 3044 3048 3052 3056 3060 3064 3068 3072 3076 3080 3084 3088 3092 3096 3100 3104 3108 3112 3116 3120 3124 3128 3132 3136 3140 3144 3148 3152 3156 3160 3164 3168 3172 3176 3180 3184 3188 3192 3196 3200 3204 3208 3212 3216 3220 3224 3228 3232 3236 3240 3244 3248 3252 3256 3260 3264 3268 3272 3276 3280 3284 3288 3292 3296 3300 3304 3308 3312 3316 3320 3324 3328 3332 3336 3340 3344 3348 3352 3356 3360 3364 3368 3372 3376 3380 3384 3388 3392 3396 3400 3404 3408 3412 3416 3420 3424 3428 3432 3436 3440 3444 3448 3452 3456 3460 3464 3468 3472 3476 3480 3484 3488 3492 3496 3500 3504 3508 3512 3516 3520 3524 3528 3532 3536 3540 3544 3548 3552 3556 3560 3564 3568 3572 3576 3580 3584 3588 3592 3596 3600 3604 3608 3612 3616 3620 3624 3628 3632 3636 3640 3644 3648 3652 3656 3660 3664 3668 3672 3676 3680 3684 3688 3692 3696 3700 3704 3708 3712 3716 3720 3724 3728 3732 3736 3740 3744 3748 3752 3756 3760 3764 3768 3772 3776 3780 3784 3788 3792 3796 3800 3804 3808 3812 3816 3820 3824 3828 3832 3836 3840 3844 3848 3852 3856 3860 3864 3868 3872 3876 3880 3884 3888 3892 3896 3900 3904 3908 3912 3916 3920 3924 3928 3932 3936 3940 3944 3948 3952 3956 3960 3964 3968 3972 3976 3980 3984 3988 3992 3996 4000 4004 4008 4012 4016 4020 4024 4028 4032 4036 4040 4044 4048 4052 4056 4060 4064 4068 4072 4076 4080 4084 4088 4092 4096 4100 4104 4108 4112 4116 4120 4124 4128 4132 4136 4140 4144 4148 4152 4156 4160 4164 4168 4172 4176 4180 4184 4188 4192 4196 4200 4204 4208 4212 4216 4220 4224 4228 4232 4236 4240 4244 4248 4252 4256 4260 4264 4268 4272 4276 4280 4284 4288 4292 4296 4300 4304 4308 4312 4316 4320 4324 4328 4332 4336 4340 4344 4348 4352 4356 4360 4364 4368 4372 4376 4380 4384 4388 4392 4396 4400 4404 4408 4412 4416 4420 4424 4428 4432 4436 4440 4444 4448 4452 4456 4460 4464 4468 4472 4476 4480 4484 4488 4492 4496 4500 4504 4508 4512 4516 4520 4524 4528 4532 4536 4540 4544 4548 4552 4556 4560 4564 4568 4572 4576 4580 4584 4588 4592 4596 4600 4604 4608 4612 4616 4620 4624 4628 4632 4636 4640 4644 4648 4652 4656 4660 4664 4668 4672 4676 4680 4684 4688 4692 4696 4700 4704 4708 4712 4716 4720 4724 4728 4732 4736 4740 4744 4748 4752 4756 4760 4764 4768 4772 4776 4780 4784 4788 4792 4796 4800 4804 4808 4812 4816 4820 4824 4828 4832 4836 4840 4844 4848 4852 4856 4860 4864 4868 4872 4876 4880 4884 4888 4892 4896 4900 4904 4908 4912 4916 4920 4924 4928 4932 4936 4940 4944 4948 4952 4956 4960 4964 4968 4972 4976 4980 4984 4988 4992 4996 5000 5004 5008 5012 5016 5020 5024 5028 5032 5036 5040 5044 5048 5052 5056 5060 5064 5068 5072 5076 5080 5084 5088 5092 5096 5100 5104 5108 5112 5116 5120 5124 5128 5132 5136 5140 5144 5148 5152 5156 5160 5164 5168 5172 5176 5180 5184 5188 5192 5196 5200 5204 5208 5212 5216 5220 5224 5228 5232 5236 5240 5244 5248 5252 5256 5260 5264 5268 5272 5276 5280 5284 5288 5292 5296 5300 5304 5308 5312 5316 5320 5324 5328 5332 5336 5340 5344 5348 5352 5356 5360 5364 5368 5372 5376 5380 5384 5388 5392 5396 5400 5404 5408 5412 5416 5420 5424 5428 5432 5436 5440 5444 5448 5452 5456 5460 5464 5468 5472 5476 5480 5484 5488 5492 5496 5500 5504 5508 5512 5516 5520 5524 5528 5532 5536 5540 5544 5548 5552 5556 5560 5564 5568 5572 5576 5580 5584 5588 5592 5596 5600 5604 5608 5612 5616 5620 5624 5628 5632 5636 5640 5644 5648 5652 5656 5660 5664 5668 5672 5676 5680 5684 5688 5692 5696 5700 5704 5708 5712 5716 5720 5724 5728 5732 5736 5740 5744 5748 5752 5756 5760 5764 5768 5772 5776 5780 5784 5788 5792 5796 5800 5804 5808 5812 5816 5820 5824 5828 5832 5836 5840 5844 5848 5852 5856 5860 5864 5868 5872 5876 5880 5884 5888 5892 5896 5900 5904 5908 5912 5916 5920 5924 5928 5932 5936 5940 5944 5948 5952 5956 5960 5964 5968 5972 5976 5980 5984 5988 5992 5996 6000 6004 6008 6012 6016 6020 6024 6028 6032 6036 6040 6044 6048 6052 6056 6060 6064 6068 6072 6076 6080 6084 6088 6092 6096 6100 6104 6108 6112 6116 6120 6124 6128 6132 6136 6140 6144 6148 6152 6156 6160 6164 6168 6172 6176 6180 6184 6188 6192 6196 6200 6204 6208 6212 6216 6220 6224 6228 6232 6236 6240 6244 6248 6252 6256 6260 6264 6268 6272 6276 6280 6284 6288 6292 6296 6300 6304 6308 6312 6316 6320 6324 6328 6332 6336 6340 6344 6348 6352 6356 6360 6364 6368 6372 6376 6380 6384 6388 6392 6396 6400 6404 6408 6412 6416 6420 6424 6428 6432 6436 6440 6444 6448 6452 6456 6460 6464 6468 6472 6476 6480 6484 6488 6492 6496 6500 6504 6508 6512 6516 6520 6524 6528 6532 6536 6540 6544 6548 6552 6556 6560 6564 6568 6572 6576 6580 6584 6588 6592 6596 6600 6604 6608 6612 6616 6620 6624 6628 6632 6636 6640 6644 6648 6652 6656 6660 6664 6668 6672 6676 6680 6684 6688 6692 6696 6700 6704 6708 6712 6716 6720 6724 6728 6732 6736 6740 6744 6748 6752 6756 6760 6764 6768 6772 6776 6780 6784 6788 6792 6796 6800 6804 6808 6812 6816 6820 6824 6828 6832 6836 6840 6844 6848 6852 6856 6860 6864 6868 6872 6876 6880 6884 6888 6892 6896 6900 6904 6908 6912 6916 6920 6924 6928 6932 6936 6940 6944 6948 6952 6956 6960 6964 6968 6972 6976 6980 6984 6988 6992 6996 7000 7004 7008 7012 7016 7020 7024 7028 7032 7036 7040 7044 7048 7052 7056 7060 7064 7068 7072 7076 7080 7084 7088 7092 7096 7100 7104 7108 7112 7116 7120 7124 7128 7132 7136 7140 7144 7148 7152 7156 7160 7164 7168 7172 7176 7180 7184 7188 7192 7196 7200 7204 7208 7212 7216 7220 7224 7228 7232 7236 7240 7244 7248 7252 7256 7260 7264 7268 7272 7276 7280 7284 7288 7292 7296 7300 7304 7308 7312 7316 7320 7324 7328 7332 7336 7340 7344 7348 7352 7356 7360 7364 7368 7372 7376 7380 7384 7388 7392 7396 7400 7404 7408 7412 7416 7420 7424 7428 7432 7436 7440 7444 7448 7452 7456 7460 7464 7468 7472 7476 7480 7484 7488 7492 7496 7500 7504 7508 7512 7516 7520 7524 7528 7532 7536 7540 7544 7548 7552 7556 7560 7564 7568 7572 7576 7580 7584 7588 7592 7596 7600 7604 7608 7612 7616 7620 7624 7628 7632 7636 7640 7644 7648 7652 7656 7660 7664 7668 7672 7676 7680 7684 7688 7692 7696 7700 7704 7708 7712 7716 7720 7724 7728 7732 7736 7740 7744 7748 7752 7756 7760 7764 7768 7772 7776 7780 7784 7788 7792 7796 7800 7804 7808 7812 7816 7820 7824 7828 7832 7836 7840 7844 7848 7852 7856 7860 7864 7868 7872 7876 7880 7884 7888 7892 7896 7900 7904 7908 7912 7916 7920 7924 7928 7932 7936 7940 7944 7948 7952 7956 7960 7964 7968 7972 7976 7980 7984 7988 7992 7996 8000 8004 8008 8012 8016 8020 8024 8028 8032 8036 8040 8044 8048 8052 8056 8060 8064 8068 8072 8076 8080 8084 8088 8092 8096 8100 8104 8108 8112 8116 8120 8124 8128 8132 8136 8140 8144 8148 8152 8156 8160 8164 8168 8172 8176 8180 8184 8188 8192 8196 8200 8204 8208 8212 8216 8220 8224 8228 8232 8236 8240 8244 8248 8252 8256 8260 8264 8268 8272 8276 8280 8284 8288 8292 8296 8300 8304 8308 8312 8316 8320 8324 8328 8332 8336 8340 8344 8348 8352 8356 8360 8364 8368 8372 8376 8380 8384 8388 8392 8396 8400 8404 8408 8412 8416 8420 8424 8428 8432 8436 8440 8444 8448 8452 8456 8460 8464 8468 8472 8476 8480 8484 8488 8492 8496 8500 8504 8508 8512 8516 8520 8524 8528 8532 8536 8540 8544 8548 8552 8556 8560 8564 8568 8572 8576 8580 8584 8588 8592 8596 8600 8604 8608 8612 8616 8620 8624 8628 8632 8636 8640 8644 8648 8652 8656 8660 8664 8668 8672 8676 8680 8684 8688 8692 8696 8700 8704 8708 8712 8716 8720 8724 8728 8732 8736 8740 8744 8748 8752 8756 8760 8764 8768 8772 8776 8780 8784 8788 8792 8796 8800 8804 8808 8812 8816 8820 8824 8828 8832 8836 8840 8844 8848 8852 8856 8860 8864 8868 8872 8876 8880 8884 8888 8892 8896 8900 8904 8908 8912 8916 8920 8924 8928 8932 8936 8940 8944 8948 8952 8956 8960 8964 8968 8972 8976 8980 8984 8988 8992 8996 9000 9004 9008 9012 9016 9020 9024 9028 9032 9036 9040 9044 9048 9052 9056 9060 9064 9068 9072 9076 9080 9084 9088 9092 9096 9100 9104 9108 9112 9116 9120 9124 9128 9132 9136 9140 9144 9148 9152 9156 9160 9164 9168 9172 9176 9180 9184 9188 9192 9196 9200 9204 9208 9212 9216 9220 9224 9228 9232 9236 9240 9244 9248 9252 9256 9260 9264 9268 9272 9276 9280 9284 9288 9292 9296 9300 9304 9308 9312 9316 9320 9324 9328 9332 9336 9340 9344 9348 9352 9356 9360 9364 9368 9372 9376 9380 9384 9388 9392 9396 9400 9404 9408 9412 9416 9420 9424 9428 9432 9436 9440 9444 9448 9452 9456 9460 9464 9468 9472 9476 9480 9484 9488 9492 9496 9500 9504 9508 9512 9516 9520 9524 9528 9532 9536 9540 9544 9548 9552 9556 9560 9564 9568 9572 9576 9580 9584 9588 9592 9596 9600 9604 9608 9612 9616 9620 9624 9628 9632 9636 9640 9644 9648 9652 9656 9660 9664 9668 9672 9676 9680 9684 9688 9692 9696 9700 9704 9708 9712 9716 9720 9724 9728 9732 9736 9740 9744 9748 9752 9756 9760 9764 9768 9772 9776 9780 9784 9788 9792 9796 9800 9804 9808 9812 9816 9820 9824 9828 9832 9836 9840 9844 9848 9852 9856 9860 9864 9868 9872 9876 9880 9884 9888 9892 9896 9900 9904 9908 9912 9916 9920 9924 9928 9932 9936 9940 9944 9948 9952 9956 9960 9964 9968 9972 9976 9980 9984 9988 9992 9996 10000 10004 10008 10012 10016 10020 10024 10028 10032 10036 10040 10044 10048 10052 10056 10060 10064 10068 10072 10076 10080 10084 10088 10092 10096 10100 10104 10108 10112 10116 10120 10124 10128 10132 10136 10140 10144 10148 10152 10156 10160 10164 10168 10172 10176 10180 10184 10188 10192 10196 10200 10204 10208 10212 10216 10220 10224 10228 10232 10236 10240 10244 10248 10252 10256 10260 10264 10268 10272 10276 10280 10284 10288 10292 10296 10300 10304 10308 10312 10316 10320 10324 10328 10332 10336 10340 10344 10348 10352 10356 10360 10364 10368 10372 10376 10380 10384 10388 10392 10396 10400 10404 10408 10412 10416 10420 10424 10428 10432 10436 10440 10444 10448 10452 10456 10460 10464 10468 10472 10476 10480 10484 10488 10492 10496 10500 10504 10508 10512 10516 10520 10524 10528 10532 10536 10540 10544 10548 10552 10556 10560 10564 10568 10572 10576 10580 10584 10588 10592 10596 10600 10604 10608 10612 10616 10620 10624 10628 10632 10636 10640 10644 10648 10652 10656 10660 10664 10668 10672 10676 10680 10684 10688 10692 10696 10700 10704 10708 10712 10716 10720 10724 10728 10732 10736 10740 10744 10748 10752 10756 10760 10764 10768 10772 10776 10780 10784 10788 10792 10796 10800 10804 10808 10812 10816 10820 10824 10828 10832 10836 10840 10844 10848 10852 10856 10860 10864 10868 10872 10876 10880 10884 10888 10892 10896 10900 10904 10908 10912 10916 10920 10924 10928 10932 10936 10940 10944 10948 10952 10956 10960 10964 10968 10972 10976 10980 10984 10988 10992 10996 11000 11004 11008 11012 11016 11020 11024 11028 11032 11036 11040 11044 11048 11052 11056 11060 11064 11068 11072 11076 11080 11084 11088 11092 11096 11100 11104 11108 11112 11116 11120 11124 11128 11132 11136 11140 11144 11148 11152 11156 11160 11164 11168 11172 11176 11180 11184 11188 11192 11196 11200 11204 11208 11212 11216 11220 11224 11228 11232 11236 11240 11244 11248 11252 11256 11260 11264 11268 11272 11276 11280 11284 11288 11292 11296 11300 11304 11308 11312 11316 11320 11324 11328 11332 11336 11340 11344 11348 11352 11356 11360 11364 11368 11372 11376 11380 11384 11388 11392 11396 11400 11404 11408 11412 11416 11420 11424 11428 11432 11436 11440 11444 11448 11452 11456 11460 11464 11468 11472 11476 11480 11484 11488 11492 11496 11500 11504 11508 11512 11516 11520 11524 11528 11532 11536 
</DataArray>
<DataArray type="UInt8" Name="types" format="ascii">
7 7 7 7 7 7 7 7 7 7 7 7 7 7 7 7 7 7 7 7 7 7 7 7 7 7 7 7 7 7 7 7 7 7 7 7 7 7 7 7 7 7 7 7 7 7 7 7 7 7 7 7 7 7 7 7 7 7 7 7 7 7 7 7 7 7 7 7 7 7 7 7 7 7 7 7 7 7 7 7 7 7 7 7 7 7 7 7 7 7 7 7 7 7 7 7 7 7 7 7 7 7 7 7 7 7 7 7 7 7 7 7 7 7 7 7 7 7 7 7 7 7 7 7 7 7 7 7 7 7 7 7 7 7 7 7 7 7 7 7 7 7 7 7 7 7 7 7 7 7 7 7 7 7 7 7 7 7 7 7 7 7 7 7 7 7 7 7 7 7 7 7 7 7 7 7 7 7 7 7 7 7 7 7 7 7 7 7 7 7 7 7 7 7 7 7 7 7 7 7 7 7 7 7 7 7 7 7 7 7 7 7 7 7 7 7 7 7 7 7 7 7 7 7 7 7 7 7 7 7 7 7 7 7 7 7 7 7 7 7 7 7 7 7 7 7 7 7 7 7 7 7 7 7 7 7 7 7 7 7 7 7 7 7 7 7 7 7 7 7 7 7 7 7 7 7 7 7 7 7 7 7 7 7 7 7 7 7 7 7 7 7 7 7 7 7 7 7 7 7 7 7 7 7 7 7 7 7 7 7 7 7 7 7 7 7 7 7 7 7 7 7 7 7 7 7 7 7 7 7 7 7 7 7 7 7 7 7 7 7 7 7 7 7 7 7 7 7 7 7 7 7 7 7 7 7 7 7 7 7 7 7 7 7 7 7 7 7 7 7 7 7 7 7 7 7 7 7 7 7 7 7 7 7 7 7 7 7 7 7 7 7 7 7 7 7 7 7 7 7 7 7 7 7 7 7 7 7 7 7 7 7 7 7 7 7 7 7 7 7 7 7 7 7 7 7 7 7 7 7 7 7 7 7 7 7 7 7 7 7 7 7 7 7 7 7 7 7 7 7 7 7 7 7 7 7 7 7 7 7 7 7 7 7 7 7 7 7 7 7 7 7 7 7 7 7 7 7 7 7 7 7 7 7 7 7 7 7 7 7 7 7 7 7 7 7 7 7 7 7 7 7 7 7 7 7 7 7 7 7 7 7 7 7 7 7 7 7 7 7 7 7 7 7 7 7 7 7 7 7 7 7 7 7 7 7 7 7 7 7 7 7 7 7 7 7 7 7 7 7 7 7 7 7 7 7 7 7 7 7 7 7 7 7 7 7 7 7 7 7 7 7 7 7 7 7 7 7 7 7 7 7 7 7 7 7 7 7 7 7 7 7 7 7 7 7 7 7 7 7 7 7 7 7 7 7 7 7 7 7 7 7 7 7 7 7 7 7 7 7 7 7 7 7 7 7 7 7 7 7 7 7 7 7 7 7 7 7 7 7 7 7 7 7 7 7 7 7 7 7 7 7 7 7 7 7 7 7 7 7 7 7 7 7 7 7 7 7 7 7 7 7 7 7 7 7 7 7 7 7 7 7 7 7 7 7 7 7 7 7 7 7 7 7 7 7 7 7 7 7 7 7 7 7 7 7 7 7 7 7 7 7 7 7 7 7 7 7 7 7 7 7 7 7 7 7 7 7 7 7 7 7 7 7 7 7 7 7 7 7 7 7 7 7 7 7 7 7 7 7 7 7 7 7 7 7 7 7 7 7 7 7 7 7 7 7 7 7 7 7 7 7 7 7 7 7 7 7 7 7 7 7 7 7 7 7 7 7 7 7 7 7 7 7 7 7 7 7 7 7 7 7 7 7 7 7 7 7 7 7 7 7 7 7 7 7 7 7 7 7 7 7 7 7 7 7 7 7 7 7 7 7 7 7 7 7 7 7 7 7 7 7 7 7 7 7 7 7 7 7 7 7 7 7 7 7 7 7 7 7 7 7 7 7 7 7 7 7 7 7 7 7 7 7 7 7 7 7 7 7 7 7 7 7 7 7 7 7 7 7 7 7 7 7 7 7 7 7 7 7 7 7 7 7 7 7 7 7 7 7 7 7 7 7 7 7 7 7 7 7 7 7 7 7 7 7 7 7 7 7 7 7 7 7 7 7 7 7 7 7 7 7 7 7 7 7 7 7 7 7 7 7 7 7 7 7 7 7 7 7 7 7 7 7 7 7 7 7 7 7 7 7 7 7 7 7 7 7 7 7 7 7 7 7 7 7 7 7 7 7 7 7 7 7 7 7 7 7 7 7 7 7 7 7 7 7 7 7 7 7 7 7 7 7 7 7 7 7 7 7 7 7 7 7 7 7 7 7 7 7 7 7 7 7 7 7 7 7 7 7 7 7 7 7 7 7 7 7 7 7 7 7 7 7 7 7 7 7 7 7 7 7 7 7 7 7 7 7 7 7 7 7 7 7 7 7 7 7 7 7 7 7 7 7 7 7 7 7 7 7 7 7 7 7 7 7 7 7 7 7 7 7 7 7 7 7 7 7 7 7 7 7 7 7 7 7 7 7 7 7 7 7 7 7 7 7 7 7 7 7 7 7 7 7 7 7 7 7 7 7 7 7 7 7 7 7 7 7 7 7 7 7 7 7 7 7 7 7 7 7 7 7 7 7 7 7 7 7 7 7 7 7 7 7 7 7 7 7 7 7 7 7 7 7 7 7 7 7 7 7 7 7 7 7 7 7 7 7 7 7 7 7 7 7 7 7 7 7 7 7 7 7 7 7 7 7 7 7 7 7 7 7 7 7 7 7 7 7 7 7 7 7 7 7 7 7 7 7 7 7 7 7 7 7 7 7 7 7 7 7 7 7 7 7 7 7 7 7 7 7 7 7 7 7 7 7 7 7 7 7 7 7 7 7 7 7 7 7 7 7 7 7 7 7 7 7 7 7 7 7 7 7 7 7 7 7 7 7 7 7 7 7 7 7 7 7 7 7 7 7 7 7 7 7 7 7 7 7 7 7 7 7 7 7 7 7 7 7 7 7 7 7 7 7 7 7 7 7 7 7 7 7 7 7 7 7 7 7 7 7 7 7 7 7 7 7 7 7 7 7 7 7 7 7 7 7 7 7 7 7 7 7 7 7 7 7 7 7 7 7 7 7 7 7 7 7 7 7 7 7 7 7 7 7 7 7 7 7 7 7 7 7 7 7 7 7 7 7 7 7 7 7 7 7 7 7 7 7 7 7 7 7 7 7 7 7 7 7 7 7 7 7 7 7 7 7 7 7 7 7 7 7 7 7 7 7 7 7 7 7 7 7 7 7 7 7 7 7 7 7 7 7 7 7 7 7 7 7 7 7 7 7 7 7 7 7 7 7 7 7 7 7 7 7 7 7 7 7 7 7 7 7 7 7 7 7 7 7 7 7 7 7 7 7 7 7 7 7 7 7 7 7 7 7 7 7 7 7 7 7 7 7 7 7 7 7 7 7 7 7 7 7 7 7 7 7 7 7 7 7 7 7 7 7 7 7 7 7 7 7 7 7 7 7 7 7 7 7 7 7 7 7 7 7 7 7 7 7 7 7 7 7 7 7 7 7 7 7 7 7 7 7 7 7 7 7 7 7 7 7 7 7 7 7 7 7 7 7 7 7 7 7 7 7 7 7 7 7 7 7 7 7 7 7 7 7 7 7 7 7 7 7 7 7 7 7 7 7 7 7 7 7 7 7 7 7 7 7 7 7 7 7 7 7 7 7 7 7 7 7 7 7 7 7 7 7 7 7 7 7 7 7 7 7 7 7 7 7 7 7 7 7 7 7 7 7 7 7 7 7 7 7 7 7 7 7 7 7 7 7 7 7 7 7 7 7 7 7 7 7 7 7 7 7 7 7 7 7 7 7 7 7 7 7 7 7 7 7 7 7 7 7 7 7 7 7 7 7 7 7 7 7 7 7 7 7 7 7 7 7 7 7 7 7 7 7 7 7 7 7 7 7 7 7 7 7 7 7 7 7 7 7 7 7 7 7 7 7 7 7 7 7 7 7 7 7 7 7 7 7 7 7 7 7 7 7 7 7 7 7 7 7 7 7 7 7 7 7 7 7 7 7 7 7 7 7 7 7 7 7 7 7 7 7 7 7 7 7 7 7 7 7 7 7 7 7 7 7 7 7 7 7 7 7 7 7 7 7 7 7 7 7 7 7 7 7 7 7 7 7 7 7 7 7 7 7 7 7 7 7 7 7 7 7 7 7 7 7 7 7 7 7 7 7 7 7 7 7 7 7 7 7 7 7 7 7 7 7 7 7 7 7 7 7 7 7 7 7 7 7 7 7 7 7 7 7 7 7 7 7 7 7 7 7 7 7 7 7 7 7 7 7 7 7 7 7 7 7 7 7 7 7 7 7 7 7 7 7 7 7 7 7 7 7 7 7 7 7 7 7 7 7 7 7 7 7 7 7 7 7 7 7 7 7 7 7 7 7 7 7 7 7 7 7 7 7 7 7 7 7 7 7 7 7 7 7 7 7 7 7 7 7 7 7 7 7 7 7 7 7 7 7 7 7 7 7 7 7 7 7 7 7 7 7 7 7 7 7 7 7 7 7 7 7 7 7 7 7 7 7 7 7 7 7 7 7 7 7 7 7 7 7 7 7 7 7 7 7 7 7 7 7 7 7 7 7 7 7 7 7 7 7 7 7 7 7 7 7 7 7 7 7 7 7 7 7 7 7 7 7 7 7 7 7 7 7 7 7 7 7 7 7 7 7 7 7 7 7 7 7 7 7 7 7 7 7 7 7 7 7 7 7 7 7 7 7 7 7 7 7 7 7 7 7 7 7 7 7 7 7 7 7 7 7 7 7 7 7 7 7 7 7 7 7 7 7 7 7 7 7 7 7 7 7 7 7 7 7 7 7 7 7 7 7 7 7 7 7 7 7 7 7 7 7 7 7 7 7 7 7 7 7 7 7 7 7 7 7 7 7 7 7 7 7 7 7 7 7 7 7 7 7 7 7 7 7 7 7 7 7 7 7 7 7 7 7 7 7 7 7 7 7 7 7 7 7 7 7 7 7 7 7 7 7 7 7 7 7 7 7 7 7 7 7 7 7 7 7 7 7 7 7 7 7 7 7 7 7 7 7 7 7 7 7 7 7 7 7 7 7 7 7 7 7 7 7 7 7 7 7 7 7 7 7 7 7 7 7 7 7 7 7 7 7 7 7 7 7 7 7 7 7 7 7 7 7 7 7 7 7 7 7 7 7 7 7 7 7 7 7 7 7 7 7 7 7 7 7 7 7 7 7 7 7 7 7 7 7 7 7 7 7 7 7 7 7 7 7 7 7 7 7 7 7 7 7 7 7 7 7 7 7 7 7 7 7 7 7 7 7 7 7 7 7 7 7 7 7 7 7 7 7 7 7 7 7 7 7 7 7 7 7 7 7 7 7 7 7 7 7 7 7 7 7 7 7 7 7 7 7 7 7 7 7 7 7 7 7 7 7 7 7 7 7 7 7 7 7 7 7 7 7 7 7 7 7 7 7 7 7 7 7 7 7 7 7 7 7 7 7 7 7 7 7 7 7 7 7 7 7 7 7 7 7 7 7 7 7 7 7 7 7 7 7 7 7 7 7 7 7 7 7 7 7 7 7 7 7 7 7 7 7 7 7 7 7 7 7 7 7 7 7 7 7 7 7 7 7 7 7 7 7 7 7 7 7 7 7 7 7 7 7 7 7 7 7 7 7 7 7 7 7 7 7 7 7 7 7 7 7 7 7 7 7 7 7 7 7 7 7 7 7 7 7 7 7 7 7 7 7 7 7 7 7 7 7 7 7 7 7 7 7 7 7 7 7 7 7 7 7 7 7 7 7 7 7 7 7 7 7 7 7 7 7 7 7 7 7 7 7 7 7 7 7 7 7 7 7 7 7 7 7 7 7 7 7 7 7 7 7 7 7 7 7 7 7 7 7 7 7 7 7 7 7 7 7 7 7 7 7 7 7 7 7 7 7 7 7 7 7 7 7 7 7 7 7 7 7 7 7 7 7 7 7 7 7 7 7 7 7 7 7 7 7 7 7 7 7 7 7 7 7 7 7 7 7 7 7 7 7 7 7 7 7 7 7 7 7 7 7 7 7 7 7 7 7 7 7 7 7 7 7 7 7 7 7 7 7 7 7 7 7 7 7 7 7 7 7 7 7 7 7 7 7 7 7 7 7 7 7 7 7 7 7 7 7 7 7 7 7 7 7 7 7 7 7 7 7 7 7 7 7 7 7 7 7 7 7 7 7 7 7 7 7 7 7 7 7 7 7 7 7 7 7 7 7 7 7 7 7 7 7 7 7 7 7 7 7 7 7 7 7 7 7 7 7 7 7 7 7 7 7 7 7 7 7 7 7 7 7 7 7 7 7 7 7 7 7 7 7 7 7 7 7 7 7 7 7 7 7 7 7 7 7 7 7 7 7 7 7 7 7 7 7 7 7 7 7 7 7 7 7 7 7 7 7 7 7 7 7 7 7 7 7 7 7 7 7 7 7 7 7 7 7 
</DataArray>
</Cells>
<CellData Scalars="wall variable 0">
<DataArray type="Float64" Name="wall length" format="ascii">
0.00473161 1.1278 0.0862426 1.12256 1.1397 0.104317 1.1278 0.00550581 1.15978 0.116113 1.1397 0.00631292 1.18809 0.122805 1.15978 0.00714307 1.22372 0.125986 1.18809 0.0079815 1.26533 0.12693 1.22372 0.00880744 1.3115 0.126481 1.26533 0.00959667 1.36089 0.125153 1.3115 0.0103255 1.41231 0.123246 1.36089 0.0109745 1.4647 0.120934 1.41231 0.0115302 1.51716 0.118323 1.4647 0.011986 1.56891 0.115484 1.51716 0.0123415 1.61926 0.112473 1.56891 0.0126015 1.66764 0.109339 1.61926 0.0127745 1.71351 0.106133 1.66764 0.0128714 1.75642 0.102908 1.71351 0.0129046 1.79599 0.0997231 1.75642 0.0128871 1.83185 0.0966394 1.79599 0.0128318 1.86369 0.0937234 1.83185 0.012751 1.89122 0.0910442 1.86369 0.0126567 1.91417 0.0886711 1.89122 0.0125594 1.93231 0.0866722 1.91417 0.0124689 1.94544 0.0851095 1.93231 0.0123932 1.95339 0.0840354 1.94544 0.0123389 1.95605 0.0834883 1.95339 0.0123106 1.95339 0.0834883 1.95605 0.0123106 1.94544 0.0840354 1.95339 0.0123389 1.93231 0.0851095 1.94544 0.0123932 1.91417 0.0866722 1.93231 0.0124689 1.89122 0.0886711 1.91417 0.0125594 1.86369 0.0910442 1.89122 0.0126567 1.83185 0.0937234 1.86369 0.012751 1.79599 0.0966394 1.83185 0.0128318 1.75642 0.0997231 1.79599 0.0128871 1.71351 0.102908 1.75642 0.0129046 1.66764 0.106133 1.71351 0.0128714 1.61926 0.109339 1.66764 0.0127745 1.56891 0.112473 1.61926 0.0126015 1.51716 0.115484 1.56891 0.0123415 1.4647 0.118323 1.51716 0.011986 1.41231 0.120934 1.4647 0.0115302 1.36089 0.123246 1.41231 0.0109745 1.3115 0.125153 1.36089 0.0103255 1.26533 0.126481 1.3115 0.00959667 1.22372 0.12693 1.26533 0.00880744 1.18809 0.125986 1.22372 0.0079815 1.15978 0.122805 1.18809 0.00714307 1.1397 0.116113 1.15978 0.00631292 1.1278 0.104317 1.1397 0.00550581 1.12256 0.0862426 1.1278 0.00473161 0.0862426 1.28406 0.188649 1.28093 0.104317 1.29561 0.229056 1.28406 0.116113 1.31674 0.249228 1.29561 0.122805 1.34648 0.257337 1.31674 0.125986 1.38335 0.259211 1.34648 0.12693 1.4259 0.257925 1.38335 0.126481 1.47284 0.254935 1.4259 0.125153 1.52297 0.250911 1.47284 0.123246 1.57521 0.246173 1.52297 0.120934 1.62857 0.240885 1.57521 0.118323 1.68213 0.235154 1.62857 0.115484 1.73508 0.229066 1.68213 0.112473 1.78669 0.222701 1.73508 0.109339 1.83632 0.216143 1.78669 0.106133 1.88339 0.209486 1.83632 0.102908 1.9274 0.202828 1.88339 0.0997231 1.96791 0.196283 1.9274 0.0966394 2.00453 0.189968 1.96791 0.0937234 2.03694 0.184013 2.00453 0.0910442 2.06484 0.178552 2.03694 0.0886711 2.088 0.173722 2.06484 0.0866722 2.10621 0.169657 2.088 0.0851095 2.11934 0.166481 2.10621 0.0840354 2.12726 0.164298 2.11934 0.0834883 2.12991 0.163187 2.12726 0.0834883 2.12726 0.163187 2.12991 0.0840354 2.11934 0.164298 2.12726 0.0851095 2.10621 0.166481 2.11934 0.0866722 2.088 0.169657 2.10621 0.0886711 2.06484 0.173722 2.088 0.0910442 2.03694 0.178552 2.06484 0.0937234 2.00453 0.184013 2.03694 0.0966394 1.96791 0.189968 2.00453 0.0997231 1.9274 0.196283 1.96791 0.102908 1.88339 0.202828 1.9274 0.106133 1.83632 0.209486 1.88339 0.109339 1.78669 0.216143 1.83632 0.112473 1.73508 0.222701 1.78669 0.115484 1.68213 0.229066 1.73508 0.118323 1.62857 0.235154 1.68213 0.120934 1.57521 0.240885 1.62857 0.123246 1.52297 0.246173 1.57521 0.125153 1.47284 0.250911 1.52297 0.126481 1.4259 0.254935 1.47284 0.12693 1.38335 0.257925 1.4259 0.125986 1.34648 0.259211 1.38335 0.122805 1.31674 0.257337 1.34648 0.116113 1.29561 0.249228 1.31674 0.104317 1.28406 0.229056 1.29561 0.0862426 1.28093 0.188649 1.28406 1.28984 0.299514 1.2862 0.188649 1.30271 0.360581 1.28984 0.229056 1.32511 0.385292 1.30271 0.249228 1.3557 0.392605 1.32511 0.257337 1.3931 0.392443 1.3557 0.259211 1.43607 0.38892 1.3931 0.257925 1.48346 0.383625 1.43607 0.254935 1.53413 0.37718 1.48346 0.250911 1.58703 0.369851 1.53413 0.246173 1.64115 0.361784 1.58703 0.240885 1.69558 0.353089 1.64115 0.235154 1.74948 0.34387 1.69558 0.229066 1.80209 0.334238 1.74948 0.222701 1.85273 0.324316 1.80209 0.216143 1.90082 0.31424 1.85273 0.209486 1.94582 0.304161 1.90082 0.202828 1.98727 0.294246 1.94582 0.196283 2.02476 0.284675 1.98727 0.189968 2.05794 0.275644 2.02476 0.184013 2.08651 0.267356 2.05794 0.178552 2.11022 0.26002 2.08651 0.173722 2.12887 0.253843 2.11022 0.169657 2.14231 0.249013 2.12887 0.166481 2.15041 0.245694 2.14231 0.164298 2.15312 0.244003 2.15041 0.163187 2.15041 0.244003 2.15312 0.163187 2.14231 0.245694 2.15041 0.164298 2.12887 0.249013 2.14231 0.166481 2.11022 0.253843 2.12887 0.169657 2.08651 0.26002 2.11022 0.173722 2.05794 0.267356 2.08651 0.178552 2.02476 0.275644 2.05794 0.184013 1.98727 0.284675 2.02476 0.189968 1.94582 0.294246 1.98727 0.196283 1.90082 0.304161 1.94582 0.202828 1.85273 0.31424 1.90082 0.209486 1.80209 0.324316 1.85273 0.216143 1.74948 0.334238 1.80209 0.222701 1.69558 0.34387 1.74948 0.229066 1.64115 0.353089 1.69558 0.235154 1.58703 0.361784 1.64115 0.240885 1.53413 0.369851 1.58703 0.246173 1.48346 0.37718 1.53413 0.250911 1.43607 0.383625 1.48346 0.254935 1.3931 0.38892 1.43607 0.257925 1.3557 0.392443 1.3931 0.259211 1.32511 0.392605 1.3557 0.257337 1.30271 0.385292 1.32511 0.249228 1.28984 0.360581 1.30271 0.229056 0.188649 1.2862 0.299514 1.28984 1.29078 0.415786 1.28694 0.299514 1.30417 0.494933 1.29078 0.360581 1.32685 0.521753 1.30417 0.385292 1.35746 0.527471 1.32685 0.392605 1.39479 0.525247 1.35746 0.392443 1.43769 0.519653 1.39479 0.38892 1.48504 0.512212 1.43769 0.383625 1.53573 0.503451 1.48504 0.37718 1.58867 0.493597 1.53573 0.369851 1.64287 0.48279 1.58867 0.361784 1.69739 0.471152 1.64287 0.353089 1.75139 0.458816 1.69739 0.34387 1.80412 0.445927 1.75139 0.334238 1.85488 0.432646 1.80412 0.324316 1.90309 0.419154 1.85488 0.31424 1.9482 0.405654 1.90309 0.304161 1.98976 0.392367 1.9482 0.294246 2.02734 0.379536 1.98976 0.284675 2.0606 0.367422 2.02734 0.275644 2.08925 0.3563 2.0606 0.267356 2.11302 0.346451 2.08925 0.26002 2.13172 0.338154 2.11302 0.253843 2.14518 0.331665 2.13172 0.249013 2.15331 0.327204 2.14518 0.245694 2.15602 0.32493 2.15331 0.244003 2.15331 0.32493 2.15602 0.244003 2.14518 0.327204 2.15331 0.245694 2.13172 0.331665 2.14518 0.249013 2.11302 0.338154 2.13172 0.253843 2.08925 0.346451 2.11302 0.26002 2.0606 0.3563 2.08925 0.267356 2.02734 0.367422 2.0606 0.275644 1.98976 0.379536 2.02734 0.284675 1.9482 0.392367 1.98976 0.294246 1.90309 0.405654 1.9482 0.304161 1.85488 0.419154 1.90309 0.31424 1.80412 0.432646 1.85488 0.324316 1.75139 0.445927 1.80412 0.334238 1.69739 0.458816 1.75139 0.34387 1.64287 0.471152 1.69739 0.353089 1.58867 0.48279 1.64287 0.361784 1.53573 0.493597 1.58867 0.369851 1.48504 0.503451 1.53573 0.37718 1.43769 0.512212 1.48504 0.383625 1.39479 0.519653 1.43769 0.38892 1.35746 0.525247 1.39479 0.392443 1.32685 0.527471 1.35746 0.392605 1.30417 0.521753 1.32685 0.385292 1.29078 0.494933 1.30417 0.360581 0.299514 1.28694 0.415786 1.29078 1.29099 0.535799 1.28701 0.415786 1.30463 0.630565 1.29099 0.494933 1.32736 0.658041 1.30463 0.521753 1.35789 0.661923 1.32736 0.527471 1.39512 0.657758 1.35789 0.525247 1.43796 0.650234 1.39512 0.519653 1.48528 0.640732 1.43796 0.512212 1.53595 0.629703 1.48528 0.503451 1.5889 0.617346 1.53595 0.493597 1.6431 0.603807 1.5889 0.48279 1.69763 0.589232 1.6431 0.471152 1.75164 0.573782 1.69763 0.458816 1.80438 0.557635 1.75164 0.445927 1.85516 0.540995 1.80438 0.432646 1.90337 0.524088 1.85516 0.419154 1.9485 0.507166 1.90337 0.405654 1.99006 0.490507 1.9485 0.392367 2.02766 0.474414 1.99006 0.379536 2.06093 0.459216 2.02766 0.367422 2.08958 0.445258 2.06093 0.3563 2.11335 0.432894 2.08958 0.346451 2.13205 0.422475 2.11335 0.338154 2.14551 0.414325 2.13205 0.331665 2.15364 0.40872 2.14551 0.327204 2.15635 0.405864 2.15364 0.32493 2.15364 0.405864 2.15635 0.32493 2.14551 0.40872 2.15364 0.327204 2.13205 0.414325 2.14551 0.331665 2.11335 0.422475 2.13205 0.338154 2.08958 0.432894 2.11335 0.346451 2.06093 0.445258 2.08958 0.3563 2.02766 0.459216 2.06093 0.367422 1.99006 0.474414 2.02766 0.379536 1.9485 0.490507 1.99006 0.392367 1.90337 0.507166 1.9485 0.405654 1.85516 0.524088 1.90337 0.419154 1.80438 0.540995 1.85516 0.432646 1.75164 0.557635 1.80438 0.445927 1.69763 0.573782 1.75164 0.458816 1.6431 0.589232 1.69763 0.471152 1.5889 0.603807 1.6431 0.48279 1.53595 0.617346 1.5889 0.493597 1.48528 0.629703 1.53595 0.503451 1.43796 0.640732 1.48528 0.512212 1.39512 0.650234 1.43796 0.519653 1.35789 0.657758 1.39512 0.525247 1.32736 0.661923 1.35789 0.527471 1.30463 0.658041 1.32736 0.521753 1.29099 0.630565 1.30463 0.494933 0.415786 1.28701 0.535799 1.29099 1.29107 0.658532 1.28698 0.535799 1.30484 0.76679 1.29107 0.630565 1.32755 0.794053 1.30484 0.658041 1.35801 0.796074 1.32755 0.661923 1.39519 0.790096 1.35801 0.657758 1.43799 0.780734 1.39519 0.650234 1.48529 0.769221 1.43799 0.640732 1.53596 0.755942 1.48529 0.629703 1.5889 0.74109 1.53596 0.617346 1.6431 0.724823 1.5889 0.603807 1.69763 0.707311 1.6431 0.589232 1.75164 0.688747 1.69763 0.573782 1.80438 0.669344 1.75164 0.557635 1.85516 0.649345 1.80438 0.540995 1.90338 0.629023 1.85516 0.524088 1.9485 0.608679 1.90338 0.507166 1.99006 0.588647 1.9485 0.490507 2.02766 0.569292 1.99006 0.474414 2.06093 0.55101 2.02766 0.459216 2.08957 0.534215 2.06093 0.445258 2.11334 0.519335 2.08957 0.432894 2.13204 0.506793 2.11334 0.422475 2.1455 0.496981 2.13204 0.414325 2.15363 0.490233 2.1455 0.40872 2.15634 0.486794 2.15363 0.405864 2.15363 0.486794 2.15634 0.405864 2.1455 0.490233 2.15363 0.40872 2.13204 0.496981 2.1455 0.414325 2.11334 0.506793 2.13204 0.422475 2.08957 0.519335 2.11334 0.432894 2.06093 0.534215 2.08957 0.445258 2.02766 0.55101 2.06093 0.459216 1.99006 0.569292 2.02766 0.474414 1.9485 0.588647 1.99006 0.490507 1.90338 0.608679 1.9485 0.507166 1.85516 0.629023 1.90338 0.524088 1.80438 0.649345 1.85516 0.540995 1.75164 0.669344 1.80438 0.557635 1.69763 0.688747 1.75164 0.573782 1.6431 0.707311 1.69763 0.589232 1.5889 0.724823 1.6431 0.603807 1.53596 0.74109 1.5889 0.617346 1.48529 0.755942 1.53596 0.629703 1.43799 0.769221 1.48529 0.640732 1.39519 0.780734 1.43799 0.650234 1.35801 0.790096 1.39519 0.657758 1.32755 0.796074 1.35801 0.661923 1.30484 0.794053 1.32755 0.658041 1.29107 0.76679 1.30484 0.630565 0.535799 1.28698 0.658532 1.29107 1.291 0.783307 1.28682 0.658532 1.30485 0.903268 1.291 0.76679 1.32752 0.929786 1.30485 0.794053 1.35792 0.930001 1.32752 0.796074 1.39505 0.922315 1.35792 0.790096 1.43783 0.911175 1.39505 0.780734 1.48511 0.897675 1.43783 0.769221 1.53576 0.882158 1.48511 0.755942 1.58868 0.864813 1.53576 0.74109 1.64287 0.845819 1.58868 0.724823 1.69739 0.825371 1.64287 0.707311 1.75138 0.803693 1.69739 0.688747 1.80411 0.781034 1.75138 0.669344 1.85487 0.757678 1.80411 0.649345 1.90308 0.73394 1.85487 0.629023 1.94819 0.710175 1.90308 0.608679 1.98975 0.686771 1.94819 0.588647 2.02733 0.664155 1.98975 0.569292 2.06059 0.642788 2.02733 0.55101 2.08923 0.623156 2.06059 0.534215 2.11299 0.605761 2.08923 0.519335 2.13168 0.591096 2.11299 0.506793 2.14514 0.579622 2.13168 0.496981 2.15326 0.57173 2.14514 0.490233 2.15598 0.567711 2.15326 0.486794 2.15326 0.567708 2.15598 0.486794 2.14514 0.57173 2.15326 0.490233 2.13168 0.579622 2.14514 0.496981 2.11299 0.591096 2.13168 0.506793 2.08923 0.605761 2.11299 0.519335 2.06059 0.623156 2.08923 0.534215 2.02733 0.642788 2.06059 0.55101 1.98975 0.664155 2.02733 0.569292 1.94819 0.686771 1.98975 0.588647 1.90308 0.710175 1.94819 0.608679 1.85487 0.733941 1.90308 0.629023 1.80411 0.757678 1.85487 0.649345 1.75138 0.781034 1.80411 0.669344 1.69739 0.803693 1.75138 0.688747 1.64287 0.825371 1.69739 0.707311 1.58868 0.845818 1.64287 0.724823 1.53576 0.864813 1.58868 0.74109 1.48511 0.882158 1.53576 0.755942 1.43782 0.897676 1.48511 0.769221 1.39505 0.911175 1.43782 0.780734 1.35792 0.922315 1.39505 0.790096 1.32752 0.930001 1.35792 0.796074 1.30485 0.929786 1.32752 0.794053 1.291 0.903268 1.30485 0.76679 0.658532 1.28682 0.783307 1.291 0.720928 0.569118 0.909584 1.28577 0.783307 0.720928 0.903268 0.606811 1.10806 0.606811 0.929786 0.580463 1.10686 0.158261 0.580463 0.930001 0.559977 1.08446 0.232072 0.559977 0.922315 0.551314 1.05341 0.295689 0.551314 0.911175 0.548005 1.01814 0.348591 0.390565 0.548005 0.897675 0.555304 0.981109 0.421807 0.555304 0.882158 0.566808 0.943803 0.442895 0.566808 0.864813 0.586974 0.907467 0.454653 0.586974 0.845819 0.609684 0.872771 0.45802 0.609684 0.825371 0.638922 0.840319 0.453936 0.638922 0.803693 0.669064 0.810284 0.445528 0.669064 0.781034 0.701699 0.782854 0.701699 0.757678 0.736085 0.758053 0.431221 0.736085 0.73394 0.773578 0.735865 0.409684 0.773578 0.710175 0.809508 0.716151 0.383789 0.809508 0.686771 0.845436 0.698849 0.356062 0.845436 0.664155 0.88091 0.683856 0.324943 0.88091 0.642788 0.915529 0.671067 0.290895 0.915529 0.623156 0.948942 0.660379 0.254333 0.948942 0.605761 0.980844 0.651695 0.215634 0.980844 0.591096 1.01273 0.644923 0.173363 1.01273 0.579622 1.01477 0.639967 0.129676 1.01477 0.57173 0.998646 0.639649 0.112707 0.998646 0.567711 0.981134 0.108962 0.63507 0.110921 0.981134 0.567708 0.99982 0.111025 0.644633 0.99982 0.57173 1.016 0.112844 0.639725 1.016 0.579622 1.01108 0.132812 0.640032 1.01108 0.591096 0.982526 0.173348 0.644913 0.982526 0.605761 0.950346 0.212526 0.651706 0.950346 0.623156 0.916578 0.251856 0.660391 0.916578 0.642788 0.881515 0.28922 0.671077 0.881515 0.664155 0.84549 0.324271 0.683863 0.84549 0.686771 0.808882 0.356633 0.69885 0.808882 0.710175 0.772119 0.385892 0.716142 0.772119 0.733941 0.737766 0.409507 0.735843 0.737766 0.757678 0.702282 0.428898 0.75808 0.702282 0.781034 0.668303 0.445685 0.782864 0.668303 0.803693 0.638841 0.454809 0.81027 0.638841 0.825371 0.610138 0.457649 0.840317 0.610138 0.845818 0.585285 0.455868 0.87278 0.585285 0.864813 0.567845 0.443621 0.907433 0.567845 0.882158 0.553658 0.422369 0.943824 0.553658 0.897676 0.549078 0.391209 0.981078 0.549078 0.911175 0.549381 0.349408 1.01816 0.549381 0.922315 0.561095 0.296576 1.05338 0.561095 0.930001 0.578549 0.232833 1.08447 0.578549 0.929786 0.608036 0.158997 1.10685 0.608036 0.903268 0.719685 1.10806 0.783307 1.28577 0.909584 0.57036 0.719685 0.673313 0.909584 0.636203 1.11258 0.636203 1.03972 0.605718 1.19113 0.0753366 0.605718 1.06518 0.577904 1.19327 0.151933 0.577904 1.06366 0.561295 1.17159 0.222683 0.561295 1.05434 0.548974 1.14084 0.285247 0.342224 0.548974 1.04145 0.544195 1.10571 0.386391 0.544195 1.02597 0.549685 1.06863 0.420816 0.549685 1.00822 0.558691 1.03079 0.445591 0.558691 0.988376 0.576547 0.993748 0.461119 0.576547 0.966655 0.596659 0.957948 0.470769 0.596659 0.943271 0.62118 0.924173 0.469639 0.62118 0.918479 0.651886 0.892934 0.461337 0.651886 0.892567 0.682765 0.86408 0.449109 0.682765 0.865856 0.715777 0.837867 0.428577 0.715777 0.838707 0.752637 0.814418 0.402978 0.752637 0.811525 0.78795 0.793412 0.375234 0.78795 0.784754 0.823613 0.774916 0.823613 0.758881 0.859145 0.758841 0.343482 0.859145 0.734435 0.894114 0.745089 0.30825 0.894114 0.71197 0.928137 0.733565 0.270022 0.928137 0.692063 0.960872 0.724178 0.229252 0.960872 0.675279 0.992013 0.716845 0.186371 0.992013 0.662146 1.00559 0.711305 0.141777 1.00559 0.653113 0.988075 0.709647 0.11157 0.988075 0.648507 1.07334 0.70617 0.109627 0.105595 1.07334 0.648533 0.986387 0.109531 0.717225 0.986387 0.653115 1.00389 0.111382 0.709568 1.00389 0.662147 0.993575 0.138448 0.71124 0.993575 0.675279 0.962174 0.183494 0.71688 0.962174 0.692063 0.929097 0.226976 0.724212 0.929097 0.71197 0.894643 0.26852 0.733594 0.894643 0.734435 0.859139 0.307718 0.745108 0.859139 0.758881 0.82295 0.344153 0.75884 0.82295 0.784754 0.786487 0.377375 0.774887 0.786487 0.811526 0.752581 0.404532 0.793341 0.752581 0.838708 0.717062 0.427349 0.814414 0.717062 0.865856 0.682807 0.447747 0.83794 0.682807 0.892567 0.650438 0.462743 0.864083 0.650438 0.91848 0.623305 0.469008 0.892841 0.623305 0.94327 0.596897 0.468334 0.924316 0.596897 0.966654 0.574579 0.462842 0.957965 0.574579 0.988378 0.560126 0.446191 0.993611 0.560126 1.00822 0.548532 0.420484 1.03089 0.548532 1.02598 0.546572 0.385207 1.06856 0.546572 1.04145 0.548653 0.340096 1.10585 0.548653 1.05434 0.561627 0.285247 1.14083 0.561627 1.06366 0.579048 0.2212 1.17161 0.579048 1.06518 0.604105 0.152385 1.1933 0.604105 1.03972 0.638848 0.0743247 1.19111 0.638848 0.909584 0.67067 1.11257 0.64712 1.03659 0.613435 1.20675 0.613435 1.17547 0.582749 1.29828 0.0772309 0.582749 1.19961 0.55809 1.29998 0.150263 0.55809 1.19637 0.535478 1.27744 0.220095 0.287463 0.535478 1.18539 0.519224 1.24598 0.343854 0.519224 1.17069 0.512851 1.21026 0.391959 0.512851 1.15316 0.50928 1.1717 0.434391 0.50928 1.13309 0.511876 1.13222 0.4639 0.511876 1.11069 0.523449 1.09338 0.483926 0.523449 1.0862 0.536996 1.05545 0.497853 0.536996 1.05985 0.555217 1.01944 0.499892 0.555217 1.03193 0.580379 0.986037 0.493833 0.580379 1.00277 0.605912 0.954964 0.483207 0.605912 0.972724 0.634184 0.926626 0.465744 0.634184 0.942195 0.66458 0.901061 0.439504 0.66458 0.911632 0.699144 0.878395 0.40797 0.699144 0.88154 0.732053 0.858228 0.374355 0.732053 0.85246 0.765506 0.840659 0.336598 0.765506 0.824984 0.799061 0.825601 0.295282 0.799061 0.799738 0.832318 0.812958 0.250955 0.832318 0.777364 0.864918 0.802641 0.204138 0.864918 0.758501 0.896534 0.794568 0.155335 0.896534 0.743741 0.926868 0.78868 0.105051 0.926868 0.733589 0.955666 0.784813 0.0996751 0.955666 0.728417 0.982773 0.785293 0.0971353 0.982773 0.728419 0.957722 0.0995544 0.787324 0.957722 0.733592 0.928728 0.10178 0.784854 0.928728 0.743741 0.898174 0.151831 0.788724 0.898174 0.758501 0.866254 0.201154 0.794612 0.866254 0.777364 0.833257 0.24867 0.802684 0.833257 0.799737 0.799499 0.293896 0.812994 0.799499 0.824984 0.765323 0.336338 0.82562 0.765323 0.852459 0.73111 0.375484 0.84065 0.73111 0.88154 0.69728 0.410791 0.858175 0.69728 0.911634 0.666975 0.43901 0.87828 0.666975 0.942194 0.635404 0.46208 0.901225 0.635404 0.972723 0.605725 0.482149 0.926719 0.605725 1.00277 0.578526 0.495877 0.954948 0.578526 1.03194 0.55743 0.49958 0.985874 0.55743 1.05985 0.537157 0.495424 1.01964 0.537157 1.0862 0.521263 0.485948 1.05546 0.521263 1.1107 0.513671 0.464348 1.09316 0.513671 1.13309 0.508452 0.433378 1.1324 0.508452 1.15316 0.512757 0.3929 1.17162 0.512757 1.17069 0.520038 0.343135 1.21025 0.520038 1.18539 0.533806 0.288304 1.24605 0.533806 1.19637 0.557718 0.222157 1.27731 0.557718 1.19961 0.583528 0.149854 1.29995 0.583528 1.17547 0.611321 0.0785578 1.2983 0.611321 1.03659 0.649242 1.20675 0.492179 1.27744 0.287463 0.472168 1.32282 0.288304 1.27731 0.490482 1.32282 0.472992 0.51885 1.29998 0.220095 0.492179 1.32834 0.222157 1.29995 0.518484 1.32834 0.490482 0.472168 1.24598 0.343854 0.462366 1.30954 0.343135 1.24605 0.472992 1.30954 0.462274 0.462366 1.21026 0.391959 0.455627 1.29235 0.3929 1.21025 0.462274 1.29235 0.45478 0.455627 1.1717 0.434391 0.455407 1.27209 0.433378 1.17162 0.45478 1.27208 0.457242 0.455407 1.13222 0.4639 0.464629 1.2491 0.464348 1.1324 0.457242 1.2491 0.462396 0.464629 1.09338 0.483926 0.476158 1.22365 0.485948 1.09316 0.462396 1.22365 0.476317 0.548414 1.29828 0.150263 0.51885 1.30623 0.149854 1.2983 0.549197 1.30623 0.518484 0.476158 1.05545 0.497853 0.492757 1.19601 0.495424 1.05546 0.476317 1.19601 0.495019 0.492757 1.01944 0.499892 0.516757 1.16645 0.49958 1.01964 0.495019 1.16645 0.514866 0.516757 0.986037 0.493833 0.541449 1.13529 0.495877 0.985874 0.514866 1.13529 0.541255 0.541449 0.954964 0.483207 0.569242 1.10288 0.482149 0.954948 0.541255 1.10288 0.570483 0.569242 0.926626 0.465744 0.599506 1.0696 0.46208 0.926719 0.570483 1.0696 0.601946 0.599506 0.901061 0.439504 0.634315 1.03588 0.43901 0.901225 0.601946 1.03589 0.632421 0.634315 0.878395 0.40797 0.667731 1.00222 0.410791 0.87828 0.632421 1.00222 0.666773 0.667731 0.858228 0.374355 0.701983 0.969132 0.375484 0.858175 0.666773 0.969131 0.701797 0.701983 0.840659 0.336598 0.736613 0.937214 0.336338 0.84065 0.701797 0.937213 0.737055 0.736613 0.825601 0.295282 0.771198 0.907098 0.293896 0.82562 0.737055 0.907097 0.772145 0.771198 0.812958 0.250955 0.805355 0.879459 0.24867 0.812994 0.772145 0.879459 0.8067 0.805355 0.802641 0.204138 0.838727 0.854989 0.201154 0.802684 0.8067 0.854989 0.840373 0.838727 0.794568 0.155335 0.870974 0.834375 0.151831 0.794612 0.840373 0.834375 0.872838 0.870974 0.78868 0.105051 0.901773 0.818254 0.10178 0.788724 0.872838 0.818255 0.903184 0.901773 0.784813 0.0996751 0.884938 0.80718 0.0995544 0.784854 0.903184 0.807181 0.883005 0.884938 0.785293 0.0971353 0.862611 0.80153 0.862611 0.787324 0.883005 0.801498 0.502919 1.14084 0.342224 0.494468 1.18539 0.340096 1.14083 0.50259 1.18539 0.496918 0.494468 1.10571 0.386391 0.496821 1.17069 0.385207 1.10585 0.496918 1.17069 0.49563 0.519264 1.17159 0.285247 0.502919 1.19637 0.285247 1.17161 0.519605 1.19637 0.50259 0.420484 1.06856 0.49563 1.15316 0.504553 0.496821 1.06863 0.420816 0.503066 1.15316 0.503066 1.03079 0.445591 0.518736 1.13309 0.446191 1.03089 0.504553 1.13309 0.516699 0.518736 0.993748 0.461119 0.537021 1.11069 0.462842 0.993611 0.516699 1.1107 0.537267 0.537021 0.957948 0.470769 0.560158 1.0862 0.468334 0.957965 0.537267 1.0862 0.562356 1.02822 0.70617 0.105595 0.949664 0.728417 0.949664 0.717225 1.03002 0.728419 0.560158 0.924173 0.469639 0.589988 1.05985 0.469008 0.924316 0.562356 1.05985 0.588492 1.00085 0.709647 0.109627 1.02822 0.733589 0.109531 0.709568 1.00273 0.733592 1.03002 0.971078 0.711305 0.11157 1.00085 0.743741 0.111382 0.71124 0.972846 0.743741 1.00273 0.589988 0.892934 0.461337 0.620297 1.03193 0.462743 0.892841 0.588492 1.03194 0.620339 0.939372 0.716845 0.141777 0.971078 0.758501 0.138448 0.71688 0.940948 0.758501 0.972846 0.620297 0.86408 0.449109 0.653114 1.00277 0.447747 0.864083 0.620339 1.00277 0.654435 0.906017 0.724178 0.186371 0.939372 0.777364 0.183494 0.724212 0.907332 0.777364 0.940948 0.653114 0.837867 0.428577 0.690198 0.972724 0.427349 0.83794 0.654435 0.972723 0.69014 0.8713 0.733565 0.229252 0.906017 0.799738 0.226976 0.733594 0.872274 0.799737 0.907332 0.690198 0.814418 0.402978 0.726006 0.942195 0.404532 0.814414 0.69014 0.942194 0.724507 0.835559 0.745089 0.270022 0.8713 0.824984 0.26852 0.745108 0.836096 0.824984 0.872274 0.726006 0.793412 0.375234 0.762488 0.911632 0.377375 0.793341 0.724507 0.911634 0.761811 0.307718 0.75884 0.799148 0.852459 0.836096 0.799155 0.758841 0.30825 0.835559 0.85246 0.762488 0.774916 0.343482 0.799155 0.88154 0.344153 0.774887 0.761811 0.88154 0.799148 0.540046 1.19327 0.222683 0.519264 1.19961 0.2212 1.1933 0.541207 1.19961 0.519605 0.57192 1.19113 0.151933 0.540046 1.17547 0.152385 1.19111 0.570288 1.17547 0.541207 1.20675 0.0772309 0.548414 1.16074 0.588084 0.0785578 1.20675 0.585963 1.16074 0.549197 1.04068 0.63507 1.06284 0.648507 0.108962 0.644633 1.0394 0.648533 1.06284 0.111025 0.639725 1.01329 0.653115 1.0394 1.01466 0.639649 0.110921 1.04068 0.653113 0.986301 0.639967 0.112707 1.01466 0.662146 0.112844 0.640032 0.984815 0.662147 1.01329 0.955861 0.644923 0.129676 0.986301 0.675279 0.132812 0.644913 0.954194 0.675279 0.984815 0.921785 0.651695 0.173363 0.955861 0.692063 0.173348 0.651706 0.92349 0.692063 0.954194 0.887932 0.660379 0.215634 0.921785 0.71197 0.212526 0.660391 0.889358 0.71197 0.92349 0.852805 0.671067 0.254333 0.887932 0.734435 0.251856 0.671077 0.853875 0.734435 0.889358 0.816734 0.683856 0.290895 0.852805 0.758881 0.28922 0.683863 0.817352 0.758881 0.853875 0.324271 0.69885 0.78014 0.784754 0.817352 0.780085 0.698849 0.324943 0.816734 0.784754 0.493953 1.01814 0.390565 0.497946 1.04145 0.391209 1.01816 0.49507 1.04145 0.496227 0.497946 0.981109 0.421807 0.506562 1.02597 0.422369 0.981078 0.496227 1.02598 0.507646 0.356633 0.716142 0.742632 0.811526 0.78014 0.743276 0.716151 0.356062 0.780085 0.811525 0.443621 0.943824 0.507646 1.00822 0.522728 0.506562 0.943803 0.442895 0.524493 1.00822 0.524493 0.907467 0.454653 0.545363 0.988376 0.455868 0.907433 0.522728 0.988378 0.545839 0.70678 0.735865 0.383789 0.743276 0.838707 0.385892 0.735843 0.705275 0.838708 0.742632 0.457649 0.87278 0.545839 0.966654 0.57326 0.545363 0.872771 0.45802 0.573344 0.966655 0.573344 0.840319 0.453936 0.602574 0.943271 0.454809 0.840317 0.57326 0.94327 0.601782 0.349408 1.05338 0.499173 1.05434 0.49507 0.501178 1.05341 0.348591 0.493953 1.05434 0.668981 0.758053 0.409684 0.70678 0.865856 0.409507 0.75808 0.67072 0.865856 0.705275 0.602574 0.810284 0.445528 0.634709 0.918479 0.445685 0.81027 0.601782 0.91848 0.635315 0.428898 0.782864 0.635315 0.892567 0.67072 0.634709 0.782854 0.431221 0.668981 0.892567 0.514019 1.08446 0.295689 0.501178 1.06366 0.296576 1.08447 0.515171 1.06366 0.499173 0.538879 1.10686 0.232072 0.514019 1.06518 0.232833 1.10685 0.53692 1.06518 0.515171 0.569118 1.10806 0.158261 0.538879 1.03972 0.158997 1.10806 0.57036 1.03972 0.53692 0.57192 1.03659 0.605551 1.11258 0.0753366 0.0743247 1.11257 0.608195 1.03659 0.570288 
</DataArray>
<DataArray type="Float64" Name="wall variable 0" format="ascii">
0 2.4586e-06 1.10164e-05 0 4.927e-06 2.00983e-05 1.44232e-06 0 9.37674e-06 4.25581e-05 2.60468e-06 0 1.59861e-05 8.51882e-05 5.4643e-06 0 2.34488e-05 0.00015031 1.07938e-05 0 2.81287e-05 0.000221356 1.847e-05 0 2.65349e-05 0.000257191 2.58073e-05 0 1.99893e-05 0.000229884 2.82761e-05 0 1.32215e-05 0.000165234 2.43987e-05 0 9.33579e-06 0.000107134 1.76259e-05 0 8.93701e-06 7.65331e-05 1.18923e-05 0 1.18071e-05 7.61481e-05 8.96233e-06 0 1.74855e-05 0.000105865 9.30258e-06 0 2.43003e-05 0.000163108 1.31158e-05 0 2.84768e-05 0.000228357 1.98295e-05 0 2.65677e-05 0.000259508 2.64877e-05 0 1.9921e-05 0.000229508 2.84864e-05 0 1.31624e-05 0.000164264 2.43808e-05 0 9.29986e-06 0.000106428 1.75603e-05 0 8.90802e-06 7.60996e-05 1.18424e-05 0 1.1761e-05 7.5786e-05 8.92935e-06 0 1.73807e-05 0.000105282 9.27077e-06 0 2.40641e-05 0.000161781 1.30558e-05 0 2.80164e-05 0.000225468 1.96841e-05 0 2.58075e-05 0.000254246 2.61733e-05 0 1.8796e-05 0.000221531 2.7932e-05 0 1.15281e-05 0.0001534 2.3549e-05 0 6.87564e-06 9.14901e-05 1.63939e-05 0 5.27526e-06 5.42927e-05 1.01732e-05 0 6.41849e-06 4.25519e-05 6.39986e-06 0 1.02211e-05 5.45687e-05 5.27591e-06 0 1.64808e-05 9.22157e-05 6.89848e-06 0 2.3665e-05 0.000154698 1.15895e-05 0 2.80483e-05 0.000223127 1.89052e-05 0 2.62625e-05 0.000255656 2.59386e-05 0 1.97372e-05 0.000226452 2.81283e-05 0 1.3085e-05 0.000162351 2.41381e-05 0 9.29347e-06 0.000105611 1.74219e-05 0 8.95968e-06 7.60701e-05 1.17851e-05 0 1.18915e-05 7.65092e-05 8.92988e-06 0 1.76255e-05 0.000107126 9.33353e-06 0 2.43984e-05 0.000165229 1.32207e-05 0 2.82758e-05 0.000229881 1.99889e-05 0 2.58072e-05 0.000257189 2.65346e-05 0 1.84699e-05 0.000221354 2.81285e-05 0 1.07938e-05 0.000150309 2.34487e-05 0 5.4643e-06 8.5188e-05 1.59861e-05 0 2.60468e-06 4.25581e-05 9.37673e-06 0 1.44232e-06 2.00983e-05 4.927e-06 0 0 1.10164e-05 2.4586e-06 0 1.66816e-06 2.32988e-05 4.68481e-05 0 3.27614e-06 5.37109e-05 0.000102014 1.4643e-05 8.19159e-06 0.000128263 0.000281148 3.3285e-05 2.02629e-05 0.000283412 0.000743601 9.15616e-05 4.32347e-05 0.000519748 0.00164343 0.000229281 7.21564e-05 0.000719974 0.00277994 0.000460324 8.76625e-05 0.000712658 0.00340368 0.000687157 7.54942e-05 0.000511524 0.0029561 0.000730557 4.86691e-05 0.000296731 0.00191113 0.000560344 2.72497e-05 0.000176412 0.00105826 0.000341501 1.74045e-05 0.000148524 0.000665306 0.000200449 1.73201e-05 0.000197528 0.000657131 0.000149222 2.69291e-05 0.000335578 0.00102902 0.000174823 4.80408e-05 0.000554038 0.00185691 0.000291548 7.50317e-05 0.000735111 0.00291118 0.000503096 8.8665e-05 0.000713646 0.00344706 0.000709611 7.54033e-05 0.000507923 0.00294349 0.000736056 4.83741e-05 0.000293944 0.00188779 0.000558109 2.70656e-05 0.00017492 0.00104287 0.000338663 1.73067e-05 0.00014751 0.000656497 0.000198694 1.72366e-05 0.000196113 0.000649993 0.000148072 2.67659e-05 0.000332212 0.00101759 0.000173571 4.75892e-05 0.000545565 0.0018302 0.00028895 7.39147e-05 0.000717351 0.0028521 0.000496485 8.65324e-05 0.000684495 0.00333948 0.000695262 7.2244e-05 0.000469101 0.00278499 0.000711706 4.43991e-05 0.000247146 0.00169473 0.000524499 2.22918e-05 0.000118921 0.000823581 0.000297773 1.12447e-05 7.49465e-05 0.000393557 0.000150216 8.24055e-06 8.5576e-05 0.000279913 8.50798e-05 1.12962e-05 0.000151703 0.000398948 7.5021e-05 2.24624e-05 0.000301118 0.000840097 0.000119886 4.47769e-05 0.000529757 0.00172743 0.000250069 7.27847e-05 0.000717333 0.00282511 0.000474655 8.70525e-05 0.000699694 0.00337217 0.000691097 7.42682e-05 0.000499116 0.0028741 0.000722547 4.77683e-05 0.000290307 0.00184292 0.000548646 2.68509e-05 0.000174485 0.00102479 0.000333751 1.72992e-05 0.000149125 0.000655933 0.000196975 1.73981e-05 0.000200414 0.000664925 0.000148346 2.72473e-05 0.000341483 0.0010581 0.000176347 4.86677e-05 0.000560331 0.00191102 0.000296702 7.5493e-05 0.000730546 0.00295601 0.000511506 8.76615e-05 0.00068715 0.00340361 0.000712644 7.21559e-05 0.000460321 0.0027799 0.000719965 4.32345e-05 0.00022928 0.00164342 0.000519744 2.02628e-05 9.15615e-05 0.000743598 0.000283411 8.19159e-06 3.3285e-05 0.000281148 0.000128262 3.27614e-06 1.4643e-05 0.000102014 5.37109e-05 1.66816e-06 0 4.6848e-05 2.32988e-05 0.000130125 0.00022534 0 1.8619e-05 0.000384597 0.000631592 9.10599e-05 4.54229e-05 0.00120658 0.00225278 0.000281041 0.000148509 0.00318338 0.00668196 0.00097244 0.000445613 0.00632615 0.014624 0.00275164 0.00105698 0.00906378 0.0236163 0.00579858 0.00185819 0.00915328 0.0283842 0.00872934 0.00230199 0.00661368 0.0253781 0.00921569 0.00196301 0.00375071 0.0174209 0.00694762 0.00121564 0.00210786 0.0101307 0.00405529 0.000633295 0.00165548 0.00646987 0.00224766 0.000375384 0.00218214 0.00633628 0.0016704 0.000371819 0.00392304 0.00969653 0.00206792 0.000619623 0.00680111 0.0167174 0.00362539 0.00118787 0.00925873 0.0248503 0.00641239 0.00193741 0.0091371 0.0288069 0.00904682 0.00232569 0.00652738 0.0252568 0.0092803 0.00195377 0.00368588 0.017148 0.00689329 0.00120243 0.00207244 0.00991681 0.0039951 0.000625636 0.00163258 0.00633104 0.00220987 0.000371429 0.0021545 0.00622539 0.00164465 0.00036862 0.00386448 0.00954861 0.00204043 0.000613826 0.00666425 0.0164415 0.00357469 0.00117252 0.008981 0.0243323 0.00629764 0.0019006 0.00867964 0.0278962 0.00881942 0.00225732 0.00592187 0.0238018 0.00891343 0.00185606 0.00298472 0.015198 0.0063873 0.00108612 0.00129573 0.00751423 0.00337837 0.000494628 0.000713879 0.00338778 0.00149536 0.000216018 0.00077741 0.00229833 0.000766734 0.000145721 0.00152878 0.0034828 0.00071606 0.000218123 0.00345306 0.00778122 0.00131995 0.000501794 0.00649504 0.0156443 0.00305605 0.00110184 0.00901649 0.0242457 0.00604726 0.00187773 0.00890025 0.0281838 0.00881254 0.00227723 0.00635007 0.0245259 0.00907495 0.00191403 0.00360494 0.0165804 0.00671973 0.00117946 0.00206209 0.00964932 0.00389461 0.000617219 0.00166865 0.0063215 0.00217342 0.000371178 0.00224701 0.00646495 0.00165256 0.000375187 0.00405496 0.0101286 0.00210669 0.000633214 0.00694736 0.0174196 0.00375015 0.00121558 0.00921547 0.0253771 0.00661331 0.00196297 0.0087292 0.0283834 0.009153 0.00230195 0.00579853 0.0236159 0.0090636 0.00185817 0.00275162 0.0146239 0.00632606 0.00105697 0.000972436 0.00668191 0.00318335 0.000445612 0.000281041 0.00225277 0.00120657 0.000148509 9.10598e-05 0.000631591 0.000384596 4.54228e-05 1.8619e-05 0 0.00022534 0.000130125 0.000893144 0.00132279 0 0.000128646 0.00319037 0.0043657 0.000687903 0.000398782 0.010659 0.0152973 0.00255273 0.00156357 0.0262256 0.0379153 0.00928221 0.00503641 0.0471479 0.068493 0.0245928 0.0120402 0.0639763 0.0968213 0.0461552 0.0209042 0.0664682 0.111379 0.0631947 0.0258585 0.053184 0.105083 0.0650369 0.0224006 0.0340955 0.0827794 0.0518974 0.0141873 0.0209082 0.0578274 0.0335615 0.00746613 0.0163387 0.0429709 0.0207043 0.00441989 0.019832 0.0418859 0.0165375 0.00433909 0.0320738 0.054806 0.0202833 0.0071754 0.050466 0.0787618 0.0324592 0.0136275 0.0653067 0.102642 0.0510259 0.021869 0.066353 0.113697 0.0655174 0.0261165 0.0523424 0.104912 0.0655546 0.0222031 0.0333088 0.0814992 0.0514494 0.0139374 0.0203955 0.056466 0.0329534 0.00731336 0.0160022 0.0418817 0.0202325 0.00433595 0.0195049 0.0410182 0.0161691 0.00427414 0.031552 0.0539094 0.0199077 0.00707425 0.0494688 0.0775845 0.031905 0.0133929 0.063414 0.100933 0.0500552 0.0213622 0.0630581 0.110717 0.0638996 0.0252133 0.0473724 0.0990573 0.0631067 0.0208982 0.0267437 0.0721675 0.047784 0.0123951 0.0124614 0.0429398 0.0278135 0.00559264 0.00688592 0.0230628 0.0132751 0.00231953 0.0072575 0.0169269 0.00707626 0.00150682 0.0137645 0.0240273 0.00692592 0.00236664 0.0287017 0.0450945 0.0128713 0.00574735 0.0488008 0.0749641 0.027746 0.0127098 0.0638778 0.101102 0.0487459 0.0212805 0.0644977 0.111472 0.0641856 0.0255169 0.050528 0.101425 0.0640851 0.0215681 0.0322651 0.0781728 0.0498805 0.0135124 0.0202194 0.0545617 0.031837 0.00714046 0.0165175 0.0417952 0.0197461 0.00432924 0.0206976 0.042939 0.0163065 0.00441679 0.0335585 0.0578147 0.0208949 0.00746486 0.051895 0.0827718 0.0340895 0.0141864 0.0650349 0.105077 0.0531803 0.0223998 0.0631934 0.111375 0.0664656 0.0258578 0.0461546 0.0968192 0.0639747 0.0209038 0.0245926 0.068492 0.0471471 0.01204 0.00928216 0.037915 0.0262253 0.00503638 0.00255272 0.0152972 0.0106589 0.00156356 0.000687902 0.00436568 0.00319036 0.000398781 0.000128646 0 0.00132279 0.000893142 0.00601548 0.00727476 0 0.000951435 0.0196895 0.0215923 0.00486423 0.00330658 0.0532501 0.0575257 0.0179891 0.0132922 0.102716 0.107278 0.053749 0.0383276 0.1533 0.155461 0.108252 0.0780904 0.190674 0.191777 0.162803 0.120254 0.203561 0.211336 0.19491 0.143476 0.188411 0.210664 0.19398 0.131096 0.149722 0.192763 0.169778 0.0945023 0.112896 0.167078 0.131862 0.0587976 0.0929926 0.149551 0.102169 0.0401097 0.0968705 0.145172 0.0937619 0.0388771 0.12465 0.156601 0.108201 0.0552772 0.164421 0.18147 0.14097 0.089215 0.195436 0.204936 0.180148 0.126989 0.204736 0.216661 0.202264 0.145744 0.186016 0.210973 0.196508 0.130031 0.146089 0.190048 0.168781 0.0924773 0.109611 0.162925 0.129383 0.0571086 0.0905235 0.145323 0.099423 0.0388991 0.0949878 0.141753 0.0912509 0.0379601 0.122738 0.153932 0.105903 0.0542524 0.161799 0.179339 0.138499 0.087549 0.190825 0.20305 0.177145 0.124189 0.196113 0.21335 0.197947 0.140883 0.169167 0.200087 0.190315 0.121827 0.118637 0.167474 0.157349 0.0813034 0.0708854 0.12407 0.109427 0.0426184 0.045009 0.0861608 0.0651748 0.0196439 0.0441849 0.0727924 0.0426257 0.0132622 0.0686056 0.0911882 0.0455602 0.0203877 0.11408 0.132897 0.0743703 0.0446011 0.161207 0.176069 0.124665 0.0844561 0.192178 0.204231 0.174847 0.124711 0.199285 0.213069 0.199108 0.142444 0.178477 0.202865 0.192207 0.125257 0.140158 0.18029 0.162711 0.0884413 0.107862 0.15599 0.123813 0.0549842 0.0936428 0.144896 0.0964862 0.0387733 0.10213 0.149445 0.0928323 0.0400747 0.131848 0.167036 0.11283 0.0587847 0.169769 0.192741 0.149693 0.094494 0.193974 0.210651 0.188396 0.131089 0.194905 0.211328 0.203552 0.143471 0.1628 0.191772 0.190668 0.120252 0.10825 0.155459 0.153297 0.0780894 0.0537487 0.107276 0.102715 0.0383273 0.017989 0.0575253 0.0532496 0.0132921 0.00486422 0.0215922 0.0196893 0.00330657 0.000951434 0 0.00727474 0.00601546 0.0267237 0.0270043 0 0.00607613 0.0645879 0.0619275 0.0241768 0.0202578 0.128191 0.118602 0.07061 0.0648151 0.193065 0.170251 0.147421 0.13777 0.247338 0.206998 0.226325 0.222973 0.288317 0.230984 0.285184 0.300825 0.3141 0.24653 0.306683 0.346193 0.325087 0.254174 0.29332 0.332652 0.309602 0.259448 0.273394 0.277833 0.283981 0.270222 0.252244 0.222761 0.256446 0.287573 0.248339 0.199619 0.233557 0.278328 0.256721 0.191285 0.236193 0.250057 0.269583 0.205572 0.264585 0.240988 0.290333 0.259556 0.294772 0.245047 0.312555 0.321746 0.316689 0.251257 0.315131 0.354868 0.323295 0.253762 0.295857 0.331814 0.303355 0.255521 0.272687 0.272286 0.275807 0.263283 0.247815 0.215287 0.248587 0.279028 0.24116 0.191507 0.228473 0.271145 0.249243 0.185065 0.233232 0.245803 0.263964 0.201251 0.262315 0.239163 0.286313 0.255678 0.291005 0.24515 0.309732 0.317632 0.309769 0.252336 0.310998 0.347346 0.299585 0.243985 0.290807 0.312249 0.251728 0.225862 0.257015 0.237442 0.194042 0.201109 0.208599 0.156099 0.151833 0.180023 0.158812 0.0964727 0.14266 0.177605 0.135996 0.077932 0.170822 0.195068 0.155768 0.102393 0.219917 0.221233 0.207377 0.166849 0.262754 0.240349 0.267118 0.249534 0.29114 0.247894 0.308134 0.319624 0.311125 0.248419 0.310692 0.348038 0.310109 0.243348 0.290972 0.318118 0.288901 0.239836 0.262368 0.257633 0.268836 0.249279 0.234855 0.204578 0.256419 0.277884 0.232767 0.190776 0.248227 0.287381 0.256108 0.199414 0.252208 0.27015 0.283844 0.222694 0.273378 0.25942 0.309546 0.2778 0.293308 0.254161 0.325063 0.332631 0.306674 0.246524 0.314086 0.34618 0.285179 0.23098 0.288308 0.300818 0.226322 0.206995 0.247333 0.22297 0.147419 0.170249 0.193063 0.137769 0.0706096 0.118601 0.128189 0.0648147 0.0241767 0.0619272 0.0645874 0.0202577 0.00607612 0 0.0270042 0.0267236 0.0674025 0.065363 0 0.0266044 0.117821 0.111725 0.0685119 0.0692409 0.180372 0.161245 0.14767 0.153688 0.230603 0.191952 0.235702 0.25239 0.269384 0.206053 0.302759 0.347928 0.304052 0.215715 0.339071 0.435319 0.338539 0.226159 0.336436 0.494014 0.376008 0.237477 0.310797 0.48565 0.400611 0.258325 0.292848 0.438754 0.407719 0.304201 0.296773 0.416448 0.378399 0.363656 0.33741 0.457083 0.31501 0.353577 0.377588 0.436399 0.275839 0.279915 0.38548 0.382214 0.283409 0.237468 0.37534 0.40856 0.308569 0.227468 0.363763 0.468943 0.339707 0.230165 0.340559 0.50926 0.375771 0.237278 0.309275 0.486912 0.394537 0.254531 0.29163 0.43175 0.397863 0.296243 0.291793 0.403144 0.367673 0.353047 0.32829 0.437431 0.308745 0.344554 0.367531 0.421049 0.273733 0.275899 0.378927 0.374961 0.283729 0.237067 0.372538 0.405414 0.310098 0.230327 0.364639 0.469789 0.341657 0.240622 0.34214 0.512011 0.35901 0.232926 0.309702 0.464768 0.338745 0.227007 0.281614 0.378776 0.30823 0.230206 0.249896 0.292935 0.276166 0.253579 0.226977 0.236986 0.256598 0.284827 0.240462 0.234661 0.250614 0.280591 0.288784 0.257772 0.265172 0.260044 0.335545 0.319588 0.284703 0.244466 0.361255 0.401982 0.304986 0.234158 0.36404 0.473477 0.337283 0.228779 0.334795 0.502353 0.361639 0.226611 0.305844 0.465283 0.373977 0.236799 0.28176 0.40645 0.384688 0.279327 0.274702 0.380855 0.377285 0.353168 0.314211 0.435466 0.337286 0.363463 0.378073 0.456651 0.296736 0.304134 0.40758 0.416317 0.292831 0.258304 0.400556 0.438701 0.310784 0.237469 0.375985 0.485621 0.336427 0.226156 0.338526 0.493998 0.339065 0.215713 0.304045 0.43531 0.302756 0.206052 0.26938 0.347923 0.2357 0.19195 0.2306 0.252388 0.147669 0.161244 0.180371 0.153687 0.0685117 0.111725 0.11782 0.0692406 0.0266043 0 0.0653627 0.0674022 0.106944 0.114735 0.110547 0 0.0661511 0.117234 0.12693 0.144058 0.0611521 0.196938 0.209624 0.181693 0.0874546 0.201956 0.269999 0.296975 0.210031 0.0915184 0.277491 0.312609 0.377405 0.235149 0.0908027 0.322711 0.319794 0.465217 0.263758 0.092631 0.334749 0.317987 0.297374 0.532074 0.299811 0.0986828 0.295479 0.272039 0.524437 0.353541 0.105779 0.280142 0.254245 0.47749 0.408937 0.121019 0.287731 0.262337 0.474391 0.439782 0.161455 0.351822 0.322018 0.553056 0.389793 0.216196 0.421086 0.385093 0.525604 0.296426 0.204985 0.429725 0.407192 0.427753 0.239551 0.140363 0.377538 0.435551 0.242528 0.107587 0.399032 0.338293 0.497904 0.26623 0.100783 0.362741 0.298975 0.545802 0.30021 0.103008 0.326645 0.269886 0.525387 0.351092 0.107822 0.298057 0.2507 0.471482 0.40429 0.121054 0.279451 0.258428 0.46136 0.430015 0.158944 0.282721 0.313496 0.531823 0.379566 0.212883 0.342138 0.375005 0.508597 0.291556 0.203919 0.410598 0.400523 0.420351 0.238797 0.144368 0.42298 0.375212 0.432568 0.244535 0.116625 0.397058 0.341236 0.501961 0.276069 0.117404 0.366203 0.311366 0.57255 0.309598 0.347696 0.129534 0.335445 0.27344 0.504783 0.341801 0.370001 0.128727 0.24719 0.410264 0.348185 0.36802 0.120204 0.2238 0.339019 0.345646 0.358563 0.124146 0.22371 0.313931 0.32816 0.344544 0.15826 0.278152 0.351945 0.301524 0.321572 0.202373 0.361377 0.359321 0.258527 0.278227 0.180734 0.393652 0.389351 0.242413 0.263616 0.13665 0.380888 0.450707 0.247819 0.275815 0.114885 0.344158 0.516605 0.267508 0.29617 0.105812 0.297556 0.541405 0.297186 0.325096 0.102019 0.264844 0.495651 0.337168 0.361657 0.100146 0.241788 0.434273 0.376691 0.398278 0.107148 0.238945 0.426857 0.40664 0.429245 0.139996 0.295906 0.524892 0.384875 0.420849 0.204722 0.389547 0.552713 0.321941 0.351721 0.216056 0.43968 0.474289 0.262318 0.287702 0.161398 0.4089 0.477449 0.254233 0.280132 0.120999 0.353524 0.524415 0.272031 0.295472 0.10577 0.299802 0.532062 0.297368 0.317982 0.0986769 0.263754 0.465211 0.319791 0.334746 0.0926272 0.235147 0.377402 0.312606 0.322709 0.0908004 0.210029 0.296974 0.269997 0.277489 0.0915168 0.181692 0.209622 0.196937 0.201955 0.0874535 0.144057 0.12693 0.117234 0.0611515 0.0661509 0 0.110547 0.114735 0.106943 0 0.110483 0.13992 0.0422867 0.155881 0.166872 0.158054 0.151029 0.157904 0.219522 0.228166 0.166674 0.160079 0.236413 0.284448 0.29951 0.178281 0.163658 0.29972 0.307552 0.3667 0.200305 0.169176 0.336594 0.32906 0.281035 0.473348 0.229429 0.186627 0.314986 0.252214 0.559492 0.2592 0.196163 0.303761 0.237367 0.556316 0.318091 0.190726 0.276829 0.217407 0.489537 0.424753 0.190342 0.268806 0.231398 0.505718 0.48179 0.237441 0.345517 0.31398 0.63855 0.417427 0.322903 0.42532 0.40537 0.586456 0.276684 0.302582 0.41909 0.421362 0.418619 0.197454 0.205244 0.39068 0.366432 0.40932 0.202587 0.176853 0.345639 0.293448 0.494044 0.229886 0.189532 0.319651 0.252889 0.564541 0.258872 0.197401 0.30536 0.236193 0.552655 0.317872 0.190537 0.217317 0.482506 0.418673 0.187509 0.27595 0.228242 0.49309 0.470252 0.229845 0.264735 0.304701 0.615239 0.405063 0.312045 0.335147 0.393668 0.570424 0.274175 0.297348 0.414985 0.417088 0.41676 0.199525 0.208533 0.415851 0.367766 0.412503 0.207065 0.185055 0.392115 0.299092 0.504212 0.23943 0.205829 0.351049 0.261541 0.585201 0.276257 0.226639 0.328213 0.317638 0.245806 0.583085 0.335137 0.367433 0.233054 0.233697 0.410661 0.355611 0.382637 0.214712 0.198262 0.350063 0.375961 0.375002 0.205037 0.222057 0.369977 0.38252 0.380205 0.257154 0.328176 0.466072 0.347169 0.362561 0.327379 0.435996 0.4421 0.260517 0.284173 0.278467 0.444838 0.430903 0.21831 0.252069 0.207161 0.399687 0.469282 0.216675 0.275219 0.182346 0.313462 0.547701 0.235418 0.305177 0.189505 0.257715 0.562092 0.252146 0.319239 0.197014 0.229276 0.492795 0.292891 0.345295 0.189258 0.202234 0.408616 0.365936 0.390363 0.176632 0.197161 0.418047 0.420949 0.418818 0.204971 0.276296 0.585835 0.405161 0.425088 0.302272 0.417208 0.638202 0.313904 0.345418 0.32272 0.481687 0.505625 0.231386 0.268787 0.237376 0.424717 0.489504 0.217405 0.276824 0.19032 0.318082 0.556298 0.237362 0.303758 0.190716 0.259194 0.559483 0.252211 0.314984 0.196158 0.229427 0.473343 0.281033 0.329058 0.186624 0.200304 0.366698 0.30755 0.336592 0.169174 0.17828 0.299508 0.284446 0.299719 0.163656 0.166673 0.228165 0.219522 0.236412 0.160077 0.158053 0.166871 0.155881 0.157903 0.151028 0.13992 0.110483 0 0.0422864 0 0.147523 0.156802 0.106516 0.150477 0.196955 0.160285 0.164648 0.15816 0.218644 0.242099 0.15638 0.176724 0.222642 0.265902 0.297202 0.164645 0.183196 0.270435 0.314483 0.305994 0.402497 0.194846 0.188463 0.276015 0.230441 0.56675 0.219163 0.196398 0.275113 0.218649 0.654916 0.22522 0.198091 0.275229 0.221644 0.633428 0.250447 0.18437 0.246941 0.205035 0.505472 0.380877 0.162904 0.216318 0.201963 0.473645 0.39448 0.185137 0.249874 0.25559 0.536856 0.327369 0.24784 0.31174 0.321077 0.484816 0.222705 0.248914 0.326751 0.34178 0.374921 0.173478 0.193839 0.340969 0.335189 0.425095 0.193914 0.177845 0.279699 0.235706 0.573277 0.218361 0.185129 0.275219 0.219031 0.650527 0.223688 0.18702 0.274836 0.220304 0.625749 0.248785 0.172524 0.245049 0.203907 0.499417 0.374379 0.149911 0.212025 0.199197 0.46007 0.379971 0.168727 0.24003 0.245114 0.518606 0.312029 0.228824 0.303623 0.30558 0.475674 0.219722 0.237751 0.328311 0.335174 0.377803 0.176347 0.191626 0.345277 0.336378 0.432514 0.198521 0.178367 0.282198 0.238603 0.585254 0.228087 0.190565 0.279227 0.224175 0.674754 0.245404 0.201578 0.282759 0.231308 0.66537 0.25813 0.288543 0.197073 0.223344 0.450582 0.33913 0.348287 0.192482 0.181467 0.351355 0.323481 0.321218 0.1923 0.196363 0.367446 0.318889 0.298864 0.221952 0.27136 0.4397 0.270913 0.257958 0.247879 0.341012 0.416862 0.212895 0.204284 0.196293 0.365401 0.416223 0.194 0.205369 0.152463 0.361818 0.491362 0.204193 0.245441 0.147459 0.245876 0.623846 0.220393 0.275048 0.172398 0.223232 0.649772 0.219054 0.275311 0.18716 0.21831 0.572823 0.235657 0.279715 0.185241 0.193892 0.424801 0.335038 0.340884 0.177894 0.173414 0.374615 0.341604 0.326653 0.193809 0.222552 0.484508 0.320951 0.31163 0.248809 0.327227 0.536661 0.255547 0.249826 0.247753 0.394406 0.473576 0.201959 0.216311 0.185106 0.380852 0.50545 0.205034 0.24694 0.162895 0.250442 0.633418 0.221641 0.275228 0.184366 0.225217 0.65491 0.218648 0.275113 0.198089 0.219161 0.566747 0.23044 0.276014 0.196397 0.194845 0.402496 0.305993 0.314482 0.188462 0.164644 0.297201 0.265901 0.270434 0.183195 0.156379 0.242097 0.218643 0.222641 0.176724 0.160284 0.196954 0.150476 0.15816 0.164647 0.156801 0.147523 0 0.106515 0.433966 0.169963 0.186679 0.251557 0 0.186678 0.169962 0.433963 0 0.251556 0.330712 0.207219 0.185333 0.241469 0 0.185332 0.207217 0.33071 0 0.241468 0.475233 0.132281 0.262065 0.269022 0 0.262064 0.13228 0.47523 0 0.26902 0.351498 0.140886 0.348129 0.297678 0 0.348126 0.140885 0.351496 0 0.297675 0.308796 0.15287 0.371048 0.316808 0 0.371042 0.152868 0.308792 0 0.316805 0.290813 0.150265 0.358135 0.35052 0 0.358123 0.150262 0.290811 0 0.35051 0.24833 0.148791 0.419287 0.415692 0 0.419254 0.148786 0.248328 0 0.41566 0.207688 0.192492 0.188683 0.218895 0 0.188682 0.192491 0.207687 0 0.218894 0.218824 0.199828 0.396125 0.37555 0 0.396036 0.199799 0.218815 0 0.375476 0.264594 0.302797 0.366199 0.345251 0 0.366027 0.302674 0.26454 0 0.345144 0.38434 0.322159 0.25231 0.301414 0 0.252172 0.321942 0.384219 0 0.301339 0.490996 0.196343 0.195219 0.256511 0 0.195142 0.196195 0.490898 0 0.256517 0.493767 0.127845 0.253439 0.265885 0 0.253446 0.12779 0.493763 0 0.265962 0.352405 0.131226 0.332757 0.295434 0 0.332788 0.131212 0.352556 0 0.295532 0.307033 0.141593 0.354037 0.312402 0 0.353528 0.141643 0.307465 0 0.311665 0.289593 0.138879 0.345239 0.339828 0 0.341516 0.138972 0.290073 0 0.336268 0.246522 0.137839 0.407666 0.40476 0 0.391383 0.136441 0.246822 0 0.390502 0.214422 0.181599 0.380996 0.366677 0 0.349512 0.162349 0.203987 0 0.338648 0.255327 0.271295 0.353131 0.344582 0 0.345805 0.222499 0.20823 0 0.322325 0.380065 0.293087 0.252074 0.306692 0 0.298855 0.31305 0.282324 0 0.327183 0.496109 0.18511 0.198063 0.263414 0 0.228557 0.273403 0.430372 0 0.295344 0.504032 0.124851 0.256494 0.277686 0 0.208914 0.182805 0.533775 0 0.282746 0.367488 0.131633 0.345924 0.321985 0 0.280964 0.138421 0.558717 0 0.301751 0.338819 0.15048 0.401331 0.339232 0 0.357124 0.19064 0.460384 0 0.453535 0.101606 0.272889 0.279359 0.200687 0.272888 0.101605 0.45353 0.200686 0.279355 0.429483 0.0925337 0.357375 0.310137 0.213977 0.357371 0.0925322 0.429476 0.213977 0.310132 0.411622 0.131279 0.216248 0.249577 0.208365 0.216247 0.131278 0.411618 0.208364 0.249575 0.432176 0.0997341 0.357116 0.227616 0.354962 0.357125 0.0997368 0.432184 0.354966 0.227618 0.299369 0.113113 0.479077 0.449196 0.222812 0.479055 0.113108 0.299365 0.222809 0.449178 0.272139 0.139494 0.514848 0.508591 0.218737 0.51479 0.139482 0.272134 0.218731 0.508536 0.271278 0.209792 0.557316 0.521877 0.261477 0.55714 0.209739 0.271253 0.26144 0.521747 0.394717 0.111204 0.491443 0.380043 0.235225 0.359213 0.141886 0.645888 0.258854 0.368468 0.360238 0.537791 0.446403 0.355773 0.537381 0.360009 0.368349 0.35563 0.44608 0.468006 0.103303 0.376764 0.336232 0.217329 0.305776 0.128042 0.629097 0.219316 0.338096 0.528696 0.122647 0.286392 0.295003 0.207784 0.243629 0.180356 0.586281 0.236864 0.307879 0.483646 0.378171 0.344249 0.345852 0.355001 0.343878 0.377665 0.48322 0.354756 0.345379 0.554498 0.206455 0.250898 0.279688 0.246119 0.250388 0.301637 0.505931 0.298842 0.318195 0.547874 0.206853 0.250501 0.270626 0.248485 0.250259 0.206464 0.547104 0.248315 0.270225 0.476714 0.367653 0.339657 0.34944 0.341309 0.370737 0.375896 0.386238 0.345755 0.38248 0.509621 0.120671 0.28175 0.28083 0.206122 0.281433 0.120416 0.508754 0.206077 0.280394 0.357805 0.34484 0.519293 0.439327 0.338187 0.466283 0.274136 0.288835 0.283366 0.43566 0.439831 0.0988804 0.360457 0.30989 0.214072 0.359809 0.0986036 0.438937 0.214091 0.309175 0.266883 0.202496 0.539655 0.508652 0.251732 0.473596 0.177863 0.249179 0.227685 0.474607 0.355734 0.102064 0.431391 0.35698 0.226215 0.430257 0.101672 0.354688 0.22624 0.355919 0.47715 0.134004 0.270103 0.213258 0.478314 0.271079 0.137345 0.504344 0.499478 0.215474 0.3006 0.113238 0.472974 0.445261 0.220595 0.466599 0.112567 0.30042 0.220574 0.439302 0.315909 0.157722 0.188635 0.231531 0.214913 0.188634 0.157721 0.315907 0.214912 0.231529 0.185051 0.140046 0.169492 0.20381 0.184997 0.169491 0.140045 0.18505 0.184996 0.203809 0.105444 0.169339 0.185502 0 0 0.169338 0.105444 0 0 0.185501 0.390179 0.0826189 0.380955 0.226101 0.343347 0.0740273 0.438675 0.245069 0.323869 0.29089 0.0860873 0.431297 0.224986 0.302694 0.415674 0.0772336 0.325121 0.329461 0.210821 0.444231 0.0952398 0.282645 0.288718 0.218696 0.252437 0.110982 0.422806 0.247619 0.270328 0.476501 0.141309 0.276373 0.279643 0.281001 0.24908 0.164241 0.393563 0.316967 0.270257 0.453818 0.218393 0.357355 0.347208 0.401762 0.317488 0.210971 0.343845 0.376705 0.324767 0.364448 0.210881 0.481359 0.442215 0.404724 0.395351 0.169448 0.283758 0.330967 0.389863 0.286351 0.136094 0.493501 0.47795 0.301004 0.424689 0.116356 0.263431 0.268136 0.426293 0.278814 0.0935787 0.457675 0.45323 0.241446 0.425906 0.0895226 0.274898 0.235638 0.424667 0.407984 0.0731595 0.295513 0.22226 0.397906 0.297498 0.0743281 0.417754 0.406926 0.223508 0.369901 0.0615247 0.301646 0.299313 0.199144 0.301641 0.061523 0.369893 0.199142 0.299306 0.343254 0.061648 0.353752 0.33499 0.212147 0.353742 0.0616455 0.343244 0.212144 0.334976 0.356735 0.0665459 0.341434 0.213666 0.336558 0.344135 0.0671125 0.359747 0.338999 0.214199 0.418199 0.0713801 0.296802 0.224282 0.406844 0.296816 0.0713847 0.418221 0.406864 0.224287 0.279558 0.0926156 0.465639 0.460338 0.245186 0.465578 0.0926042 0.279548 0.245171 0.460278 0.390178 0.0717444 0.312755 0.302079 0.206267 0.311227 0.0713829 0.388274 0.205932 0.30015 0.507539 0.137741 0.291402 0.310162 0.48949 0.291437 0.137786 0.50771 0.489632 0.310224 0.374916 0.215242 0.497538 0.453552 0.418778 0.497106 0.215066 0.374774 0.418559 0.453175 0.25834 0.06931 0.358178 0.19437 0.265704 0.358183 0.0693112 0.258342 0.265708 0.194372 0.433089 0.0919345 0.278332 0.274626 0.216793 0.277464 0.0916156 0.431731 0.216478 0.273455 0.463719 0.221364 0.364212 0.348277 0.412344 0.363569 0.221001 0.463293 0.411911 0.347491 0.276026 0.13955 0.475624 0.282352 0.272288 0.476533 0.139916 0.276674 0.273173 0.282773 0.312785 0.0783853 0.224245 0.236518 0.200687 0.224243 0.0783842 0.312782 0.200686 0.236515 0.225679 0.0796567 0.189384 0.205426 0.194221 0.189383 0.0796558 0.225677 0.19422 0.205424 0.121945 0.0540763 0.145244 0.159777 0.153318 0.145244 0.0540759 0.121945 0.153317 0.159776 0.165037 0.125554 0 0.0380699 0.139283 0.139283 0.0380697 0 0.125553 0.165036 
</DataArray>
<DataArray type="Float64" Name="wall variable 1" format="ascii">
0 0.200022 0.200022 0 0.200022 0.200022 0.200022 0 0.200022 0.200022 0.200022 0 0.200022 0.200022 0.200022 0 0.200022 0.200022 0.200022 0 0.200022 0.200022 0.200022 0 0.200022 0.200022 0.200022 0 0.200022 0.200022 0.200022 0 0.200022 0.200022 0.200022 0 0.200022 0.200022 0.200022 0 0.200022 0.200022 0.200022 0 0.200022 0.200022 0.200022 0 0.200022 0.200022 0.200022 0 0.200022 0.200022 0.200022 0 0.200022 0.200022 0.200022 0 0.200022 0.200022 0.200022 0 0.200022 0.200022 0.200022 0 0.200022 0.200022 0.200022 0 0.200022 0.200022 0.200022 0 0.200022 0.200022 0.200022 0 0.200022 0.200022 0.200022 0 0.200022 0.200022 0.200022 0 0.200022 0.200022 0.200022 0 0.200022 0.200022 0.200022 0 0.200022 0.200022 0.200022 0 0.200022 0.200022 0.200022 0 0.200022 0.200022 0.200022 0 0.200022 0.200022 0.200022 0 0.200022 0.200022 0.200022 0 0.200022 0.200022 0.200022 0 0.200022 0.200022 0.200022 0 0.200022 0.200022 0.200022 0 0.200022 0.200022 0.200022 0 0.200022 0.200022 0.200022 0 0.200022 0.200022 0.200022 0 0.200022 0.200022 0.200022 0 0.200022 0.200022 0.200022 0 0.200022 0.200022 0.200022 0 0.200022 0.200022 0.200022 0 0.200022 0.200022 0.200022 0 0.200022 0.200022 0.200022 0 0.200022 0.200022 0.200022 0 0.200022 0.200022 0.200022 0 0.200022 0.200022 0.200022 0 0.200022 0.200022 0.200022 0 0.200022 0.200022 0.200022 0 0.200022 0.200022 0.200022 0 0.200022 0.200022 0.200022 0 0.200022 0.200022 0.200022 0 0 0.200022 0.200022 0 0.200022 0.200022 0.200022 0 0.200022 0.200022 0.200022 0.200022 0.200022 0.200022 0.200022 0.200022 0.200022 0.200022 0.200022 0.200022 0.200022 0.200022 0.200023 0.200022 0.200022 0.200022 0.200024 0.200022 0.200022 0.200022 0.200025 0.200022 0.200022 0.200022 0.200025 0.200022 0.200022 0.200022 0.200023 0.200022 0.200022 0.200022 0.200022 0.200022 0.200022 0.200022 0.200022 0.200022 0.200022 0.200022 0.200022 0.200022 0.200022 0.200022 0.200022 0.200022 0.200022 0.200022 0.200023 0.200022 0.200022 0.200022 0.200025 0.200022 0.200022 0.200022 0.200025 0.200022 0.200022 0.200022 0.200025 0.200022 0.200022 0.200022 0.200023 0.200022 0.200022 0.200022 0.200022 0.200022 0.200022 0.200022 0.200022 0.200022 0.200022 0.200022 0.200022 0.200022 0.200022 0.200022 0.200022 0.200022 0.200022 0.200022 0.200023 0.200022 0.200022 0.200022 0.200024 0.200022 0.200022 0.200022 0.200025 0.200022 0.200022 0.200022 0.200024 0.200022 0.200022 0.200022 0.200023 0.200022 0.200022 0.200022 0.200022 0.200022 0.200022 0.200022 0.200022 0.200022 0.200022 0.200022 0.200022 0.200022 0.200022 0.200022 0.200022 0.200022 0.200022 0.200022 0.200022 0.200022 0.200022 0.200022 0.200023 0.200022 0.200022 0.200022 0.200024 0.200022 0.200022 0.200022 0.200025 0.200022 0.200022 0.200022 0.200024 0.200022 0.200022 0.200022 0.200023 0.200022 0.200022 0.200022 0.200022 0.200022 0.200022 0.200022 0.200022 0.200022 0.200022 0.200022 0.200022 0.200022 0.200022 0.200022 0.200022 0.200022 0.200022 0.200022 0.200023 0.200022 0.200022 0.200022 0.200025 0.200022 0.200022 0.200022 0.200025 0.200022 0.200022 0.200022 0.200024 0.200022 0.200022 0.200022 0.200023 0.200022 0.200022 0.200022 0.200022 0.200022 0.200022 0.200022 0.200022 0.200022 0.200022 0.200022 0.200022 0.200022 0.200022 0 0.200022 0.200022 0.200022 0.200022 0 0.200022 0.200022 0.200022 0.200022 0.200022 0.200022 0.200023 0.200022 0.200022 0.200022 0.200028 0.200022 0.200022 0.200022 0.200043 0.200022 0.200023 0.200022 0.20007 0.200022 0.200024 0.200022 0.20009 0.200022 0.200025 0.200022 0.200081 0.200022 0.200025 0.200022 0.200055 0.200022 0.200023 0.200022 0.200037 0.200022 0.200022 0.200022 0.200031 0.200022 0.200022 0.200022 0.20003 0.200022 0.200022 0.200022 0.200036 0.200022 0.200022 0.200022 0.200051 0.200022 0.200023 0.200022 0.200077 0.200022 0.200025 0.200022 0.200094 0.200022 0.200025 0.200022 0.20008 0.200022 0.200025 0.200022 0.200054 0.200022 0.200023 0.200022 0.200037 0.200022 0.200022 0.200022 0.20003 0.200022 0.200022 0.200022 0.20003 0.200022 0.200022 0.200022 0.200035 0.200022 0.200022 0.200022 0.20005 0.200022 0.200023 0.200022 0.200074 0.200022 0.200024 0.200022 0.200088 0.200022 0.200025 0.200022 0.200072 0.200022 0.200024 0.200022 0.200046 0.200022 0.200023 0.200022 0.20003 0.200022 0.200022 0.200022 0.200024 0.200022 0.200022 0.200022 0.200023 0.200022 0.200022 0.200022 0.200025 0.200022 0.200022 0.200022 0.200031 0.200022 0.200022 0.200022 0.200048 0.200022 0.200023 0.200022 0.200075 0.200022 0.200024 0.200022 0.20009 0.200022 0.200025 0.200022 0.200075 0.200022 0.200024 0.200022 0.200051 0.200022 0.200023 0.200022 0.200035 0.200022 0.200022 0.200022 0.20003 0.200022 0.200022 0.200022 0.200031 0.200022 0.200022 0.200022 0.200037 0.200022 0.200022 0.200022 0.200055 0.200022 0.200023 0.200022 0.200081 0.200022 0.200025 0.200022 0.20009 0.200022 0.200025 0.200022 0.20007 0.200022 0.200024 0.200022 0.200043 0.200022 0.200023 0.200022 0.200028 0.200022 0.200022 0.200022 0.200023 0.200022 0.200022 0.200022 0.200022 0.200022 0.200022 0.200022 0 0.200022 0.200022 0.200022 0.200022 0 0.200022 0.200023 0.200024 0.200022 0.200022 0.200025 0.200038 0.200023 0.200023 0.20003 0.20009 0.200025 0.200028 0.200032 0.200216 0.20003 0.200043 0.200025 0.200418 0.200032 0.20007 0.200022 0.200591 0.200025 0.20009 0.200029 0.20056 0.200022 0.200081 0.200029 0.200389 0.200029 0.200055 0.200024 0.200247 0.200029 0.200037 0.200022 0.20019 0.200024 0.200031 0.200023 0.200176 0.200022 0.20003 0.200028 0.200211 0.200023 0.200036 0.20003 0.200334 0.200028 0.200051 0.200024 0.200525 0.20003 0.200077 0.200023 0.200655 0.200024 0.200094 0.20003 0.20057 0.200023 0.20008 0.200028 0.200375 0.20003 0.200054 0.200024 0.200231 0.200028 0.200037 0.200022 0.200176 0.200024 0.20003 0.200023 0.200166 0.200022 0.20003 0.200028 0.200201 0.200023 0.200035 0.200029 0.200322 0.200028 0.20005 0.200023 0.200507 0.200029 0.200074 0.200024 0.200612 0.200023 0.200088 0.200031 0.200477 0.200024 0.200072 0.20003 0.200262 0.200031 0.200046 0.200025 0.20012 0.20003 0.20003 0.200022 0.200061 0.200025 0.200024 0.200022 0.20005 0.200022 0.200023 0.200025 0.200067 0.200022 0.200025 0.20003 0.200138 0.200025 0.200031 0.200031 0.200297 0.20003 0.200048 0.200024 0.200507 0.200031 0.200075 0.200023 0.200615 0.200024 0.20009 0.200029 0.200506 0.200023 0.200075 0.200028 0.200326 0.200029 0.200051 0.200023 0.200208 0.200028 0.200035 0.200022 0.200175 0.200023 0.20003 0.200024 0.200189 0.200022 0.200031 0.200029 0.200247 0.200024 0.200037 0.200029 0.200389 0.200029 0.200055 0.200022 0.20056 0.200029 0.200081 0.200025 0.200591 0.200022 0.20009 0.200032 0.200418 0.200025 0.20007 0.20003 0.200216 0.200032 0.200043 0.200025 0.20009 0.20003 0.200028 0.200023 0.200038 0.200025 0.200023 0.200022 0.200024 0.200023 0.200022 0.200022 0 0.200022 0.200022 0.200023 0.200025 0 0.200022 0.200034 0.20004 0.200023 0.200024 0.200062 0.200103 0.200034 0.200038 0.200097 0.200253 0.200062 0.20009 0.200101 0.20058 0.200097 0.200216 0.200053 0.20117 0.200101 0.200418 0.200026 0.201783 0.200053 0.200591 0.200072 0.201784 0.200026 0.20056 0.200079 0.201372 0.200072 0.200389 0.200041 0.201285 0.200079 0.200247 0.200022 0.201592 0.200041 0.20019 0.200037 0.201423 0.200022 0.200176 0.200071 0.201018 0.200037 0.200211 0.200078 0.201105 0.200071 0.200334 0.200036 0.201642 0.200078 0.200525 0.20003 0.202089 0.200036 0.200655 0.200077 0.201859 0.20003 0.20057 0.200079 0.201327 0.200077 0.200375 0.20004 0.201184 0.200079 0.200231 0.200022 0.201426 0.20004 0.200176 0.200036 0.201298 0.200022 0.200166 0.20007 0.200966 0.200036 0.200201 0.200075 0.201082 0.20007 0.200322 0.200033 0.201652 0.200075 0.200507 0.200039 0.202067 0.200033 0.200612 0.200095 0.201539 0.200039 0.200477 0.200096 0.200825 0.200095 0.200262 0.200054 0.20045 0.200096 0.20012 0.200025 0.200304 0.200054 0.200061 0.200027 0.200299 0.200025 0.20005 0.200062 0.200372 0.200027 0.200067 0.2001 0.200587 0.200062 0.200138 0.200086 0.201003 0.2001 0.200297 0.200032 0.201636 0.200086 0.200507 0.200033 0.201955 0.200032 0.200615 0.200074 0.201582 0.200033 0.200506 0.200069 0.201081 0.200074 0.200326 0.200037 0.201005 0.200069 0.200208 0.200022 0.201414 0.200037 0.200175 0.200042 0.201588 0.200022 0.200189 0.200079 0.201283 0.200042 0.200247 0.200072 0.201371 0.200079 0.200389 0.200026 0.201783 0.200072 0.20056 0.200052 0.201783 0.200026 0.200591 0.200101 0.20117 0.200052 0.200418 0.200097 0.20058 0.200101 0.200216 0.200062 0.200253 0.200097 0.20009 0.200034 0.200103 0.200062 0.200038 0.200023 0.20004 0.200034 0.200024 0.200022 0 0.200025 0.200023 0.200034 0.200039 0 0.200025 0.200089 0.200077 0.200034 0.20004 0.20017 0.200169 0.200089 0.200103 0.200235 0.200415 0.20017 0.200253 0.200239 0.20086 0.200235 0.20058 0.200123 0.201708 0.200239 0.20117 0.20004 0.202793 0.200123 0.201783 0.200141 0.202941 0.20004 0.201784 0.200242 0.202589 0.200141 0.201372 0.200153 0.202955 0.200242 0.201285 0.200026 0.205386 0.200153 0.201592 0.200126 0.204705 0.200026 0.201423 0.200208 0.202267 0.200126 0.201018 0.200175 0.201978 0.200208 0.201105 0.200063 0.202546 0.200175 0.201642 0.200037 0.203303 0.200063 0.202089 0.20017 0.203107 0.200037 0.201859 0.200253 0.202562 0.20017 0.201327 0.200149 0.202729 0.200253 0.201184 0.200025 0.204731 0.200149 0.201426 0.200124 0.204228 0.200025 0.201298 0.200214 0.202167 0.200124 0.200966 0.200185 0.20202 0.200214 0.201082 0.200057 0.202799 0.200185 0.201652 0.200073 0.203877 0.200057 0.202067 0.200237 0.202714 0.200073 0.201539 0.200255 0.201519 0.200237 0.200825 0.200165 0.200908 0.200255 0.20045 0.200045 0.200783 0.200165 0.200304 0.200054 0.201161 0.200045 0.200299 0.20021 0.201096 0.200054 0.200372 0.200276 0.201335 0.20021 0.200587 0.200188 0.202036 0.200276 0.201003 0.200043 0.202826 0.200188 0.201636 0.200054 0.203153 0.200043 0.201955 0.200165 0.202482 0.200054 0.201582 0.200201 0.201947 0.200165 0.201081 0.200124 0.202244 0.200201 0.201005 0.200026 0.204675 0.200124 0.201414 0.200153 0.20537 0.200026 0.201588 0.200242 0.202951 0.200153 0.201283 0.200141 0.202587 0.200242 0.201371 0.20004 0.20294 0.200141 0.201783 0.200123 0.202792 0.20004 0.201783 0.200239 0.201707 0.200123 0.20117 0.200235 0.200859 0.200239 0.20058 0.20017 0.200414 0.200235 0.200253 0.200089 0.200169 0.20017 0.200103 0.200034 0.200077 0.200089 0.20004 0.200025 0 0.200039 0.200034 0.200056 0.200065 0 0.200039 0.200162 0.200089 0.200056 0.200077 0.200294 0.200184 0.200162 0.200169 0.200359 0.200397 0.200294 0.200415 0.200335 0.200749 0.200359 0.20086 0.200167 0.201719 0.200335 0.201708 0.200073 0.203101 0.200167 0.202793 0.200157 0.203287 0.200073 0.202941 0.200336 0.202849 0.200157 0.202589 0.200306 0.203439 0.200336 0.202955 0.200034 0.207302 0.200306 0.205386 0.200202 0.20656 0.200034 0.204705 0.200256 0.202562 0.200202 0.202267 0.200198 0.201789 0.200256 0.201978 0.200074 0.20241 0.200198 0.202546 0.200039 0.203452 0.200074 0.203303 0.20018 0.203353 0.200039 0.203107 0.200369 0.20281 0.20018 0.202562 0.200315 0.203254 0.200369 0.202729 0.200032 0.206553 0.200315 0.204731 0.200211 0.205972 0.200032 0.204228 0.200285 0.202466 0.200211 0.202167 0.200235 0.201851 0.200285 0.20202 0.200093 0.202783 0.200235 0.202799 0.200108 0.205449 0.200093 0.203877 0.200354 0.203159 0.200108 0.202714 0.200412 0.201496 0.200354 0.201519 0.200372 0.201043 0.200412 0.200908 0.200099 0.201041 0.200372 0.200783 0.200165 0.201798 0.200099 0.201161 0.200568 0.201685 0.200165 0.201096 0.200432 0.202031 0.200568 0.201335 0.200207 0.202505 0.200432 0.202036 0.200038 0.203196 0.200207 0.202826 0.200066 0.203371 0.200038 0.203153 0.200188 0.20238 0.200066 0.202482 0.200248 0.201776 0.200188 0.201947 0.200198 0.202549 0.200248 0.202244 0.200035 0.206534 0.200198 0.204675 0.200306 0.207287 0.200035 0.20537 0.200337 0.203437 0.200306 0.202951 0.200157 0.202848 0.200337 0.202587 0.200073 0.203287 0.200157 0.20294 0.200167 0.203101 0.200073 0.202792 0.200335 0.201719 0.200167 0.201707 0.200359 0.200749 0.200335 0.200859 0.200294 0.200397 0.200359 0.200414 0.200162 0.200184 0.200294 0.200169 0.200056 0.200089 0.200162 0.200077 0.200039 0 0.200065 0.200056 0.200059 0.200103 0.200062 0 0.200065 0.200059 0.200089 0.200203 0.0804726 0.200203 0.200184 0.200344 0.108934 0.200148 0.200344 0.200397 0.200364 0.11404 0.20025 0.200364 0.200749 0.200281 0.115065 0.200363 0.200281 0.201719 0.200127 0.115243 0.200481 0.200671 0.200127 0.203101 0.200091 0.115239 0.201106 0.200091 0.203287 0.200168 0.115197 0.201738 0.200168 0.202849 0.200426 0.115151 0.202664 0.200426 0.203439 0.200665 0.115114 0.203845 0.200665 0.207302 0.200058 0.115251 0.20409 0.200058 0.20656 0.200347 0.115304 0.201938 0.200347 0.202562 0.200241 0.115073 0.200241 0.201789 0.200165 0.115065 0.200882 0.200165 0.20241 0.200061 0.115113 0.200759 0.200061 0.203452 0.20005 0.115202 0.200917 0.20005 0.203353 0.200148 0.11534 0.201319 0.200148 0.20281 0.200456 0.115535 0.201867 0.200456 0.203254 0.200674 0.115797 0.202658 0.200674 0.206553 0.200051 0.116265 0.203648 0.200051 0.205972 0.200361 0.116715 0.203757 0.200361 0.202466 0.200273 0.116878 0.201827 0.200273 0.201851 0.200195 0.117197 0.200885 0.200195 0.202783 0.200183 0.117468 0.200838 0.200183 0.205449 0.200177 0.202183 0.117616 0.201062 0.200177 0.203159 0.200363 0.20123 0.117618 0.200363 0.201496 0.200434 0.200724 0.117471 0.200434 0.201043 0.200464 0.200566 0.117212 0.200464 0.201041 0.200144 0.200799 0.116924 0.200144 0.201798 0.200466 0.201494 0.116586 0.200466 0.201685 0.200998 0.202656 0.11612 0.200998 0.202031 0.200482 0.202248 0.115791 0.200482 0.202505 0.200162 0.201808 0.115534 0.200162 0.203196 0.200046 0.201303 0.11534 0.200046 0.203371 0.200057 0.200908 0.115202 0.200057 0.20238 0.200161 0.200754 0.115113 0.200161 0.201776 0.200236 0.200879 0.115065 0.200236 0.202549 0.200342 0.201933 0.115073 0.200342 0.206534 0.200058 0.204084 0.115302 0.200058 0.207287 0.200666 0.203842 0.11525 0.200666 0.203437 0.200427 0.202663 0.115114 0.200427 0.202848 0.200168 0.201737 0.115151 0.200168 0.203287 0.200091 0.201106 0.115197 0.200091 0.203101 0.200127 0.200671 0.115239 0.200127 0.201719 0.200281 0.200481 0.115242 0.200281 0.200749 0.200364 0.200363 0.115065 0.200364 0.200397 0.200344 0.20025 0.11404 0.200344 0.200184 0.200203 0.200148 0.108934 0.200203 0.200089 0.200059 0.0804726 0.200065 0 0.200062 0.200103 0.200059 0 0.200062 0.200061 0.0491195 0.200061 0.200054 0.200296 0.154822 0.20005 0.200296 0.200152 0.20045 0.163519 0.200124 0.20045 0.200415 0.200447 0.164873 0.200202 0.200447 0.200788 0.200231 0.165028 0.200571 0.201468 0.200231 0.202369 0.200126 0.16497 0.203604 0.200126 0.204852 0.200088 0.164846 0.205905 0.200088 0.205629 0.200113 0.164698 0.206282 0.200113 0.204337 0.201079 0.164535 0.20616 0.201079 0.205109 0.201863 0.164363 0.206212 0.201863 0.210061 0.200113 0.164642 0.203571 0.200113 0.207042 0.200509 0.16496 0.20113 0.200509 0.201953 0.200329 0.164043 0.200899 0.200329 0.201372 0.200133 0.16392 0.201725 0.200133 0.202788 0.200074 0.163878 0.203815 0.200074 0.204977 0.200062 0.163845 0.205996 0.200062 0.205511 0.200127 0.163828 0.200127 0.204185 0.201103 0.163824 0.20623 0.201103 0.204867 0.201826 0.163836 0.205977 0.201826 0.209227 0.200097 0.164268 0.205812 0.200097 0.20657 0.200588 0.164814 0.203247 0.200588 0.201903 0.200412 0.164135 0.201054 0.200412 0.201358 0.200193 0.164174 0.200857 0.200193 0.202875 0.200163 0.164295 0.201789 0.200163 0.205498 0.200162 0.1644 0.204475 0.209751 0.200162 0.208929 0.201231 0.201598 0.164371 0.201231 0.201813 0.200942 0.200737 0.164276 0.200942 0.201112 0.200977 0.2003 0.164271 0.200977 0.201092 0.200313 0.20053 0.164689 0.200313 0.202591 0.201185 0.202169 0.164524 0.201185 0.202826 0.20232 0.204475 0.163917 0.20232 0.203556 0.201085 0.205334 0.163842 0.201085 0.203974 0.200134 0.206148 0.16382 0.200134 0.205421 0.200059 0.205995 0.163827 0.200059 0.204939 0.200071 0.203812 0.163845 0.200071 0.202779 0.200131 0.201726 0.163878 0.200131 0.201371 0.200325 0.200901 0.16392 0.200325 0.20195 0.200504 0.201132 0.164043 0.200504 0.207026 0.200114 0.203568 0.164955 0.200114 0.210047 0.201863 0.206208 0.164641 0.201863 0.205107 0.201079 0.206159 0.164363 0.201079 0.204336 0.200113 0.206281 0.164535 0.200113 0.205629 0.200088 0.205905 0.164698 0.200088 0.204852 0.200126 0.203604 0.164846 0.200126 0.202369 0.200231 0.201468 0.16497 0.200231 0.200788 0.200447 0.200571 0.165028 0.200447 0.200415 0.20045 0.200202 0.164873 0.20045 0.200152 0.200296 0.200124 0.163519 0.200296 0.200054 0.200061 0.20005 0.154822 0.200061 0.200062 0 0.0491195 0 0.200046 0.200087 0.12683 0.200087 0.200054 0.200309 0.175559 0.200031 0.200309 0.200169 0.200513 0.179435 0.200076 0.200513 0.200611 0.201013 0.179551 0.20009 0.200168 0.201013 0.202518 0.200117 0.179104 0.200911 0.200117 0.208741 0.200043 0.178499 0.202642 0.200043 0.214121 0.200031 0.177789 0.203081 0.200031 0.213731 0.200052 0.177012 0.202195 0.200052 0.207153 0.201707 0.176185 0.203363 0.201707 0.20469 0.201358 0.175353 0.201319 0.201358 0.204509 0.200054 0.174774 0.200312 0.200054 0.20256 0.200445 0.174209 0.200108 0.200445 0.20132 0.200989 0.17288 0.200234 0.200989 0.202981 0.200103 0.17201 0.200837 0.200103 0.209007 0.200039 0.17127 0.202395 0.200039 0.213905 0.200028 0.17059 0.20281 0.200028 0.213364 0.200058 0.169983 0.202072 0.200058 0.207003 0.201741 0.169456 0.20321 0.201741 0.204405 0.201315 0.169028 0.201257 0.201315 0.204274 0.200045 0.168856 0.200322 0.200045 0.202534 0.200504 0.168813 0.200138 0.200504 0.201331 0.20113 0.168257 0.200257 0.20113 0.203065 0.200137 0.168065 0.200867 0.200137 0.209636 0.200082 0.167985 0.202726 0.200082 0.216353 0.200136 0.167943 0.203968 0.200136 0.217682 0.200525 0.200664 0.167994 0.200525 0.203281 0.201769 0.200357 0.167995 0.201769 0.200942 0.201027 0.200238 0.168141 0.201027 0.20075 0.200307 0.200051 0.16867 0.200307 0.201647 0.200453 0.20048 0.168913 0.200453 0.202211 0.201608 0.201153 0.168711 0.201608 0.203486 0.2017 0.202959 0.169019 0.2017 0.20676 0.200056 0.20203 0.169456 0.200056 0.213303 0.200029 0.202805 0.169983 0.200029 0.213899 0.20004 0.202399 0.17059 0.20004 0.209006 0.200103 0.200838 0.17127 0.200103 0.202982 0.200988 0.200233 0.17201 0.200988 0.201319 0.200444 0.200108 0.17288 0.200444 0.202559 0.200054 0.200312 0.174208 0.200054 0.204506 0.201358 0.201319 0.174774 0.201358 0.204688 0.201707 0.203363 0.175353 0.201707 0.207153 0.200052 0.202195 0.176185 0.200052 0.21373 0.200031 0.203081 0.177012 0.200031 0.21412 0.200043 0.202642 0.177789 0.200043 0.208741 0.200117 0.200911 0.178499 0.200117 0.202518 0.201013 0.200168 0.179104 0.201013 0.200611 0.200513 0.20009 0.179551 0.200513 0.200169 0.200309 0.200076 0.179435 0.200309 0.200054 0.200087 0.200031 0.175559 0.200087 0.200046 0 0.12683 0.203707 0.179551 0.200168 0.204954 0 0.200168 0.179551 0.203707 0 0.204954 0.201494 0.179435 0.20009 0.203707 0 0.20009 0.179435 0.201494 0 0.203707 0.204954 0.179104 0.200911 0.200693 0 0.200911 0.179104 0.204954 0 0.200692 0.200693 0.178499 0.202642 0.20005 0 0.202642 0.178499 0.200692 0 0.20005 0.20005 0.177789 0.203081 0.200137 0 0.203081 0.177789 0.20005 0 0.200137 0.200137 0.177012 0.202195 0.201261 0 0.202195 0.177012 0.200137 0 0.201261 0.201261 0.176185 0.203363 0.20338 0 0.203363 0.176185 0.201261 0 0.20338 0.200244 0.175559 0.200076 0.201494 0 0.200076 0.175559 0.200244 0 0.201494 0.20338 0.175353 0.201319 0.200812 0 0.201319 0.175353 0.20338 0 0.200811 0.200812 0.174774 0.200312 0.200367 0 0.200312 0.174774 0.200811 0 0.200367 0.200367 0.174209 0.200108 0.203722 0 0.200108 0.174208 0.200367 0 0.203723 0.203722 0.17288 0.200234 0.205246 0 0.200233 0.17288 0.203723 0 0.205251 0.205246 0.17201 0.200837 0.200727 0 0.200838 0.17201 0.205251 0 0.20073 0.200727 0.17127 0.202395 0.200049 0 0.202399 0.17127 0.20073 0 0.20005 0.200049 0.17059 0.20281 0.200148 0 0.202805 0.17059 0.20005 0 0.200146 0.200148 0.169983 0.202072 0.20124 0 0.20203 0.169983 0.200146 0 0.201268 0.20124 0.169456 0.20321 0.203241 0 0.202959 0.169456 0.201268 0 0.203324 0.203241 0.169028 0.201257 0.20075 0 0.201153 0.169019 0.203324 0 0.201112 0.20075 0.168856 0.200322 0.200463 0 0.20048 0.168711 0.201112 0 0.200079 0.200463 0.168813 0.200138 0.204165 0 0.200051 0.168913 0.200079 0 0.202182 0.204165 0.168257 0.200257 0.206013 0 0.200238 0.16867 0.202182 0 0.207977 0.206013 0.168065 0.200867 0.201097 0 0.200357 0.168141 0.207977 0 0.210096 0.201097 0.167985 0.202726 0.20028 0 0.200664 0.167995 0.210096 0 0.202933 0.20028 0.167943 0.203968 0.200142 0 0.200142 0.167994 0.202933 0 0.203151 0.165028 0.201468 0.202339 0.202518 0.201468 0.165028 0.203151 0.202518 0.202339 0.202339 0.16497 0.203604 0.200489 0.208741 0.203604 0.16497 0.202339 0.208741 0.200489 0.202558 0.164873 0.200571 0.203151 0.200611 0.200571 0.164873 0.202558 0.200611 0.203151 0.205905 0.164846 0.200489 0.21412 0.200216 0.200489 0.164846 0.205905 0.200216 0.214121 0.200216 0.164698 0.206282 0.202364 0.213731 0.206281 0.164698 0.200216 0.21373 0.202364 0.202364 0.164535 0.20616 0.203943 0.207153 0.206159 0.164535 0.202364 0.207153 0.203943 0.203943 0.164363 0.206212 0.202591 0.20469 0.206208 0.164363 0.203943 0.204688 0.202591 0.201211 0.1644 0.209751 0.200178 0.216353 0.200178 0.164371 0.212893 0.217682 0.202591 0.164642 0.203571 0.20012 0.204509 0.203568 0.164641 0.202591 0.204506 0.200119 0.2034 0.164295 0.204475 0.201211 0.209636 0.201598 0.164276 0.213723 0.203281 0.212893 0.204552 0.164174 0.201789 0.2034 0.203065 0.200737 0.164271 0.209778 0.200942 0.213723 0.20012 0.16496 0.20113 0.202866 0.20256 0.201132 0.164955 0.200119 0.202559 0.202844 0.203539 0.164135 0.200857 0.204552 0.201331 0.2003 0.164689 0.202688 0.20075 0.209778 0.202866 0.164043 0.200899 0.203341 0.20132 0.200901 0.164043 0.202844 0.201319 0.203315 0.200159 0.164814 0.201054 0.203539 0.202534 0.20053 0.164524 0.200484 0.201647 0.202688 0.203341 0.16392 0.201725 0.202148 0.202981 0.201726 0.16392 0.203315 0.202982 0.202127 0.202451 0.164268 0.203247 0.200159 0.204274 0.202169 0.163917 0.203705 0.202211 0.200484 0.202148 0.163878 0.203815 0.200373 0.209007 0.203812 0.163878 0.202127 0.209006 0.200363 0.203893 0.163836 0.205812 0.202451 0.204405 0.204475 0.163842 0.203984 0.203486 0.203705 0.200373 0.163845 0.205996 0.200262 0.213905 0.205995 0.163845 0.200363 0.213899 0.200269 0.205334 0.16382 0.202428 0.20676 0.203984 0.20241 0.163824 0.205977 0.203893 0.207003 0.200262 0.163828 0.20623 0.20241 0.213364 0.206148 0.163827 0.200269 0.213303 0.202428 0.201303 0.163519 0.200202 0.202558 0.200169 0.200202 0.163519 0.201303 0.200169 0.202558 0.200246 0.154822 0.200124 0.201303 0.200054 0.200124 0.154822 0.200246 0.200054 0.201303 0.12683 0.200031 0.200244 0 0 0.200031 0.12683 0 0 0.200244 0.200931 0.117616 0.20031 0.205498 0.202183 0.117618 0.202059 0.208929 0.20031 0.20123 0.117471 0.201813 0.201813 0.202059 0.201049 0.117468 0.201062 0.200931 0.202875 0.200962 0.117197 0.200838 0.201049 0.201358 0.200724 0.117212 0.20164 0.201112 0.201813 0.200803 0.116878 0.200885 0.200962 0.201903 0.200566 0.116924 0.200488 0.201092 0.20164 0.20005 0.116715 0.201827 0.200803 0.20657 0.200799 0.116586 0.200408 0.202591 0.200488 0.200921 0.116265 0.203757 0.20005 0.209227 0.201494 0.11612 0.201707 0.202826 0.200408 0.201073 0.115797 0.203648 0.200921 0.204867 0.202656 0.115791 0.201207 0.203556 0.201707 0.200503 0.115535 0.202658 0.201073 0.204185 0.202248 0.115534 0.200545 0.203974 0.201207 0.201808 0.11534 0.20005 0.205421 0.200545 0.200045 0.11534 0.201867 0.200503 0.205511 0.200672 0.115243 0.200671 0.20033 0.202369 0.200671 0.115242 0.200672 0.202369 0.20033 0.20033 0.115239 0.201106 0.200042 0.204852 0.201106 0.115239 0.20033 0.204852 0.200042 0.201303 0.115202 0.200153 0.204939 0.20005 0.200168 0.115202 0.201319 0.200045 0.204977 0.201737 0.115197 0.200042 0.205629 0.200416 0.200042 0.115197 0.201738 0.200415 0.205629 0.200415 0.115151 0.202664 0.201024 0.204337 0.202663 0.115151 0.200416 0.204336 0.201025 0.20044 0.115113 0.200917 0.200168 0.202788 0.200908 0.115113 0.200421 0.202779 0.200153 0.203842 0.115114 0.201025 0.205107 0.200935 0.201024 0.115114 0.203845 0.200935 0.205109 0.200935 0.115251 0.20409 0.200052 0.210061 0.204084 0.11525 0.200935 0.210047 0.200053 0.200481 0.115065 0.200719 0.200788 0.200672 0.200719 0.115065 0.200481 0.200672 0.200788 0.20057 0.115065 0.200759 0.20044 0.201372 0.200754 0.115065 0.200553 0.201371 0.200421 0.200052 0.115304 0.201938 0.200609 0.207042 0.201933 0.115302 0.200053 0.207026 0.200598 0.200879 0.115073 0.200598 0.20195 0.200553 0.200609 0.115073 0.200882 0.20057 0.201953 0.200679 0.11404 0.200363 0.200719 0.200415 0.200363 0.11404 0.200679 0.200415 0.200719 0.2004 0.108934 0.20025 0.200679 0.200152 0.20025 0.108934 0.2004 0.200152 0.200679 0.200103 0.0804726 0.200148 0.2004 0.200054 0.200148 0.0804726 0.200103 0.200054 0.2004 0.200246 0.200046 0 0.0491195 0.20005 0.20005 0.0491195 0 0.200046 0.200246 
</DataArray>
<DataArray type="Float64" Name="wall variable 2" format="ascii">
0 0 0 0 0 0 1.42216e-10 0 0 0 7.60061e-10 0 0 0 3.78981e-09 0 0 0 1.3533e-08 0 0 0 2.72757e-08 0 9.79187e-09 0 2.10151e-08 0 2.21322e-08 0 0 0 1.21463e-08 0 0 0 3.47434e-09 0 0 0 3.79684e-10 0 0 0 0 0 0 0 0 0 2.75713e-09 0 0 0 1.17242e-08 0 0 0 2.36751e-08 0 1.34525e-08 0 1.58937e-08 0 2.31693e-08 0 0 0 1.21628e-08 0 0 0 3.37512e-09 0 0 0 3.12065e-10 0 0 0 0 0 0 0 0 0 2.70038e-09 0 0 0 1.12539e-08 0 0 0 2.21667e-08 0 1.66686e-08 0 1.29773e-08 0 2.50669e-08 0 0 0 1.3007e-08 0 0 0 3.76692e-09 0 0 0 6.05934e-10 0 0 0 0 0 0 0 0 0 7.94516e-10 0 0 0 3.98903e-09 0 0 0 1.32416e-08 0 0 0 2.49567e-08 0 1.36683e-08 0 1.5942e-08 0 2.25447e-08 0 0 0 1.13562e-08 0 0 0 2.65081e-09 0 0 0 0 0 0 0 0 0 4.19805e-10 0 0 0 3.49301e-09 0 0 0 1.21547e-08 0 0 0 2.21357e-08 0 2.1013e-08 0 9.79429e-09 0 2.72746e-08 0 0 0 1.35326e-08 0 0 0 3.78975e-09 0 0 0 7.60052e-10 0 0 0 1.42215e-10 0 0 0 0 0 0 0 2.59119e-09 0 0 0 1.43908e-08 0 0 3.60448e-08 1.16599e-07 0 0 2.82849e-07 7.37057e-07 0 0 1.74508e-06 3.04333e-06 0 0 6.73569e-06 7.5862e-06 0 0 1.36983e-05 1.07357e-05 6.56235e-06 0 9.88342e-06 8.4278e-06 1.3046e-05 0 0 3.97489e-06 7.4178e-06 0 0 1.41605e-06 2.31311e-06 0 0 6.19044e-07 7.17281e-08 0 0 6.07006e-07 0 0 0 1.35605e-06 0 0 2.1165e-06 3.80862e-06 0 0 7.10435e-06 8.25772e-06 0 0 1.32023e-05 1.10108e-05 7.73439e-06 0 8.37719e-06 8.39317e-06 1.32502e-05 0 0 3.90363e-06 7.32432e-06 0 0 1.38401e-06 2.25841e-06 0 0 6.05698e-07 5.9516e-08 0 0 5.95833e-07 0 0 0 1.33004e-06 0 0 2.07622e-06 3.71335e-06 0 0 6.89524e-06 7.96345e-06 0 0 1.25776e-05 1.04074e-05 8.5346e-06 0 7.31638e-06 7.61113e-06 1.31392e-05 0 0 3.22167e-06 6.78781e-06 0 0 9.01089e-07 1.92641e-06 0 0 2.34282e-07 3.23363e-07 0 0 1.238e-07 0 0 0 2.39864e-07 0 0 3.57196e-07 9.3015e-07 0 0 2.00633e-06 3.31872e-06 0 0 6.98108e-06 7.78642e-06 0 0 1.33078e-05 1.05773e-05 7.56549e-06 0 8.39538e-06 8.06622e-06 1.27558e-05 0 0 3.75585e-06 6.96756e-06 0 0 1.34556e-06 2.08634e-06 0 0 6.04874e-07 0 0 0 6.18353e-07 0 0 7.88397e-08 1.41565e-06 0 0 2.31534e-06 3.97451e-06 0 0 7.41855e-06 8.42738e-06 0 0 1.30462e-05 1.07354e-05 9.88268e-06 0 6.56283e-06 7.58603e-06 1.36978e-05 0 0 3.04328e-06 6.73557e-06 0 0 7.37051e-07 1.74506e-06 0 0 1.16598e-07 2.82847e-07 0 0 1.43908e-08 3.60446e-08 0 0 2.59118e-09 0 0 0 0 0 0 2.0929e-07 0 0 1.73598e-06 1.35451e-06 0 0 1.59035e-05 1.21254e-05 0 0 9.95573e-05 7.67858e-05 0 0 0.000349655 0.000297404 0 0 0.000628651 0.000690716 0.000264846 0 0.000425833 0.000953377 0.000595348 0 0 0.000777465 0.000389691 0 0 0.000398301 0.000137405 0 0 0.000154221 4.68977e-06 0 0 7.0718e-05 0 0 0 6.86243e-05 0 0 0.000123404 0.00014469 0 0 0.000367849 0.000375188 0 0 0.000603167 0.000755687 0.000321941 0 0.000356736 0.000980342 0.00060751 0 0 0.000773492 0.000383894 0 0 0.00038916 0.000133353 0 0 0.000149388 3.86819e-06 0 0 6.84743e-05 0 0 0 6.67969e-05 0 0 0.00012076 0.00014112 0 0 0.000357027 0.000364588 0 0 0.00057619 0.000727709 0.000363947 0 0.000311543 0.000925377 0.000607591 0 0 0.00069768 0.000355081 0 0 0.000316866 0.00011122 0 0 9.40702e-05 1.94286e-05 0 0 2.45864e-05 0 0 0 1.28435e-05 0 0 2.17211e-05 2.55814e-05 0 0 0.000117933 9.89325e-05 0 0 0.000369356 0.000330744 0 0 0.000614442 0.000718046 0.000322834 0 0.000350858 0.000941548 0.000582751 0 0 0.000737513 0.000360599 0 0 0.000369544 0.000121647 0 0 0.000143414 0 0 0 6.83389e-05 0 0 5.07038e-06 7.06222e-05 0 0 0.000137498 0.000154166 0 0 0.000389715 0.000398251 0 0 0.000595354 0.000777412 0.000425792 0 0.000264872 0.000953335 0.000628625 0 0 0.000690695 0.000349647 0 0 0.000297398 9.95558e-05 0 0 7.67847e-05 1.59034e-05 0 0 1.21253e-05 1.73597e-06 0 0 1.3545e-06 2.0929e-07 0 0 0 0 0 0 7.32352e-06 0 0 5.95327e-05 5.2105e-05 0 0 0.000502182 0.000436297 0 0 0.00232689 0.00219871 0 0 0.00554812 0.00649729 0 0 0.00739597 0.0123926 0.002197 0 0.00459242 0.0160773 0.00667987 0 0 0.0141537 0.00582703 0 0 0.00877972 0.00269233 0 0 0.00434085 0.000132781 0 0 0.00241134 0 0 0 0.00232035 0 0 0.00236323 0.00401309 0 0 0.00548181 0.00817784 0 0 0.00696124 0.0137175 0.00311113 0 0.003653 0.0167137 0.00701731 0 0 0.0141498 0.00579962 0 0 0.00857567 0.00262127 0 0 0.00418541 0.00010777 0 0 0.0023176 0 0 0 0.00224609 0 0 0.00232971 0.00390903 0 0 0.00537219 0.00797103 0 0 0.00674098 0.0133024 0.00383693 0 0.00317139 0.0159061 0.00729494 0 0 0.0128251 0.00566969 0 0 0.00703559 0.00248671 0 0 0.00268035 0.00053661 0 0 0.000857783 0 0 0 0.000486562 0 0 0.000624927 0.000908926 0 0 0.00268229 0.00286973 0 0 0.00590755 0.00742098 0 0 0.00722295 0.0132191 0.0032688 0 0.00346278 0.0160905 0.0067111 0 0 0.0134067 0.00537209 0 0 0.0080622 0.00232923 0 0 0.00397933 0 0 0 0.00231086 0 0 0.000141239 0.00240805 0 0 0.0026943 0.00433924 0 0 0.00582738 0.00877844 0 0 0.00668 0.0141525 0.00459175 0 0.00219749 0.0160764 0.00739553 0 0 0.0123921 0.00554794 0 0 0.00649711 0.00232684 0 0 0.00219868 0.000502175 0 0 0.000436292 5.95323e-05 0 0 5.21047e-05 7.32349e-06 0 0 0 0 0 0 0.000171115 0 0 0.00100607 0.00104357 0 0 0.00580039 0.00589012 0 0 0.0150169 0.0181103 0 0 0.0229232 0.0363109 0 0 0.0246644 0.0558146 0.000830038 0 0.0166055 0.0695988 0.0173787 0 0 0.0688939 0.0224611 0 0 0.0550395 0.0141307 0 0 0.038564 0.00131816 0 0 0.0293303 0 0 0 0.0279108 0 0 0.0117404 0.0348769 0 0 0.0213751 0.0504192 0 0 0.0213135 0.0675224 0.00721913 0 0.0106006 0.0768488 0.0212661 0 0 0.0709268 0.023527 0 0 0.054114 0.0139813 0 0 0.0369713 0.00101608 0 0 0.0279221 0 0 0 0.0268324 0 0 0.0118711 0.0339382 0 0 0.0216919 0.0495775 0 0 0.0217731 0.0668478 0.0131644 0 0.00896215 0.0746695 0.0256145 0 0 0.0636863 0.0248305 0 0 0.0428513 0.0159644 0 0 0.023117 0.00475672 0 0 0.0109855 0 0 0 0.00761454 0 0 0.00593252 0.0118724 0 0 0.0178083 0.025425 0 0 0.0257943 0.0461328 0 0 0.023239 0.0654082 0.00878714 0 0.00931656 0.073458 0.020142 0 0 0.0658008 0.0207833 0 0 0.0496767 0.0115249 0 0 0.0345945 0 0 0 0.027802 0 0 0.00137964 0.0292892 0 0 0.0141451 0.0385459 0 0 0.0224641 0.0550261 0 0 0.017382 0.0688826 0.016601 0 0.000834714 0.0695911 0.0246615 0 0 0.0558106 0.0229218 0 0 0.0363093 0.0150164 0 0 0.0181099 0.00580029 0 0 0.00589003 0.00100606 0 0 0.00104356 0.000171114 0 0 0 0 0 0 0.00195417 0 0 0.00577105 0.00760815 0 0 0.0201207 0.0223336 0 0 0.0315593 0.0408463 0 0 0.0362416 0.0599451 0 0 0.0350423 0.0799519 0 0 0.0273035 0.100426 0.0069325 0 0.0116356 0.111813 0.0201983 0 0 0.116076 0.0148 0 0 0.124837 0.00479323 0 0 0.147219 0 0 0 0.137894 0 0 0.0106959 0.110574 0 0 0.0225745 0.106912 0 0 0.0199631 0.114101 0.00303074 0 0.0112952 0.122482 0.0183972 0 0 0.122121 0.0272537 0 0 0.117409 0.0176935 0 0 0.119548 0.00372113 0 0 0.137658 0 0 0 0.130499 0 0 0.0136242 0.107815 0 0 0.0274756 0.108659 0 0 0.0259142 0.121271 0.021428 0 0.0116714 0.130886 0.0378889 0 0 0.113114 0.0407422 0 0 0.0882041 0.0336247 0 0 0.0650776 0.0118861 0 0 0.0497876 0 0 0 0.0473485 0 0 0.0184447 0.056123 0 0 0.0398815 0.0753221 0 0 0.0394056 0.0969683 0 0 0.0255422 0.111702 0.00819917 0 0.00769607 0.117046 0.0180219 0 0 0.111344 0.0214714 0 0 0.105431 0.0102303 0 0 0.109683 0 0 0 0.137298 0 0 0.00498737 0.146939 0 0 0.014878 0.124737 0 0 0.0202281 0.116025 0.011621 0 0.00695241 0.111783 0.0272933 0 0 0.100409 0.0350358 0 0 0.0799435 0.036238 0 0 0.0599411 0.0315577 0 0 0.0408446 0.0201202 0 0 0.0223331 0.00577097 0 0 0.00760806 0.00195415 0 0 0 0 0 0 0.00864073 0 0 0.0105662 0.0185314 0 0 0.0296478 0.0311269 0 0 0.0362661 0.042763 0 0 0.0343514 0.0540682 0 0 0.0307385 0.0717229 0 0 0.0260061 0.0960765 0 0 0.0188098 0.112036 0.0113036 0 0.00555457 0.126177 0.014176 0 0 0.168648 0.000886613 0 0 0.277274 0 0 0 0.263435 0 0 0.012782 0.155142 0 0 0.0127642 0.117738 0 0 0.00863872 0.11345 0 0 0.00719524 0.12188 0.00726968 0 0.00337416 0.125511 0.0215083 0 0 0.13135 0.0206088 0 0 0.165578 0.00117231 0 0 0.26155 0 0 0 0.250935 0 0 0.0181147 0.154493 0 0 0.0225361 0.125146 0 0 0.0217422 0.133046 0.0264576 0 0.0181551 0.157738 0.0372487 0 0 0.126353 0.0392823 0 0 0.100911 0.0388046 0 0 0.0903437 0.0137589 0 0 0.0984017 0 0 0 0.125039 0 0 0.0304409 0.116434 0 0 0.0504679 0.110469 0 0 0.0338267 0.11482 0 0 0.0137723 0.118362 0.00490626 0 0.00044976 0.118316 0.00716087 0 0 0.111725 0.0117918 0 0 0.116727 0.0122597 0 0 0.154262 0 0 0 0.262476 0 0 0.0011145 0.276771 0 0 0.0142634 0.168513 0.00552891 0 0.0113441 0.126122 0.0187939 0 0 0.112008 0.0259963 0 0 0.096062 0.0307321 0 0 0.0717161 0.0343473 0 0 0.0540649 0.0362636 0 0 0.0427613 0.0296467 0 0 0.0311261 0.0105659 0 0 0.0185311 0.00864067 0 0 0 0 0 0 0 0.0159273 0.00269386 0.0183887 0 0 0.0270094 0.0262369 0 0 0.000166946 0.0295118 0.0359096 0 0 0 0.0246105 0.0442662 0 0 0 0.0184518 0.0614215 0 0.000117369 0 0 0.0169158 0.0868449 0 0.000960604 0 0.0188514 0.105732 0 0.00130256 0 0.0108835 0.120056 0.0143894 0.00161386 0 0 0.158458 0.0311223 0 0 0 0.287201 0 0 0 0.0145707 0.288307 0 0 0 0.0312977 0.157288 0 0 0.00276494 0.10691 0.00303478 0 0 0 0.0988898 0 0.00130696 0 0.00245215 0.109243 0 0.00191486 0 0.00826748 0.117711 0 0.00209764 0 0.000770736 0.125962 0.0237102 0.00223553 0 0 0.15855 0.0379381 0 0 0 0.274782 0 0 0 0.0114782 0.276979 0 0 0 0.0356537 0.157329 0 0 0 0.0133558 0.114561 0 0 0 0.0132072 0.12323 0 0.00162676 0 0.0346789 0.190869 0.0373557 0 0.0019389 0 0 0.124979 0.0295485 0 0.00424004 0 0.0938243 0.0284471 0 0 0 0.0906332 0.0315627 0 0 0 0.107876 0.0176842 0 0 0 0.150821 0 0 0 0.0479503 0.133776 0 0 0 0.0572309 0.122546 0 0 0.000863933 0.028075 0.118829 0 0 0.00207057 0.00215128 0.114728 0.00656716 0 0.00195944 0 0.10771 0.00153007 0 0.00185994 0 0.0982152 0 0 0.00128367 0.00364457 0.106523 0.00227926 0 0 0 0.156842 0.0308834 0 0 0 0.287608 0.014377 0 0 0 0.286837 0 0 0 0.0311774 0.158375 0 0 0 0.0144197 0.120023 0.0108647 0 0.00161309 0 0.105714 0.0188416 0 0.001302 0 0.0868365 0.0169105 0 0.000960224 0 0.061418 0.0184484 0 0.000117313 0 0.0442647 0.0246079 0 0 0 0.0359087 0.0295098 0 0 0 0.0262365 0.0270083 0.000166508 0 0 0.0183885 0.00269368 0 0.0159272 0 0 0 0 0 0.0107744 0 0 0.0216031 0.0150093 0 0 0.0026682 0.0391437 0.029324 0 0 0.00547867 0.0372311 0.0438411 0 0 0 0.0331849 0.0521402 0 0.00524132 0 0 0.0257763 0.0885694 0 0.0125591 0 0.0226213 0.139781 0 0.0160027 0 0.0161292 0.168288 0.0123889 0.0179144 0 0 0.162968 0.0650856 0.0162479 0 0 0.202961 0.0856022 0.00324952 0 0 0.353284 0.00476389 0 0 0 0.30003 0 0 0 0.0316494 0.120842 0 0 0 0.017566 0.0807883 0 0.0101993 0 0.0134364 0.105556 0 0.0165496 0 0.0157549 0.14961 0 0.0185435 0 0.0116215 0.172947 0.0167881 0.0195682 0 0.164557 0.0696278 0.0167986 0 0 0.201944 0.0890315 0.00354193 0 0 0.34007 0.00289876 0 0 0 0.291382 0 0 0 0.0419845 0.12069 0 0 0 0.0292909 0.0797894 0 0.0122061 0 0.0254215 0.108054 0 0.0246084 0 0.0295992 0.160912 0 0.0347159 0 0 0.0268403 0.246302 0.0918743 0 0.0311273 0 0.101616 0.0669677 0 0.0178008 0 0.0912203 0.0616416 0 0 0 0.1158 0.035355 0 0 0 0.203485 0 0 0 0.077223 0.184926 0 0 0 0.106866 0.17001 0 0 0.00814837 0.0714279 0.160204 0 0 0.0156959 0.0180266 0.171668 0.0110056 0 0.0192317 0 0.149111 0.0154071 0 0.0184103 0 0.105468 0.0131807 0 0.0164608 0 0.0808523 0.0173071 0 0.010179 0 0.120813 0.0313659 0 0 0 0.299593 0 0 0 0.00496642 0.352956 0 0 0 0.0856408 0.202898 0 0 0.00324164 0.0651028 0.162948 0 0 0.0162403 0.0124004 0.168278 0.0161229 0 0.0179111 0 0.139777 0.022618 0 0.0160007 0 0.0885684 0.025774 0 0.0125578 0 0.0521404 0.0331829 0 0.00524077 0 0.0438415 0.0372292 0 0 0 0.0293244 0.0391423 0.00547783 0 0 0.0150095 0.0216026 0.00266789 0 0 0.0107744 0 0 0 0.0106165 0 0 0.0176511 0.0115649 0 0 0 0.0421661 0.0316873 0 0 0.00590074 0.0445362 0.0560452 0 0 0.00510846 0.0131983 0.0645792 0.107821 0 0.00469894 0 0.0217736 0.211894 0 0.0039602 0 0.00904385 0.282405 0 0.00118445 0 0.00556614 0.283754 0.0120623 0.00105252 0 0 0.207599 0.0901359 0 0 0 0.18312 0.0766327 0 0 0 0.196445 0.00434109 0 0 0 0.145708 0 0 0 0.0337315 0.087345 0 0 0.0154935 0.0606424 0.120515 0 0.00464463 0 0.0196528 0.219561 0 0.00366693 0 0.00845842 0.285543 0 0.000621255 0 0.00510274 0.285229 0.0132274 0.000524338 0 0 0.209259 0.0928147 0 0 0 0.179905 0.0782204 0 0 0 0.190569 0.00201815 0 0 0 0.14399 0 0 0 0.0410062 0.0880937 0 0 0.0146011 0.0668791 0.122285 0 0.00720825 0 0.0230238 0.230072 0 0.00619574 0 0.0147672 0.318443 0 0.00199383 0 0.0234238 0.351084 0.0501769 0 0 0 0.125817 0.0900673 0.0224321 0.00943264 0 0.0694868 0.0675921 0.0126405 0 0 0.0677453 0.0433075 0 0 0 0.113527 0 0 0 0.0381692 0.129353 0 0 0 0.0893795 0.15842 0 0 0 0.0928175 0.205495 0 0 0 0.0129581 0.284764 0.00524948 0 0.000423586 0 0.285603 0.00853528 0 0.000615024 0 0.21959 0.0196854 0 0.00369174 0 0.120562 0.060626 0.0154369 0.00466301 0 0.0873811 0.0336999 0 0 0 0.145715 0 0 0 0.00438039 0.196403 0 0 0 0.0766421 0.183101 0 0 0 0.0901417 0.207592 0 0 0 0.0120672 0.283748 0.00556397 0 0.00105223 0 0.282402 0.00904303 0 0.0011843 0 0.211893 0.0217732 0 0.00395983 0 0.107822 0.0645786 0.0131979 0.00469859 0 0.0560458 0.0445352 0.00510797 0 0 0.031688 0.0421651 0.00590038 0 0 0.0115654 0.0176508 0 0 0 0.0106166 0 0 0.16969 0.020405 0 0 0 0 0.020405 0.169688 0 0 0.112991 0.0464207 0 0 0 0 0.0464201 0.112989 0 0 0.18537 0 0.0665602 0 0 0.0665601 0 0.185368 0 0 0.0685711 0 0.127663 0 0 0.127662 0 0.0685694 0 0 0.0126626 0 0.14173 0.0267412 0 0.141728 0 0.0126605 0 0.0267445 0 0 0.120946 0.0900271 0 0.120945 0 0 0 0.0900302 0 0.000579122 0.144521 0.140245 0 0.144516 0.000581411 0 0 0.140244 0.0426076 0.0407232 0 0 0 0 0.0407226 0.0426069 0 0 0 0.0163074 0.0836705 0.0574106 0 0.0836662 0.016309 0 0 0.0573998 0 0.0634739 0.0510738 0 0 0.051088 0.0634482 0 0 0 0.0618451 0.0879319 0.0066218 0 0 0.0066907 0.0878728 0.0618531 0 0 0.171755 0.027053 0 0 0 0 0.0270251 0.171803 0 0 0.192328 0 0.0648287 0 0 0.0648894 0 0.192441 0 0 0.0723856 0 0.123932 0 0 0.124045 0 0.0725786 0 0 0.0133558 0 0.138001 0.0280328 0 0.137834 0 0.0137144 0 0.0275978 0 0 0.119666 0.0906931 0 0.118016 0 0 0 0.0909695 0 0.00127981 0.143961 0.139664 0 0.138443 0.00134123 0 0 0.142916 0 0.0148853 0.0848919 0.0546207 0 0.078132 0.00911403 0 0 0.0730028 0 0.0561349 0.055034 0 0 0.0475105 0.0282671 0 0 0 0.0704707 0.080229 0.0108661 0 0 0.013173 0.0926178 0.00612685 0 0 0.187935 0.0231424 0 0 0 0 0.0855451 0.160265 0 0 0.208921 0 0.0682721 0 0 0 0.023203 0.275011 0 0 0.0885569 0 0.137309 0 0 0.0606336 0 0.286639 0 0 0.0371137 0 0.173586 0 0 0.0240488 0.0197375 0.153208 0 0.143711 0 0.0844642 0 0 0.0844639 0 0.143704 0 0 0.124711 0 0.144301 0 0 0.144299 0 0.124703 0 0 0.135771 0.0098357 0.0412418 0 0 0.0412424 0.00983552 0.135765 0 0 0.19652 0 0.054624 0 0.0373907 0.0546326 0 0.196525 0.0373814 0 0 0 0.210379 0.125498 0 0.210369 0 0 0 0.125507 0 0 0.209178 0.152013 0 0.209151 0 0 0 0.152022 0 0 0.22817 0.114867 0 0.228078 0 0 0 0.114921 0.0918725 0 0.274872 0 0 0.0242295 0 0.355332 0 0 0.0840619 0.214374 0 0 0.214181 0.0839392 0 0 0 0.163896 0 0.170681 0 0 0.0930434 0 0.378984 0 0 0.187724 0 0.0989655 0 0 0.0473415 0.0264744 0.328402 0 0 0.0387707 0.117782 0.0762222 0 0 0.0763415 0.117405 0.0383879 0 0 0.171837 0.0233124 0.0535185 0 0 0.0057516 0.0998325 0.179575 0 0 0.141699 0.0197505 0.0566863 0 0 0.0568775 0.0196277 0.14096 0 0 0.0497938 0.120485 0.0720794 0 0 0.0620032 0.105741 0 0 0 0.148256 0 0.0958957 0 0 0.0959603 0 0.147504 0 0 0 0.0800674 0.205515 0 0 0.14819 0.0192522 0 0 0.034917 0.121253 0 0.152992 0 0 0.152869 0 0.120545 0 0 0 0 0.224375 0.113362 0 0.184636 0 0 0 0.148377 0.0484167 0 0.202348 0.0427366 0 0.202152 0 0.0476918 0 0.0433642 0.198849 0 0 0 0.159983 0 0 0.210568 0.155104 0 0 0 0.213318 0.129887 0 0.21108 0 0 0 0.130905 0.104068 0.0272033 0.01203 0 0 0.012031 0.0272026 0.104064 0 0 0.0414473 0.0158146 0 0 0 0 0.0158142 0.0414462 0 0 0.0107887 0.00753798 0 0 0 0.00753797 0.0107886 0 0 0 0.0957106 0 0.0564044 0 0.143921 0 0.143428 0 0 0.0953817 0.00239599 0.127608 0 0 0.0963204 0 0.0968161 0 0 0.0800162 0.00437971 0.0779838 0 0 0.0593059 0.0148754 0.114181 0 0 0.0627238 0.0234095 0.0740699 0 0 0.0407123 0.0393713 0.0574686 0 0 0.0200473 0.0724323 0.128349 0 0 0.0813857 0.049968 0 0 0 0 0.0534451 0.23535 0 0 0.145548 0.0127263 0 0 0.0369078 0 0.00510145 0.209079 0.0446909 0 0.157351 0 0 0 0.0949278 0 0 0.157175 0.0690367 0 0.14138 0 0 0 0.0816523 0.128703 0 0 0 0.0554894 0 0 0.132387 0.0516306 0 0.0608164 0 0.0690348 0 0 0.0690318 0 0.060807 0 0 0.0451818 0 0.0964475 0 0 0.0964411 0 0.045169 0 0 0.107548 0 0.027512 0 0.0112859 0.0295497 0 0.10854 0.00885418 0 0.125386 0 0.00405882 0 0.0416473 0.00407458 0 0.125401 0.0416273 0 0 0 0.154627 0.0618579 0 0.154586 0 0 0 0.0618889 0.0439493 0 0.0869464 0 0 0.0864827 0 0.0423548 0 0 0.213158 0.00586295 0 0 0.0398863 0 0.00587229 0.213294 0.0397725 0 0 0.0570566 0.24717 0 0 0.246835 0.0569109 0 0 0 0.0455198 0.00217775 0.060407 0 0 0.0604137 0.00217792 0.0455209 0 0 0.0435875 0.00301541 0.072009 0 0 0.071859 0.00296714 0.0423698 0 0 0.0138013 0.0740432 0.133862 0 0 0.133689 0.073709 0.0133716 0 0 0.0740079 0.0212453 0.0394148 0 0 0.0402364 0.0214179 0.0740205 0 0 0.0618724 0.00629088 0.0284727 0 0 0.0284726 0.0062905 0.0618678 0 0 0.0525364 0.00923585 0.0132947 0 0 0.0132951 0.00923547 0.052534 0 0 0.0238919 0.0028047 0 0 0 0 0.00280464 0.0238912 0 0 0 0 0 0.000287078 0 0 0.000287094 0 0 0 
</DataArray>
</CellData>
</Piece>
</UnstructuredGrid>
</VTKFile>
